id_produit,nom_produit,id_alternative,nom_alternative,relation_prix,ecart_prix_pct,prix_produit_ht,prix_alternative_ht,meme_sous_categorie,meme_regime_alcool,meme_producteur,meme_region_documentee,ecart_noblesse,critere_de_rapprochement
PROD-0001,Apéro tomate/paprika 100 grs,PROD-0452,Pain D'épices Nature 100gr,PRIX_INFERIEUR,-11.6,2.15,1.9,OUI,OUI,NON,NON,0,même sous-catégorie + même régime alcool + écart de prix ≤ 40 %
PROD-0001,Apéro tomate/paprika 100 grs,PROD-0002,Pailles feuilletées salées 100 grs,PRIX_SUPERIEUR,14.0,2.15,2.45,OUI,OUI,OUI,OUI,0,même sous-catégorie + même régime alcool + écart de prix ≤ 40 %
PROD-0001,Apéro tomate/paprika 100 grs,PROD-0009,Coquilles Quinéville 80 grs mini 50 paquets,PRIX_SUPERIEUR,14.0,2.15,2.45,OUI,OUI,OUI,OUI,0,même sous-catégorie + même régime alcool + écart de prix ≤ 40 %
PROD-0001,Apéro tomate/paprika 100 grs,PROD-0011,Coquilles trio 80 grs mini 50 paquets,PRIX_SUPERIEUR,14.0,2.15,2.45,OUI,OUI,OUI,OUI,0,même sous-catégorie + même régime alcool + écart de prix ≤ 40 %
PROD-0001,Apéro tomate/paprika 100 grs,PROD-0003,Palets Camembert du Cotentin pavot 100 grs,PRIX_SUPERIEUR,16.3,2.15,2.5,OUI,OUI,OUI,NON,1,même sous-catégorie + même régime alcool + écart de prix ≤ 40 %
PROD-0002,Pailles feuilletées salées 100 grs,PROD-0009,Coquilles Quinéville 80 grs mini 50 paquets,PRIX_EQUIVALENT,0.0,2.45,2.45,OUI,OUI,OUI,OUI,0,même sous-catégorie + même régime alcool + écart de prix ≤ 40 %
PROD-0002,Pailles feuilletées salées 100 grs,PROD-0011,Coquilles trio 80 grs mini 50 paquets,PRIX_EQUIVALENT,0.0,2.45,2.45,OUI,OUI,OUI,OUI,0,même sous-catégorie + même régime alcool + écart de prix ≤ 40 %
PROD-0002,Pailles feuilletées salées 100 grs,PROD-0003,Palets Camembert du Cotentin pavot 100 grs,PRIX_SUPERIEUR,2.0,2.45,2.5,OUI,OUI,OUI,NON,1,même sous-catégorie + même régime alcool + écart de prix ≤ 40 %
PROD-0002,Pailles feuilletées salées 100 grs,PROD-0022,Sablé éclats caramel 110 grs mini 50 paquets,PRIX_SUPERIEUR,2.0,2.45,2.5,OUI,OUI,OUI,OUI,1,même sous-catégorie + même régime alcool + écart de prix ≤ 40 %
PROD-0002,Pailles feuilletées salées 100 grs,PROD-0001,Apéro tomate/paprika 100 grs,PRIX_INFERIEUR,-12.2,2.45,2.15,OUI,OUI,OUI,OUI,0,même sous-catégorie + même régime alcool + écart de prix ≤ 40 %
PROD-0003,Palets Camembert du Cotentin pavot 100 grs,PROD-0022,Sablé éclats caramel 110 grs mini 50 paquets,PRIX_EQUIVALENT,0.0,2.5,2.5,OUI,OUI,OUI,NON,0,même sous-catégorie + même régime alcool + écart de prix ≤ 40 %
PROD-0003,Palets Camembert du Cotentin pavot 100 grs,PROD-0002,Pailles feuilletées salées 100 grs,PRIX_EQUIVALENT,-2.0,2.5,2.45,OUI,OUI,OUI,NON,-1,même sous-catégorie + même régime alcool + écart de prix ≤ 40 %
PROD-0003,Palets Camembert du Cotentin pavot 100 grs,PROD-0009,Coquilles Quinéville 80 grs mini 50 paquets,PRIX_EQUIVALENT,-2.0,2.5,2.45,OUI,OUI,OUI,NON,-1,même sous-catégorie + même régime alcool + écart de prix ≤ 40 %
PROD-0003,Palets Camembert du Cotentin pavot 100 grs,PROD-0011,Coquilles trio 80 grs mini 50 paquets,PRIX_EQUIVALENT,-2.0,2.5,2.45,OUI,OUI,OUI,NON,-1,même sous-catégorie + même régime alcool + écart de prix ≤ 40 %
PROD-0003,Palets Camembert du Cotentin pavot 100 grs,PROD-0001,Apéro tomate/paprika 100 grs,PRIX_INFERIEUR,-14.0,2.5,2.15,OUI,OUI,OUI,NON,-1,même sous-catégorie + même régime alcool + écart de prix ≤ 40 %
PROD-0004,Biscuits assortiment 250 grs,PROD-0027,Tuiles chocolat noir 150gr,PRIX_SUPERIEUR,11.9,5.9,6.6,OUI,OUI,OUI,OUI,0,même sous-catégorie + même régime alcool + écart de prix ≤ 40 %
PROD-0004,Biscuits assortiment 250 grs,PROD-0028,Tuiles chocolat lacté 150gr,PRIX_SUPERIEUR,11.9,5.9,6.6,OUI,OUI,OUI,OUI,0,même sous-catégorie + même régime alcool + écart de prix ≤ 40 %
PROD-0004,Biscuits assortiment 250 grs,PROD-0018,Financiers boite 250 grs,PRIX_INFERIEUR,-16.9,5.9,4.9,OUI,OUI,OUI,OUI,-1,même sous-catégorie + même régime alcool + écart de prix ≤ 40 %
PROD-0004,Biscuits assortiment 250 grs,PROD-0031,Batonnet feuilleté noir 200 grs,PRIX_SUPERIEUR,17.8,5.9,6.95,OUI,OUI,OUI,OUI,0,même sous-catégorie + même régime alcool + écart de prix ≤ 40 %
PROD-0004,Biscuits assortiment 250 grs,PROD-0013,Croquenoisette chocolat 180 grs,PRIX_INFERIEUR,-22.9,5.9,4.55,OUI,OUI,OUI,OUI,-1,même sous-catégorie + même régime alcool + écart de prix ≤ 40 %
PROD-0005,Boutons de la Manche 250 grs moins de 12,PROD-0007,Cookies pépite de chocolat 220 grs,PRIX_EQUIVALENT,0.0,3.6,3.6,OUI,OUI,OUI,NON,0,même sous-catégorie + même régime alcool + écart de prix ≤ 40 %
PROD-0005,Boutons de la Manche 250 grs moins de 12,PROD-0021,Sablé éclats de caramel 180 grs,PRIX_EQUIVALENT,-1.1,3.6,3.56,OUI,OUI,OUI,NON,0,même sous-catégorie + même régime alcool + écart de prix ≤ 40 %
PROD-0005,Boutons de la Manche 250 grs moins de 12,PROD-0024,Sablés Mamie 220 grs,PRIX_EQUIVALENT,1.4,3.6,3.65,OUI,OUI,OUI,NON,0,même sous-catégorie + même régime alcool + écart de prix ≤ 40 %
PROD-0005,Boutons de la Manche 250 grs moins de 12,PROD-0015,Croquentin 220 grs,PRIX_INFERIEUR,-2.8,3.6,3.5,OUI,OUI,OUI,NON,0,même sous-catégorie + même régime alcool + écart de prix ≤ 40 %
PROD-0005,Boutons de la Manche 250 grs moins de 12,PROD-0014,Croquenoisettes 180 grs,PRIX_SUPERIEUR,3.6,3.6,3.73,OUI,OUI,OUI,NON,0,même sous-catégorie + même régime alcool + écart de prix ≤ 40 %
PROD-0006,Boutons de la Manche 250 grs/ carton de 12,PROD-0019,Pailles feuilletées au sucre 150 grs,PRIX_EQUIVALENT,0.0,3.45,3.45,OUI,OUI,OUI,NON,0,même sous-catégorie + même régime alcool + écart de prix ≤ 40 %
PROD-0006,Boutons de la Manche 250 grs/ carton de 12,PROD-0015,Croquentin 220 grs,PRIX_EQUIVALENT,1.4,3.45,3.5,OUI,OUI,OUI,NON,0,même sous-catégorie + même régime alcool + écart de prix ≤ 40 %
PROD-0006,Boutons de la Manche 250 grs/ carton de 12,PROD-0021,Sablé éclats de caramel 180 grs,PRIX_SUPERIEUR,3.2,3.45,3.56,OUI,OUI,OUI,NON,0,même sous-catégorie + même régime alcool + écart de prix ≤ 40 %
PROD-0006,Boutons de la Manche 250 grs/ carton de 12,PROD-0005,Boutons de la Manche 250 grs moins de 12,PRIX_SUPERIEUR,4.3,3.45,3.6,OUI,OUI,OUI,OUI,0,même sous-catégorie + même régime alcool + écart de prix ≤ 40 %
PROD-0006,Boutons de la Manche 250 grs/ carton de 12,PROD-0007,Cookies pépite de chocolat 220 grs,PRIX_SUPERIEUR,4.3,3.45,3.6,OUI,OUI,OUI,NON,0,même sous-catégorie + même régime alcool + écart de prix ≤ 40 %
PROD-0007,Cookies pépite de chocolat 220 grs,PROD-0005,Boutons de la Manche 250 grs moins de 12,PRIX_EQUIVALENT,0.0,3.6,3.6,OUI,OUI,OUI,NON,0,même sous-catégorie + même régime alcool + écart de prix ≤ 40 %
PROD-0007,Cookies pépite de chocolat 220 grs,PROD-0021,Sablé éclats de caramel 180 grs,PRIX_EQUIVALENT,-1.1,3.6,3.56,OUI,OUI,OUI,OUI,0,même sous-catégorie + même régime alcool + écart de prix ≤ 40 %
PROD-0007,Cookies pépite de chocolat 220 grs,PROD-0024,Sablés Mamie 220 grs,PRIX_EQUIVALENT,1.4,3.6,3.65,OUI,OUI,OUI,OUI,0,même sous-catégorie + même régime alcool + écart de prix ≤ 40 %
PROD-0007,Cookies pépite de chocolat 220 grs,PROD-0015,Croquentin 220 grs,PRIX_INFERIEUR,-2.8,3.6,3.5,OUI,OUI,OUI,OUI,0,même sous-catégorie + même régime alcool + écart de prix ≤ 40 %
PROD-0007,Cookies pépite de chocolat 220 grs,PROD-0014,Croquenoisettes 180 grs,PRIX_SUPERIEUR,3.6,3.6,3.73,OUI,OUI,OUI,OUI,0,même sous-catégorie + même régime alcool + écart de prix ≤ 40 %
PROD-0008,Coquilles Quinéville 165 grs,PROD-0010,Coquilles de Quinéville trio 165 grs,PRIX_EQUIVALENT,0.0,4.37,4.37,OUI,OUI,OUI,OUI,0,même sous-catégorie + même régime alcool + écart de prix ≤ 40 %
PROD-0008,Coquilles Quinéville 165 grs,PROD-0012,Croquant aux amandes 125 grs,PRIX_EQUIVALENT,-1.6,4.37,4.3,OUI,OUI,OUI,OUI,0,même sous-catégorie + même régime alcool + écart de prix ≤ 40 %
PROD-0008,Coquilles Quinéville 165 grs,PROD-0020,Sablé chocolat enrobage chocolat lait 180 grs,PRIX_SUPERIEUR,3.0,4.37,4.5,OUI,OUI,OUI,OUI,0,même sous-catégorie + même régime alcool + écart de prix ≤ 40 %
PROD-0008,Coquilles Quinéville 165 grs,PROD-0013,Croquenoisette chocolat 180 grs,PRIX_SUPERIEUR,4.1,4.37,4.55,OUI,OUI,OUI,OUI,0,même sous-catégorie + même régime alcool + écart de prix ≤ 40 %
PROD-0008,Coquilles Quinéville 165 grs,PROD-0658,COOKIES AUX ÉCLATS DE CARAMEL,PRIX_INFERIEUR,-4.8,4.37,4.16,OUI,OUI,NON,NON,0,même sous-catégorie + même régime alcool + écart de prix ≤ 40 %
PROD-0009,Coquilles Quinéville 80 grs mini 50 paquets,PROD-0002,Pailles feuilletées salées 100 grs,PRIX_EQUIVALENT,0.0,2.45,2.45,OUI,OUI,OUI,OUI,0,même sous-catégorie + même régime alcool + écart de prix ≤ 40 %
PROD-0009,Coquilles Quinéville 80 grs mini 50 paquets,PROD-0011,Coquilles trio 80 grs mini 50 paquets,PRIX_EQUIVALENT,0.0,2.45,2.45,OUI,OUI,OUI,OUI,0,même sous-catégorie + même régime alcool + écart de prix ≤ 40 %
PROD-0009,Coquilles Quinéville 80 grs mini 50 paquets,PROD-0003,Palets Camembert du Cotentin pavot 100 grs,PRIX_SUPERIEUR,2.0,2.45,2.5,OUI,OUI,OUI,NON,1,même sous-catégorie + même régime alcool + écart de prix ≤ 40 %
PROD-0009,Coquilles Quinéville 80 grs mini 50 paquets,PROD-0022,Sablé éclats caramel 110 grs mini 50 paquets,PRIX_SUPERIEUR,2.0,2.45,2.5,OUI,OUI,OUI,OUI,1,même sous-catégorie + même régime alcool + écart de prix ≤ 40 %
PROD-0009,Coquilles Quinéville 80 grs mini 50 paquets,PROD-0001,Apéro tomate/paprika 100 grs,PRIX_INFERIEUR,-12.2,2.45,2.15,OUI,OUI,OUI,OUI,0,même sous-catégorie + même régime alcool + écart de prix ≤ 40 %
PROD-0010,Coquilles de Quinéville trio 165 grs,PROD-0008,Coquilles Quinéville 165 grs,PRIX_EQUIVALENT,0.0,4.37,4.37,OUI,OUI,OUI,OUI,0,même sous-catégorie + même régime alcool + écart de prix ≤ 40 %
PROD-0010,Coquilles de Quinéville trio 165 grs,PROD-0012,Croquant aux amandes 125 grs,PRIX_EQUIVALENT,-1.6,4.37,4.3,OUI,OUI,OUI,OUI,0,même sous-catégorie + même régime alcool + écart de prix ≤ 40 %
PROD-0010,Coquilles de Quinéville trio 165 grs,PROD-0020,Sablé chocolat enrobage chocolat lait 180 grs,PRIX_SUPERIEUR,3.0,4.37,4.5,OUI,OUI,OUI,OUI,0,même sous-catégorie + même régime alcool + écart de prix ≤ 40 %
PROD-0010,Coquilles de Quinéville trio 165 grs,PROD-0013,Croquenoisette chocolat 180 grs,PRIX_SUPERIEUR,4.1,4.37,4.55,OUI,OUI,OUI,OUI,0,même sous-catégorie + même régime alcool + écart de prix ≤ 40 %
PROD-0010,Coquilles de Quinéville trio 165 grs,PROD-0658,COOKIES AUX ÉCLATS DE CARAMEL,PRIX_INFERIEUR,-4.8,4.37,4.16,OUI,OUI,NON,NON,0,même sous-catégorie + même régime alcool + écart de prix ≤ 40 %
PROD-0011,Coquilles trio 80 grs mini 50 paquets,PROD-0002,Pailles feuilletées salées 100 grs,PRIX_EQUIVALENT,0.0,2.45,2.45,OUI,OUI,OUI,OUI,0,même sous-catégorie + même régime alcool + écart de prix ≤ 40 %
PROD-0011,Coquilles trio 80 grs mini 50 paquets,PROD-0009,Coquilles Quinéville 80 grs mini 50 paquets,PRIX_EQUIVALENT,0.0,2.45,2.45,OUI,OUI,OUI,OUI,0,même sous-catégorie + même régime alcool + écart de prix ≤ 40 %
PROD-0011,Coquilles trio 80 grs mini 50 paquets,PROD-0003,Palets Camembert du Cotentin pavot 100 grs,PRIX_SUPERIEUR,2.0,2.45,2.5,OUI,OUI,OUI,NON,1,même sous-catégorie + même régime alcool + écart de prix ≤ 40 %
PROD-0011,Coquilles trio 80 grs mini 50 paquets,PROD-0022,Sablé éclats caramel 110 grs mini 50 paquets,PRIX_SUPERIEUR,2.0,2.45,2.5,OUI,OUI,OUI,OUI,1,même sous-catégorie + même régime alcool + écart de prix ≤ 40 %
PROD-0011,Coquilles trio 80 grs mini 50 paquets,PROD-0001,Apéro tomate/paprika 100 grs,PRIX_INFERIEUR,-12.2,2.45,2.15,OUI,OUI,OUI,OUI,0,même sous-catégorie + même régime alcool + écart de prix ≤ 40 %
PROD-0012,Croquant aux amandes 125 grs,PROD-0008,Coquilles Quinéville 165 grs,PRIX_EQUIVALENT,1.6,4.3,4.37,OUI,OUI,OUI,OUI,0,même sous-catégorie + même régime alcool + écart de prix ≤ 40 %
PROD-0012,Croquant aux amandes 125 grs,PROD-0010,Coquilles de Quinéville trio 165 grs,PRIX_EQUIVALENT,1.6,4.3,4.37,OUI,OUI,OUI,OUI,0,même sous-catégorie + même régime alcool + écart de prix ≤ 40 %
PROD-0012,Croquant aux amandes 125 grs,PROD-0658,COOKIES AUX ÉCLATS DE CARAMEL,PRIX_INFERIEUR,-3.3,4.3,4.16,OUI,OUI,NON,NON,0,même sous-catégorie + même régime alcool + écart de prix ≤ 40 %
PROD-0012,Croquant aux amandes 125 grs,PROD-0020,Sablé chocolat enrobage chocolat lait 180 grs,PRIX_SUPERIEUR,4.7,4.3,4.5,OUI,OUI,OUI,OUI,0,même sous-catégorie + même régime alcool + écart de prix ≤ 40 %
PROD-0012,Croquant aux amandes 125 grs,PROD-0013,Croquenoisette chocolat 180 grs,PRIX_SUPERIEUR,5.8,4.3,4.55,OUI,OUI,OUI,OUI,0,même sous-catégorie + même régime alcool + écart de prix ≤ 40 %
PROD-0013,Croquenoisette chocolat 180 grs,PROD-0020,Sablé chocolat enrobage chocolat lait 180 grs,PRIX_EQUIVALENT,-1.1,4.55,4.5,OUI,OUI,OUI,OUI,0,même sous-catégorie + même régime alcool + écart de prix ≤ 40 %
PROD-0013,Croquenoisette chocolat 180 grs,PROD-0008,Coquilles Quinéville 165 grs,PRIX_INFERIEUR,-4.0,4.55,4.37,OUI,OUI,OUI,OUI,0,même sous-catégorie + même régime alcool + écart de prix ≤ 40 %
PROD-0013,Croquenoisette chocolat 180 grs,PROD-0010,Coquilles de Quinéville trio 165 grs,PRIX_INFERIEUR,-4.0,4.55,4.37,OUI,OUI,OUI,OUI,0,même sous-catégorie + même régime alcool + écart de prix ≤ 40 %
PROD-0013,Croquenoisette chocolat 180 grs,PROD-0012,Croquant aux amandes 125 grs,PRIX_INFERIEUR,-5.5,4.55,4.3,OUI,OUI,OUI,OUI,0,même sous-catégorie + même régime alcool + écart de prix ≤ 40 %
PROD-0013,Croquenoisette chocolat 180 grs,PROD-0018,Financiers boite 250 grs,PRIX_SUPERIEUR,7.7,4.55,4.9,OUI,OUI,OUI,OUI,0,même sous-catégorie + même régime alcool + écart de prix ≤ 40 %
PROD-0014,Croquenoisettes 180 grs,PROD-0453,Pain D'épices Nature 250gr,PRIX_EQUIVALENT,1.9,3.73,3.8,OUI,OUI,NON,NON,0,même sous-catégorie + même régime alcool + écart de prix ≤ 40 %
PROD-0014,Croquenoisettes 180 grs,PROD-0024,Sablés Mamie 220 grs,PRIX_INFERIEUR,-2.1,3.73,3.65,OUI,OUI,OUI,OUI,0,même sous-catégorie + même régime alcool + écart de prix ≤ 40 %
PROD-0014,Croquenoisettes 180 grs,PROD-0025,Tuiles pâtissières 150 grs,PRIX_SUPERIEUR,3.2,3.73,3.85,OUI,OUI,OUI,OUI,0,même sous-catégorie + même régime alcool + écart de prix ≤ 40 %
PROD-0014,Croquenoisettes 180 grs,PROD-0005,Boutons de la Manche 250 grs moins de 12,PRIX_INFERIEUR,-3.5,3.73,3.6,OUI,OUI,OUI,NON,0,même sous-catégorie + même régime alcool + écart de prix ≤ 40 %
PROD-0014,Croquenoisettes 180 grs,PROD-0007,Cookies pépite de chocolat 220 grs,PRIX_INFERIEUR,-3.5,3.73,3.6,OUI,OUI,OUI,OUI,0,même sous-catégorie + même régime alcool + écart de prix ≤ 40 %
PROD-0015,Croquentin 220 grs,PROD-0006,Boutons de la Manche 250 grs/ carton de 12,PRIX_EQUIVALENT,-1.4,3.5,3.45,OUI,OUI,OUI,NON,0,même sous-catégorie + même régime alcool + écart de prix ≤ 40 %
PROD-0015,Croquentin 220 grs,PROD-0019,Pailles feuilletées au sucre 150 grs,PRIX_EQUIVALENT,-1.4,3.5,3.45,OUI,OUI,OUI,OUI,0,même sous-catégorie + même régime alcool + écart de prix ≤ 40 %
PROD-0015,Croquentin 220 grs,PROD-0021,Sablé éclats de caramel 180 grs,PRIX_EQUIVALENT,1.7,3.5,3.56,OUI,OUI,OUI,OUI,0,même sous-catégorie + même régime alcool + écart de prix ≤ 40 %
PROD-0015,Croquentin 220 grs,PROD-0005,Boutons de la Manche 250 grs moins de 12,PRIX_SUPERIEUR,2.9,3.5,3.6,OUI,OUI,OUI,NON,0,même sous-catégorie + même régime alcool + écart de prix ≤ 40 %
PROD-0015,Croquentin 220 grs,PROD-0007,Cookies pépite de chocolat 220 grs,PRIX_SUPERIEUR,2.9,3.5,3.6,OUI,OUI,OUI,OUI,0,même sous-catégorie + même régime alcool + écart de prix ≤ 40 %
PROD-0017,Financier sachet 180 grs,PROD-0006,Boutons de la Manche 250 grs/ carton de 12,PRIX_SUPERIEUR,6.2,3.25,3.45,OUI,OUI,OUI,NON,0,même sous-catégorie + même régime alcool + écart de prix ≤ 40 %
PROD-0017,Financier sachet 180 grs,PROD-0019,Pailles feuilletées au sucre 150 grs,PRIX_SUPERIEUR,6.2,3.25,3.45,OUI,OUI,OUI,OUI,0,même sous-catégorie + même régime alcool + écart de prix ≤ 40 %
PROD-0017,Financier sachet 180 grs,PROD-0015,Croquentin 220 grs,PRIX_SUPERIEUR,7.7,3.25,3.5,OUI,OUI,OUI,OUI,0,même sous-catégorie + même régime alcool + écart de prix ≤ 40 %
PROD-0017,Financier sachet 180 grs,PROD-0026,Sablette mendiante chocolat 130 grs,PRIX_INFERIEUR,-7.7,3.25,3.0,OUI,OUI,OUI,OUI,0,même sous-catégorie + même régime alcool + écart de prix ≤ 40 %
PROD-0017,Financier sachet 180 grs,PROD-0021,Sablé éclats de caramel 180 grs,PRIX_SUPERIEUR,9.5,3.25,3.56,OUI,OUI,OUI,OUI,0,même sous-catégorie + même régime alcool + écart de prix ≤ 40 %
PROD-0018,Financiers boite 250 grs,PROD-0013,Croquenoisette chocolat 180 grs,PRIX_INFERIEUR,-7.1,4.9,4.55,OUI,OUI,OUI,OUI,0,même sous-catégorie + même régime alcool + écart de prix ≤ 40 %
PROD-0018,Financiers boite 250 grs,PROD-0020,Sablé chocolat enrobage chocolat lait 180 grs,PRIX_INFERIEUR,-8.2,4.9,4.5,OUI,OUI,OUI,OUI,0,même sous-catégorie + même régime alcool + écart de prix ≤ 40 %
PROD-0018,Financiers boite 250 grs,PROD-0008,Coquilles Quinéville 165 grs,PRIX_INFERIEUR,-10.8,4.9,4.37,OUI,OUI,OUI,OUI,0,même sous-catégorie + même régime alcool + écart de prix ≤ 40 %
PROD-0018,Financiers boite 250 grs,PROD-0010,Coquilles de Quinéville trio 165 grs,PRIX_INFERIEUR,-10.8,4.9,4.37,OUI,OUI,OUI,OUI,0,même sous-catégorie + même régime alcool + écart de prix ≤ 40 %
PROD-0018,Financiers boite 250 grs,PROD-0012,Croquant aux amandes 125 grs,PRIX_INFERIEUR,-12.2,4.9,4.3,OUI,OUI,OUI,OUI,0,même sous-catégorie + même régime alcool + écart de prix ≤ 40 %
PROD-0019,Pailles feuilletées au sucre 150 grs,PROD-0006,Boutons de la Manche 250 grs/ carton de 12,PRIX_EQUIVALENT,0.0,3.45,3.45,OUI,OUI,OUI,NON,0,même sous-catégorie + même régime alcool + écart de prix ≤ 40 %
PROD-0019,Pailles feuilletées au sucre 150 grs,PROD-0015,Croquentin 220 grs,PRIX_EQUIVALENT,1.4,3.45,3.5,OUI,OUI,OUI,OUI,0,même sous-catégorie + même régime alcool + écart de prix ≤ 40 %
PROD-0019,Pailles feuilletées au sucre 150 grs,PROD-0021,Sablé éclats de caramel 180 grs,PRIX_SUPERIEUR,3.2,3.45,3.56,OUI,OUI,OUI,OUI,0,même sous-catégorie + même régime alcool + écart de prix ≤ 40 %
PROD-0019,Pailles feuilletées au sucre 150 grs,PROD-0005,Boutons de la Manche 250 grs moins de 12,PRIX_SUPERIEUR,4.3,3.45,3.6,OUI,OUI,OUI,NON,0,même sous-catégorie + même régime alcool + écart de prix ≤ 40 %
PROD-0019,Pailles feuilletées au sucre 150 grs,PROD-0007,Cookies pépite de chocolat 220 grs,PRIX_SUPERIEUR,4.3,3.45,3.6,OUI,OUI,OUI,OUI,0,même sous-catégorie + même régime alcool + écart de prix ≤ 40 %
PROD-0020,Sablé chocolat enrobage chocolat lait 180 grs,PROD-0013,Croquenoisette chocolat 180 grs,PRIX_EQUIVALENT,1.1,4.5,4.55,OUI,OUI,OUI,OUI,0,même sous-catégorie + même régime alcool + écart de prix ≤ 40 %
PROD-0020,Sablé chocolat enrobage chocolat lait 180 grs,PROD-0008,Coquilles Quinéville 165 grs,PRIX_INFERIEUR,-2.9,4.5,4.37,OUI,OUI,OUI,OUI,0,même sous-catégorie + même régime alcool + écart de prix ≤ 40 %
PROD-0020,Sablé chocolat enrobage chocolat lait 180 grs,PROD-0010,Coquilles de Quinéville trio 165 grs,PRIX_INFERIEUR,-2.9,4.5,4.37,OUI,OUI,OUI,OUI,0,même sous-catégorie + même régime alcool + écart de prix ≤ 40 %
PROD-0020,Sablé chocolat enrobage chocolat lait 180 grs,PROD-0012,Croquant aux amandes 125 grs,PRIX_INFERIEUR,-4.4,4.5,4.3,OUI,OUI,OUI,OUI,0,même sous-catégorie + même régime alcool + écart de prix ≤ 40 %
PROD-0020,Sablé chocolat enrobage chocolat lait 180 grs,PROD-0658,COOKIES AUX ÉCLATS DE CARAMEL,PRIX_INFERIEUR,-7.6,4.5,4.16,OUI,OUI,NON,NON,0,même sous-catégorie + même régime alcool + écart de prix ≤ 40 %
PROD-0021,Sablé éclats de caramel 180 grs,PROD-0005,Boutons de la Manche 250 grs moins de 12,PRIX_EQUIVALENT,1.1,3.56,3.6,OUI,OUI,OUI,NON,0,même sous-catégorie + même régime alcool + écart de prix ≤ 40 %
PROD-0021,Sablé éclats de caramel 180 grs,PROD-0007,Cookies pépite de chocolat 220 grs,PRIX_EQUIVALENT,1.1,3.56,3.6,OUI,OUI,OUI,OUI,0,même sous-catégorie + même régime alcool + écart de prix ≤ 40 %
PROD-0021,Sablé éclats de caramel 180 grs,PROD-0015,Croquentin 220 grs,PRIX_EQUIVALENT,-1.7,3.56,3.5,OUI,OUI,OUI,OUI,0,même sous-catégorie + même régime alcool + écart de prix ≤ 40 %
PROD-0021,Sablé éclats de caramel 180 grs,PROD-0024,Sablés Mamie 220 grs,PRIX_SUPERIEUR,2.5,3.56,3.65,OUI,OUI,OUI,OUI,0,même sous-catégorie + même régime alcool + écart de prix ≤ 40 %
PROD-0021,Sablé éclats de caramel 180 grs,PROD-0006,Boutons de la Manche 250 grs/ carton de 12,PRIX_INFERIEUR,-3.1,3.56,3.45,OUI,OUI,OUI,NON,0,même sous-catégorie + même régime alcool + écart de prix ≤ 40 %
PROD-0022,Sablé éclats caramel 110 grs mini 50 paquets,PROD-0003,Palets Camembert du Cotentin pavot 100 grs,PRIX_EQUIVALENT,0.0,2.5,2.5,OUI,OUI,OUI,NON,0,même sous-catégorie + même régime alcool + écart de prix ≤ 40 %
PROD-0022,Sablé éclats caramel 110 grs mini 50 paquets,PROD-0002,Pailles feuilletées salées 100 grs,PRIX_EQUIVALENT,-2.0,2.5,2.45,OUI,OUI,OUI,OUI,-1,même sous-catégorie + même régime alcool + écart de prix ≤ 40 %
PROD-0022,Sablé éclats caramel 110 grs mini 50 paquets,PROD-0009,Coquilles Quinéville 80 grs mini 50 paquets,PRIX_EQUIVALENT,-2.0,2.5,2.45,OUI,OUI,OUI,OUI,-1,même sous-catégorie + même régime alcool + écart de prix ≤ 40 %
PROD-0022,Sablé éclats caramel 110 grs mini 50 paquets,PROD-0011,Coquilles trio 80 grs mini 50 paquets,PRIX_EQUIVALENT,-2.0,2.5,2.45,OUI,OUI,OUI,OUI,-1,même sous-catégorie + même régime alcool + écart de prix ≤ 40 %
PROD-0022,Sablé éclats caramel 110 grs mini 50 paquets,PROD-0001,Apéro tomate/paprika 100 grs,PRIX_INFERIEUR,-14.0,2.5,2.15,OUI,OUI,OUI,OUI,-1,même sous-catégorie + même régime alcool + écart de prix ≤ 40 %
PROD-0023,Sablé spéculos 250 grs,PROD-0454,Pain D'épices aux pépites de Chocolats  250gr,PRIX_EQUIVALENT,0.0,3.95,3.95,OUI,OUI,NON,NON,0,même sous-catégorie + même régime alcool + écart de prix ≤ 40 %
PROD-0023,Sablé spéculos 250 grs,PROD-0455,Pain D'épices aux éclats de Noix  250gr,PRIX_EQUIVALENT,0.0,3.95,3.95,OUI,OUI,NON,NON,0,même sous-catégorie + même régime alcool + écart de prix ≤ 40 %
PROD-0023,Sablé spéculos 250 grs,PROD-0456,Pain D'épices aux écorces d'Oranges  250gr,PRIX_EQUIVALENT,0.0,3.95,3.95,OUI,OUI,NON,NON,0,même sous-catégorie + même régime alcool + écart de prix ≤ 40 %
PROD-0023,Sablé spéculos 250 grs,PROD-0457,Pain D'épices aux Figues 250gr (fin d'année),PRIX_EQUIVALENT,0.0,3.95,3.95,OUI,OUI,NON,NON,0,même sous-catégorie + même régime alcool + écart de prix ≤ 40 %
PROD-0023,Sablé spéculos 250 grs,PROD-0025,Tuiles pâtissières 150 grs,PRIX_INFERIEUR,-2.5,3.95,3.85,OUI,OUI,OUI,OUI,0,même sous-catégorie + même régime alcool + écart de prix ≤ 40 %
PROD-0024,Sablés Mamie 220 grs,PROD-0005,Boutons de la Manche 250 grs moins de 12,PRIX_EQUIVALENT,-1.4,3.65,3.6,OUI,OUI,OUI,NON,0,même sous-catégorie + même régime alcool + écart de prix ≤ 40 %
PROD-0024,Sablés Mamie 220 grs,PROD-0007,Cookies pépite de chocolat 220 grs,PRIX_EQUIVALENT,-1.4,3.65,3.6,OUI,OUI,OUI,OUI,0,même sous-catégorie + même régime alcool + écart de prix ≤ 40 %
PROD-0024,Sablés Mamie 220 grs,PROD-0014,Croquenoisettes 180 grs,PRIX_SUPERIEUR,2.2,3.65,3.73,OUI,OUI,OUI,OUI,0,même sous-catégorie + même régime alcool + écart de prix ≤ 40 %
PROD-0024,Sablés Mamie 220 grs,PROD-0021,Sablé éclats de caramel 180 grs,PRIX_INFERIEUR,-2.5,3.65,3.56,OUI,OUI,OUI,OUI,0,même sous-catégorie + même régime alcool + écart de prix ≤ 40 %
PROD-0024,Sablés Mamie 220 grs,PROD-0015,Croquentin 220 grs,PRIX_INFERIEUR,-4.1,3.65,3.5,OUI,OUI,OUI,OUI,0,même sous-catégorie + même régime alcool + écart de prix ≤ 40 %
PROD-0025,Tuiles pâtissières 150 grs,PROD-0453,Pain D'épices Nature 250gr,PRIX_EQUIVALENT,-1.3,3.85,3.8,OUI,OUI,NON,NON,0,même sous-catégorie + même régime alcool + écart de prix ≤ 40 %
PROD-0025,Tuiles pâtissières 150 grs,PROD-0023,Sablé spéculos 250 grs,PRIX_SUPERIEUR,2.6,3.85,3.95,OUI,OUI,OUI,OUI,0,même sous-catégorie + même régime alcool + écart de prix ≤ 40 %
PROD-0025,Tuiles pâtissières 150 grs,PROD-0454,Pain D'épices aux pépites de Chocolats  250gr,PRIX_SUPERIEUR,2.6,3.85,3.95,OUI,OUI,NON,NON,0,même sous-catégorie + même régime alcool + écart de prix ≤ 40 %
PROD-0025,Tuiles pâtissières 150 grs,PROD-0455,Pain D'épices aux éclats de Noix  250gr,PRIX_SUPERIEUR,2.6,3.85,3.95,OUI,OUI,NON,NON,0,même sous-catégorie + même régime alcool + écart de prix ≤ 40 %
PROD-0025,Tuiles pâtissières 150 grs,PROD-0456,Pain D'épices aux écorces d'Oranges  250gr,PRIX_SUPERIEUR,2.6,3.85,3.95,OUI,OUI,NON,NON,0,même sous-catégorie + même régime alcool + écart de prix ≤ 40 %
PROD-0026,Sablette mendiante chocolat 130 grs,PROD-0017,Financier sachet 180 grs,PRIX_SUPERIEUR,8.3,3.0,3.25,OUI,OUI,OUI,OUI,0,même sous-catégorie + même régime alcool + écart de prix ≤ 40 %
PROD-0026,Sablette mendiante chocolat 130 grs,PROD-0006,Boutons de la Manche 250 grs/ carton de 12,PRIX_SUPERIEUR,15.0,3.0,3.45,OUI,OUI,OUI,NON,0,même sous-catégorie + même régime alcool + écart de prix ≤ 40 %
PROD-0026,Sablette mendiante chocolat 130 grs,PROD-0019,Pailles feuilletées au sucre 150 grs,PRIX_SUPERIEUR,15.0,3.0,3.45,OUI,OUI,OUI,OUI,0,même sous-catégorie + même régime alcool + écart de prix ≤ 40 %
PROD-0026,Sablette mendiante chocolat 130 grs,PROD-0003,Palets Camembert du Cotentin pavot 100 grs,PRIX_INFERIEUR,-16.7,3.0,2.5,OUI,OUI,OUI,NON,0,même sous-catégorie + même régime alcool + écart de prix ≤ 40 %
PROD-0026,Sablette mendiante chocolat 130 grs,PROD-0015,Croquentin 220 grs,PRIX_SUPERIEUR,16.7,3.0,3.5,OUI,OUI,OUI,OUI,0,même sous-catégorie + même régime alcool + écart de prix ≤ 40 %
PROD-0027,Tuiles chocolat noir 150gr,PROD-0028,Tuiles chocolat lacté 150gr,PRIX_EQUIVALENT,0.0,6.6,6.6,OUI,OUI,OUI,OUI,0,même sous-catégorie + même régime alcool + écart de prix ≤ 40 %
PROD-0027,Tuiles chocolat noir 150gr,PROD-0031,Batonnet feuilleté noir 200 grs,PRIX_SUPERIEUR,5.3,6.6,6.95,OUI,OUI,OUI,OUI,0,même sous-catégorie + même régime alcool + écart de prix ≤ 40 %
PROD-0027,Tuiles chocolat noir 150gr,PROD-0004,Biscuits assortiment 250 grs,PRIX_INFERIEUR,-10.6,6.6,5.9,OUI,OUI,OUI,OUI,0,même sous-catégorie + même régime alcool + écart de prix ≤ 40 %
PROD-0027,Tuiles chocolat noir 150gr,PROD-0284,BISCUITS 150g CAEN Mairie,PRIX_SUPERIEUR,10.8,6.6,7.31,OUI,OUI,NON,OUI,0,même sous-catégorie + même régime alcool + écart de prix ≤ 40 %
PROD-0027,Tuiles chocolat noir 150gr,PROD-0285,BISCUITS 150g Ouistreham B-LEC,PRIX_SUPERIEUR,10.8,6.6,7.31,OUI,OUI,NON,OUI,0,même sous-catégorie + même régime alcool + écart de prix ≤ 40 %
PROD-0028,Tuiles chocolat lacté 150gr,PROD-0027,Tuiles chocolat noir 150gr,PRIX_EQUIVALENT,0.0,6.6,6.6,OUI,OUI,OUI,OUI,0,même sous-catégorie + même régime alcool + écart de prix ≤ 40 %
PROD-0028,Tuiles chocolat lacté 150gr,PROD-0031,Batonnet feuilleté noir 200 grs,PRIX_SUPERIEUR,5.3,6.6,6.95,OUI,OUI,OUI,OUI,0,même sous-catégorie + même régime alcool + écart de prix ≤ 40 %
PROD-0028,Tuiles chocolat lacté 150gr,PROD-0004,Biscuits assortiment 250 grs,PRIX_INFERIEUR,-10.6,6.6,5.9,OUI,OUI,OUI,OUI,0,même sous-catégorie + même régime alcool + écart de prix ≤ 40 %
PROD-0028,Tuiles chocolat lacté 150gr,PROD-0284,BISCUITS 150g CAEN Mairie,PRIX_SUPERIEUR,10.8,6.6,7.31,OUI,OUI,NON,OUI,0,même sous-catégorie + même régime alcool + écart de prix ≤ 40 %
PROD-0028,Tuiles chocolat lacté 150gr,PROD-0285,BISCUITS 150g Ouistreham B-LEC,PRIX_SUPERIEUR,10.8,6.6,7.31,OUI,OUI,NON,OUI,0,même sous-catégorie + même régime alcool + écart de prix ≤ 40 %
PROD-0029,Tuiles chocolat noir et lacté 200gr,PROD-0032,Grignotines amandes noisettes 200 grs,PRIX_INFERIEUR,-10.8,8.3,7.4,OUI,OUI,OUI,OUI,0,même sous-catégorie + même régime alcool + écart de prix ≤ 40 %
PROD-0029,Tuiles chocolat noir et lacté 200gr,PROD-0284,BISCUITS 150g CAEN Mairie,PRIX_INFERIEUR,-11.9,8.3,7.31,OUI,OUI,NON,OUI,0,même sous-catégorie + même régime alcool + écart de prix ≤ 40 %
PROD-0029,Tuiles chocolat noir et lacté 200gr,PROD-0285,BISCUITS 150g Ouistreham B-LEC,PRIX_INFERIEUR,-11.9,8.3,7.31,OUI,OUI,NON,OUI,0,même sous-catégorie + même régime alcool + écart de prix ≤ 40 %
PROD-0029,Tuiles chocolat noir et lacté 200gr,PROD-0286,BISCUITS 150g Caen Château B-LEC,PRIX_INFERIEUR,-11.9,8.3,7.31,OUI,OUI,NON,OUI,0,même sous-catégorie + même régime alcool + écart de prix ≤ 40 %
PROD-0029,Tuiles chocolat noir et lacté 200gr,PROD-0287,BISCUITS 150g Caen cœur de ville Aquarelle,PRIX_INFERIEUR,-11.9,8.3,7.31,OUI,OUI,NON,OUI,0,même sous-catégorie + même régime alcool + écart de prix ≤ 40 %
PROD-0030,Pâte de pommes 300 grs,PROD-0275,CONFITURE pomme caramel 180 gr Mont sr Michel,PRIX_INFERIEUR,-22.9,4.8,3.7,OUI,OUI,NON,OUI,0,même sous-catégorie + même régime alcool + écart de prix ≤ 40 %
PROD-0030,Pâte de pommes 300 grs,PROD-0276,CONFITURE poire vanille 180 gr Plage,PRIX_INFERIEUR,-22.9,4.8,3.7,OUI,OUI,NON,OUI,0,même sous-catégorie + même régime alcool + écart de prix ≤ 40 %
PROD-0030,Pâte de pommes 300 grs,PROD-0277,CONFITURE fruits rouges 180 gr Champs de course,PRIX_INFERIEUR,-22.9,4.8,3.7,OUI,OUI,NON,OUI,0,même sous-catégorie + même régime alcool + écart de prix ≤ 40 %
PROD-0030,Pâte de pommes 300 grs,PROD-0043,Confiture figue 280 grs,PRIX_INFERIEUR,-35.4,4.8,3.1,OUI,OUI,NON,OUI,0,même sous-catégorie + même régime alcool + écart de prix ≤ 40 %
PROD-0030,Pâte de pommes 300 grs,PROD-0044,Confiture orange 280 grs,PRIX_INFERIEUR,-35.4,4.8,3.1,OUI,OUI,NON,OUI,0,même sous-catégorie + même régime alcool + écart de prix ≤ 40 %
PROD-0031,Batonnet feuilleté noir 200 grs,PROD-0027,Tuiles chocolat noir 150gr,PRIX_INFERIEUR,-5.0,6.95,6.6,OUI,OUI,OUI,OUI,0,même sous-catégorie + même régime alcool + écart de prix ≤ 40 %
PROD-0031,Batonnet feuilleté noir 200 grs,PROD-0028,Tuiles chocolat lacté 150gr,PRIX_INFERIEUR,-5.0,6.95,6.6,OUI,OUI,OUI,OUI,0,même sous-catégorie + même régime alcool + écart de prix ≤ 40 %
PROD-0031,Batonnet feuilleté noir 200 grs,PROD-0284,BISCUITS 150g CAEN Mairie,PRIX_SUPERIEUR,5.2,6.95,7.31,OUI,OUI,NON,OUI,0,même sous-catégorie + même régime alcool + écart de prix ≤ 40 %
PROD-0031,Batonnet feuilleté noir 200 grs,PROD-0285,BISCUITS 150g Ouistreham B-LEC,PRIX_SUPERIEUR,5.2,6.95,7.31,OUI,OUI,NON,OUI,0,même sous-catégorie + même régime alcool + écart de prix ≤ 40 %
PROD-0031,Batonnet feuilleté noir 200 grs,PROD-0286,BISCUITS 150g Caen Château B-LEC,PRIX_SUPERIEUR,5.2,6.95,7.31,OUI,OUI,NON,OUI,0,même sous-catégorie + même régime alcool + écart de prix ≤ 40 %
PROD-0032,Grignotines amandes noisettes 200 grs,PROD-0284,BISCUITS 150g CAEN Mairie,PRIX_EQUIVALENT,-1.2,7.4,7.31,OUI,OUI,NON,OUI,0,même sous-catégorie + même régime alcool + écart de prix ≤ 40 %
PROD-0032,Grignotines amandes noisettes 200 grs,PROD-0285,BISCUITS 150g Ouistreham B-LEC,PRIX_EQUIVALENT,-1.2,7.4,7.31,OUI,OUI,NON,OUI,0,même sous-catégorie + même régime alcool + écart de prix ≤ 40 %
PROD-0032,Grignotines amandes noisettes 200 grs,PROD-0286,BISCUITS 150g Caen Château B-LEC,PRIX_EQUIVALENT,-1.2,7.4,7.31,OUI,OUI,NON,OUI,0,même sous-catégorie + même régime alcool + écart de prix ≤ 40 %
PROD-0032,Grignotines amandes noisettes 200 grs,PROD-0287,BISCUITS 150g Caen cœur de ville Aquarelle,PRIX_EQUIVALENT,-1.2,7.4,7.31,OUI,OUI,NON,OUI,0,même sous-catégorie + même régime alcool + écart de prix ≤ 40 %
PROD-0032,Grignotines amandes noisettes 200 grs,PROD-0288,Biscuits 150g Pays D'Auge Aquarelle,PRIX_EQUIVALENT,-1.2,7.4,7.31,OUI,OUI,NON,NON,0,même sous-catégorie + même régime alcool + écart de prix ≤ 40 %
PROD-0033,Teurgoule nature 280 g,PROD-0036,Teurgoule cannelle 280 g,PRIX_EQUIVALENT,0.0,3.82,3.82,OUI,OUI,OUI,OUI,0,même sous-catégorie + même régime alcool + écart de prix ≤ 40 %
PROD-0034,Teurgoule nature 500 g,PROD-0037,Teurgoule cannelle 500 g,PRIX_EQUIVALENT,0.0,6.34,6.34,OUI,OUI,OUI,OUI,0,même sous-catégorie + même régime alcool + écart de prix ≤ 40 %
PROD-0034,Teurgoule nature 500 g,PROD-0035,Teurgoule nature 740 g,PRIX_SUPERIEUR,34.1,6.34,8.5,OUI,OUI,OUI,OUI,0,même sous-catégorie + même régime alcool + écart de prix ≤ 40 %
PROD-0034,Teurgoule nature 500 g,PROD-0038,Teurgoule cannelle 740 g,PRIX_SUPERIEUR,34.1,6.34,8.5,OUI,OUI,OUI,OUI,0,même sous-catégorie + même régime alcool + écart de prix ≤ 40 %
PROD-0034,Teurgoule nature 500 g,PROD-0033,Teurgoule nature 280 g,PRIX_INFERIEUR,-39.7,6.34,3.82,OUI,OUI,OUI,OUI,-1,même sous-catégorie + même régime alcool + écart de prix ≤ 40 %
PROD-0034,Teurgoule nature 500 g,PROD-0036,Teurgoule cannelle 280 g,PRIX_INFERIEUR,-39.7,6.34,3.82,OUI,OUI,OUI,OUI,-1,même sous-catégorie + même régime alcool + écart de prix ≤ 40 %
PROD-0035,Teurgoule nature 740 g,PROD-0038,Teurgoule cannelle 740 g,PRIX_EQUIVALENT,0.0,8.5,8.5,OUI,OUI,OUI,OUI,0,même sous-catégorie + même régime alcool + écart de prix ≤ 40 %
PROD-0035,Teurgoule nature 740 g,PROD-0034,Teurgoule nature 500 g,PRIX_INFERIEUR,-25.4,8.5,6.34,OUI,OUI,OUI,OUI,0,même sous-catégorie + même régime alcool + écart de prix ≤ 40 %
PROD-0035,Teurgoule nature 740 g,PROD-0037,Teurgoule cannelle 500 g,PRIX_INFERIEUR,-25.4,8.5,6.34,OUI,OUI,OUI,OUI,0,même sous-catégorie + même régime alcool + écart de prix ≤ 40 %
PROD-0036,Teurgoule cannelle 280 g,PROD-0033,Teurgoule nature 280 g,PRIX_EQUIVALENT,0.0,3.82,3.82,OUI,OUI,OUI,OUI,0,même sous-catégorie + même régime alcool + écart de prix ≤ 40 %
PROD-0037,Teurgoule cannelle 500 g,PROD-0034,Teurgoule nature 500 g,PRIX_EQUIVALENT,0.0,6.34,6.34,OUI,OUI,OUI,OUI,0,même sous-catégorie + même régime alcool + écart de prix ≤ 40 %
PROD-0037,Teurgoule cannelle 500 g,PROD-0035,Teurgoule nature 740 g,PRIX_SUPERIEUR,34.1,6.34,8.5,OUI,OUI,OUI,OUI,0,même sous-catégorie + même régime alcool + écart de prix ≤ 40 %
PROD-0037,Teurgoule cannelle 500 g,PROD-0038,Teurgoule cannelle 740 g,PRIX_SUPERIEUR,34.1,6.34,8.5,OUI,OUI,OUI,OUI,0,même sous-catégorie + même régime alcool + écart de prix ≤ 40 %
PROD-0037,Teurgoule cannelle 500 g,PROD-0033,Teurgoule nature 280 g,PRIX_INFERIEUR,-39.7,6.34,3.82,OUI,OUI,OUI,OUI,-1,même sous-catégorie + même régime alcool + écart de prix ≤ 40 %
PROD-0037,Teurgoule cannelle 500 g,PROD-0036,Teurgoule cannelle 280 g,PRIX_INFERIEUR,-39.7,6.34,3.82,OUI,OUI,OUI,OUI,-1,même sous-catégorie + même régime alcool + écart de prix ≤ 40 %
PROD-0038,Teurgoule cannelle 740 g,PROD-0035,Teurgoule nature 740 g,PRIX_EQUIVALENT,0.0,8.5,8.5,OUI,OUI,OUI,OUI,0,même sous-catégorie + même régime alcool + écart de prix ≤ 40 %
PROD-0038,Teurgoule cannelle 740 g,PROD-0034,Teurgoule nature 500 g,PRIX_INFERIEUR,-25.4,8.5,6.34,OUI,OUI,OUI,OUI,0,même sous-catégorie + même régime alcool + écart de prix ≤ 40 %
PROD-0038,Teurgoule cannelle 740 g,PROD-0037,Teurgoule cannelle 500 g,PRIX_INFERIEUR,-25.4,8.5,6.34,OUI,OUI,OUI,OUI,0,même sous-catégorie + même régime alcool + écart de prix ≤ 40 %
PROD-0039,Confiture de lait nature 250 g,PROD-0040,Confiture de lait éclats de pralin 250 g,PRIX_SUPERIEUR,12.1,3.05,3.42,OUI,OUI,OUI,OUI,0,même sous-catégorie + même régime alcool + écart de prix ≤ 40 %
PROD-0039,Confiture de lait nature 250 g,PROD-0041,Confiture de lait chocolat 250 g / 20 P,PRIX_SUPERIEUR,12.1,3.05,3.42,OUI,OUI,OUI,OUI,0,même sous-catégorie + même régime alcool + écart de prix ≤ 40 %
PROD-0039,Confiture de lait nature 250 g,PROD-0042,Confiture de lait fleur sel Guérande 250 g / 20 P,PRIX_SUPERIEUR,12.1,3.05,3.42,OUI,OUI,OUI,OUI,0,même sous-catégorie + même régime alcool + écart de prix ≤ 40 %
PROD-0040,Confiture de lait éclats de pralin 250 g,PROD-0041,Confiture de lait chocolat 250 g / 20 P,PRIX_EQUIVALENT,0.0,3.42,3.42,OUI,OUI,OUI,OUI,0,même sous-catégorie + même régime alcool + écart de prix ≤ 40 %
PROD-0040,Confiture de lait éclats de pralin 250 g,PROD-0042,Confiture de lait fleur sel Guérande 250 g / 20 P,PRIX_EQUIVALENT,0.0,3.42,3.42,OUI,OUI,OUI,OUI,0,même sous-catégorie + même régime alcool + écart de prix ≤ 40 %
PROD-0040,Confiture de lait éclats de pralin 250 g,PROD-0039,Confiture de lait nature 250 g,PRIX_INFERIEUR,-10.8,3.42,3.05,OUI,OUI,OUI,OUI,0,même sous-catégorie + même régime alcool + écart de prix ≤ 40 %
PROD-0041,Confiture de lait chocolat 250 g / 20 P,PROD-0040,Confiture de lait éclats de pralin 250 g,PRIX_EQUIVALENT,0.0,3.42,3.42,OUI,OUI,OUI,OUI,0,même sous-catégorie + même régime alcool + écart de prix ≤ 40 %
PROD-0041,Confiture de lait chocolat 250 g / 20 P,PROD-0042,Confiture de lait fleur sel Guérande 250 g / 20 P,PRIX_EQUIVALENT,0.0,3.42,3.42,OUI,OUI,OUI,OUI,0,même sous-catégorie + même régime alcool + écart de prix ≤ 40 %
PROD-0041,Confiture de lait chocolat 250 g / 20 P,PROD-0039,Confiture de lait nature 250 g,PRIX_INFERIEUR,-10.8,3.42,3.05,OUI,OUI,OUI,OUI,0,même sous-catégorie + même régime alcool + écart de prix ≤ 40 %
PROD-0042,Confiture de lait fleur sel Guérande 250 g / 20 P,PROD-0040,Confiture de lait éclats de pralin 250 g,PRIX_EQUIVALENT,0.0,3.42,3.42,OUI,OUI,OUI,OUI,0,même sous-catégorie + même régime alcool + écart de prix ≤ 40 %
PROD-0042,Confiture de lait fleur sel Guérande 250 g / 20 P,PROD-0041,Confiture de lait chocolat 250 g / 20 P,PRIX_EQUIVALENT,0.0,3.42,3.42,OUI,OUI,OUI,OUI,0,même sous-catégorie + même régime alcool + écart de prix ≤ 40 %
PROD-0042,Confiture de lait fleur sel Guérande 250 g / 20 P,PROD-0039,Confiture de lait nature 250 g,PRIX_INFERIEUR,-10.8,3.42,3.05,OUI,OUI,OUI,OUI,0,même sous-catégorie + même régime alcool + écart de prix ≤ 40 %
PROD-0043,Confiture figue 280 grs,PROD-0044,Confiture orange 280 grs,PRIX_EQUIVALENT,0.0,3.1,3.1,OUI,OUI,OUI,OUI,0,même sous-catégorie + même régime alcool + écart de prix ≤ 40 %
PROD-0043,Confiture figue 280 grs,PROD-0045,Confiture framboise 280 grs,PRIX_EQUIVALENT,0.0,3.1,3.1,OUI,OUI,OUI,OUI,0,même sous-catégorie + même régime alcool + écart de prix ≤ 40 %
PROD-0043,Confiture figue 280 grs,PROD-0046,Confiture mure 280 grs,PRIX_EQUIVALENT,0.0,3.1,3.1,OUI,OUI,OUI,OUI,0,même sous-catégorie + même régime alcool + écart de prix ≤ 40 %
PROD-0043,Confiture figue 280 grs,PROD-0047,Confiture fraise 280 grs,PRIX_EQUIVALENT,0.0,3.1,3.1,OUI,OUI,OUI,OUI,0,même sous-catégorie + même régime alcool + écart de prix ≤ 40 %
PROD-0043,Confiture figue 280 grs,PROD-0048,Confiture abricot 280 grs,PRIX_EQUIVALENT,0.0,3.1,3.1,OUI,OUI,OUI,OUI,0,même sous-catégorie + même régime alcool + écart de prix ≤ 40 %
PROD-0044,Confiture orange 280 grs,PROD-0043,Confiture figue 280 grs,PRIX_EQUIVALENT,0.0,3.1,3.1,OUI,OUI,OUI,OUI,0,même sous-catégorie + même régime alcool + écart de prix ≤ 40 %
PROD-0044,Confiture orange 280 grs,PROD-0045,Confiture framboise 280 grs,PRIX_EQUIVALENT,0.0,3.1,3.1,OUI,OUI,OUI,OUI,0,même sous-catégorie + même régime alcool + écart de prix ≤ 40 %
PROD-0044,Confiture orange 280 grs,PROD-0046,Confiture mure 280 grs,PRIX_EQUIVALENT,0.0,3.1,3.1,OUI,OUI,OUI,OUI,0,même sous-catégorie + même régime alcool + écart de prix ≤ 40 %
PROD-0044,Confiture orange 280 grs,PROD-0047,Confiture fraise 280 grs,PRIX_EQUIVALENT,0.0,3.1,3.1,OUI,OUI,OUI,OUI,0,même sous-catégorie + même régime alcool + écart de prix ≤ 40 %
PROD-0044,Confiture orange 280 grs,PROD-0048,Confiture abricot 280 grs,PRIX_EQUIVALENT,0.0,3.1,3.1,OUI,OUI,OUI,OUI,0,même sous-catégorie + même régime alcool + écart de prix ≤ 40 %
PROD-0045,Confiture framboise 280 grs,PROD-0043,Confiture figue 280 grs,PRIX_EQUIVALENT,0.0,3.1,3.1,OUI,OUI,OUI,OUI,0,même sous-catégorie + même régime alcool + écart de prix ≤ 40 %
PROD-0045,Confiture framboise 280 grs,PROD-0044,Confiture orange 280 grs,PRIX_EQUIVALENT,0.0,3.1,3.1,OUI,OUI,OUI,OUI,0,même sous-catégorie + même régime alcool + écart de prix ≤ 40 %
PROD-0045,Confiture framboise 280 grs,PROD-0046,Confiture mure 280 grs,PRIX_EQUIVALENT,0.0,3.1,3.1,OUI,OUI,OUI,OUI,0,même sous-catégorie + même régime alcool + écart de prix ≤ 40 %
PROD-0045,Confiture framboise 280 grs,PROD-0047,Confiture fraise 280 grs,PRIX_EQUIVALENT,0.0,3.1,3.1,OUI,OUI,OUI,OUI,0,même sous-catégorie + même régime alcool + écart de prix ≤ 40 %
PROD-0045,Confiture framboise 280 grs,PROD-0048,Confiture abricot 280 grs,PRIX_EQUIVALENT,0.0,3.1,3.1,OUI,OUI,OUI,OUI,0,même sous-catégorie + même régime alcool + écart de prix ≤ 40 %
PROD-0046,Confiture mure 280 grs,PROD-0043,Confiture figue 280 grs,PRIX_EQUIVALENT,0.0,3.1,3.1,OUI,OUI,OUI,OUI,0,même sous-catégorie + même régime alcool + écart de prix ≤ 40 %
PROD-0046,Confiture mure 280 grs,PROD-0044,Confiture orange 280 grs,PRIX_EQUIVALENT,0.0,3.1,3.1,OUI,OUI,OUI,OUI,0,même sous-catégorie + même régime alcool + écart de prix ≤ 40 %
PROD-0046,Confiture mure 280 grs,PROD-0045,Confiture framboise 280 grs,PRIX_EQUIVALENT,0.0,3.1,3.1,OUI,OUI,OUI,OUI,0,même sous-catégorie + même régime alcool + écart de prix ≤ 40 %
PROD-0046,Confiture mure 280 grs,PROD-0047,Confiture fraise 280 grs,PRIX_EQUIVALENT,0.0,3.1,3.1,OUI,OUI,OUI,OUI,0,même sous-catégorie + même régime alcool + écart de prix ≤ 40 %
PROD-0046,Confiture mure 280 grs,PROD-0048,Confiture abricot 280 grs,PRIX_EQUIVALENT,0.0,3.1,3.1,OUI,OUI,OUI,OUI,0,même sous-catégorie + même régime alcool + écart de prix ≤ 40 %
PROD-0047,Confiture fraise 280 grs,PROD-0043,Confiture figue 280 grs,PRIX_EQUIVALENT,0.0,3.1,3.1,OUI,OUI,OUI,OUI,0,même sous-catégorie + même régime alcool + écart de prix ≤ 40 %
PROD-0047,Confiture fraise 280 grs,PROD-0044,Confiture orange 280 grs,PRIX_EQUIVALENT,0.0,3.1,3.1,OUI,OUI,OUI,OUI,0,même sous-catégorie + même régime alcool + écart de prix ≤ 40 %
PROD-0047,Confiture fraise 280 grs,PROD-0045,Confiture framboise 280 grs,PRIX_EQUIVALENT,0.0,3.1,3.1,OUI,OUI,OUI,OUI,0,même sous-catégorie + même régime alcool + écart de prix ≤ 40 %
PROD-0047,Confiture fraise 280 grs,PROD-0046,Confiture mure 280 grs,PRIX_EQUIVALENT,0.0,3.1,3.1,OUI,OUI,OUI,OUI,0,même sous-catégorie + même régime alcool + écart de prix ≤ 40 %
PROD-0047,Confiture fraise 280 grs,PROD-0048,Confiture abricot 280 grs,PRIX_EQUIVALENT,0.0,3.1,3.1,OUI,OUI,OUI,OUI,0,même sous-catégorie + même régime alcool + écart de prix ≤ 40 %
PROD-0048,Confiture abricot 280 grs,PROD-0043,Confiture figue 280 grs,PRIX_EQUIVALENT,0.0,3.1,3.1,OUI,OUI,OUI,OUI,0,même sous-catégorie + même régime alcool + écart de prix ≤ 40 %
PROD-0048,Confiture abricot 280 grs,PROD-0044,Confiture orange 280 grs,PRIX_EQUIVALENT,0.0,3.1,3.1,OUI,OUI,OUI,OUI,0,même sous-catégorie + même régime alcool + écart de prix ≤ 40 %
PROD-0048,Confiture abricot 280 grs,PROD-0045,Confiture framboise 280 grs,PRIX_EQUIVALENT,0.0,3.1,3.1,OUI,OUI,OUI,OUI,0,même sous-catégorie + même régime alcool + écart de prix ≤ 40 %
PROD-0048,Confiture abricot 280 grs,PROD-0046,Confiture mure 280 grs,PRIX_EQUIVALENT,0.0,3.1,3.1,OUI,OUI,OUI,OUI,0,même sous-catégorie + même régime alcool + écart de prix ≤ 40 %
PROD-0048,Confiture abricot 280 grs,PROD-0047,Confiture fraise 280 grs,PRIX_EQUIVALENT,0.0,3.1,3.1,OUI,OUI,OUI,OUI,0,même sous-catégorie + même régime alcool + écart de prix ≤ 40 %
PROD-0049,Confiture de rhubarbe 280 grs,PROD-0043,Confiture figue 280 grs,PRIX_EQUIVALENT,0.0,3.1,3.1,OUI,OUI,OUI,OUI,0,même sous-catégorie + même régime alcool + écart de prix ≤ 40 %
PROD-0049,Confiture de rhubarbe 280 grs,PROD-0044,Confiture orange 280 grs,PRIX_EQUIVALENT,0.0,3.1,3.1,OUI,OUI,OUI,OUI,0,même sous-catégorie + même régime alcool + écart de prix ≤ 40 %
PROD-0049,Confiture de rhubarbe 280 grs,PROD-0045,Confiture framboise 280 grs,PRIX_EQUIVALENT,0.0,3.1,3.1,OUI,OUI,OUI,OUI,0,même sous-catégorie + même régime alcool + écart de prix ≤ 40 %
PROD-0049,Confiture de rhubarbe 280 grs,PROD-0046,Confiture mure 280 grs,PRIX_EQUIVALENT,0.0,3.1,3.1,OUI,OUI,OUI,OUI,0,même sous-catégorie + même régime alcool + écart de prix ≤ 40 %
PROD-0049,Confiture de rhubarbe 280 grs,PROD-0047,Confiture fraise 280 grs,PRIX_EQUIVALENT,0.0,3.1,3.1,OUI,OUI,OUI,OUI,0,même sous-catégorie + même régime alcool + écart de prix ≤ 40 %
PROD-0050,Confiture de Myrtilles 280 grs NOUVEAU,PROD-0043,Confiture figue 280 grs,PRIX_EQUIVALENT,0.0,3.1,3.1,OUI,OUI,OUI,OUI,0,même sous-catégorie + même régime alcool + écart de prix ≤ 40 %
PROD-0050,Confiture de Myrtilles 280 grs NOUVEAU,PROD-0044,Confiture orange 280 grs,PRIX_EQUIVALENT,0.0,3.1,3.1,OUI,OUI,OUI,OUI,0,même sous-catégorie + même régime alcool + écart de prix ≤ 40 %
PROD-0050,Confiture de Myrtilles 280 grs NOUVEAU,PROD-0045,Confiture framboise 280 grs,PRIX_EQUIVALENT,0.0,3.1,3.1,OUI,OUI,OUI,OUI,0,même sous-catégorie + même régime alcool + écart de prix ≤ 40 %
PROD-0050,Confiture de Myrtilles 280 grs NOUVEAU,PROD-0046,Confiture mure 280 grs,PRIX_EQUIVALENT,0.0,3.1,3.1,OUI,OUI,OUI,OUI,0,même sous-catégorie + même régime alcool + écart de prix ≤ 40 %
PROD-0050,Confiture de Myrtilles 280 grs NOUVEAU,PROD-0047,Confiture fraise 280 grs,PRIX_EQUIVALENT,0.0,3.1,3.1,OUI,OUI,OUI,OUI,0,même sous-catégorie + même régime alcool + écart de prix ≤ 40 %
PROD-0051,Confiture de Fraise Ananas 280 grs NOUVEAU,PROD-0043,Confiture figue 280 grs,PRIX_EQUIVALENT,0.0,3.1,3.1,OUI,OUI,OUI,OUI,0,même sous-catégorie + même régime alcool + écart de prix ≤ 40 %
PROD-0051,Confiture de Fraise Ananas 280 grs NOUVEAU,PROD-0044,Confiture orange 280 grs,PRIX_EQUIVALENT,0.0,3.1,3.1,OUI,OUI,OUI,OUI,0,même sous-catégorie + même régime alcool + écart de prix ≤ 40 %
PROD-0051,Confiture de Fraise Ananas 280 grs NOUVEAU,PROD-0045,Confiture framboise 280 grs,PRIX_EQUIVALENT,0.0,3.1,3.1,OUI,OUI,OUI,OUI,0,même sous-catégorie + même régime alcool + écart de prix ≤ 40 %
PROD-0051,Confiture de Fraise Ananas 280 grs NOUVEAU,PROD-0046,Confiture mure 280 grs,PRIX_EQUIVALENT,0.0,3.1,3.1,OUI,OUI,OUI,OUI,0,même sous-catégorie + même régime alcool + écart de prix ≤ 40 %
PROD-0051,Confiture de Fraise Ananas 280 grs NOUVEAU,PROD-0047,Confiture fraise 280 grs,PRIX_EQUIVALENT,0.0,3.1,3.1,OUI,OUI,OUI,OUI,0,même sous-catégorie + même régime alcool + écart de prix ≤ 40 %
PROD-0052,Confiture pomme au cidre 280 grs,PROD-0057,Confit de cidre 100 gr,PRIX_INFERIEUR,-36.1,3.1,1.98,OUI,OUI,NON,OUI,-1,même sous-catégorie + même régime alcool + écart de prix ≤ 40 %
PROD-0053,Confiture pomme caramel 280 grs,PROD-0043,Confiture figue 280 grs,PRIX_EQUIVALENT,0.0,3.1,3.1,OUI,OUI,OUI,OUI,0,même sous-catégorie + même régime alcool + écart de prix ≤ 40 %
PROD-0053,Confiture pomme caramel 280 grs,PROD-0044,Confiture orange 280 grs,PRIX_EQUIVALENT,0.0,3.1,3.1,OUI,OUI,OUI,OUI,0,même sous-catégorie + même régime alcool + écart de prix ≤ 40 %
PROD-0053,Confiture pomme caramel 280 grs,PROD-0045,Confiture framboise 280 grs,PRIX_EQUIVALENT,0.0,3.1,3.1,OUI,OUI,OUI,OUI,0,même sous-catégorie + même régime alcool + écart de prix ≤ 40 %
PROD-0053,Confiture pomme caramel 280 grs,PROD-0046,Confiture mure 280 grs,PRIX_EQUIVALENT,0.0,3.1,3.1,OUI,OUI,OUI,OUI,0,même sous-catégorie + même régime alcool + écart de prix ≤ 40 %
PROD-0053,Confiture pomme caramel 280 grs,PROD-0047,Confiture fraise 280 grs,PRIX_EQUIVALENT,0.0,3.1,3.1,OUI,OUI,OUI,OUI,0,même sous-catégorie + même régime alcool + écart de prix ≤ 40 %
PROD-0054,Confiture pomme rhubarbe 280 grs,PROD-0043,Confiture figue 280 grs,PRIX_EQUIVALENT,0.0,3.1,3.1,OUI,OUI,OUI,OUI,0,même sous-catégorie + même régime alcool + écart de prix ≤ 40 %
PROD-0054,Confiture pomme rhubarbe 280 grs,PROD-0044,Confiture orange 280 grs,PRIX_EQUIVALENT,0.0,3.1,3.1,OUI,OUI,OUI,OUI,0,même sous-catégorie + même régime alcool + écart de prix ≤ 40 %
PROD-0054,Confiture pomme rhubarbe 280 grs,PROD-0045,Confiture framboise 280 grs,PRIX_EQUIVALENT,0.0,3.1,3.1,OUI,OUI,OUI,OUI,0,même sous-catégorie + même régime alcool + écart de prix ≤ 40 %
PROD-0054,Confiture pomme rhubarbe 280 grs,PROD-0046,Confiture mure 280 grs,PRIX_EQUIVALENT,0.0,3.1,3.1,OUI,OUI,OUI,OUI,0,même sous-catégorie + même régime alcool + écart de prix ≤ 40 %
PROD-0054,Confiture pomme rhubarbe 280 grs,PROD-0047,Confiture fraise 280 grs,PRIX_EQUIVALENT,0.0,3.1,3.1,OUI,OUI,OUI,OUI,0,même sous-catégorie + même régime alcool + écart de prix ≤ 40 %
PROD-0055,Confiture fraise rhubarbe 280 grs,PROD-0043,Confiture figue 280 grs,PRIX_EQUIVALENT,0.0,3.1,3.1,OUI,OUI,OUI,OUI,0,même sous-catégorie + même régime alcool + écart de prix ≤ 40 %
PROD-0055,Confiture fraise rhubarbe 280 grs,PROD-0044,Confiture orange 280 grs,PRIX_EQUIVALENT,0.0,3.1,3.1,OUI,OUI,OUI,OUI,0,même sous-catégorie + même régime alcool + écart de prix ≤ 40 %
PROD-0055,Confiture fraise rhubarbe 280 grs,PROD-0045,Confiture framboise 280 grs,PRIX_EQUIVALENT,0.0,3.1,3.1,OUI,OUI,OUI,OUI,0,même sous-catégorie + même régime alcool + écart de prix ≤ 40 %
PROD-0055,Confiture fraise rhubarbe 280 grs,PROD-0046,Confiture mure 280 grs,PRIX_EQUIVALENT,0.0,3.1,3.1,OUI,OUI,OUI,OUI,0,même sous-catégorie + même régime alcool + écart de prix ≤ 40 %
PROD-0055,Confiture fraise rhubarbe 280 grs,PROD-0047,Confiture fraise 280 grs,PRIX_EQUIVALENT,0.0,3.1,3.1,OUI,OUI,OUI,OUI,0,même sous-catégorie + même régime alcool + écart de prix ≤ 40 %
PROD-0056,Confiture fruits rouges 280 grs,PROD-0043,Confiture figue 280 grs,PRIX_EQUIVALENT,0.0,3.1,3.1,OUI,OUI,OUI,OUI,0,même sous-catégorie + même régime alcool + écart de prix ≤ 40 %
PROD-0056,Confiture fruits rouges 280 grs,PROD-0044,Confiture orange 280 grs,PRIX_EQUIVALENT,0.0,3.1,3.1,OUI,OUI,OUI,OUI,0,même sous-catégorie + même régime alcool + écart de prix ≤ 40 %
PROD-0056,Confiture fruits rouges 280 grs,PROD-0045,Confiture framboise 280 grs,PRIX_EQUIVALENT,0.0,3.1,3.1,OUI,OUI,OUI,OUI,0,même sous-catégorie + même régime alcool + écart de prix ≤ 40 %
PROD-0056,Confiture fruits rouges 280 grs,PROD-0046,Confiture mure 280 grs,PRIX_EQUIVALENT,0.0,3.1,3.1,OUI,OUI,OUI,OUI,0,même sous-catégorie + même régime alcool + écart de prix ≤ 40 %
PROD-0056,Confiture fruits rouges 280 grs,PROD-0047,Confiture fraise 280 grs,PRIX_EQUIVALENT,0.0,3.1,3.1,OUI,OUI,OUI,OUI,0,même sous-catégorie + même régime alcool + écart de prix ≤ 40 %
PROD-0059,Moutarde pommeau 100 gr,PROD-0060,Moutarde Calvados 100 gr,PRIX_EQUIVALENT,0.0,2.6,2.6,OUI,OUI,OUI,OUI,0,même sous-catégorie + même régime alcool + écart de prix ≤ 40 %
PROD-0060,Moutarde Calvados 100 gr,PROD-0059,Moutarde pommeau 100 gr,PRIX_EQUIVALENT,0.0,2.6,2.6,OUI,OUI,OUI,OUI,0,même sous-catégorie + même régime alcool + écart de prix ≤ 40 %
PROD-0061,Moutarde pomme 100 gr,PROD-0062,Moutarde framboise 100 gr,PRIX_EQUIVALENT,0.0,2.6,2.6,OUI,OUI,OUI,OUI,0,même sous-catégorie + même régime alcool + écart de prix ≤ 40 %
PROD-0061,Moutarde pomme 100 gr,PROD-0063,Confit d'oignons 100 gr,PRIX_SUPERIEUR,16.2,2.6,3.02,OUI,OUI,OUI,OUI,0,même sous-catégorie + même régime alcool + écart de prix ≤ 40 %
PROD-0061,Moutarde pomme 100 gr,PROD-0064,Chutney de figue 100 gr,PRIX_SUPERIEUR,16.2,2.6,3.02,OUI,OUI,OUI,OUI,0,même sous-catégorie + même régime alcool + écart de prix ≤ 40 %
PROD-0061,Moutarde pomme 100 gr,PROD-0065,Chutney de pomme 100 gr,PRIX_SUPERIEUR,16.2,2.6,3.02,OUI,OUI,OUI,OUI,0,même sous-catégorie + même régime alcool + écart de prix ≤ 40 %
PROD-0061,Moutarde pomme 100 gr,PROD-0203,Rillettes maquereaux moutarde 90 grs,PRIX_SUPERIEUR,23.1,2.6,3.2,OUI,OUI,NON,OUI,0,même sous-catégorie + même régime alcool + écart de prix ≤ 40 %
PROD-0062,Moutarde framboise 100 gr,PROD-0061,Moutarde pomme 100 gr,PRIX_EQUIVALENT,0.0,2.6,2.6,OUI,OUI,OUI,OUI,0,même sous-catégorie + même régime alcool + écart de prix ≤ 40 %
PROD-0062,Moutarde framboise 100 gr,PROD-0063,Confit d'oignons 100 gr,PRIX_SUPERIEUR,16.2,2.6,3.02,OUI,OUI,OUI,OUI,0,même sous-catégorie + même régime alcool + écart de prix ≤ 40 %
PROD-0062,Moutarde framboise 100 gr,PROD-0064,Chutney de figue 100 gr,PRIX_SUPERIEUR,16.2,2.6,3.02,OUI,OUI,OUI,OUI,0,même sous-catégorie + même régime alcool + écart de prix ≤ 40 %
PROD-0062,Moutarde framboise 100 gr,PROD-0065,Chutney de pomme 100 gr,PRIX_SUPERIEUR,16.2,2.6,3.02,OUI,OUI,OUI,OUI,0,même sous-catégorie + même régime alcool + écart de prix ≤ 40 %
PROD-0062,Moutarde framboise 100 gr,PROD-0203,Rillettes maquereaux moutarde 90 grs,PRIX_SUPERIEUR,23.1,2.6,3.2,OUI,OUI,NON,OUI,0,même sous-catégorie + même régime alcool + écart de prix ≤ 40 %
PROD-0063,Confit d'oignons 100 gr,PROD-0064,Chutney de figue 100 gr,PRIX_EQUIVALENT,0.0,3.02,3.02,OUI,OUI,OUI,OUI,0,même sous-catégorie + même régime alcool + écart de prix ≤ 40 %
PROD-0063,Confit d'oignons 100 gr,PROD-0065,Chutney de pomme 100 gr,PRIX_EQUIVALENT,0.0,3.02,3.02,OUI,OUI,OUI,OUI,0,même sous-catégorie + même régime alcool + écart de prix ≤ 40 %
PROD-0063,Confit d'oignons 100 gr,PROD-0203,Rillettes maquereaux moutarde 90 grs,PRIX_SUPERIEUR,6.0,3.02,3.2,OUI,OUI,NON,OUI,0,même sous-catégorie + même régime alcool + écart de prix ≤ 40 %
PROD-0063,Confit d'oignons 100 gr,PROD-0208,Rillettes de saumon au confit d'oignon 90 grs,PRIX_SUPERIEUR,6.0,3.02,3.2,OUI,OUI,NON,OUI,0,même sous-catégorie + même régime alcool + écart de prix ≤ 40 %
PROD-0063,Confit d'oignons 100 gr,PROD-0211,Rillettes de truite moutarde ancienne 90 grs,PRIX_SUPERIEUR,6.0,3.02,3.2,OUI,OUI,NON,OUI,0,même sous-catégorie + même régime alcool + écart de prix ≤ 40 %
PROD-0064,Chutney de figue 100 gr,PROD-0063,Confit d'oignons 100 gr,PRIX_EQUIVALENT,0.0,3.02,3.02,OUI,OUI,OUI,OUI,0,même sous-catégorie + même régime alcool + écart de prix ≤ 40 %
PROD-0064,Chutney de figue 100 gr,PROD-0065,Chutney de pomme 100 gr,PRIX_EQUIVALENT,0.0,3.02,3.02,OUI,OUI,OUI,OUI,0,même sous-catégorie + même régime alcool + écart de prix ≤ 40 %
PROD-0064,Chutney de figue 100 gr,PROD-0203,Rillettes maquereaux moutarde 90 grs,PRIX_SUPERIEUR,6.0,3.02,3.2,OUI,OUI,NON,OUI,0,même sous-catégorie + même régime alcool + écart de prix ≤ 40 %
PROD-0064,Chutney de figue 100 gr,PROD-0208,Rillettes de saumon au confit d'oignon 90 grs,PRIX_SUPERIEUR,6.0,3.02,3.2,OUI,OUI,NON,OUI,0,même sous-catégorie + même régime alcool + écart de prix ≤ 40 %
PROD-0064,Chutney de figue 100 gr,PROD-0211,Rillettes de truite moutarde ancienne 90 grs,PRIX_SUPERIEUR,6.0,3.02,3.2,OUI,OUI,NON,OUI,0,même sous-catégorie + même régime alcool + écart de prix ≤ 40 %
PROD-0065,Chutney de pomme 100 gr,PROD-0063,Confit d'oignons 100 gr,PRIX_EQUIVALENT,0.0,3.02,3.02,OUI,OUI,OUI,OUI,0,même sous-catégorie + même régime alcool + écart de prix ≤ 40 %
PROD-0065,Chutney de pomme 100 gr,PROD-0064,Chutney de figue 100 gr,PRIX_EQUIVALENT,0.0,3.02,3.02,OUI,OUI,OUI,OUI,0,même sous-catégorie + même régime alcool + écart de prix ≤ 40 %
PROD-0065,Chutney de pomme 100 gr,PROD-0203,Rillettes maquereaux moutarde 90 grs,PRIX_SUPERIEUR,6.0,3.02,3.2,OUI,OUI,NON,OUI,0,même sous-catégorie + même régime alcool + écart de prix ≤ 40 %
PROD-0065,Chutney de pomme 100 gr,PROD-0208,Rillettes de saumon au confit d'oignon 90 grs,PRIX_SUPERIEUR,6.0,3.02,3.2,OUI,OUI,NON,OUI,0,même sous-catégorie + même régime alcool + écart de prix ≤ 40 %
PROD-0065,Chutney de pomme 100 gr,PROD-0211,Rillettes de truite moutarde ancienne 90 grs,PRIX_SUPERIEUR,6.0,3.02,3.2,OUI,OUI,NON,OUI,0,même sous-catégorie + même régime alcool + écart de prix ≤ 40 %
PROD-0066,Riz au lait de Normandie 180 gr,PROD-0067,Riz au lait de Normandie Eclats caramel d'Isigny 180 gr,PRIX_EQUIVALENT,0.0,2.25,2.25,OUI,OUI,OUI,OUI,0,même sous-catégorie + même régime alcool + écart de prix ≤ 40 %
PROD-0066,Riz au lait de Normandie 180 gr,PROD-0070,Crème aux œufs à la crème d'Isigny 180 gr,PRIX_EQUIVALENT,0.0,2.25,2.25,OUI,OUI,OUI,OUI,0,même sous-catégorie + même régime alcool + écart de prix ≤ 40 %
PROD-0066,Riz au lait de Normandie 180 gr,PROD-0068,Riz au lait de Normandie 120 gr,PRIX_INFERIEUR,-21.3,2.25,1.77,OUI,OUI,OUI,OUI,0,même sous-catégorie + même régime alcool + écart de prix ≤ 40 %
PROD-0066,Riz au lait de Normandie 180 gr,PROD-0069,Riz au lait de Normandie Eclats caramel d'Isigny 120 gr,PRIX_INFERIEUR,-21.3,2.25,1.77,OUI,OUI,OUI,OUI,0,même sous-catégorie + même régime alcool + écart de prix ≤ 40 %
PROD-0066,Riz au lait de Normandie 180 gr,PROD-0072,Crème aux œufs à la crème d'Isigny 120 gr,PRIX_INFERIEUR,-21.3,2.25,1.77,OUI,OUI,OUI,OUI,0,même sous-catégorie + même régime alcool + écart de prix ≤ 40 %
PROD-0067,Riz au lait de Normandie Eclats caramel d'Isigny 180 gr,PROD-0066,Riz au lait de Normandie 180 gr,PRIX_EQUIVALENT,0.0,2.25,2.25,OUI,OUI,OUI,OUI,0,même sous-catégorie + même régime alcool + écart de prix ≤ 40 %
PROD-0067,Riz au lait de Normandie Eclats caramel d'Isigny 180 gr,PROD-0070,Crème aux œufs à la crème d'Isigny 180 gr,PRIX_EQUIVALENT,0.0,2.25,2.25,OUI,OUI,OUI,OUI,0,même sous-catégorie + même régime alcool + écart de prix ≤ 40 %
PROD-0067,Riz au lait de Normandie Eclats caramel d'Isigny 180 gr,PROD-0068,Riz au lait de Normandie 120 gr,PRIX_INFERIEUR,-21.3,2.25,1.77,OUI,OUI,OUI,OUI,0,même sous-catégorie + même régime alcool + écart de prix ≤ 40 %
PROD-0067,Riz au lait de Normandie Eclats caramel d'Isigny 180 gr,PROD-0069,Riz au lait de Normandie Eclats caramel d'Isigny 120 gr,PRIX_INFERIEUR,-21.3,2.25,1.77,OUI,OUI,OUI,OUI,0,même sous-catégorie + même régime alcool + écart de prix ≤ 40 %
PROD-0067,Riz au lait de Normandie Eclats caramel d'Isigny 180 gr,PROD-0072,Crème aux œufs à la crème d'Isigny 120 gr,PRIX_INFERIEUR,-21.3,2.25,1.77,OUI,OUI,OUI,OUI,0,même sous-catégorie + même régime alcool + écart de prix ≤ 40 %
PROD-0068,Riz au lait de Normandie 120 gr,PROD-0069,Riz au lait de Normandie Eclats caramel d'Isigny 120 gr,PRIX_EQUIVALENT,0.0,1.77,1.77,OUI,OUI,OUI,OUI,0,même sous-catégorie + même régime alcool + écart de prix ≤ 40 %
PROD-0068,Riz au lait de Normandie 120 gr,PROD-0072,Crème aux œufs à la crème d'Isigny 120 gr,PRIX_EQUIVALENT,0.0,1.77,1.77,OUI,OUI,OUI,OUI,0,même sous-catégorie + même régime alcool + écart de prix ≤ 40 %
PROD-0068,Riz au lait de Normandie 120 gr,PROD-0066,Riz au lait de Normandie 180 gr,PRIX_SUPERIEUR,27.1,1.77,2.25,OUI,OUI,OUI,OUI,0,même sous-catégorie + même régime alcool + écart de prix ≤ 40 %
PROD-0068,Riz au lait de Normandie 120 gr,PROD-0067,Riz au lait de Normandie Eclats caramel d'Isigny 180 gr,PRIX_SUPERIEUR,27.1,1.77,2.25,OUI,OUI,OUI,OUI,0,même sous-catégorie + même régime alcool + écart de prix ≤ 40 %
PROD-0068,Riz au lait de Normandie 120 gr,PROD-0070,Crème aux œufs à la crème d'Isigny 180 gr,PRIX_SUPERIEUR,27.1,1.77,2.25,OUI,OUI,OUI,OUI,0,même sous-catégorie + même régime alcool + écart de prix ≤ 40 %
PROD-0069,Riz au lait de Normandie Eclats caramel d'Isigny 120 gr,PROD-0068,Riz au lait de Normandie 120 gr,PRIX_EQUIVALENT,0.0,1.77,1.77,OUI,OUI,OUI,OUI,0,même sous-catégorie + même régime alcool + écart de prix ≤ 40 %
PROD-0069,Riz au lait de Normandie Eclats caramel d'Isigny 120 gr,PROD-0072,Crème aux œufs à la crème d'Isigny 120 gr,PRIX_EQUIVALENT,0.0,1.77,1.77,OUI,OUI,OUI,OUI,0,même sous-catégorie + même régime alcool + écart de prix ≤ 40 %
PROD-0069,Riz au lait de Normandie Eclats caramel d'Isigny 120 gr,PROD-0066,Riz au lait de Normandie 180 gr,PRIX_SUPERIEUR,27.1,1.77,2.25,OUI,OUI,OUI,OUI,0,même sous-catégorie + même régime alcool + écart de prix ≤ 40 %
PROD-0069,Riz au lait de Normandie Eclats caramel d'Isigny 120 gr,PROD-0067,Riz au lait de Normandie Eclats caramel d'Isigny 180 gr,PRIX_SUPERIEUR,27.1,1.77,2.25,OUI,OUI,OUI,OUI,0,même sous-catégorie + même régime alcool + écart de prix ≤ 40 %
PROD-0069,Riz au lait de Normandie Eclats caramel d'Isigny 120 gr,PROD-0070,Crème aux œufs à la crème d'Isigny 180 gr,PRIX_SUPERIEUR,27.1,1.77,2.25,OUI,OUI,OUI,OUI,0,même sous-catégorie + même régime alcool + écart de prix ≤ 40 %
PROD-0070,Crème aux œufs à la crème d'Isigny 180 gr,PROD-0066,Riz au lait de Normandie 180 gr,PRIX_EQUIVALENT,0.0,2.25,2.25,OUI,OUI,OUI,OUI,0,même sous-catégorie + même régime alcool + écart de prix ≤ 40 %
PROD-0070,Crème aux œufs à la crème d'Isigny 180 gr,PROD-0067,Riz au lait de Normandie Eclats caramel d'Isigny 180 gr,PRIX_EQUIVALENT,0.0,2.25,2.25,OUI,OUI,OUI,OUI,0,même sous-catégorie + même régime alcool + écart de prix ≤ 40 %
PROD-0070,Crème aux œufs à la crème d'Isigny 180 gr,PROD-0068,Riz au lait de Normandie 120 gr,PRIX_INFERIEUR,-21.3,2.25,1.77,OUI,OUI,OUI,OUI,0,même sous-catégorie + même régime alcool + écart de prix ≤ 40 %
PROD-0070,Crème aux œufs à la crème d'Isigny 180 gr,PROD-0069,Riz au lait de Normandie Eclats caramel d'Isigny 120 gr,PRIX_INFERIEUR,-21.3,2.25,1.77,OUI,OUI,OUI,OUI,0,même sous-catégorie + même régime alcool + écart de prix ≤ 40 %
PROD-0070,Crème aux œufs à la crème d'Isigny 180 gr,PROD-0072,Crème aux œufs à la crème d'Isigny 120 gr,PRIX_INFERIEUR,-21.3,2.25,1.77,OUI,OUI,OUI,OUI,0,même sous-catégorie + même régime alcool + écart de prix ≤ 40 %
PROD-0072,Crème aux œufs à la crème d'Isigny 120 gr,PROD-0068,Riz au lait de Normandie 120 gr,PRIX_EQUIVALENT,0.0,1.77,1.77,OUI,OUI,OUI,OUI,0,même sous-catégorie + même régime alcool + écart de prix ≤ 40 %
PROD-0072,Crème aux œufs à la crème d'Isigny 120 gr,PROD-0069,Riz au lait de Normandie Eclats caramel d'Isigny 120 gr,PRIX_EQUIVALENT,0.0,1.77,1.77,OUI,OUI,OUI,OUI,0,même sous-catégorie + même régime alcool + écart de prix ≤ 40 %
PROD-0072,Crème aux œufs à la crème d'Isigny 120 gr,PROD-0066,Riz au lait de Normandie 180 gr,PRIX_SUPERIEUR,27.1,1.77,2.25,OUI,OUI,OUI,OUI,0,même sous-catégorie + même régime alcool + écart de prix ≤ 40 %
PROD-0072,Crème aux œufs à la crème d'Isigny 120 gr,PROD-0067,Riz au lait de Normandie Eclats caramel d'Isigny 180 gr,PRIX_SUPERIEUR,27.1,1.77,2.25,OUI,OUI,OUI,OUI,0,même sous-catégorie + même régime alcool + écart de prix ≤ 40 %
PROD-0072,Crème aux œufs à la crème d'Isigny 120 gr,PROD-0070,Crème aux œufs à la crème d'Isigny 180 gr,PRIX_SUPERIEUR,27.1,1.77,2.25,OUI,OUI,OUI,OUI,0,même sous-catégorie + même régime alcool + écart de prix ≤ 40 %
PROD-0074,Boudin campagnard aux pomme 90 grs,PROD-0077,Terrine pomme porc andouille 90 grs,PRIX_SUPERIEUR,19.3,2.18,2.6,OUI,OUI,OUI,OUI,1,même sous-catégorie + même régime alcool + écart de prix ≤ 40 %
PROD-0074,Boudin campagnard aux pomme 90 grs,PROD-0079,Terrine de canard aux pommes 90 grs,PRIX_SUPERIEUR,19.3,2.18,2.6,OUI,OUI,OUI,OUI,1,même sous-catégorie + même régime alcool + écart de prix ≤ 40 %
PROD-0074,Boudin campagnard aux pomme 90 grs,PROD-0080,Terrine de campagne 90 grs,PRIX_SUPERIEUR,19.3,2.18,2.6,OUI,OUI,OUI,OUI,1,même sous-catégorie + même régime alcool + écart de prix ≤ 40 %
PROD-0074,Boudin campagnard aux pomme 90 grs,PROD-0082,Terrine porc Livarot 90 grs,PRIX_SUPERIEUR,19.3,2.18,2.6,OUI,OUI,OUI,OUI,1,même sous-catégorie + même régime alcool + écart de prix ≤ 40 %
PROD-0074,Boudin campagnard aux pomme 90 grs,PROD-0083,Terrine porc camembert 90 grs,PRIX_SUPERIEUR,19.3,2.18,2.6,OUI,OUI,OUI,OUI,1,même sous-catégorie + même régime alcool + écart de prix ≤ 40 %
PROD-0075,Terrine de faisan au Calvados 90 grs,PROD-0076,Terrine de lièvre au Calvados 90 grs,PRIX_EQUIVALENT,0.0,2.6,2.6,OUI,OUI,OUI,OUI,0,même sous-catégorie + même régime alcool + écart de prix ≤ 40 %
PROD-0075,Terrine de faisan au Calvados 90 grs,PROD-0078,Terrine de lapin au pommeau 90 grs,PRIX_EQUIVALENT,0.0,2.6,2.6,OUI,OUI,OUI,OUI,0,même sous-catégorie + même régime alcool + écart de prix ≤ 40 %
PROD-0075,Terrine de faisan au Calvados 90 grs,PROD-0081,Terrine de campagne au cidre 90 grs,PRIX_EQUIVALENT,0.0,2.6,2.6,OUI,OUI,OUI,OUI,0,même sous-catégorie + même régime alcool + écart de prix ≤ 40 %
PROD-0075,Terrine de faisan au Calvados 90 grs,PROD-0144,Andouille pommeau 90 grs,PRIX_SUPERIEUR,21.5,2.6,3.16,OUI,OUI,NON,OUI,0,même sous-catégorie + même régime alcool + écart de prix ≤ 40 %
PROD-0075,Terrine de faisan au Calvados 90 grs,PROD-0148,Livarot Calvados 90 grs,PRIX_SUPERIEUR,21.5,2.6,3.16,OUI,OUI,NON,OUI,0,même sous-catégorie + même régime alcool + écart de prix ≤ 40 %
PROD-0076,Terrine de lièvre au Calvados 90 grs,PROD-0075,Terrine de faisan au Calvados 90 grs,PRIX_EQUIVALENT,0.0,2.6,2.6,OUI,OUI,OUI,OUI,0,même sous-catégorie + même régime alcool + écart de prix ≤ 40 %
PROD-0076,Terrine de lièvre au Calvados 90 grs,PROD-0078,Terrine de lapin au pommeau 90 grs,PRIX_EQUIVALENT,0.0,2.6,2.6,OUI,OUI,OUI,OUI,0,même sous-catégorie + même régime alcool + écart de prix ≤ 40 %
PROD-0076,Terrine de lièvre au Calvados 90 grs,PROD-0081,Terrine de campagne au cidre 90 grs,PRIX_EQUIVALENT,0.0,2.6,2.6,OUI,OUI,OUI,OUI,0,même sous-catégorie + même régime alcool + écart de prix ≤ 40 %
PROD-0076,Terrine de lièvre au Calvados 90 grs,PROD-0144,Andouille pommeau 90 grs,PRIX_SUPERIEUR,21.5,2.6,3.16,OUI,OUI,NON,OUI,0,même sous-catégorie + même régime alcool + écart de prix ≤ 40 %
PROD-0076,Terrine de lièvre au Calvados 90 grs,PROD-0148,Livarot Calvados 90 grs,PRIX_SUPERIEUR,21.5,2.6,3.16,OUI,OUI,NON,OUI,0,même sous-catégorie + même régime alcool + écart de prix ≤ 40 %
PROD-0077,Terrine pomme porc andouille 90 grs,PROD-0079,Terrine de canard aux pommes 90 grs,PRIX_EQUIVALENT,0.0,2.6,2.6,OUI,OUI,OUI,OUI,0,même sous-catégorie + même régime alcool + écart de prix ≤ 40 %
PROD-0077,Terrine pomme porc andouille 90 grs,PROD-0080,Terrine de campagne 90 grs,PRIX_EQUIVALENT,0.0,2.6,2.6,OUI,OUI,OUI,OUI,0,même sous-catégorie + même régime alcool + écart de prix ≤ 40 %
PROD-0077,Terrine pomme porc andouille 90 grs,PROD-0082,Terrine porc Livarot 90 grs,PRIX_EQUIVALENT,0.0,2.6,2.6,OUI,OUI,OUI,OUI,0,même sous-catégorie + même régime alcool + écart de prix ≤ 40 %
PROD-0077,Terrine pomme porc andouille 90 grs,PROD-0083,Terrine porc camembert 90 grs,PRIX_EQUIVALENT,0.0,2.6,2.6,OUI,OUI,OUI,OUI,0,même sous-catégorie + même régime alcool + écart de prix ≤ 40 %
PROD-0077,Terrine pomme porc andouille 90 grs,PROD-0084,Rillettes de porc à l'anciènne 90 grs,PRIX_EQUIVALENT,0.0,2.6,2.6,OUI,OUI,OUI,OUI,0,même sous-catégorie + même régime alcool + écart de prix ≤ 40 %
PROD-0078,Terrine de lapin au pommeau 90 grs,PROD-0075,Terrine de faisan au Calvados 90 grs,PRIX_EQUIVALENT,0.0,2.6,2.6,OUI,OUI,OUI,OUI,0,même sous-catégorie + même régime alcool + écart de prix ≤ 40 %
PROD-0078,Terrine de lapin au pommeau 90 grs,PROD-0076,Terrine de lièvre au Calvados 90 grs,PRIX_EQUIVALENT,0.0,2.6,2.6,OUI,OUI,OUI,OUI,0,même sous-catégorie + même régime alcool + écart de prix ≤ 40 %
PROD-0078,Terrine de lapin au pommeau 90 grs,PROD-0081,Terrine de campagne au cidre 90 grs,PRIX_EQUIVALENT,0.0,2.6,2.6,OUI,OUI,OUI,OUI,0,même sous-catégorie + même régime alcool + écart de prix ≤ 40 %
PROD-0078,Terrine de lapin au pommeau 90 grs,PROD-0144,Andouille pommeau 90 grs,PRIX_SUPERIEUR,21.5,2.6,3.16,OUI,OUI,NON,OUI,0,même sous-catégorie + même régime alcool + écart de prix ≤ 40 %
PROD-0078,Terrine de lapin au pommeau 90 grs,PROD-0148,Livarot Calvados 90 grs,PRIX_SUPERIEUR,21.5,2.6,3.16,OUI,OUI,NON,OUI,0,même sous-catégorie + même régime alcool + écart de prix ≤ 40 %
PROD-0079,Terrine de canard aux pommes 90 grs,PROD-0077,Terrine pomme porc andouille 90 grs,PRIX_EQUIVALENT,0.0,2.6,2.6,OUI,OUI,OUI,OUI,0,même sous-catégorie + même régime alcool + écart de prix ≤ 40 %
PROD-0079,Terrine de canard aux pommes 90 grs,PROD-0080,Terrine de campagne 90 grs,PRIX_EQUIVALENT,0.0,2.6,2.6,OUI,OUI,OUI,OUI,0,même sous-catégorie + même régime alcool + écart de prix ≤ 40 %
PROD-0079,Terrine de canard aux pommes 90 grs,PROD-0082,Terrine porc Livarot 90 grs,PRIX_EQUIVALENT,0.0,2.6,2.6,OUI,OUI,OUI,OUI,0,même sous-catégorie + même régime alcool + écart de prix ≤ 40 %
PROD-0079,Terrine de canard aux pommes 90 grs,PROD-0083,Terrine porc camembert 90 grs,PRIX_EQUIVALENT,0.0,2.6,2.6,OUI,OUI,OUI,OUI,0,même sous-catégorie + même régime alcool + écart de prix ≤ 40 %
PROD-0079,Terrine de canard aux pommes 90 grs,PROD-0084,Rillettes de porc à l'anciènne 90 grs,PRIX_EQUIVALENT,0.0,2.6,2.6,OUI,OUI,OUI,OUI,0,même sous-catégorie + même régime alcool + écart de prix ≤ 40 %
PROD-0080,Terrine de campagne 90 grs,PROD-0077,Terrine pomme porc andouille 90 grs,PRIX_EQUIVALENT,0.0,2.6,2.6,OUI,OUI,OUI,OUI,0,même sous-catégorie + même régime alcool + écart de prix ≤ 40 %
PROD-0080,Terrine de campagne 90 grs,PROD-0079,Terrine de canard aux pommes 90 grs,PRIX_EQUIVALENT,0.0,2.6,2.6,OUI,OUI,OUI,OUI,0,même sous-catégorie + même régime alcool + écart de prix ≤ 40 %
PROD-0080,Terrine de campagne 90 grs,PROD-0082,Terrine porc Livarot 90 grs,PRIX_EQUIVALENT,0.0,2.6,2.6,OUI,OUI,OUI,OUI,0,même sous-catégorie + même régime alcool + écart de prix ≤ 40 %
PROD-0080,Terrine de campagne 90 grs,PROD-0083,Terrine porc camembert 90 grs,PRIX_EQUIVALENT,0.0,2.6,2.6,OUI,OUI,OUI,OUI,0,même sous-catégorie + même régime alcool + écart de prix ≤ 40 %
PROD-0080,Terrine de campagne 90 grs,PROD-0084,Rillettes de porc à l'anciènne 90 grs,PRIX_EQUIVALENT,0.0,2.6,2.6,OUI,OUI,OUI,OUI,0,même sous-catégorie + même régime alcool + écart de prix ≤ 40 %
PROD-0081,Terrine de campagne au cidre 90 grs,PROD-0075,Terrine de faisan au Calvados 90 grs,PRIX_EQUIVALENT,0.0,2.6,2.6,OUI,OUI,OUI,OUI,0,même sous-catégorie + même régime alcool + écart de prix ≤ 40 %
PROD-0081,Terrine de campagne au cidre 90 grs,PROD-0076,Terrine de lièvre au Calvados 90 grs,PRIX_EQUIVALENT,0.0,2.6,2.6,OUI,OUI,OUI,OUI,0,même sous-catégorie + même régime alcool + écart de prix ≤ 40 %
PROD-0081,Terrine de campagne au cidre 90 grs,PROD-0078,Terrine de lapin au pommeau 90 grs,PRIX_EQUIVALENT,0.0,2.6,2.6,OUI,OUI,OUI,OUI,0,même sous-catégorie + même régime alcool + écart de prix ≤ 40 %
PROD-0081,Terrine de campagne au cidre 90 grs,PROD-0144,Andouille pommeau 90 grs,PRIX_SUPERIEUR,21.5,2.6,3.16,OUI,OUI,NON,OUI,0,même sous-catégorie + même régime alcool + écart de prix ≤ 40 %
PROD-0081,Terrine de campagne au cidre 90 grs,PROD-0148,Livarot Calvados 90 grs,PRIX_SUPERIEUR,21.5,2.6,3.16,OUI,OUI,NON,OUI,0,même sous-catégorie + même régime alcool + écart de prix ≤ 40 %
PROD-0082,Terrine porc Livarot 90 grs,PROD-0077,Terrine pomme porc andouille 90 grs,PRIX_EQUIVALENT,0.0,2.6,2.6,OUI,OUI,OUI,OUI,0,même sous-catégorie + même régime alcool + écart de prix ≤ 40 %
PROD-0082,Terrine porc Livarot 90 grs,PROD-0079,Terrine de canard aux pommes 90 grs,PRIX_EQUIVALENT,0.0,2.6,2.6,OUI,OUI,OUI,OUI,0,même sous-catégorie + même régime alcool + écart de prix ≤ 40 %
PROD-0082,Terrine porc Livarot 90 grs,PROD-0080,Terrine de campagne 90 grs,PRIX_EQUIVALENT,0.0,2.6,2.6,OUI,OUI,OUI,OUI,0,même sous-catégorie + même régime alcool + écart de prix ≤ 40 %
PROD-0082,Terrine porc Livarot 90 grs,PROD-0083,Terrine porc camembert 90 grs,PRIX_EQUIVALENT,0.0,2.6,2.6,OUI,OUI,OUI,OUI,0,même sous-catégorie + même régime alcool + écart de prix ≤ 40 %
PROD-0082,Terrine porc Livarot 90 grs,PROD-0084,Rillettes de porc à l'anciènne 90 grs,PRIX_EQUIVALENT,0.0,2.6,2.6,OUI,OUI,OUI,OUI,0,même sous-catégorie + même régime alcool + écart de prix ≤ 40 %
PROD-0083,Terrine porc camembert 90 grs,PROD-0077,Terrine pomme porc andouille 90 grs,PRIX_EQUIVALENT,0.0,2.6,2.6,OUI,OUI,OUI,OUI,0,même sous-catégorie + même régime alcool + écart de prix ≤ 40 %
PROD-0083,Terrine porc camembert 90 grs,PROD-0079,Terrine de canard aux pommes 90 grs,PRIX_EQUIVALENT,0.0,2.6,2.6,OUI,OUI,OUI,OUI,0,même sous-catégorie + même régime alcool + écart de prix ≤ 40 %
PROD-0083,Terrine porc camembert 90 grs,PROD-0080,Terrine de campagne 90 grs,PRIX_EQUIVALENT,0.0,2.6,2.6,OUI,OUI,OUI,OUI,0,même sous-catégorie + même régime alcool + écart de prix ≤ 40 %
PROD-0083,Terrine porc camembert 90 grs,PROD-0082,Terrine porc Livarot 90 grs,PRIX_EQUIVALENT,0.0,2.6,2.6,OUI,OUI,OUI,OUI,0,même sous-catégorie + même régime alcool + écart de prix ≤ 40 %
PROD-0083,Terrine porc camembert 90 grs,PROD-0084,Rillettes de porc à l'anciènne 90 grs,PRIX_EQUIVALENT,0.0,2.6,2.6,OUI,OUI,OUI,OUI,0,même sous-catégorie + même régime alcool + écart de prix ≤ 40 %
PROD-0084,Rillettes de porc à l'anciènne 90 grs,PROD-0077,Terrine pomme porc andouille 90 grs,PRIX_EQUIVALENT,0.0,2.6,2.6,OUI,OUI,OUI,OUI,0,même sous-catégorie + même régime alcool + écart de prix ≤ 40 %
PROD-0084,Rillettes de porc à l'anciènne 90 grs,PROD-0079,Terrine de canard aux pommes 90 grs,PRIX_EQUIVALENT,0.0,2.6,2.6,OUI,OUI,OUI,OUI,0,même sous-catégorie + même régime alcool + écart de prix ≤ 40 %
PROD-0084,Rillettes de porc à l'anciènne 90 grs,PROD-0080,Terrine de campagne 90 grs,PRIX_EQUIVALENT,0.0,2.6,2.6,OUI,OUI,OUI,OUI,0,même sous-catégorie + même régime alcool + écart de prix ≤ 40 %
PROD-0084,Rillettes de porc à l'anciènne 90 grs,PROD-0082,Terrine porc Livarot 90 grs,PRIX_EQUIVALENT,0.0,2.6,2.6,OUI,OUI,OUI,OUI,0,même sous-catégorie + même régime alcool + écart de prix ≤ 40 %
PROD-0084,Rillettes de porc à l'anciènne 90 grs,PROD-0083,Terrine porc camembert 90 grs,PRIX_EQUIVALENT,0.0,2.6,2.6,OUI,OUI,OUI,OUI,0,même sous-catégorie + même régime alcool + écart de prix ≤ 40 %
PROD-0085,Rillettes de porc fumé 90 grs,PROD-0077,Terrine pomme porc andouille 90 grs,PRIX_EQUIVALENT,0.0,2.6,2.6,OUI,OUI,OUI,OUI,0,même sous-catégorie + même régime alcool + écart de prix ≤ 40 %
PROD-0085,Rillettes de porc fumé 90 grs,PROD-0079,Terrine de canard aux pommes 90 grs,PRIX_EQUIVALENT,0.0,2.6,2.6,OUI,OUI,OUI,OUI,0,même sous-catégorie + même régime alcool + écart de prix ≤ 40 %
PROD-0085,Rillettes de porc fumé 90 grs,PROD-0080,Terrine de campagne 90 grs,PRIX_EQUIVALENT,0.0,2.6,2.6,OUI,OUI,OUI,OUI,0,même sous-catégorie + même régime alcool + écart de prix ≤ 40 %
PROD-0085,Rillettes de porc fumé 90 grs,PROD-0082,Terrine porc Livarot 90 grs,PRIX_EQUIVALENT,0.0,2.6,2.6,OUI,OUI,OUI,OUI,0,même sous-catégorie + même régime alcool + écart de prix ≤ 40 %
PROD-0085,Rillettes de porc fumé 90 grs,PROD-0083,Terrine porc camembert 90 grs,PRIX_EQUIVALENT,0.0,2.6,2.6,OUI,OUI,OUI,OUI,0,même sous-catégorie + même régime alcool + écart de prix ≤ 40 %
PROD-0086,Terrine campagne pomme foie gras 90 grs,PROD-0092,Rillettes de canard au foie gras 90 grs,PRIX_SUPERIEUR,10.8,2.6,2.88,OUI,OUI,OUI,OUI,0,même sous-catégorie + même régime alcool + écart de prix ≤ 40 %
PROD-0087,Pâté de foie aux pommes calva 90 grs,PROD-0077,Terrine pomme porc andouille 90 grs,PRIX_EQUIVALENT,0.0,2.6,2.6,OUI,OUI,OUI,OUI,0,même sous-catégorie + même régime alcool + écart de prix ≤ 40 %
PROD-0087,Pâté de foie aux pommes calva 90 grs,PROD-0079,Terrine de canard aux pommes 90 grs,PRIX_EQUIVALENT,0.0,2.6,2.6,OUI,OUI,OUI,OUI,0,même sous-catégorie + même régime alcool + écart de prix ≤ 40 %
PROD-0087,Pâté de foie aux pommes calva 90 grs,PROD-0080,Terrine de campagne 90 grs,PRIX_EQUIVALENT,0.0,2.6,2.6,OUI,OUI,OUI,OUI,0,même sous-catégorie + même régime alcool + écart de prix ≤ 40 %
PROD-0087,Pâté de foie aux pommes calva 90 grs,PROD-0082,Terrine porc Livarot 90 grs,PRIX_EQUIVALENT,0.0,2.6,2.6,OUI,OUI,OUI,OUI,0,même sous-catégorie + même régime alcool + écart de prix ≤ 40 %
PROD-0087,Pâté de foie aux pommes calva 90 grs,PROD-0083,Terrine porc camembert 90 grs,PRIX_EQUIVALENT,0.0,2.6,2.6,OUI,OUI,OUI,OUI,0,même sous-catégorie + même régime alcool + écart de prix ≤ 40 %
PROD-0088,Rillettes du Cotentin 90 grs,PROD-0077,Terrine pomme porc andouille 90 grs,PRIX_EQUIVALENT,0.0,2.6,2.6,OUI,OUI,OUI,NON,0,même sous-catégorie + même régime alcool + écart de prix ≤ 40 %
PROD-0088,Rillettes du Cotentin 90 grs,PROD-0079,Terrine de canard aux pommes 90 grs,PRIX_EQUIVALENT,0.0,2.6,2.6,OUI,OUI,OUI,NON,0,même sous-catégorie + même régime alcool + écart de prix ≤ 40 %
PROD-0088,Rillettes du Cotentin 90 grs,PROD-0080,Terrine de campagne 90 grs,PRIX_EQUIVALENT,0.0,2.6,2.6,OUI,OUI,OUI,NON,0,même sous-catégorie + même régime alcool + écart de prix ≤ 40 %
PROD-0088,Rillettes du Cotentin 90 grs,PROD-0082,Terrine porc Livarot 90 grs,PRIX_EQUIVALENT,0.0,2.6,2.6,OUI,OUI,OUI,NON,0,même sous-catégorie + même régime alcool + écart de prix ≤ 40 %
PROD-0088,Rillettes du Cotentin 90 grs,PROD-0083,Terrine porc camembert 90 grs,PRIX_EQUIVALENT,0.0,2.6,2.6,OUI,OUI,OUI,NON,0,même sous-catégorie + même régime alcool + écart de prix ≤ 40 %
PROD-0089,Rillettes de poulet au poivre vert 90 grs,PROD-0077,Terrine pomme porc andouille 90 grs,PRIX_EQUIVALENT,0.0,2.6,2.6,OUI,OUI,OUI,OUI,0,même sous-catégorie + même régime alcool + écart de prix ≤ 40 %
PROD-0089,Rillettes de poulet au poivre vert 90 grs,PROD-0079,Terrine de canard aux pommes 90 grs,PRIX_EQUIVALENT,0.0,2.6,2.6,OUI,OUI,OUI,OUI,0,même sous-catégorie + même régime alcool + écart de prix ≤ 40 %
PROD-0089,Rillettes de poulet au poivre vert 90 grs,PROD-0080,Terrine de campagne 90 grs,PRIX_EQUIVALENT,0.0,2.6,2.6,OUI,OUI,OUI,OUI,0,même sous-catégorie + même régime alcool + écart de prix ≤ 40 %
PROD-0089,Rillettes de poulet au poivre vert 90 grs,PROD-0082,Terrine porc Livarot 90 grs,PRIX_EQUIVALENT,0.0,2.6,2.6,OUI,OUI,OUI,OUI,0,même sous-catégorie + même régime alcool + écart de prix ≤ 40 %
PROD-0089,Rillettes de poulet au poivre vert 90 grs,PROD-0083,Terrine porc camembert 90 grs,PRIX_EQUIVALENT,0.0,2.6,2.6,OUI,OUI,OUI,OUI,0,même sous-catégorie + même régime alcool + écart de prix ≤ 40 %
PROD-0090,Rillettes de poulet citron confit 90 grs,PROD-0077,Terrine pomme porc andouille 90 grs,PRIX_EQUIVALENT,0.0,2.6,2.6,OUI,OUI,OUI,OUI,0,même sous-catégorie + même régime alcool + écart de prix ≤ 40 %
PROD-0090,Rillettes de poulet citron confit 90 grs,PROD-0079,Terrine de canard aux pommes 90 grs,PRIX_EQUIVALENT,0.0,2.6,2.6,OUI,OUI,OUI,OUI,0,même sous-catégorie + même régime alcool + écart de prix ≤ 40 %
PROD-0090,Rillettes de poulet citron confit 90 grs,PROD-0080,Terrine de campagne 90 grs,PRIX_EQUIVALENT,0.0,2.6,2.6,OUI,OUI,OUI,OUI,0,même sous-catégorie + même régime alcool + écart de prix ≤ 40 %
PROD-0090,Rillettes de poulet citron confit 90 grs,PROD-0082,Terrine porc Livarot 90 grs,PRIX_EQUIVALENT,0.0,2.6,2.6,OUI,OUI,OUI,OUI,0,même sous-catégorie + même régime alcool + écart de prix ≤ 40 %
PROD-0090,Rillettes de poulet citron confit 90 grs,PROD-0083,Terrine porc camembert 90 grs,PRIX_EQUIVALENT,0.0,2.6,2.6,OUI,OUI,OUI,OUI,0,même sous-catégorie + même régime alcool + écart de prix ≤ 40 %
PROD-0092,Rillettes de canard au foie gras 90 grs,PROD-0086,Terrine campagne pomme foie gras 90 grs,PRIX_INFERIEUR,-9.7,2.88,2.6,OUI,OUI,OUI,OUI,0,même sous-catégorie + même régime alcool + écart de prix ≤ 40 %
PROD-0092,Rillettes de canard au foie gras 90 grs,PROD-0104,Terrine campagne pomme foie gras 180 g,PRIX_SUPERIEUR,38.2,2.88,3.98,OUI,OUI,OUI,OUI,0,même sous-catégorie + même régime alcool + écart de prix ≤ 40 %
PROD-0092,Rillettes de canard au foie gras 90 grs,PROD-0111,Rillettes de canard au foie gras 180 grs,PRIX_SUPERIEUR,38.2,2.88,3.98,OUI,OUI,OUI,OUI,0,même sous-catégorie + même régime alcool + écart de prix ≤ 40 %
PROD-0093,Boudin campagnard aux pommes 180 grs,PROD-0142,Boudin gelée de pomme 90 grs,PRIX_INFERIEUR,-11.0,3.55,3.16,OUI,OUI,NON,OUI,0,même sous-catégorie + même régime alcool + écart de prix ≤ 40 %
PROD-0093,Boudin campagnard aux pommes 180 grs,PROD-0145,Rillette au Chorizo 90 grs,PRIX_INFERIEUR,-11.0,3.55,3.16,OUI,OUI,NON,OUI,0,même sous-catégorie + même régime alcool + écart de prix ≤ 40 %
PROD-0093,Boudin campagnard aux pommes 180 grs,PROD-0146,Camembert au chorizo 90 grs,PRIX_INFERIEUR,-11.0,3.55,3.16,OUI,OUI,NON,OUI,0,même sous-catégorie + même régime alcool + écart de prix ≤ 40 %
PROD-0093,Boudin campagnard aux pommes 180 grs,PROD-0147,Brie de Meaux cernaux de noix 90 grs,PRIX_INFERIEUR,-11.0,3.55,3.16,OUI,OUI,NON,OUI,0,même sous-catégorie + même régime alcool + écart de prix ≤ 40 %
PROD-0093,Boudin campagnard aux pommes 180 grs,PROD-0149,Pont l'évêque échalote 90 grs,PRIX_INFERIEUR,-11.0,3.55,3.16,OUI,OUI,NON,OUI,0,même sous-catégorie + même régime alcool + écart de prix ≤ 40 %
PROD-0094,Pâté de foie aux pommes calva 180 grs,PROD-0095,Terrine de campagne 180 grs,PRIX_EQUIVALENT,0.0,3.98,3.98,OUI,OUI,OUI,OUI,0,même sous-catégorie + même régime alcool + écart de prix ≤ 40 %
PROD-0094,Pâté de foie aux pommes calva 180 grs,PROD-0096,Rillettes de porc fumé 180 grs,PRIX_EQUIVALENT,0.0,3.98,3.98,OUI,OUI,OUI,OUI,0,même sous-catégorie + même régime alcool + écart de prix ≤ 40 %
PROD-0094,Pâté de foie aux pommes calva 180 grs,PROD-0097,Rillettes de porc à l'anciènne 180 grs,PRIX_EQUIVALENT,0.0,3.98,3.98,OUI,OUI,OUI,OUI,0,même sous-catégorie + même régime alcool + écart de prix ≤ 40 %
PROD-0094,Pâté de foie aux pommes calva 180 grs,PROD-0098,Rillettes du Cotentin 180 grs,PRIX_EQUIVALENT,0.0,3.98,3.98,OUI,OUI,OUI,NON,0,même sous-catégorie + même régime alcool + écart de prix ≤ 40 %
PROD-0094,Pâté de foie aux pommes calva 180 grs,PROD-0099,Terrine de canard aux pommes 180 grs,PRIX_EQUIVALENT,0.0,3.98,3.98,OUI,OUI,OUI,OUI,0,même sous-catégorie + même régime alcool + écart de prix ≤ 40 %
PROD-0095,Terrine de campagne 180 grs,PROD-0094,Pâté de foie aux pommes calva 180 grs,PRIX_EQUIVALENT,0.0,3.98,3.98,OUI,OUI,OUI,OUI,0,même sous-catégorie + même régime alcool + écart de prix ≤ 40 %
PROD-0095,Terrine de campagne 180 grs,PROD-0096,Rillettes de porc fumé 180 grs,PRIX_EQUIVALENT,0.0,3.98,3.98,OUI,OUI,OUI,OUI,0,même sous-catégorie + même régime alcool + écart de prix ≤ 40 %
PROD-0095,Terrine de campagne 180 grs,PROD-0097,Rillettes de porc à l'anciènne 180 grs,PRIX_EQUIVALENT,0.0,3.98,3.98,OUI,OUI,OUI,OUI,0,même sous-catégorie + même régime alcool + écart de prix ≤ 40 %
PROD-0095,Terrine de campagne 180 grs,PROD-0098,Rillettes du Cotentin 180 grs,PRIX_EQUIVALENT,0.0,3.98,3.98,OUI,OUI,OUI,NON,0,même sous-catégorie + même régime alcool + écart de prix ≤ 40 %
PROD-0095,Terrine de campagne 180 grs,PROD-0099,Terrine de canard aux pommes 180 grs,PRIX_EQUIVALENT,0.0,3.98,3.98,OUI,OUI,OUI,OUI,0,même sous-catégorie + même régime alcool + écart de prix ≤ 40 %
PROD-0096,Rillettes de porc fumé 180 grs,PROD-0094,Pâté de foie aux pommes calva 180 grs,PRIX_EQUIVALENT,0.0,3.98,3.98,OUI,OUI,OUI,OUI,0,même sous-catégorie + même régime alcool + écart de prix ≤ 40 %
PROD-0096,Rillettes de porc fumé 180 grs,PROD-0095,Terrine de campagne 180 grs,PRIX_EQUIVALENT,0.0,3.98,3.98,OUI,OUI,OUI,OUI,0,même sous-catégorie + même régime alcool + écart de prix ≤ 40 %
PROD-0096,Rillettes de porc fumé 180 grs,PROD-0097,Rillettes de porc à l'anciènne 180 grs,PRIX_EQUIVALENT,0.0,3.98,3.98,OUI,OUI,OUI,OUI,0,même sous-catégorie + même régime alcool + écart de prix ≤ 40 %
PROD-0096,Rillettes de porc fumé 180 grs,PROD-0098,Rillettes du Cotentin 180 grs,PRIX_EQUIVALENT,0.0,3.98,3.98,OUI,OUI,OUI,NON,0,même sous-catégorie + même régime alcool + écart de prix ≤ 40 %
PROD-0096,Rillettes de porc fumé 180 grs,PROD-0099,Terrine de canard aux pommes 180 grs,PRIX_EQUIVALENT,0.0,3.98,3.98,OUI,OUI,OUI,OUI,0,même sous-catégorie + même régime alcool + écart de prix ≤ 40 %
PROD-0097,Rillettes de porc à l'anciènne 180 grs,PROD-0094,Pâté de foie aux pommes calva 180 grs,PRIX_EQUIVALENT,0.0,3.98,3.98,OUI,OUI,OUI,OUI,0,même sous-catégorie + même régime alcool + écart de prix ≤ 40 %
PROD-0097,Rillettes de porc à l'anciènne 180 grs,PROD-0095,Terrine de campagne 180 grs,PRIX_EQUIVALENT,0.0,3.98,3.98,OUI,OUI,OUI,OUI,0,même sous-catégorie + même régime alcool + écart de prix ≤ 40 %
PROD-0097,Rillettes de porc à l'anciènne 180 grs,PROD-0096,Rillettes de porc fumé 180 grs,PRIX_EQUIVALENT,0.0,3.98,3.98,OUI,OUI,OUI,OUI,0,même sous-catégorie + même régime alcool + écart de prix ≤ 40 %
PROD-0097,Rillettes de porc à l'anciènne 180 grs,PROD-0098,Rillettes du Cotentin 180 grs,PRIX_EQUIVALENT,0.0,3.98,3.98,OUI,OUI,OUI,NON,0,même sous-catégorie + même régime alcool + écart de prix ≤ 40 %
PROD-0097,Rillettes de porc à l'anciènne 180 grs,PROD-0099,Terrine de canard aux pommes 180 grs,PRIX_EQUIVALENT,0.0,3.98,3.98,OUI,OUI,OUI,OUI,0,même sous-catégorie + même régime alcool + écart de prix ≤ 40 %
PROD-0098,Rillettes du Cotentin 180 grs,PROD-0094,Pâté de foie aux pommes calva 180 grs,PRIX_EQUIVALENT,0.0,3.98,3.98,OUI,OUI,OUI,NON,0,même sous-catégorie + même régime alcool + écart de prix ≤ 40 %
PROD-0098,Rillettes du Cotentin 180 grs,PROD-0095,Terrine de campagne 180 grs,PRIX_EQUIVALENT,0.0,3.98,3.98,OUI,OUI,OUI,NON,0,même sous-catégorie + même régime alcool + écart de prix ≤ 40 %
PROD-0098,Rillettes du Cotentin 180 grs,PROD-0096,Rillettes de porc fumé 180 grs,PRIX_EQUIVALENT,0.0,3.98,3.98,OUI,OUI,OUI,NON,0,même sous-catégorie + même régime alcool + écart de prix ≤ 40 %
PROD-0098,Rillettes du Cotentin 180 grs,PROD-0097,Rillettes de porc à l'anciènne 180 grs,PRIX_EQUIVALENT,0.0,3.98,3.98,OUI,OUI,OUI,NON,0,même sous-catégorie + même régime alcool + écart de prix ≤ 40 %
PROD-0098,Rillettes du Cotentin 180 grs,PROD-0099,Terrine de canard aux pommes 180 grs,PRIX_EQUIVALENT,0.0,3.98,3.98,OUI,OUI,OUI,NON,0,même sous-catégorie + même régime alcool + écart de prix ≤ 40 %
PROD-0099,Terrine de canard aux pommes 180 grs,PROD-0094,Pâté de foie aux pommes calva 180 grs,PRIX_EQUIVALENT,0.0,3.98,3.98,OUI,OUI,OUI,OUI,0,même sous-catégorie + même régime alcool + écart de prix ≤ 40 %
PROD-0099,Terrine de canard aux pommes 180 grs,PROD-0095,Terrine de campagne 180 grs,PRIX_EQUIVALENT,0.0,3.98,3.98,OUI,OUI,OUI,OUI,0,même sous-catégorie + même régime alcool + écart de prix ≤ 40 %
PROD-0099,Terrine de canard aux pommes 180 grs,PROD-0096,Rillettes de porc fumé 180 grs,PRIX_EQUIVALENT,0.0,3.98,3.98,OUI,OUI,OUI,OUI,0,même sous-catégorie + même régime alcool + écart de prix ≤ 40 %
PROD-0099,Terrine de canard aux pommes 180 grs,PROD-0097,Rillettes de porc à l'anciènne 180 grs,PRIX_EQUIVALENT,0.0,3.98,3.98,OUI,OUI,OUI,OUI,0,même sous-catégorie + même régime alcool + écart de prix ≤ 40 %
PROD-0099,Terrine de canard aux pommes 180 grs,PROD-0098,Rillettes du Cotentin 180 grs,PRIX_EQUIVALENT,0.0,3.98,3.98,OUI,OUI,OUI,NON,0,même sous-catégorie + même régime alcool + écart de prix ≤ 40 %
PROD-0100,Terrine de lapin au pommeau 180 grs,PROD-0103,Terrine campagne au cidre 180 grs,PRIX_EQUIVALENT,0.0,3.98,3.98,OUI,OUI,OUI,OUI,0,même sous-catégorie + même régime alcool + écart de prix ≤ 40 %
PROD-0100,Terrine de lapin au pommeau 180 grs,PROD-0105,Terrine de lièvre au Calvados 180 grs,PRIX_EQUIVALENT,0.0,3.98,3.98,OUI,OUI,OUI,OUI,0,même sous-catégorie + même régime alcool + écart de prix ≤ 40 %
PROD-0100,Terrine de lapin au pommeau 180 grs,PROD-0106,Terrine de faisan au Calvados 180 grs,PRIX_EQUIVALENT,0.0,3.98,3.98,OUI,OUI,OUI,OUI,0,même sous-catégorie + même régime alcool + écart de prix ≤ 40 %
PROD-0100,Terrine de lapin au pommeau 180 grs,PROD-0144,Andouille pommeau 90 grs,PRIX_INFERIEUR,-20.6,3.98,3.16,OUI,OUI,NON,OUI,0,même sous-catégorie + même régime alcool + écart de prix ≤ 40 %
PROD-0100,Terrine de lapin au pommeau 180 grs,PROD-0148,Livarot Calvados 90 grs,PRIX_INFERIEUR,-20.6,3.98,3.16,OUI,OUI,NON,OUI,0,même sous-catégorie + même régime alcool + écart de prix ≤ 40 %
PROD-0101,Terrine porc livarot 180 grs,PROD-0094,Pâté de foie aux pommes calva 180 grs,PRIX_EQUIVALENT,0.0,3.98,3.98,OUI,OUI,OUI,OUI,0,même sous-catégorie + même régime alcool + écart de prix ≤ 40 %
PROD-0101,Terrine porc livarot 180 grs,PROD-0095,Terrine de campagne 180 grs,PRIX_EQUIVALENT,0.0,3.98,3.98,OUI,OUI,OUI,OUI,0,même sous-catégorie + même régime alcool + écart de prix ≤ 40 %
PROD-0101,Terrine porc livarot 180 grs,PROD-0096,Rillettes de porc fumé 180 grs,PRIX_EQUIVALENT,0.0,3.98,3.98,OUI,OUI,OUI,OUI,0,même sous-catégorie + même régime alcool + écart de prix ≤ 40 %
PROD-0101,Terrine porc livarot 180 grs,PROD-0097,Rillettes de porc à l'anciènne 180 grs,PRIX_EQUIVALENT,0.0,3.98,3.98,OUI,OUI,OUI,OUI,0,même sous-catégorie + même régime alcool + écart de prix ≤ 40 %
PROD-0101,Terrine porc livarot 180 grs,PROD-0098,Rillettes du Cotentin 180 grs,PRIX_EQUIVALENT,0.0,3.98,3.98,OUI,OUI,OUI,NON,0,même sous-catégorie + même régime alcool + écart de prix ≤ 40 %
PROD-0102,Terrine porc camembert 180 grs,PROD-0094,Pâté de foie aux pommes calva 180 grs,PRIX_EQUIVALENT,0.0,3.98,3.98,OUI,OUI,OUI,OUI,0,même sous-catégorie + même régime alcool + écart de prix ≤ 40 %
PROD-0102,Terrine porc camembert 180 grs,PROD-0095,Terrine de campagne 180 grs,PRIX_EQUIVALENT,0.0,3.98,3.98,OUI,OUI,OUI,OUI,0,même sous-catégorie + même régime alcool + écart de prix ≤ 40 %
PROD-0102,Terrine porc camembert 180 grs,PROD-0096,Rillettes de porc fumé 180 grs,PRIX_EQUIVALENT,0.0,3.98,3.98,OUI,OUI,OUI,OUI,0,même sous-catégorie + même régime alcool + écart de prix ≤ 40 %
PROD-0102,Terrine porc camembert 180 grs,PROD-0097,Rillettes de porc à l'anciènne 180 grs,PRIX_EQUIVALENT,0.0,3.98,3.98,OUI,OUI,OUI,OUI,0,même sous-catégorie + même régime alcool + écart de prix ≤ 40 %
PROD-0102,Terrine porc camembert 180 grs,PROD-0098,Rillettes du Cotentin 180 grs,PRIX_EQUIVALENT,0.0,3.98,3.98,OUI,OUI,OUI,NON,0,même sous-catégorie + même régime alcool + écart de prix ≤ 40 %
PROD-0103,Terrine campagne au cidre 180 grs,PROD-0100,Terrine de lapin au pommeau 180 grs,PRIX_EQUIVALENT,0.0,3.98,3.98,OUI,OUI,OUI,OUI,0,même sous-catégorie + même régime alcool + écart de prix ≤ 40 %
PROD-0103,Terrine campagne au cidre 180 grs,PROD-0105,Terrine de lièvre au Calvados 180 grs,PRIX_EQUIVALENT,0.0,3.98,3.98,OUI,OUI,OUI,OUI,0,même sous-catégorie + même régime alcool + écart de prix ≤ 40 %
PROD-0103,Terrine campagne au cidre 180 grs,PROD-0106,Terrine de faisan au Calvados 180 grs,PRIX_EQUIVALENT,0.0,3.98,3.98,OUI,OUI,OUI,OUI,0,même sous-catégorie + même régime alcool + écart de prix ≤ 40 %
PROD-0103,Terrine campagne au cidre 180 grs,PROD-0144,Andouille pommeau 90 grs,PRIX_INFERIEUR,-20.6,3.98,3.16,OUI,OUI,NON,OUI,0,même sous-catégorie + même régime alcool + écart de prix ≤ 40 %
PROD-0103,Terrine campagne au cidre 180 grs,PROD-0148,Livarot Calvados 90 grs,PRIX_INFERIEUR,-20.6,3.98,3.16,OUI,OUI,NON,OUI,0,même sous-catégorie + même régime alcool + écart de prix ≤ 40 %
PROD-0104,Terrine campagne pomme foie gras 180 g,PROD-0111,Rillettes de canard au foie gras 180 grs,PRIX_EQUIVALENT,0.0,3.98,3.98,OUI,OUI,OUI,OUI,0,même sous-catégorie + même régime alcool + écart de prix ≤ 40 %
PROD-0104,Terrine campagne pomme foie gras 180 g,PROD-0092,Rillettes de canard au foie gras 90 grs,PRIX_INFERIEUR,-27.6,3.98,2.88,OUI,OUI,OUI,OUI,0,même sous-catégorie + même régime alcool + écart de prix ≤ 40 %
PROD-0104,Terrine campagne pomme foie gras 180 g,PROD-0086,Terrine campagne pomme foie gras 90 grs,PRIX_INFERIEUR,-34.7,3.98,2.6,OUI,OUI,OUI,OUI,0,même sous-catégorie + même régime alcool + écart de prix ≤ 40 %
PROD-0105,Terrine de lièvre au Calvados 180 grs,PROD-0100,Terrine de lapin au pommeau 180 grs,PRIX_EQUIVALENT,0.0,3.98,3.98,OUI,OUI,OUI,OUI,0,même sous-catégorie + même régime alcool + écart de prix ≤ 40 %
PROD-0105,Terrine de lièvre au Calvados 180 grs,PROD-0103,Terrine campagne au cidre 180 grs,PRIX_EQUIVALENT,0.0,3.98,3.98,OUI,OUI,OUI,OUI,0,même sous-catégorie + même régime alcool + écart de prix ≤ 40 %
PROD-0105,Terrine de lièvre au Calvados 180 grs,PROD-0106,Terrine de faisan au Calvados 180 grs,PRIX_EQUIVALENT,0.0,3.98,3.98,OUI,OUI,OUI,OUI,0,même sous-catégorie + même régime alcool + écart de prix ≤ 40 %
PROD-0105,Terrine de lièvre au Calvados 180 grs,PROD-0144,Andouille pommeau 90 grs,PRIX_INFERIEUR,-20.6,3.98,3.16,OUI,OUI,NON,OUI,0,même sous-catégorie + même régime alcool + écart de prix ≤ 40 %
PROD-0105,Terrine de lièvre au Calvados 180 grs,PROD-0148,Livarot Calvados 90 grs,PRIX_INFERIEUR,-20.6,3.98,3.16,OUI,OUI,NON,OUI,0,même sous-catégorie + même régime alcool + écart de prix ≤ 40 %
PROD-0106,Terrine de faisan au Calvados 180 grs,PROD-0100,Terrine de lapin au pommeau 180 grs,PRIX_EQUIVALENT,0.0,3.98,3.98,OUI,OUI,OUI,OUI,0,même sous-catégorie + même régime alcool + écart de prix ≤ 40 %
PROD-0106,Terrine de faisan au Calvados 180 grs,PROD-0103,Terrine campagne au cidre 180 grs,PRIX_EQUIVALENT,0.0,3.98,3.98,OUI,OUI,OUI,OUI,0,même sous-catégorie + même régime alcool + écart de prix ≤ 40 %
PROD-0106,Terrine de faisan au Calvados 180 grs,PROD-0105,Terrine de lièvre au Calvados 180 grs,PRIX_EQUIVALENT,0.0,3.98,3.98,OUI,OUI,OUI,OUI,0,même sous-catégorie + même régime alcool + écart de prix ≤ 40 %
PROD-0106,Terrine de faisan au Calvados 180 grs,PROD-0144,Andouille pommeau 90 grs,PRIX_INFERIEUR,-20.6,3.98,3.16,OUI,OUI,NON,OUI,0,même sous-catégorie + même régime alcool + écart de prix ≤ 40 %
PROD-0106,Terrine de faisan au Calvados 180 grs,PROD-0148,Livarot Calvados 90 grs,PRIX_INFERIEUR,-20.6,3.98,3.16,OUI,OUI,NON,OUI,0,même sous-catégorie + même régime alcool + écart de prix ≤ 40 %
PROD-0107,Terrine pomme porc andouille 180 grs,PROD-0094,Pâté de foie aux pommes calva 180 grs,PRIX_EQUIVALENT,0.0,3.98,3.98,OUI,OUI,OUI,OUI,0,même sous-catégorie + même régime alcool + écart de prix ≤ 40 %
PROD-0107,Terrine pomme porc andouille 180 grs,PROD-0095,Terrine de campagne 180 grs,PRIX_EQUIVALENT,0.0,3.98,3.98,OUI,OUI,OUI,OUI,0,même sous-catégorie + même régime alcool + écart de prix ≤ 40 %
PROD-0107,Terrine pomme porc andouille 180 grs,PROD-0096,Rillettes de porc fumé 180 grs,PRIX_EQUIVALENT,0.0,3.98,3.98,OUI,OUI,OUI,OUI,0,même sous-catégorie + même régime alcool + écart de prix ≤ 40 %
PROD-0107,Terrine pomme porc andouille 180 grs,PROD-0097,Rillettes de porc à l'anciènne 180 grs,PRIX_EQUIVALENT,0.0,3.98,3.98,OUI,OUI,OUI,OUI,0,même sous-catégorie + même régime alcool + écart de prix ≤ 40 %
PROD-0107,Terrine pomme porc andouille 180 grs,PROD-0098,Rillettes du Cotentin 180 grs,PRIX_EQUIVALENT,0.0,3.98,3.98,OUI,OUI,OUI,NON,0,même sous-catégorie + même régime alcool + écart de prix ≤ 40 %
PROD-0108,Rillettes de poulet citron confit 180 grs,PROD-0094,Pâté de foie aux pommes calva 180 grs,PRIX_EQUIVALENT,0.0,3.98,3.98,OUI,OUI,OUI,OUI,0,même sous-catégorie + même régime alcool + écart de prix ≤ 40 %
PROD-0108,Rillettes de poulet citron confit 180 grs,PROD-0095,Terrine de campagne 180 grs,PRIX_EQUIVALENT,0.0,3.98,3.98,OUI,OUI,OUI,OUI,0,même sous-catégorie + même régime alcool + écart de prix ≤ 40 %
PROD-0108,Rillettes de poulet citron confit 180 grs,PROD-0096,Rillettes de porc fumé 180 grs,PRIX_EQUIVALENT,0.0,3.98,3.98,OUI,OUI,OUI,OUI,0,même sous-catégorie + même régime alcool + écart de prix ≤ 40 %
PROD-0108,Rillettes de poulet citron confit 180 grs,PROD-0097,Rillettes de porc à l'anciènne 180 grs,PRIX_EQUIVALENT,0.0,3.98,3.98,OUI,OUI,OUI,OUI,0,même sous-catégorie + même régime alcool + écart de prix ≤ 40 %
PROD-0108,Rillettes de poulet citron confit 180 grs,PROD-0098,Rillettes du Cotentin 180 grs,PRIX_EQUIVALENT,0.0,3.98,3.98,OUI,OUI,OUI,NON,0,même sous-catégorie + même régime alcool + écart de prix ≤ 40 %
PROD-0109,Rillettes de poulet piment d'Espelette 180 grs,PROD-0094,Pâté de foie aux pommes calva 180 grs,PRIX_EQUIVALENT,0.0,3.98,3.98,OUI,OUI,OUI,OUI,0,même sous-catégorie + même régime alcool + écart de prix ≤ 40 %
PROD-0109,Rillettes de poulet piment d'Espelette 180 grs,PROD-0095,Terrine de campagne 180 grs,PRIX_EQUIVALENT,0.0,3.98,3.98,OUI,OUI,OUI,OUI,0,même sous-catégorie + même régime alcool + écart de prix ≤ 40 %
PROD-0109,Rillettes de poulet piment d'Espelette 180 grs,PROD-0096,Rillettes de porc fumé 180 grs,PRIX_EQUIVALENT,0.0,3.98,3.98,OUI,OUI,OUI,OUI,0,même sous-catégorie + même régime alcool + écart de prix ≤ 40 %
PROD-0109,Rillettes de poulet piment d'Espelette 180 grs,PROD-0097,Rillettes de porc à l'anciènne 180 grs,PRIX_EQUIVALENT,0.0,3.98,3.98,OUI,OUI,OUI,OUI,0,même sous-catégorie + même régime alcool + écart de prix ≤ 40 %
PROD-0109,Rillettes de poulet piment d'Espelette 180 grs,PROD-0098,Rillettes du Cotentin 180 grs,PRIX_EQUIVALENT,0.0,3.98,3.98,OUI,OUI,OUI,NON,0,même sous-catégorie + même régime alcool + écart de prix ≤ 40 %
PROD-0110,Rillettes de poulet poivre vert 180 grs,PROD-0094,Pâté de foie aux pommes calva 180 grs,PRIX_EQUIVALENT,0.0,3.98,3.98,OUI,OUI,OUI,OUI,0,même sous-catégorie + même régime alcool + écart de prix ≤ 40 %
PROD-0110,Rillettes de poulet poivre vert 180 grs,PROD-0095,Terrine de campagne 180 grs,PRIX_EQUIVALENT,0.0,3.98,3.98,OUI,OUI,OUI,OUI,0,même sous-catégorie + même régime alcool + écart de prix ≤ 40 %
PROD-0110,Rillettes de poulet poivre vert 180 grs,PROD-0096,Rillettes de porc fumé 180 grs,PRIX_EQUIVALENT,0.0,3.98,3.98,OUI,OUI,OUI,OUI,0,même sous-catégorie + même régime alcool + écart de prix ≤ 40 %
PROD-0110,Rillettes de poulet poivre vert 180 grs,PROD-0097,Rillettes de porc à l'anciènne 180 grs,PRIX_EQUIVALENT,0.0,3.98,3.98,OUI,OUI,OUI,OUI,0,même sous-catégorie + même régime alcool + écart de prix ≤ 40 %
PROD-0110,Rillettes de poulet poivre vert 180 grs,PROD-0098,Rillettes du Cotentin 180 grs,PRIX_EQUIVALENT,0.0,3.98,3.98,OUI,OUI,OUI,NON,0,même sous-catégorie + même régime alcool + écart de prix ≤ 40 %
PROD-0111,Rillettes de canard au foie gras 180 grs,PROD-0104,Terrine campagne pomme foie gras 180 g,PRIX_EQUIVALENT,0.0,3.98,3.98,OUI,OUI,OUI,OUI,0,même sous-catégorie + même régime alcool + écart de prix ≤ 40 %
PROD-0111,Rillettes de canard au foie gras 180 grs,PROD-0092,Rillettes de canard au foie gras 90 grs,PRIX_INFERIEUR,-27.6,3.98,2.88,OUI,OUI,OUI,OUI,0,même sous-catégorie + même régime alcool + écart de prix ≤ 40 %
PROD-0111,Rillettes de canard au foie gras 180 grs,PROD-0086,Terrine campagne pomme foie gras 90 grs,PRIX_INFERIEUR,-34.7,3.98,2.6,OUI,OUI,OUI,OUI,0,même sous-catégorie + même régime alcool + écart de prix ≤ 40 %
PROD-0113,Foie gras de canard pot le parfait 180 grs,PROD-0112,Foie gras de canard pot le parfait 120 grs,PRIX_INFERIEUR,-28.9,20.6,14.65,OUI,OUI,OUI,OUI,0,même sous-catégorie + même régime alcool + écart de prix ≤ 40 %
PROD-0114,Sauté de porc forestier 400grs,PROD-0116,Blanquette de veau 400 grs,PRIX_EQUIVALENT,0.0,5.42,5.42,OUI,OUI,OUI,OUI,0,même sous-catégorie + même régime alcool + écart de prix ≤ 40 %
PROD-0114,Sauté de porc forestier 400grs,PROD-0117,Veau aux chaloignons des bois 400grs,PRIX_EQUIVALENT,0.0,5.42,5.42,OUI,OUI,OUI,OUI,0,même sous-catégorie + même régime alcool + écart de prix ≤ 40 %
PROD-0114,Sauté de porc forestier 400grs,PROD-0119,Poulet valée d'Auge 400 grs,PRIX_EQUIVALENT,0.0,5.42,5.42,OUI,OUI,OUI,OUI,0,même sous-catégorie + même régime alcool + écart de prix ≤ 40 %
PROD-0114,Sauté de porc forestier 400grs,PROD-0120,Sauté de porc au caramel de porc 400 grs,PRIX_EQUIVALENT,0.0,5.42,5.42,OUI,OUI,OUI,OUI,0,même sous-catégorie + même régime alcool + écart de prix ≤ 40 %
PROD-0114,Sauté de porc forestier 400grs,PROD-0121,Chili con carne de porc 400 grs,PRIX_EQUIVALENT,0.0,5.42,5.42,OUI,OUI,OUI,OUI,0,même sous-catégorie + même régime alcool + écart de prix ≤ 40 %
PROD-0115,Boeuf au cidre 400 grs,PROD-0118,Tripes au cidre 400 grs,PRIX_EQUIVALENT,0.0,5.42,5.42,OUI,OUI,OUI,OUI,0,même sous-catégorie + même régime alcool + écart de prix ≤ 40 %
PROD-0116,Blanquette de veau 400 grs,PROD-0114,Sauté de porc forestier 400grs,PRIX_EQUIVALENT,0.0,5.42,5.42,OUI,OUI,OUI,OUI,0,même sous-catégorie + même régime alcool + écart de prix ≤ 40 %
PROD-0116,Blanquette de veau 400 grs,PROD-0117,Veau aux chaloignons des bois 400grs,PRIX_EQUIVALENT,0.0,5.42,5.42,OUI,OUI,OUI,OUI,0,même sous-catégorie + même régime alcool + écart de prix ≤ 40 %
PROD-0116,Blanquette de veau 400 grs,PROD-0119,Poulet valée d'Auge 400 grs,PRIX_EQUIVALENT,0.0,5.42,5.42,OUI,OUI,OUI,OUI,0,même sous-catégorie + même régime alcool + écart de prix ≤ 40 %
PROD-0116,Blanquette de veau 400 grs,PROD-0120,Sauté de porc au caramel de porc 400 grs,PRIX_EQUIVALENT,0.0,5.42,5.42,OUI,OUI,OUI,OUI,0,même sous-catégorie + même régime alcool + écart de prix ≤ 40 %
PROD-0116,Blanquette de veau 400 grs,PROD-0121,Chili con carne de porc 400 grs,PRIX_EQUIVALENT,0.0,5.42,5.42,OUI,OUI,OUI,OUI,0,même sous-catégorie + même régime alcool + écart de prix ≤ 40 %
PROD-0117,Veau aux chaloignons des bois 400grs,PROD-0114,Sauté de porc forestier 400grs,PRIX_EQUIVALENT,0.0,5.42,5.42,OUI,OUI,OUI,OUI,0,même sous-catégorie + même régime alcool + écart de prix ≤ 40 %
PROD-0117,Veau aux chaloignons des bois 400grs,PROD-0116,Blanquette de veau 400 grs,PRIX_EQUIVALENT,0.0,5.42,5.42,OUI,OUI,OUI,OUI,0,même sous-catégorie + même régime alcool + écart de prix ≤ 40 %
PROD-0117,Veau aux chaloignons des bois 400grs,PROD-0119,Poulet valée d'Auge 400 grs,PRIX_EQUIVALENT,0.0,5.42,5.42,OUI,OUI,OUI,OUI,0,même sous-catégorie + même régime alcool + écart de prix ≤ 40 %
PROD-0117,Veau aux chaloignons des bois 400grs,PROD-0120,Sauté de porc au caramel de porc 400 grs,PRIX_EQUIVALENT,0.0,5.42,5.42,OUI,OUI,OUI,OUI,0,même sous-catégorie + même régime alcool + écart de prix ≤ 40 %
PROD-0117,Veau aux chaloignons des bois 400grs,PROD-0121,Chili con carne de porc 400 grs,PRIX_EQUIVALENT,0.0,5.42,5.42,OUI,OUI,OUI,OUI,0,même sous-catégorie + même régime alcool + écart de prix ≤ 40 %
PROD-0118,Tripes au cidre 400 grs,PROD-0115,Boeuf au cidre 400 grs,PRIX_EQUIVALENT,0.0,5.42,5.42,OUI,OUI,OUI,OUI,0,même sous-catégorie + même régime alcool + écart de prix ≤ 40 %
PROD-0119,Poulet valée d'Auge 400 grs,PROD-0114,Sauté de porc forestier 400grs,PRIX_EQUIVALENT,0.0,5.42,5.42,OUI,OUI,OUI,OUI,0,même sous-catégorie + même régime alcool + écart de prix ≤ 40 %
PROD-0119,Poulet valée d'Auge 400 grs,PROD-0116,Blanquette de veau 400 grs,PRIX_EQUIVALENT,0.0,5.42,5.42,OUI,OUI,OUI,OUI,0,même sous-catégorie + même régime alcool + écart de prix ≤ 40 %
PROD-0119,Poulet valée d'Auge 400 grs,PROD-0117,Veau aux chaloignons des bois 400grs,PRIX_EQUIVALENT,0.0,5.42,5.42,OUI,OUI,OUI,OUI,0,même sous-catégorie + même régime alcool + écart de prix ≤ 40 %
PROD-0119,Poulet valée d'Auge 400 grs,PROD-0120,Sauté de porc au caramel de porc 400 grs,PRIX_EQUIVALENT,0.0,5.42,5.42,OUI,OUI,OUI,OUI,0,même sous-catégorie + même régime alcool + écart de prix ≤ 40 %
PROD-0119,Poulet valée d'Auge 400 grs,PROD-0121,Chili con carne de porc 400 grs,PRIX_EQUIVALENT,0.0,5.42,5.42,OUI,OUI,OUI,OUI,0,même sous-catégorie + même régime alcool + écart de prix ≤ 40 %
PROD-0120,Sauté de porc au caramel de porc 400 grs,PROD-0114,Sauté de porc forestier 400grs,PRIX_EQUIVALENT,0.0,5.42,5.42,OUI,OUI,OUI,OUI,0,même sous-catégorie + même régime alcool + écart de prix ≤ 40 %
PROD-0120,Sauté de porc au caramel de porc 400 grs,PROD-0116,Blanquette de veau 400 grs,PRIX_EQUIVALENT,0.0,5.42,5.42,OUI,OUI,OUI,OUI,0,même sous-catégorie + même régime alcool + écart de prix ≤ 40 %
PROD-0120,Sauté de porc au caramel de porc 400 grs,PROD-0117,Veau aux chaloignons des bois 400grs,PRIX_EQUIVALENT,0.0,5.42,5.42,OUI,OUI,OUI,OUI,0,même sous-catégorie + même régime alcool + écart de prix ≤ 40 %
PROD-0120,Sauté de porc au caramel de porc 400 grs,PROD-0119,Poulet valée d'Auge 400 grs,PRIX_EQUIVALENT,0.0,5.42,5.42,OUI,OUI,OUI,OUI,0,même sous-catégorie + même régime alcool + écart de prix ≤ 40 %
PROD-0120,Sauté de porc au caramel de porc 400 grs,PROD-0121,Chili con carne de porc 400 grs,PRIX_EQUIVALENT,0.0,5.42,5.42,OUI,OUI,OUI,OUI,0,même sous-catégorie + même régime alcool + écart de prix ≤ 40 %
PROD-0121,Chili con carne de porc 400 grs,PROD-0114,Sauté de porc forestier 400grs,PRIX_EQUIVALENT,0.0,5.42,5.42,OUI,OUI,OUI,OUI,0,même sous-catégorie + même régime alcool + écart de prix ≤ 40 %
PROD-0121,Chili con carne de porc 400 grs,PROD-0116,Blanquette de veau 400 grs,PRIX_EQUIVALENT,0.0,5.42,5.42,OUI,OUI,OUI,OUI,0,même sous-catégorie + même régime alcool + écart de prix ≤ 40 %
PROD-0121,Chili con carne de porc 400 grs,PROD-0117,Veau aux chaloignons des bois 400grs,PRIX_EQUIVALENT,0.0,5.42,5.42,OUI,OUI,OUI,OUI,0,même sous-catégorie + même régime alcool + écart de prix ≤ 40 %
PROD-0121,Chili con carne de porc 400 grs,PROD-0119,Poulet valée d'Auge 400 grs,PRIX_EQUIVALENT,0.0,5.42,5.42,OUI,OUI,OUI,OUI,0,même sous-catégorie + même régime alcool + écart de prix ≤ 40 %
PROD-0121,Chili con carne de porc 400 grs,PROD-0120,Sauté de porc au caramel de porc 400 grs,PRIX_EQUIVALENT,0.0,5.42,5.42,OUI,OUI,OUI,OUI,0,même sous-catégorie + même régime alcool + écart de prix ≤ 40 %
PROD-0122,Paupiettes de porc forestières 400 grs,PROD-0114,Sauté de porc forestier 400grs,PRIX_EQUIVALENT,0.0,5.42,5.42,OUI,OUI,OUI,OUI,0,même sous-catégorie + même régime alcool + écart de prix ≤ 40 %
PROD-0122,Paupiettes de porc forestières 400 grs,PROD-0116,Blanquette de veau 400 grs,PRIX_EQUIVALENT,0.0,5.42,5.42,OUI,OUI,OUI,OUI,0,même sous-catégorie + même régime alcool + écart de prix ≤ 40 %
PROD-0122,Paupiettes de porc forestières 400 grs,PROD-0117,Veau aux chaloignons des bois 400grs,PRIX_EQUIVALENT,0.0,5.42,5.42,OUI,OUI,OUI,OUI,0,même sous-catégorie + même régime alcool + écart de prix ≤ 40 %
PROD-0122,Paupiettes de porc forestières 400 grs,PROD-0119,Poulet valée d'Auge 400 grs,PRIX_EQUIVALENT,0.0,5.42,5.42,OUI,OUI,OUI,OUI,0,même sous-catégorie + même régime alcool + écart de prix ≤ 40 %
PROD-0122,Paupiettes de porc forestières 400 grs,PROD-0120,Sauté de porc au caramel de porc 400 grs,PRIX_EQUIVALENT,0.0,5.42,5.42,OUI,OUI,OUI,OUI,0,même sous-catégorie + même régime alcool + écart de prix ≤ 40 %
PROD-0123,Blanquette de la mer au petits légumes 400 grs,PROD-0114,Sauté de porc forestier 400grs,PRIX_EQUIVALENT,0.0,5.42,5.42,OUI,OUI,OUI,OUI,0,même sous-catégorie + même régime alcool + écart de prix ≤ 40 %
PROD-0123,Blanquette de la mer au petits légumes 400 grs,PROD-0116,Blanquette de veau 400 grs,PRIX_EQUIVALENT,0.0,5.42,5.42,OUI,OUI,OUI,OUI,0,même sous-catégorie + même régime alcool + écart de prix ≤ 40 %
PROD-0123,Blanquette de la mer au petits légumes 400 grs,PROD-0117,Veau aux chaloignons des bois 400grs,PRIX_EQUIVALENT,0.0,5.42,5.42,OUI,OUI,OUI,OUI,0,même sous-catégorie + même régime alcool + écart de prix ≤ 40 %
PROD-0123,Blanquette de la mer au petits légumes 400 grs,PROD-0119,Poulet valée d'Auge 400 grs,PRIX_EQUIVALENT,0.0,5.42,5.42,OUI,OUI,OUI,OUI,0,même sous-catégorie + même régime alcool + écart de prix ≤ 40 %
PROD-0123,Blanquette de la mer au petits légumes 400 grs,PROD-0120,Sauté de porc au caramel de porc 400 grs,PRIX_EQUIVALENT,0.0,5.42,5.42,OUI,OUI,OUI,OUI,0,même sous-catégorie + même régime alcool + écart de prix ≤ 40 %
PROD-0124,Soupe de poisson 1 litre,PROD-0172,Soupe de saumon fumé  480 ml,PRIX_SUPERIEUR,2.9,3.4,3.5,OUI,OUI,NON,OUI,0,même sous-catégorie + même régime alcool + écart de prix ≤ 40 %
PROD-0124,Soupe de poisson 1 litre,PROD-0173,Soupe de truite fumée 480 ml,PRIX_SUPERIEUR,2.9,3.4,3.5,OUI,OUI,NON,OUI,0,même sous-catégorie + même régime alcool + écart de prix ≤ 40 %
PROD-0124,Soupe de poisson 1 litre,PROD-0174,Velouté de saumon 480 ml,PRIX_SUPERIEUR,2.9,3.4,3.5,OUI,OUI,NON,OUI,0,même sous-catégorie + même régime alcool + écart de prix ≤ 40 %
PROD-0124,Soupe de poisson 1 litre,PROD-0175,Velouté de truite 480 ml,PRIX_SUPERIEUR,2.9,3.4,3.5,OUI,OUI,NON,OUI,0,même sous-catégorie + même régime alcool + écart de prix ≤ 40 %
PROD-0124,Soupe de poisson 1 litre,PROD-0176,Soupe de poisson 480 ml,PRIX_SUPERIEUR,2.9,3.4,3.5,OUI,OUI,NON,OUI,0,même sous-catégorie + même régime alcool + écart de prix ≤ 40 %
PROD-0125,Soupe de poisson 50 cl,PROD-0129,Soupe d'étrilles 50 cl,PRIX_SUPERIEUR,12.7,2.05,2.31,OUI,OUI,OUI,OUI,0,même sous-catégorie + même régime alcool + écart de prix ≤ 40 %
PROD-0125,Soupe de poisson 50 cl,PROD-0131,Soupe de langoustines 50 cl,PRIX_SUPERIEUR,12.7,2.05,2.31,OUI,OUI,OUI,OUI,0,même sous-catégorie + même régime alcool + écart de prix ≤ 40 %
PROD-0125,Soupe de poisson 50 cl,PROD-0221,Rouille 85 grs,PRIX_SUPERIEUR,36.6,2.05,2.8,OUI,OUI,NON,OUI,1,même sous-catégorie + même régime alcool + écart de prix ≤ 40 %
PROD-0126,Velouté de homard 1 litre,PROD-0157,Bisque de homard 480 ml,PRIX_EQUIVALENT,-0.8,5.95,5.9,OUI,OUI,NON,OUI,0,même sous-catégorie + même régime alcool + écart de prix ≤ 40 %
PROD-0126,Velouté de homard 1 litre,PROD-0158,Bisque de langoustines 480 ml,PRIX_EQUIVALENT,-0.8,5.95,5.9,OUI,OUI,NON,OUI,0,même sous-catégorie + même régime alcool + écart de prix ≤ 40 %
PROD-0126,Velouté de homard 1 litre,PROD-0161,Bisque d'étrille 480 ml,PRIX_INFERIEUR,-17.6,5.95,4.9,OUI,OUI,NON,OUI,-1,même sous-catégorie + même régime alcool + écart de prix ≤ 40 %
PROD-0126,Velouté de homard 1 litre,PROD-0162,Choucroute de la mer 320 grs,PRIX_INFERIEUR,-29.4,5.95,4.2,OUI,OUI,NON,OUI,-1,même sous-catégorie + même régime alcool + écart de prix ≤ 40 %
PROD-0126,Velouté de homard 1 litre,PROD-0167,Soupe de saumon fumé 740 ml,PRIX_INFERIEUR,-29.4,5.95,4.2,OUI,OUI,NON,OUI,-1,même sous-catégorie + même régime alcool + écart de prix ≤ 40 %
PROD-0127,Velouté de homard 50 cl,PROD-0172,Soupe de saumon fumé  480 ml,PRIX_INFERIEUR,-4.9,3.68,3.5,OUI,OUI,NON,OUI,0,même sous-catégorie + même régime alcool + écart de prix ≤ 40 %
PROD-0127,Velouté de homard 50 cl,PROD-0173,Soupe de truite fumée 480 ml,PRIX_INFERIEUR,-4.9,3.68,3.5,OUI,OUI,NON,OUI,0,même sous-catégorie + même régime alcool + écart de prix ≤ 40 %
PROD-0127,Velouté de homard 50 cl,PROD-0174,Velouté de saumon 480 ml,PRIX_INFERIEUR,-4.9,3.68,3.5,OUI,OUI,NON,OUI,0,même sous-catégorie + même régime alcool + écart de prix ≤ 40 %
PROD-0127,Velouté de homard 50 cl,PROD-0175,Velouté de truite 480 ml,PRIX_INFERIEUR,-4.9,3.68,3.5,OUI,OUI,NON,OUI,0,même sous-catégorie + même régime alcool + écart de prix ≤ 40 %
PROD-0127,Velouté de homard 50 cl,PROD-0176,Soupe de poisson 480 ml,PRIX_INFERIEUR,-4.9,3.68,3.5,OUI,OUI,NON,OUI,0,même sous-catégorie + même régime alcool + écart de prix ≤ 40 %
PROD-0128,Soupe d'étrilles 1 litre,PROD-0130,Soupe de langoustines 1 litre,PRIX_EQUIVALENT,0.0,4.05,4.05,OUI,OUI,OUI,OUI,0,même sous-catégorie + même régime alcool + écart de prix ≤ 40 %
PROD-0128,Soupe d'étrilles 1 litre,PROD-0162,Choucroute de la mer 320 grs,PRIX_SUPERIEUR,3.7,4.05,4.2,OUI,OUI,NON,OUI,0,même sous-catégorie + même régime alcool + écart de prix ≤ 40 %
PROD-0128,Soupe d'étrilles 1 litre,PROD-0167,Soupe de saumon fumé 740 ml,PRIX_SUPERIEUR,3.7,4.05,4.2,OUI,OUI,NON,OUI,0,même sous-catégorie + même régime alcool + écart de prix ≤ 40 %
PROD-0128,Soupe d'étrilles 1 litre,PROD-0168,Soupe de truite fumée 740 ml,PRIX_SUPERIEUR,3.7,4.05,4.2,OUI,OUI,NON,OUI,0,même sous-catégorie + même régime alcool + écart de prix ≤ 40 %
PROD-0128,Soupe d'étrilles 1 litre,PROD-0169,Velouté de saumon 740 ml,PRIX_SUPERIEUR,3.7,4.05,4.2,OUI,OUI,NON,OUI,0,même sous-catégorie + même régime alcool + écart de prix ≤ 40 %
PROD-0129,Soupe d'étrilles 50 cl,PROD-0131,Soupe de langoustines 50 cl,PRIX_EQUIVALENT,0.0,2.31,2.31,OUI,OUI,OUI,OUI,0,même sous-catégorie + même régime alcool + écart de prix ≤ 40 %
PROD-0129,Soupe d'étrilles 50 cl,PROD-0125,Soupe de poisson 50 cl,PRIX_INFERIEUR,-11.3,2.31,2.05,OUI,OUI,OUI,OUI,0,même sous-catégorie + même régime alcool + écart de prix ≤ 40 %
PROD-0129,Soupe d'étrilles 50 cl,PROD-0221,Rouille 85 grs,PRIX_SUPERIEUR,21.2,2.31,2.8,OUI,OUI,NON,OUI,1,même sous-catégorie + même régime alcool + écart de prix ≤ 40 %
PROD-0130,Soupe de langoustines 1 litre,PROD-0128,Soupe d'étrilles 1 litre,PRIX_EQUIVALENT,0.0,4.05,4.05,OUI,OUI,OUI,OUI,0,même sous-catégorie + même régime alcool + écart de prix ≤ 40 %
PROD-0130,Soupe de langoustines 1 litre,PROD-0162,Choucroute de la mer 320 grs,PRIX_SUPERIEUR,3.7,4.05,4.2,OUI,OUI,NON,OUI,0,même sous-catégorie + même régime alcool + écart de prix ≤ 40 %
PROD-0130,Soupe de langoustines 1 litre,PROD-0167,Soupe de saumon fumé 740 ml,PRIX_SUPERIEUR,3.7,4.05,4.2,OUI,OUI,NON,OUI,0,même sous-catégorie + même régime alcool + écart de prix ≤ 40 %
PROD-0130,Soupe de langoustines 1 litre,PROD-0168,Soupe de truite fumée 740 ml,PRIX_SUPERIEUR,3.7,4.05,4.2,OUI,OUI,NON,OUI,0,même sous-catégorie + même régime alcool + écart de prix ≤ 40 %
PROD-0130,Soupe de langoustines 1 litre,PROD-0169,Velouté de saumon 740 ml,PRIX_SUPERIEUR,3.7,4.05,4.2,OUI,OUI,NON,OUI,0,même sous-catégorie + même régime alcool + écart de prix ≤ 40 %
PROD-0131,Soupe de langoustines 50 cl,PROD-0129,Soupe d'étrilles 50 cl,PRIX_EQUIVALENT,0.0,2.31,2.31,OUI,OUI,OUI,OUI,0,même sous-catégorie + même régime alcool + écart de prix ≤ 40 %
PROD-0131,Soupe de langoustines 50 cl,PROD-0125,Soupe de poisson 50 cl,PRIX_INFERIEUR,-11.3,2.31,2.05,OUI,OUI,OUI,OUI,0,même sous-catégorie + même régime alcool + écart de prix ≤ 40 %
PROD-0131,Soupe de langoustines 50 cl,PROD-0221,Rouille 85 grs,PRIX_SUPERIEUR,21.2,2.31,2.8,OUI,OUI,NON,OUI,1,même sous-catégorie + même régime alcool + écart de prix ≤ 40 %
PROD-0132,Thon ail et fines herbes 90 g,PROD-0133,Deux saumon et basilic 90 g  NOUVEAU,PRIX_EQUIVALENT,0.0,3.25,3.25,OUI,OUI,OUI,OUI,0,même sous-catégorie + même régime alcool + écart de prix ≤ 40 %
PROD-0132,Thon ail et fines herbes 90 g,PROD-0134,St jacques éclats de porc fumés 90 grs,PRIX_EQUIVALENT,0.0,3.25,3.25,OUI,OUI,OUI,OUI,0,même sous-catégorie + même régime alcool + écart de prix ≤ 40 %
PROD-0132,Thon ail et fines herbes 90 g,PROD-0135,St jacques algues 90 grs,PRIX_EQUIVALENT,0.0,3.25,3.25,OUI,OUI,OUI,OUI,0,même sous-catégorie + même régime alcool + écart de prix ≤ 40 %
PROD-0132,Thon ail et fines herbes 90 g,PROD-0136,St jacques chorizo 90 grs,PRIX_EQUIVALENT,0.0,3.25,3.25,OUI,OUI,OUI,OUI,0,même sous-catégorie + même régime alcool + écart de prix ≤ 40 %
PROD-0132,Thon ail et fines herbes 90 g,PROD-0137,Sardine piment d'Espelette 90 grs,PRIX_EQUIVALENT,0.0,3.25,3.25,OUI,OUI,OUI,OUI,0,même sous-catégorie + même régime alcool + écart de prix ≤ 40 %
PROD-0133,Deux saumon et basilic 90 g  NOUVEAU,PROD-0132,Thon ail et fines herbes 90 g,PRIX_EQUIVALENT,0.0,3.25,3.25,OUI,OUI,OUI,OUI,0,même sous-catégorie + même régime alcool + écart de prix ≤ 40 %
PROD-0133,Deux saumon et basilic 90 g  NOUVEAU,PROD-0134,St jacques éclats de porc fumés 90 grs,PRIX_EQUIVALENT,0.0,3.25,3.25,OUI,OUI,OUI,OUI,0,même sous-catégorie + même régime alcool + écart de prix ≤ 40 %
PROD-0133,Deux saumon et basilic 90 g  NOUVEAU,PROD-0135,St jacques algues 90 grs,PRIX_EQUIVALENT,0.0,3.25,3.25,OUI,OUI,OUI,OUI,0,même sous-catégorie + même régime alcool + écart de prix ≤ 40 %
PROD-0133,Deux saumon et basilic 90 g  NOUVEAU,PROD-0136,St jacques chorizo 90 grs,PRIX_EQUIVALENT,0.0,3.25,3.25,OUI,OUI,OUI,OUI,0,même sous-catégorie + même régime alcool + écart de prix ≤ 40 %
PROD-0133,Deux saumon et basilic 90 g  NOUVEAU,PROD-0137,Sardine piment d'Espelette 90 grs,PRIX_EQUIVALENT,0.0,3.25,3.25,OUI,OUI,OUI,OUI,0,même sous-catégorie + même régime alcool + écart de prix ≤ 40 %
PROD-0134,St jacques éclats de porc fumés 90 grs,PROD-0132,Thon ail et fines herbes 90 g,PRIX_EQUIVALENT,0.0,3.25,3.25,OUI,OUI,OUI,OUI,0,même sous-catégorie + même régime alcool + écart de prix ≤ 40 %
PROD-0134,St jacques éclats de porc fumés 90 grs,PROD-0133,Deux saumon et basilic 90 g  NOUVEAU,PRIX_EQUIVALENT,0.0,3.25,3.25,OUI,OUI,OUI,OUI,0,même sous-catégorie + même régime alcool + écart de prix ≤ 40 %
PROD-0134,St jacques éclats de porc fumés 90 grs,PROD-0135,St jacques algues 90 grs,PRIX_EQUIVALENT,0.0,3.25,3.25,OUI,OUI,OUI,OUI,0,même sous-catégorie + même régime alcool + écart de prix ≤ 40 %
PROD-0134,St jacques éclats de porc fumés 90 grs,PROD-0136,St jacques chorizo 90 grs,PRIX_EQUIVALENT,0.0,3.25,3.25,OUI,OUI,OUI,OUI,0,même sous-catégorie + même régime alcool + écart de prix ≤ 40 %
PROD-0134,St jacques éclats de porc fumés 90 grs,PROD-0137,Sardine piment d'Espelette 90 grs,PRIX_EQUIVALENT,0.0,3.25,3.25,OUI,OUI,OUI,OUI,0,même sous-catégorie + même régime alcool + écart de prix ≤ 40 %
PROD-0135,St jacques algues 90 grs,PROD-0132,Thon ail et fines herbes 90 g,PRIX_EQUIVALENT,0.0,3.25,3.25,OUI,OUI,OUI,OUI,0,même sous-catégorie + même régime alcool + écart de prix ≤ 40 %
PROD-0135,St jacques algues 90 grs,PROD-0133,Deux saumon et basilic 90 g  NOUVEAU,PRIX_EQUIVALENT,0.0,3.25,3.25,OUI,OUI,OUI,OUI,0,même sous-catégorie + même régime alcool + écart de prix ≤ 40 %
PROD-0135,St jacques algues 90 grs,PROD-0134,St jacques éclats de porc fumés 90 grs,PRIX_EQUIVALENT,0.0,3.25,3.25,OUI,OUI,OUI,OUI,0,même sous-catégorie + même régime alcool + écart de prix ≤ 40 %
PROD-0135,St jacques algues 90 grs,PROD-0136,St jacques chorizo 90 grs,PRIX_EQUIVALENT,0.0,3.25,3.25,OUI,OUI,OUI,OUI,0,même sous-catégorie + même régime alcool + écart de prix ≤ 40 %
PROD-0135,St jacques algues 90 grs,PROD-0137,Sardine piment d'Espelette 90 grs,PRIX_EQUIVALENT,0.0,3.25,3.25,OUI,OUI,OUI,OUI,0,même sous-catégorie + même régime alcool + écart de prix ≤ 40 %
PROD-0136,St jacques chorizo 90 grs,PROD-0132,Thon ail et fines herbes 90 g,PRIX_EQUIVALENT,0.0,3.25,3.25,OUI,OUI,OUI,OUI,0,même sous-catégorie + même régime alcool + écart de prix ≤ 40 %
PROD-0136,St jacques chorizo 90 grs,PROD-0133,Deux saumon et basilic 90 g  NOUVEAU,PRIX_EQUIVALENT,0.0,3.25,3.25,OUI,OUI,OUI,OUI,0,même sous-catégorie + même régime alcool + écart de prix ≤ 40 %
PROD-0136,St jacques chorizo 90 grs,PROD-0134,St jacques éclats de porc fumés 90 grs,PRIX_EQUIVALENT,0.0,3.25,3.25,OUI,OUI,OUI,OUI,0,même sous-catégorie + même régime alcool + écart de prix ≤ 40 %
PROD-0136,St jacques chorizo 90 grs,PROD-0135,St jacques algues 90 grs,PRIX_EQUIVALENT,0.0,3.25,3.25,OUI,OUI,OUI,OUI,0,même sous-catégorie + même régime alcool + écart de prix ≤ 40 %
PROD-0136,St jacques chorizo 90 grs,PROD-0137,Sardine piment d'Espelette 90 grs,PRIX_EQUIVALENT,0.0,3.25,3.25,OUI,OUI,OUI,OUI,0,même sous-catégorie + même régime alcool + écart de prix ≤ 40 %
PROD-0137,Sardine piment d'Espelette 90 grs,PROD-0132,Thon ail et fines herbes 90 g,PRIX_EQUIVALENT,0.0,3.25,3.25,OUI,OUI,OUI,OUI,0,même sous-catégorie + même régime alcool + écart de prix ≤ 40 %
PROD-0137,Sardine piment d'Espelette 90 grs,PROD-0133,Deux saumon et basilic 90 g  NOUVEAU,PRIX_EQUIVALENT,0.0,3.25,3.25,OUI,OUI,OUI,OUI,0,même sous-catégorie + même régime alcool + écart de prix ≤ 40 %
PROD-0137,Sardine piment d'Espelette 90 grs,PROD-0134,St jacques éclats de porc fumés 90 grs,PRIX_EQUIVALENT,0.0,3.25,3.25,OUI,OUI,OUI,OUI,0,même sous-catégorie + même régime alcool + écart de prix ≤ 40 %
PROD-0137,Sardine piment d'Espelette 90 grs,PROD-0135,St jacques algues 90 grs,PRIX_EQUIVALENT,0.0,3.25,3.25,OUI,OUI,OUI,OUI,0,même sous-catégorie + même régime alcool + écart de prix ≤ 40 %
PROD-0137,Sardine piment d'Espelette 90 grs,PROD-0136,St jacques chorizo 90 grs,PRIX_EQUIVALENT,0.0,3.25,3.25,OUI,OUI,OUI,OUI,0,même sous-catégorie + même régime alcool + écart de prix ≤ 40 %
PROD-0138,Rouget poireau 90 grs,PROD-0132,Thon ail et fines herbes 90 g,PRIX_EQUIVALENT,0.0,3.25,3.25,OUI,OUI,OUI,OUI,0,même sous-catégorie + même régime alcool + écart de prix ≤ 40 %
PROD-0138,Rouget poireau 90 grs,PROD-0133,Deux saumon et basilic 90 g  NOUVEAU,PRIX_EQUIVALENT,0.0,3.25,3.25,OUI,OUI,OUI,OUI,0,même sous-catégorie + même régime alcool + écart de prix ≤ 40 %
PROD-0138,Rouget poireau 90 grs,PROD-0134,St jacques éclats de porc fumés 90 grs,PRIX_EQUIVALENT,0.0,3.25,3.25,OUI,OUI,OUI,OUI,0,même sous-catégorie + même régime alcool + écart de prix ≤ 40 %
PROD-0138,Rouget poireau 90 grs,PROD-0135,St jacques algues 90 grs,PRIX_EQUIVALENT,0.0,3.25,3.25,OUI,OUI,OUI,OUI,0,même sous-catégorie + même régime alcool + écart de prix ≤ 40 %
PROD-0138,Rouget poireau 90 grs,PROD-0136,St jacques chorizo 90 grs,PRIX_EQUIVALENT,0.0,3.25,3.25,OUI,OUI,OUI,OUI,0,même sous-catégorie + même régime alcool + écart de prix ≤ 40 %
PROD-0139,Maquereaux en rillettes 90 grs,PROD-0132,Thon ail et fines herbes 90 g,PRIX_EQUIVALENT,0.0,3.25,3.25,OUI,OUI,OUI,OUI,0,même sous-catégorie + même régime alcool + écart de prix ≤ 40 %
PROD-0139,Maquereaux en rillettes 90 grs,PROD-0133,Deux saumon et basilic 90 g  NOUVEAU,PRIX_EQUIVALENT,0.0,3.25,3.25,OUI,OUI,OUI,OUI,0,même sous-catégorie + même régime alcool + écart de prix ≤ 40 %
PROD-0139,Maquereaux en rillettes 90 grs,PROD-0134,St jacques éclats de porc fumés 90 grs,PRIX_EQUIVALENT,0.0,3.25,3.25,OUI,OUI,OUI,OUI,0,même sous-catégorie + même régime alcool + écart de prix ≤ 40 %
PROD-0139,Maquereaux en rillettes 90 grs,PROD-0135,St jacques algues 90 grs,PRIX_EQUIVALENT,0.0,3.25,3.25,OUI,OUI,OUI,OUI,0,même sous-catégorie + même régime alcool + écart de prix ≤ 40 %
PROD-0139,Maquereaux en rillettes 90 grs,PROD-0136,St jacques chorizo 90 grs,PRIX_EQUIVALENT,0.0,3.25,3.25,OUI,OUI,OUI,OUI,0,même sous-catégorie + même régime alcool + écart de prix ≤ 40 %
PROD-0140,Crevette mangue 90 grs,PROD-0132,Thon ail et fines herbes 90 g,PRIX_EQUIVALENT,0.0,3.25,3.25,OUI,OUI,OUI,OUI,0,même sous-catégorie + même régime alcool + écart de prix ≤ 40 %
PROD-0140,Crevette mangue 90 grs,PROD-0133,Deux saumon et basilic 90 g  NOUVEAU,PRIX_EQUIVALENT,0.0,3.25,3.25,OUI,OUI,OUI,OUI,0,même sous-catégorie + même régime alcool + écart de prix ≤ 40 %
PROD-0140,Crevette mangue 90 grs,PROD-0134,St jacques éclats de porc fumés 90 grs,PRIX_EQUIVALENT,0.0,3.25,3.25,OUI,OUI,OUI,OUI,0,même sous-catégorie + même régime alcool + écart de prix ≤ 40 %
PROD-0140,Crevette mangue 90 grs,PROD-0135,St jacques algues 90 grs,PRIX_EQUIVALENT,0.0,3.25,3.25,OUI,OUI,OUI,OUI,0,même sous-catégorie + même régime alcool + écart de prix ≤ 40 %
PROD-0140,Crevette mangue 90 grs,PROD-0136,St jacques chorizo 90 grs,PRIX_EQUIVALENT,0.0,3.25,3.25,OUI,OUI,OUI,OUI,0,même sous-catégorie + même régime alcool + écart de prix ≤ 40 %
PROD-0141,Cabillaud fumé 90 grs,PROD-0132,Thon ail et fines herbes 90 g,PRIX_EQUIVALENT,0.0,3.25,3.25,OUI,OUI,OUI,OUI,0,même sous-catégorie + même régime alcool + écart de prix ≤ 40 %
PROD-0141,Cabillaud fumé 90 grs,PROD-0133,Deux saumon et basilic 90 g  NOUVEAU,PRIX_EQUIVALENT,0.0,3.25,3.25,OUI,OUI,OUI,OUI,0,même sous-catégorie + même régime alcool + écart de prix ≤ 40 %
PROD-0141,Cabillaud fumé 90 grs,PROD-0134,St jacques éclats de porc fumés 90 grs,PRIX_EQUIVALENT,0.0,3.25,3.25,OUI,OUI,OUI,OUI,0,même sous-catégorie + même régime alcool + écart de prix ≤ 40 %
PROD-0141,Cabillaud fumé 90 grs,PROD-0135,St jacques algues 90 grs,PRIX_EQUIVALENT,0.0,3.25,3.25,OUI,OUI,OUI,OUI,0,même sous-catégorie + même régime alcool + écart de prix ≤ 40 %
PROD-0141,Cabillaud fumé 90 grs,PROD-0136,St jacques chorizo 90 grs,PRIX_EQUIVALENT,0.0,3.25,3.25,OUI,OUI,OUI,OUI,0,même sous-catégorie + même régime alcool + écart de prix ≤ 40 %
PROD-0142,Boudin gelée de pomme 90 grs,PROD-0145,Rillette au Chorizo 90 grs,PRIX_EQUIVALENT,0.0,3.16,3.16,OUI,OUI,OUI,OUI,0,même sous-catégorie + même régime alcool + écart de prix ≤ 40 %
PROD-0142,Boudin gelée de pomme 90 grs,PROD-0146,Camembert au chorizo 90 grs,PRIX_EQUIVALENT,0.0,3.16,3.16,OUI,OUI,OUI,OUI,0,même sous-catégorie + même régime alcool + écart de prix ≤ 40 %
PROD-0142,Boudin gelée de pomme 90 grs,PROD-0147,Brie de Meaux cernaux de noix 90 grs,PRIX_EQUIVALENT,0.0,3.16,3.16,OUI,OUI,OUI,OUI,0,même sous-catégorie + même régime alcool + écart de prix ≤ 40 %
PROD-0142,Boudin gelée de pomme 90 grs,PROD-0149,Pont l'évêque échalote 90 grs,PRIX_EQUIVALENT,0.0,3.16,3.16,OUI,OUI,OUI,OUI,0,même sous-catégorie + même régime alcool + écart de prix ≤ 40 %
PROD-0142,Boudin gelée de pomme 90 grs,PROD-0150,Chèvre confit de figue 90 grs,PRIX_EQUIVALENT,0.0,3.16,3.16,OUI,OUI,OUI,OUI,0,même sous-catégorie + même régime alcool + écart de prix ≤ 40 %
PROD-0143,Poulet caramel beurre salé 90 grs,PROD-0537,BOÎTE CUBE BEURRE SALÉ,PRIX_SUPERIEUR,7.6,3.16,3.4,OUI,OUI,NON,OUI,0,même sous-catégorie + même régime alcool + écart de prix ≤ 40 %
PROD-0143,Poulet caramel beurre salé 90 grs,PROD-0538,BOÎTE CUBE FONDANTS BEURRE SALÉ,PRIX_SUPERIEUR,7.6,3.16,3.4,OUI,OUI,NON,OUI,0,même sous-catégorie + même régime alcool + écart de prix ≤ 40 %
PROD-0143,Poulet caramel beurre salé 90 grs,PROD-0539,BOÎTE CUBE ASSORTIMENT TRADITION,PRIX_SUPERIEUR,7.6,3.16,3.4,OUI,OUI,NON,OUI,0,même sous-catégorie + même régime alcool + écart de prix ≤ 40 %
PROD-0143,Poulet caramel beurre salé 90 grs,PROD-0540,BOÎTE CUBE ASSORTIMENT NORMANDIE,PRIX_SUPERIEUR,7.6,3.16,3.4,OUI,OUI,NON,NON,0,même sous-catégorie + même régime alcool + écart de prix ≤ 40 %
PROD-0143,Poulet caramel beurre salé 90 grs,PROD-0504,BOÎTE BOIS RONDE BEURRE SALÉ,PRIX_INFERIEUR,-9.8,3.16,2.85,OUI,OUI,NON,OUI,0,même sous-catégorie + même régime alcool + écart de prix ≤ 40 %
PROD-0144,Andouille pommeau 90 grs,PROD-0148,Livarot Calvados 90 grs,PRIX_EQUIVALENT,0.0,3.16,3.16,OUI,OUI,OUI,OUI,0,même sous-catégorie + même régime alcool + écart de prix ≤ 40 %
PROD-0144,Andouille pommeau 90 grs,PROD-0075,Terrine de faisan au Calvados 90 grs,PRIX_INFERIEUR,-17.7,3.16,2.6,OUI,OUI,NON,OUI,0,même sous-catégorie + même régime alcool + écart de prix ≤ 40 %
PROD-0144,Andouille pommeau 90 grs,PROD-0076,Terrine de lièvre au Calvados 90 grs,PRIX_INFERIEUR,-17.7,3.16,2.6,OUI,OUI,NON,OUI,0,même sous-catégorie + même régime alcool + écart de prix ≤ 40 %
PROD-0144,Andouille pommeau 90 grs,PROD-0078,Terrine de lapin au pommeau 90 grs,PRIX_INFERIEUR,-17.7,3.16,2.6,OUI,OUI,NON,OUI,0,même sous-catégorie + même régime alcool + écart de prix ≤ 40 %
PROD-0144,Andouille pommeau 90 grs,PROD-0081,Terrine de campagne au cidre 90 grs,PRIX_INFERIEUR,-17.7,3.16,2.6,OUI,OUI,NON,OUI,0,même sous-catégorie + même régime alcool + écart de prix ≤ 40 %
PROD-0145,Rillette au Chorizo 90 grs,PROD-0142,Boudin gelée de pomme 90 grs,PRIX_EQUIVALENT,0.0,3.16,3.16,OUI,OUI,OUI,OUI,0,même sous-catégorie + même régime alcool + écart de prix ≤ 40 %
PROD-0145,Rillette au Chorizo 90 grs,PROD-0146,Camembert au chorizo 90 grs,PRIX_EQUIVALENT,0.0,3.16,3.16,OUI,OUI,OUI,OUI,0,même sous-catégorie + même régime alcool + écart de prix ≤ 40 %
PROD-0145,Rillette au Chorizo 90 grs,PROD-0147,Brie de Meaux cernaux de noix 90 grs,PRIX_EQUIVALENT,0.0,3.16,3.16,OUI,OUI,OUI,OUI,0,même sous-catégorie + même régime alcool + écart de prix ≤ 40 %
PROD-0145,Rillette au Chorizo 90 grs,PROD-0149,Pont l'évêque échalote 90 grs,PRIX_EQUIVALENT,0.0,3.16,3.16,OUI,OUI,OUI,OUI,0,même sous-catégorie + même régime alcool + écart de prix ≤ 40 %
PROD-0145,Rillette au Chorizo 90 grs,PROD-0150,Chèvre confit de figue 90 grs,PRIX_EQUIVALENT,0.0,3.16,3.16,OUI,OUI,OUI,OUI,0,même sous-catégorie + même régime alcool + écart de prix ≤ 40 %
PROD-0146,Camembert au chorizo 90 grs,PROD-0142,Boudin gelée de pomme 90 grs,PRIX_EQUIVALENT,0.0,3.16,3.16,OUI,OUI,OUI,OUI,0,même sous-catégorie + même régime alcool + écart de prix ≤ 40 %
PROD-0146,Camembert au chorizo 90 grs,PROD-0145,Rillette au Chorizo 90 grs,PRIX_EQUIVALENT,0.0,3.16,3.16,OUI,OUI,OUI,OUI,0,même sous-catégorie + même régime alcool + écart de prix ≤ 40 %
PROD-0146,Camembert au chorizo 90 grs,PROD-0147,Brie de Meaux cernaux de noix 90 grs,PRIX_EQUIVALENT,0.0,3.16,3.16,OUI,OUI,OUI,OUI,0,même sous-catégorie + même régime alcool + écart de prix ≤ 40 %
PROD-0146,Camembert au chorizo 90 grs,PROD-0149,Pont l'évêque échalote 90 grs,PRIX_EQUIVALENT,0.0,3.16,3.16,OUI,OUI,OUI,OUI,0,même sous-catégorie + même régime alcool + écart de prix ≤ 40 %
PROD-0146,Camembert au chorizo 90 grs,PROD-0150,Chèvre confit de figue 90 grs,PRIX_EQUIVALENT,0.0,3.16,3.16,OUI,OUI,OUI,OUI,0,même sous-catégorie + même régime alcool + écart de prix ≤ 40 %
PROD-0147,Brie de Meaux cernaux de noix 90 grs,PROD-0142,Boudin gelée de pomme 90 grs,PRIX_EQUIVALENT,0.0,3.16,3.16,OUI,OUI,OUI,OUI,0,même sous-catégorie + même régime alcool + écart de prix ≤ 40 %
PROD-0147,Brie de Meaux cernaux de noix 90 grs,PROD-0145,Rillette au Chorizo 90 grs,PRIX_EQUIVALENT,0.0,3.16,3.16,OUI,OUI,OUI,OUI,0,même sous-catégorie + même régime alcool + écart de prix ≤ 40 %
PROD-0147,Brie de Meaux cernaux de noix 90 grs,PROD-0146,Camembert au chorizo 90 grs,PRIX_EQUIVALENT,0.0,3.16,3.16,OUI,OUI,OUI,OUI,0,même sous-catégorie + même régime alcool + écart de prix ≤ 40 %
PROD-0147,Brie de Meaux cernaux de noix 90 grs,PROD-0149,Pont l'évêque échalote 90 grs,PRIX_EQUIVALENT,0.0,3.16,3.16,OUI,OUI,OUI,OUI,0,même sous-catégorie + même régime alcool + écart de prix ≤ 40 %
PROD-0147,Brie de Meaux cernaux de noix 90 grs,PROD-0150,Chèvre confit de figue 90 grs,PRIX_EQUIVALENT,0.0,3.16,3.16,OUI,OUI,OUI,OUI,0,même sous-catégorie + même régime alcool + écart de prix ≤ 40 %
PROD-0148,Livarot Calvados 90 grs,PROD-0144,Andouille pommeau 90 grs,PRIX_EQUIVALENT,0.0,3.16,3.16,OUI,OUI,OUI,OUI,0,même sous-catégorie + même régime alcool + écart de prix ≤ 40 %
PROD-0148,Livarot Calvados 90 grs,PROD-0075,Terrine de faisan au Calvados 90 grs,PRIX_INFERIEUR,-17.7,3.16,2.6,OUI,OUI,NON,OUI,0,même sous-catégorie + même régime alcool + écart de prix ≤ 40 %
PROD-0148,Livarot Calvados 90 grs,PROD-0076,Terrine de lièvre au Calvados 90 grs,PRIX_INFERIEUR,-17.7,3.16,2.6,OUI,OUI,NON,OUI,0,même sous-catégorie + même régime alcool + écart de prix ≤ 40 %
PROD-0148,Livarot Calvados 90 grs,PROD-0078,Terrine de lapin au pommeau 90 grs,PRIX_INFERIEUR,-17.7,3.16,2.6,OUI,OUI,NON,OUI,0,même sous-catégorie + même régime alcool + écart de prix ≤ 40 %
PROD-0148,Livarot Calvados 90 grs,PROD-0081,Terrine de campagne au cidre 90 grs,PRIX_INFERIEUR,-17.7,3.16,2.6,OUI,OUI,NON,OUI,0,même sous-catégorie + même régime alcool + écart de prix ≤ 40 %
PROD-0149,Pont l'évêque échalote 90 grs,PROD-0142,Boudin gelée de pomme 90 grs,PRIX_EQUIVALENT,0.0,3.16,3.16,OUI,OUI,OUI,OUI,0,même sous-catégorie + même régime alcool + écart de prix ≤ 40 %
PROD-0149,Pont l'évêque échalote 90 grs,PROD-0145,Rillette au Chorizo 90 grs,PRIX_EQUIVALENT,0.0,3.16,3.16,OUI,OUI,OUI,OUI,0,même sous-catégorie + même régime alcool + écart de prix ≤ 40 %
PROD-0149,Pont l'évêque échalote 90 grs,PROD-0146,Camembert au chorizo 90 grs,PRIX_EQUIVALENT,0.0,3.16,3.16,OUI,OUI,OUI,OUI,0,même sous-catégorie + même régime alcool + écart de prix ≤ 40 %
PROD-0149,Pont l'évêque échalote 90 grs,PROD-0147,Brie de Meaux cernaux de noix 90 grs,PRIX_EQUIVALENT,0.0,3.16,3.16,OUI,OUI,OUI,OUI,0,même sous-catégorie + même régime alcool + écart de prix ≤ 40 %
PROD-0149,Pont l'évêque échalote 90 grs,PROD-0150,Chèvre confit de figue 90 grs,PRIX_EQUIVALENT,0.0,3.16,3.16,OUI,OUI,OUI,OUI,0,même sous-catégorie + même régime alcool + écart de prix ≤ 40 %
PROD-0150,Chèvre confit de figue 90 grs,PROD-0142,Boudin gelée de pomme 90 grs,PRIX_EQUIVALENT,0.0,3.16,3.16,OUI,OUI,OUI,OUI,0,même sous-catégorie + même régime alcool + écart de prix ≤ 40 %
PROD-0150,Chèvre confit de figue 90 grs,PROD-0145,Rillette au Chorizo 90 grs,PRIX_EQUIVALENT,0.0,3.16,3.16,OUI,OUI,OUI,OUI,0,même sous-catégorie + même régime alcool + écart de prix ≤ 40 %
PROD-0150,Chèvre confit de figue 90 grs,PROD-0146,Camembert au chorizo 90 grs,PRIX_EQUIVALENT,0.0,3.16,3.16,OUI,OUI,OUI,OUI,0,même sous-catégorie + même régime alcool + écart de prix ≤ 40 %
PROD-0150,Chèvre confit de figue 90 grs,PROD-0147,Brie de Meaux cernaux de noix 90 grs,PRIX_EQUIVALENT,0.0,3.16,3.16,OUI,OUI,OUI,OUI,0,même sous-catégorie + même régime alcool + écart de prix ≤ 40 %
PROD-0150,Chèvre confit de figue 90 grs,PROD-0149,Pont l'évêque échalote 90 grs,PRIX_EQUIVALENT,0.0,3.16,3.16,OUI,OUI,OUI,OUI,0,même sous-catégorie + même régime alcool + écart de prix ≤ 40 %
PROD-0151,Bleu tomates confites 90 grs,PROD-0142,Boudin gelée de pomme 90 grs,PRIX_EQUIVALENT,0.0,3.16,3.16,OUI,OUI,OUI,OUI,0,même sous-catégorie + même régime alcool + écart de prix ≤ 40 %
PROD-0151,Bleu tomates confites 90 grs,PROD-0145,Rillette au Chorizo 90 grs,PRIX_EQUIVALENT,0.0,3.16,3.16,OUI,OUI,OUI,OUI,0,même sous-catégorie + même régime alcool + écart de prix ≤ 40 %
PROD-0151,Bleu tomates confites 90 grs,PROD-0146,Camembert au chorizo 90 grs,PRIX_EQUIVALENT,0.0,3.16,3.16,OUI,OUI,OUI,OUI,0,même sous-catégorie + même régime alcool + écart de prix ≤ 40 %
PROD-0151,Bleu tomates confites 90 grs,PROD-0147,Brie de Meaux cernaux de noix 90 grs,PRIX_EQUIVALENT,0.0,3.16,3.16,OUI,OUI,OUI,OUI,0,même sous-catégorie + même régime alcool + écart de prix ≤ 40 %
PROD-0151,Bleu tomates confites 90 grs,PROD-0149,Pont l'évêque échalote 90 grs,PRIX_EQUIVALENT,0.0,3.16,3.16,OUI,OUI,OUI,OUI,0,même sous-catégorie + même régime alcool + écart de prix ≤ 40 %
PROD-0152,Neufchâtel cramberries 90 grs,PROD-0142,Boudin gelée de pomme 90 grs,PRIX_EQUIVALENT,0.0,3.16,3.16,OUI,OUI,OUI,OUI,0,même sous-catégorie + même régime alcool + écart de prix ≤ 40 %
PROD-0152,Neufchâtel cramberries 90 grs,PROD-0145,Rillette au Chorizo 90 grs,PRIX_EQUIVALENT,0.0,3.16,3.16,OUI,OUI,OUI,OUI,0,même sous-catégorie + même régime alcool + écart de prix ≤ 40 %
PROD-0152,Neufchâtel cramberries 90 grs,PROD-0146,Camembert au chorizo 90 grs,PRIX_EQUIVALENT,0.0,3.16,3.16,OUI,OUI,OUI,OUI,0,même sous-catégorie + même régime alcool + écart de prix ≤ 40 %
PROD-0152,Neufchâtel cramberries 90 grs,PROD-0147,Brie de Meaux cernaux de noix 90 grs,PRIX_EQUIVALENT,0.0,3.16,3.16,OUI,OUI,OUI,OUI,0,même sous-catégorie + même régime alcool + écart de prix ≤ 40 %
PROD-0152,Neufchâtel cramberries 90 grs,PROD-0149,Pont l'évêque échalote 90 grs,PRIX_EQUIVALENT,0.0,3.16,3.16,OUI,OUI,OUI,OUI,0,même sous-catégorie + même régime alcool + écart de prix ≤ 40 %
PROD-0153,St jacques foie gras 90 grs,PROD-0155,Saumon  oseille 90 grs,PRIX_EQUIVALENT,0.0,4.0,4.0,OUI,OUI,OUI,OUI,0,même sous-catégorie + même régime alcool + écart de prix ≤ 40 %
PROD-0153,St jacques foie gras 90 grs,PROD-0156,Lotte jambon fumé 90 grs,PRIX_EQUIVALENT,0.0,4.0,4.0,OUI,OUI,OUI,OUI,0,même sous-catégorie + même régime alcool + écart de prix ≤ 40 %
PROD-0153,St jacques foie gras 90 grs,PROD-0165,Maquereaux marinés 320g curry,PRIX_SUPERIEUR,5.0,4.0,4.2,OUI,OUI,NON,OUI,0,même sous-catégorie + même régime alcool + écart de prix ≤ 40 %
PROD-0153,St jacques foie gras 90 grs,PROD-0166,Maquereaux marinés 320g tomate,PRIX_SUPERIEUR,5.0,4.0,4.2,OUI,OUI,NON,OUI,0,même sous-catégorie + même régime alcool + écart de prix ≤ 40 %
PROD-0153,St jacques foie gras 90 grs,PROD-0195,Rillettes de truite fumée au safran 90 g,PRIX_INFERIEUR,-5.0,4.0,3.8,OUI,OUI,NON,OUI,0,même sous-catégorie + même régime alcool + écart de prix ≤ 40 %
PROD-0154,Ris de veau cèpes 90 grs,PROD-0094,Pâté de foie aux pommes calva 180 grs,PRIX_EQUIVALENT,-0.5,4.0,3.98,OUI,OUI,NON,OUI,0,même sous-catégorie + même régime alcool + écart de prix ≤ 40 %
PROD-0154,Ris de veau cèpes 90 grs,PROD-0095,Terrine de campagne 180 grs,PRIX_EQUIVALENT,-0.5,4.0,3.98,OUI,OUI,NON,OUI,0,même sous-catégorie + même régime alcool + écart de prix ≤ 40 %
PROD-0154,Ris de veau cèpes 90 grs,PROD-0096,Rillettes de porc fumé 180 grs,PRIX_EQUIVALENT,-0.5,4.0,3.98,OUI,OUI,NON,OUI,0,même sous-catégorie + même régime alcool + écart de prix ≤ 40 %
PROD-0154,Ris de veau cèpes 90 grs,PROD-0097,Rillettes de porc à l'anciènne 180 grs,PRIX_EQUIVALENT,-0.5,4.0,3.98,OUI,OUI,NON,OUI,0,même sous-catégorie + même régime alcool + écart de prix ≤ 40 %
PROD-0154,Ris de veau cèpes 90 grs,PROD-0098,Rillettes du Cotentin 180 grs,PRIX_EQUIVALENT,-0.5,4.0,3.98,OUI,OUI,NON,NON,0,même sous-catégorie + même régime alcool + écart de prix ≤ 40 %
PROD-0155,Saumon  oseille 90 grs,PROD-0153,St jacques foie gras 90 grs,PRIX_EQUIVALENT,0.0,4.0,4.0,OUI,OUI,OUI,OUI,0,même sous-catégorie + même régime alcool + écart de prix ≤ 40 %
PROD-0155,Saumon  oseille 90 grs,PROD-0156,Lotte jambon fumé 90 grs,PRIX_EQUIVALENT,0.0,4.0,4.0,OUI,OUI,OUI,OUI,0,même sous-catégorie + même régime alcool + écart de prix ≤ 40 %
PROD-0155,Saumon  oseille 90 grs,PROD-0165,Maquereaux marinés 320g curry,PRIX_SUPERIEUR,5.0,4.0,4.2,OUI,OUI,NON,OUI,0,même sous-catégorie + même régime alcool + écart de prix ≤ 40 %
PROD-0155,Saumon  oseille 90 grs,PROD-0166,Maquereaux marinés 320g tomate,PRIX_SUPERIEUR,5.0,4.0,4.2,OUI,OUI,NON,OUI,0,même sous-catégorie + même régime alcool + écart de prix ≤ 40 %
PROD-0155,Saumon  oseille 90 grs,PROD-0195,Rillettes de truite fumée au safran 90 g,PRIX_INFERIEUR,-5.0,4.0,3.8,OUI,OUI,NON,OUI,0,même sous-catégorie + même régime alcool + écart de prix ≤ 40 %
PROD-0156,Lotte jambon fumé 90 grs,PROD-0153,St jacques foie gras 90 grs,PRIX_EQUIVALENT,0.0,4.0,4.0,OUI,OUI,OUI,OUI,0,même sous-catégorie + même régime alcool + écart de prix ≤ 40 %
PROD-0156,Lotte jambon fumé 90 grs,PROD-0155,Saumon  oseille 90 grs,PRIX_EQUIVALENT,0.0,4.0,4.0,OUI,OUI,OUI,OUI,0,même sous-catégorie + même régime alcool + écart de prix ≤ 40 %
PROD-0156,Lotte jambon fumé 90 grs,PROD-0165,Maquereaux marinés 320g curry,PRIX_SUPERIEUR,5.0,4.0,4.2,OUI,OUI,NON,OUI,0,même sous-catégorie + même régime alcool + écart de prix ≤ 40 %
PROD-0156,Lotte jambon fumé 90 grs,PROD-0166,Maquereaux marinés 320g tomate,PRIX_SUPERIEUR,5.0,4.0,4.2,OUI,OUI,NON,OUI,0,même sous-catégorie + même régime alcool + écart de prix ≤ 40 %
PROD-0156,Lotte jambon fumé 90 grs,PROD-0195,Rillettes de truite fumée au safran 90 g,PRIX_INFERIEUR,-5.0,4.0,3.8,OUI,OUI,NON,OUI,0,même sous-catégorie + même régime alcool + écart de prix ≤ 40 %
PROD-0157,Bisque de homard 480 ml,PROD-0158,Bisque de langoustines 480 ml,PRIX_EQUIVALENT,0.0,5.9,5.9,OUI,OUI,OUI,OUI,0,même sous-catégorie + même régime alcool + écart de prix ≤ 40 %
PROD-0157,Bisque de homard 480 ml,PROD-0126,Velouté de homard 1 litre,PRIX_EQUIVALENT,0.8,5.9,5.95,OUI,OUI,NON,OUI,0,même sous-catégorie + même régime alcool + écart de prix ≤ 40 %
PROD-0157,Bisque de homard 480 ml,PROD-0161,Bisque d'étrille 480 ml,PRIX_INFERIEUR,-16.9,5.9,4.9,OUI,OUI,OUI,OUI,-1,même sous-catégorie + même régime alcool + écart de prix ≤ 40 %
PROD-0157,Bisque de homard 480 ml,PROD-0162,Choucroute de la mer 320 grs,PRIX_INFERIEUR,-28.8,5.9,4.2,OUI,OUI,OUI,OUI,-1,même sous-catégorie + même régime alcool + écart de prix ≤ 40 %
PROD-0157,Bisque de homard 480 ml,PROD-0167,Soupe de saumon fumé 740 ml,PRIX_INFERIEUR,-28.8,5.9,4.2,OUI,OUI,OUI,OUI,-1,même sous-catégorie + même régime alcool + écart de prix ≤ 40 %
PROD-0158,Bisque de langoustines 480 ml,PROD-0157,Bisque de homard 480 ml,PRIX_EQUIVALENT,0.0,5.9,5.9,OUI,OUI,OUI,OUI,0,même sous-catégorie + même régime alcool + écart de prix ≤ 40 %
PROD-0158,Bisque de langoustines 480 ml,PROD-0126,Velouté de homard 1 litre,PRIX_EQUIVALENT,0.8,5.9,5.95,OUI,OUI,NON,OUI,0,même sous-catégorie + même régime alcool + écart de prix ≤ 40 %
PROD-0158,Bisque de langoustines 480 ml,PROD-0161,Bisque d'étrille 480 ml,PRIX_INFERIEUR,-16.9,5.9,4.9,OUI,OUI,OUI,OUI,-1,même sous-catégorie + même régime alcool + écart de prix ≤ 40 %
PROD-0158,Bisque de langoustines 480 ml,PROD-0162,Choucroute de la mer 320 grs,PRIX_INFERIEUR,-28.8,5.9,4.2,OUI,OUI,OUI,OUI,-1,même sous-catégorie + même régime alcool + écart de prix ≤ 40 %
PROD-0158,Bisque de langoustines 480 ml,PROD-0167,Soupe de saumon fumé 740 ml,PRIX_INFERIEUR,-28.8,5.9,4.2,OUI,OUI,OUI,OUI,-1,même sous-catégorie + même régime alcool + écart de prix ≤ 40 %
PROD-0159,Terrine de haddock fumé 150 grs,PROD-0160,Terrine saumon fumé 180 grs,PRIX_EQUIVALENT,0.0,5.2,5.2,OUI,OUI,OUI,OUI,0,même sous-catégorie + même régime alcool + écart de prix ≤ 40 %
PROD-0159,Terrine de haddock fumé 150 grs,PROD-0177,Rillettes de saumon noix st Jacques 140 grs,PRIX_INFERIEUR,-5.8,5.2,4.9,OUI,OUI,OUI,OUI,-1,même sous-catégorie + même régime alcool + écart de prix ≤ 40 %
PROD-0159,Terrine de haddock fumé 150 grs,PROD-0178,Rillettes de truite noix de st jacques 140 grs,PRIX_INFERIEUR,-5.8,5.2,4.9,OUI,OUI,OUI,OUI,-1,même sous-catégorie + même régime alcool + écart de prix ≤ 40 %
PROD-0159,Terrine de haddock fumé 150 grs,PROD-0179,Terrine de truite fumée 140 grs,PRIX_INFERIEUR,-5.8,5.2,4.9,OUI,OUI,OUI,OUI,-1,même sous-catégorie + même régime alcool + écart de prix ≤ 40 %
PROD-0159,Terrine de haddock fumé 150 grs,PROD-0190,Rillettes de langoustines 90 grs,PRIX_INFERIEUR,-11.5,5.2,4.6,OUI,OUI,OUI,OUI,-1,même sous-catégorie + même régime alcool + écart de prix ≤ 40 %
PROD-0160,Terrine saumon fumé 180 grs,PROD-0159,Terrine de haddock fumé 150 grs,PRIX_EQUIVALENT,0.0,5.2,5.2,OUI,OUI,OUI,OUI,0,même sous-catégorie + même régime alcool + écart de prix ≤ 40 %
PROD-0160,Terrine saumon fumé 180 grs,PROD-0177,Rillettes de saumon noix st Jacques 140 grs,PRIX_INFERIEUR,-5.8,5.2,4.9,OUI,OUI,OUI,OUI,-1,même sous-catégorie + même régime alcool + écart de prix ≤ 40 %
PROD-0160,Terrine saumon fumé 180 grs,PROD-0178,Rillettes de truite noix de st jacques 140 grs,PRIX_INFERIEUR,-5.8,5.2,4.9,OUI,OUI,OUI,OUI,-1,même sous-catégorie + même régime alcool + écart de prix ≤ 40 %
PROD-0160,Terrine saumon fumé 180 grs,PROD-0179,Terrine de truite fumée 140 grs,PRIX_INFERIEUR,-5.8,5.2,4.9,OUI,OUI,OUI,OUI,-1,même sous-catégorie + même régime alcool + écart de prix ≤ 40 %
PROD-0160,Terrine saumon fumé 180 grs,PROD-0190,Rillettes de langoustines 90 grs,PRIX_INFERIEUR,-11.5,5.2,4.6,OUI,OUI,OUI,OUI,-1,même sous-catégorie + même régime alcool + écart de prix ≤ 40 %
PROD-0161,Bisque d'étrille 480 ml,PROD-0162,Choucroute de la mer 320 grs,PRIX_INFERIEUR,-14.3,4.9,4.2,OUI,OUI,OUI,OUI,0,même sous-catégorie + même régime alcool + écart de prix ≤ 40 %
PROD-0161,Bisque d'étrille 480 ml,PROD-0167,Soupe de saumon fumé 740 ml,PRIX_INFERIEUR,-14.3,4.9,4.2,OUI,OUI,OUI,OUI,0,même sous-catégorie + même régime alcool + écart de prix ≤ 40 %
PROD-0161,Bisque d'étrille 480 ml,PROD-0168,Soupe de truite fumée 740 ml,PRIX_INFERIEUR,-14.3,4.9,4.2,OUI,OUI,OUI,OUI,0,même sous-catégorie + même régime alcool + écart de prix ≤ 40 %
PROD-0161,Bisque d'étrille 480 ml,PROD-0169,Velouté de saumon 740 ml,PRIX_INFERIEUR,-14.3,4.9,4.2,OUI,OUI,OUI,OUI,0,même sous-catégorie + même régime alcool + écart de prix ≤ 40 %
PROD-0161,Bisque d'étrille 480 ml,PROD-0170,Velouté de truite 740 ml,PRIX_INFERIEUR,-14.3,4.9,4.2,OUI,OUI,OUI,OUI,0,même sous-catégorie + même régime alcool + écart de prix ≤ 40 %
PROD-0162,Choucroute de la mer 320 grs,PROD-0167,Soupe de saumon fumé 740 ml,PRIX_EQUIVALENT,0.0,4.2,4.2,OUI,OUI,OUI,OUI,0,même sous-catégorie + même régime alcool + écart de prix ≤ 40 %
PROD-0162,Choucroute de la mer 320 grs,PROD-0168,Soupe de truite fumée 740 ml,PRIX_EQUIVALENT,0.0,4.2,4.2,OUI,OUI,OUI,OUI,0,même sous-catégorie + même régime alcool + écart de prix ≤ 40 %
PROD-0162,Choucroute de la mer 320 grs,PROD-0169,Velouté de saumon 740 ml,PRIX_EQUIVALENT,0.0,4.2,4.2,OUI,OUI,OUI,OUI,0,même sous-catégorie + même régime alcool + écart de prix ≤ 40 %
PROD-0162,Choucroute de la mer 320 grs,PROD-0170,Velouté de truite 740 ml,PRIX_EQUIVALENT,0.0,4.2,4.2,OUI,OUI,OUI,OUI,0,même sous-catégorie + même régime alcool + écart de prix ≤ 40 %
PROD-0162,Choucroute de la mer 320 grs,PROD-0171,Soupe de poisson 740 ml,PRIX_EQUIVALENT,0.0,4.2,4.2,OUI,OUI,OUI,OUI,0,même sous-catégorie + même régime alcool + écart de prix ≤ 40 %
PROD-0164,Maquereaux marinés 320 grs moutarde,PROD-0270,MOUTARDE 100g Camembert,PRIX_EQUIVALENT,1.2,4.2,4.25,OUI,OUI,NON,OUI,0,même sous-catégorie + même régime alcool + écart de prix ≤ 40 %
PROD-0164,Maquereaux marinés 320 grs moutarde,PROD-0272,MOUTARDE 100g à l'ail Noir,PRIX_EQUIVALENT,1.2,4.2,4.25,OUI,OUI,NON,OUI,0,même sous-catégorie + même régime alcool + écart de prix ≤ 40 %
PROD-0164,Maquereaux marinés 320 grs moutarde,PROD-0273,MOUTARDE 100g au Piment d'Espelette,PRIX_EQUIVALENT,1.2,4.2,4.25,OUI,OUI,NON,OUI,0,même sous-catégorie + même régime alcool + écart de prix ≤ 40 %
PROD-0164,Maquereaux marinés 320 grs moutarde,PROD-0274,MOUTARDE 100g Poivre Voantsy Perifery,PRIX_EQUIVALENT,1.2,4.2,4.25,OUI,OUI,NON,OUI,0,même sous-catégorie + même régime alcool + écart de prix ≤ 40 %
PROD-0164,Maquereaux marinés 320 grs moutarde,PROD-0182,Rillettes de maquereaux moutarde 140grs,PRIX_SUPERIEUR,7.1,4.2,4.5,OUI,OUI,OUI,OUI,0,même sous-catégorie + même régime alcool + écart de prix ≤ 40 %
PROD-0165,Maquereaux marinés 320g curry,PROD-0166,Maquereaux marinés 320g tomate,PRIX_EQUIVALENT,0.0,4.2,4.2,OUI,OUI,OUI,OUI,0,même sous-catégorie + même régime alcool + écart de prix ≤ 40 %
PROD-0165,Maquereaux marinés 320g curry,PROD-0153,St jacques foie gras 90 grs,PRIX_INFERIEUR,-4.8,4.2,4.0,OUI,OUI,NON,OUI,0,même sous-catégorie + même régime alcool + écart de prix ≤ 40 %
PROD-0165,Maquereaux marinés 320g curry,PROD-0155,Saumon  oseille 90 grs,PRIX_INFERIEUR,-4.8,4.2,4.0,OUI,OUI,NON,OUI,0,même sous-catégorie + même régime alcool + écart de prix ≤ 40 %
PROD-0165,Maquereaux marinés 320g curry,PROD-0156,Lotte jambon fumé 90 grs,PRIX_INFERIEUR,-4.8,4.2,4.0,OUI,OUI,NON,OUI,0,même sous-catégorie + même régime alcool + écart de prix ≤ 40 %
PROD-0165,Maquereaux marinés 320g curry,PROD-0180,Rillettes de hareng 140 grs,PRIX_SUPERIEUR,7.1,4.2,4.5,OUI,OUI,OUI,OUI,0,même sous-catégorie + même régime alcool + écart de prix ≤ 40 %
PROD-0166,Maquereaux marinés 320g tomate,PROD-0165,Maquereaux marinés 320g curry,PRIX_EQUIVALENT,0.0,4.2,4.2,OUI,OUI,OUI,OUI,0,même sous-catégorie + même régime alcool + écart de prix ≤ 40 %
PROD-0166,Maquereaux marinés 320g tomate,PROD-0153,St jacques foie gras 90 grs,PRIX_INFERIEUR,-4.8,4.2,4.0,OUI,OUI,NON,OUI,0,même sous-catégorie + même régime alcool + écart de prix ≤ 40 %
PROD-0166,Maquereaux marinés 320g tomate,PROD-0155,Saumon  oseille 90 grs,PRIX_INFERIEUR,-4.8,4.2,4.0,OUI,OUI,NON,OUI,0,même sous-catégorie + même régime alcool + écart de prix ≤ 40 %
PROD-0166,Maquereaux marinés 320g tomate,PROD-0156,Lotte jambon fumé 90 grs,PRIX_INFERIEUR,-4.8,4.2,4.0,OUI,OUI,NON,OUI,0,même sous-catégorie + même régime alcool + écart de prix ≤ 40 %
PROD-0166,Maquereaux marinés 320g tomate,PROD-0180,Rillettes de hareng 140 grs,PRIX_SUPERIEUR,7.1,4.2,4.5,OUI,OUI,OUI,OUI,0,même sous-catégorie + même régime alcool + écart de prix ≤ 40 %
PROD-0167,Soupe de saumon fumé 740 ml,PROD-0162,Choucroute de la mer 320 grs,PRIX_EQUIVALENT,0.0,4.2,4.2,OUI,OUI,OUI,OUI,0,même sous-catégorie + même régime alcool + écart de prix ≤ 40 %
PROD-0167,Soupe de saumon fumé 740 ml,PROD-0168,Soupe de truite fumée 740 ml,PRIX_EQUIVALENT,0.0,4.2,4.2,OUI,OUI,OUI,OUI,0,même sous-catégorie + même régime alcool + écart de prix ≤ 40 %
PROD-0167,Soupe de saumon fumé 740 ml,PROD-0169,Velouté de saumon 740 ml,PRIX_EQUIVALENT,0.0,4.2,4.2,OUI,OUI,OUI,OUI,0,même sous-catégorie + même régime alcool + écart de prix ≤ 40 %
PROD-0167,Soupe de saumon fumé 740 ml,PROD-0170,Velouté de truite 740 ml,PRIX_EQUIVALENT,0.0,4.2,4.2,OUI,OUI,OUI,OUI,0,même sous-catégorie + même régime alcool + écart de prix ≤ 40 %
PROD-0167,Soupe de saumon fumé 740 ml,PROD-0171,Soupe de poisson 740 ml,PRIX_EQUIVALENT,0.0,4.2,4.2,OUI,OUI,OUI,OUI,0,même sous-catégorie + même régime alcool + écart de prix ≤ 40 %
PROD-0168,Soupe de truite fumée 740 ml,PROD-0162,Choucroute de la mer 320 grs,PRIX_EQUIVALENT,0.0,4.2,4.2,OUI,OUI,OUI,OUI,0,même sous-catégorie + même régime alcool + écart de prix ≤ 40 %
PROD-0168,Soupe de truite fumée 740 ml,PROD-0167,Soupe de saumon fumé 740 ml,PRIX_EQUIVALENT,0.0,4.2,4.2,OUI,OUI,OUI,OUI,0,même sous-catégorie + même régime alcool + écart de prix ≤ 40 %
PROD-0168,Soupe de truite fumée 740 ml,PROD-0169,Velouté de saumon 740 ml,PRIX_EQUIVALENT,0.0,4.2,4.2,OUI,OUI,OUI,OUI,0,même sous-catégorie + même régime alcool + écart de prix ≤ 40 %
PROD-0168,Soupe de truite fumée 740 ml,PROD-0170,Velouté de truite 740 ml,PRIX_EQUIVALENT,0.0,4.2,4.2,OUI,OUI,OUI,OUI,0,même sous-catégorie + même régime alcool + écart de prix ≤ 40 %
PROD-0168,Soupe de truite fumée 740 ml,PROD-0171,Soupe de poisson 740 ml,PRIX_EQUIVALENT,0.0,4.2,4.2,OUI,OUI,OUI,OUI,0,même sous-catégorie + même régime alcool + écart de prix ≤ 40 %
PROD-0169,Velouté de saumon 740 ml,PROD-0162,Choucroute de la mer 320 grs,PRIX_EQUIVALENT,0.0,4.2,4.2,OUI,OUI,OUI,OUI,0,même sous-catégorie + même régime alcool + écart de prix ≤ 40 %
PROD-0169,Velouté de saumon 740 ml,PROD-0167,Soupe de saumon fumé 740 ml,PRIX_EQUIVALENT,0.0,4.2,4.2,OUI,OUI,OUI,OUI,0,même sous-catégorie + même régime alcool + écart de prix ≤ 40 %
PROD-0169,Velouté de saumon 740 ml,PROD-0168,Soupe de truite fumée 740 ml,PRIX_EQUIVALENT,0.0,4.2,4.2,OUI,OUI,OUI,OUI,0,même sous-catégorie + même régime alcool + écart de prix ≤ 40 %
PROD-0169,Velouté de saumon 740 ml,PROD-0170,Velouté de truite 740 ml,PRIX_EQUIVALENT,0.0,4.2,4.2,OUI,OUI,OUI,OUI,0,même sous-catégorie + même régime alcool + écart de prix ≤ 40 %
PROD-0169,Velouté de saumon 740 ml,PROD-0171,Soupe de poisson 740 ml,PRIX_EQUIVALENT,0.0,4.2,4.2,OUI,OUI,OUI,OUI,0,même sous-catégorie + même régime alcool + écart de prix ≤ 40 %
PROD-0170,Velouté de truite 740 ml,PROD-0162,Choucroute de la mer 320 grs,PRIX_EQUIVALENT,0.0,4.2,4.2,OUI,OUI,OUI,OUI,0,même sous-catégorie + même régime alcool + écart de prix ≤ 40 %
PROD-0170,Velouté de truite 740 ml,PROD-0167,Soupe de saumon fumé 740 ml,PRIX_EQUIVALENT,0.0,4.2,4.2,OUI,OUI,OUI,OUI,0,même sous-catégorie + même régime alcool + écart de prix ≤ 40 %
PROD-0170,Velouté de truite 740 ml,PROD-0168,Soupe de truite fumée 740 ml,PRIX_EQUIVALENT,0.0,4.2,4.2,OUI,OUI,OUI,OUI,0,même sous-catégorie + même régime alcool + écart de prix ≤ 40 %
PROD-0170,Velouté de truite 740 ml,PROD-0169,Velouté de saumon 740 ml,PRIX_EQUIVALENT,0.0,4.2,4.2,OUI,OUI,OUI,OUI,0,même sous-catégorie + même régime alcool + écart de prix ≤ 40 %
PROD-0170,Velouté de truite 740 ml,PROD-0171,Soupe de poisson 740 ml,PRIX_EQUIVALENT,0.0,4.2,4.2,OUI,OUI,OUI,OUI,0,même sous-catégorie + même régime alcool + écart de prix ≤ 40 %
PROD-0171,Soupe de poisson 740 ml,PROD-0162,Choucroute de la mer 320 grs,PRIX_EQUIVALENT,0.0,4.2,4.2,OUI,OUI,OUI,OUI,0,même sous-catégorie + même régime alcool + écart de prix ≤ 40 %
PROD-0171,Soupe de poisson 740 ml,PROD-0167,Soupe de saumon fumé 740 ml,PRIX_EQUIVALENT,0.0,4.2,4.2,OUI,OUI,OUI,OUI,0,même sous-catégorie + même régime alcool + écart de prix ≤ 40 %
PROD-0171,Soupe de poisson 740 ml,PROD-0168,Soupe de truite fumée 740 ml,PRIX_EQUIVALENT,0.0,4.2,4.2,OUI,OUI,OUI,OUI,0,même sous-catégorie + même régime alcool + écart de prix ≤ 40 %
PROD-0171,Soupe de poisson 740 ml,PROD-0169,Velouté de saumon 740 ml,PRIX_EQUIVALENT,0.0,4.2,4.2,OUI,OUI,OUI,OUI,0,même sous-catégorie + même régime alcool + écart de prix ≤ 40 %
PROD-0171,Soupe de poisson 740 ml,PROD-0170,Velouté de truite 740 ml,PRIX_EQUIVALENT,0.0,4.2,4.2,OUI,OUI,OUI,OUI,0,même sous-catégorie + même régime alcool + écart de prix ≤ 40 %
PROD-0172,Soupe de saumon fumé  480 ml,PROD-0173,Soupe de truite fumée 480 ml,PRIX_EQUIVALENT,0.0,3.5,3.5,OUI,OUI,OUI,OUI,0,même sous-catégorie + même régime alcool + écart de prix ≤ 40 %
PROD-0172,Soupe de saumon fumé  480 ml,PROD-0174,Velouté de saumon 480 ml,PRIX_EQUIVALENT,0.0,3.5,3.5,OUI,OUI,OUI,OUI,0,même sous-catégorie + même régime alcool + écart de prix ≤ 40 %
PROD-0172,Soupe de saumon fumé  480 ml,PROD-0175,Velouté de truite 480 ml,PRIX_EQUIVALENT,0.0,3.5,3.5,OUI,OUI,OUI,OUI,0,même sous-catégorie + même régime alcool + écart de prix ≤ 40 %
PROD-0172,Soupe de saumon fumé  480 ml,PROD-0176,Soupe de poisson 480 ml,PRIX_EQUIVALENT,0.0,3.5,3.5,OUI,OUI,OUI,OUI,0,même sous-catégorie + même régime alcool + écart de prix ≤ 40 %
PROD-0172,Soupe de saumon fumé  480 ml,PROD-0124,Soupe de poisson 1 litre,PRIX_INFERIEUR,-2.9,3.5,3.4,OUI,OUI,NON,OUI,0,même sous-catégorie + même régime alcool + écart de prix ≤ 40 %
PROD-0173,Soupe de truite fumée 480 ml,PROD-0172,Soupe de saumon fumé  480 ml,PRIX_EQUIVALENT,0.0,3.5,3.5,OUI,OUI,OUI,OUI,0,même sous-catégorie + même régime alcool + écart de prix ≤ 40 %
PROD-0173,Soupe de truite fumée 480 ml,PROD-0174,Velouté de saumon 480 ml,PRIX_EQUIVALENT,0.0,3.5,3.5,OUI,OUI,OUI,OUI,0,même sous-catégorie + même régime alcool + écart de prix ≤ 40 %
PROD-0173,Soupe de truite fumée 480 ml,PROD-0175,Velouté de truite 480 ml,PRIX_EQUIVALENT,0.0,3.5,3.5,OUI,OUI,OUI,OUI,0,même sous-catégorie + même régime alcool + écart de prix ≤ 40 %
PROD-0173,Soupe de truite fumée 480 ml,PROD-0176,Soupe de poisson 480 ml,PRIX_EQUIVALENT,0.0,3.5,3.5,OUI,OUI,OUI,OUI,0,même sous-catégorie + même régime alcool + écart de prix ≤ 40 %
PROD-0173,Soupe de truite fumée 480 ml,PROD-0124,Soupe de poisson 1 litre,PRIX_INFERIEUR,-2.9,3.5,3.4,OUI,OUI,NON,OUI,0,même sous-catégorie + même régime alcool + écart de prix ≤ 40 %
PROD-0174,Velouté de saumon 480 ml,PROD-0172,Soupe de saumon fumé  480 ml,PRIX_EQUIVALENT,0.0,3.5,3.5,OUI,OUI,OUI,OUI,0,même sous-catégorie + même régime alcool + écart de prix ≤ 40 %
PROD-0174,Velouté de saumon 480 ml,PROD-0173,Soupe de truite fumée 480 ml,PRIX_EQUIVALENT,0.0,3.5,3.5,OUI,OUI,OUI,OUI,0,même sous-catégorie + même régime alcool + écart de prix ≤ 40 %
PROD-0174,Velouté de saumon 480 ml,PROD-0175,Velouté de truite 480 ml,PRIX_EQUIVALENT,0.0,3.5,3.5,OUI,OUI,OUI,OUI,0,même sous-catégorie + même régime alcool + écart de prix ≤ 40 %
PROD-0174,Velouté de saumon 480 ml,PROD-0176,Soupe de poisson 480 ml,PRIX_EQUIVALENT,0.0,3.5,3.5,OUI,OUI,OUI,OUI,0,même sous-catégorie + même régime alcool + écart de prix ≤ 40 %
PROD-0174,Velouté de saumon 480 ml,PROD-0124,Soupe de poisson 1 litre,PRIX_INFERIEUR,-2.9,3.5,3.4,OUI,OUI,NON,OUI,0,même sous-catégorie + même régime alcool + écart de prix ≤ 40 %
PROD-0175,Velouté de truite 480 ml,PROD-0172,Soupe de saumon fumé  480 ml,PRIX_EQUIVALENT,0.0,3.5,3.5,OUI,OUI,OUI,OUI,0,même sous-catégorie + même régime alcool + écart de prix ≤ 40 %
PROD-0175,Velouté de truite 480 ml,PROD-0173,Soupe de truite fumée 480 ml,PRIX_EQUIVALENT,0.0,3.5,3.5,OUI,OUI,OUI,OUI,0,même sous-catégorie + même régime alcool + écart de prix ≤ 40 %
PROD-0175,Velouté de truite 480 ml,PROD-0174,Velouté de saumon 480 ml,PRIX_EQUIVALENT,0.0,3.5,3.5,OUI,OUI,OUI,OUI,0,même sous-catégorie + même régime alcool + écart de prix ≤ 40 %
PROD-0175,Velouté de truite 480 ml,PROD-0176,Soupe de poisson 480 ml,PRIX_EQUIVALENT,0.0,3.5,3.5,OUI,OUI,OUI,OUI,0,même sous-catégorie + même régime alcool + écart de prix ≤ 40 %
PROD-0175,Velouté de truite 480 ml,PROD-0124,Soupe de poisson 1 litre,PRIX_INFERIEUR,-2.9,3.5,3.4,OUI,OUI,NON,OUI,0,même sous-catégorie + même régime alcool + écart de prix ≤ 40 %
PROD-0176,Soupe de poisson 480 ml,PROD-0172,Soupe de saumon fumé  480 ml,PRIX_EQUIVALENT,0.0,3.5,3.5,OUI,OUI,OUI,OUI,0,même sous-catégorie + même régime alcool + écart de prix ≤ 40 %
PROD-0176,Soupe de poisson 480 ml,PROD-0173,Soupe de truite fumée 480 ml,PRIX_EQUIVALENT,0.0,3.5,3.5,OUI,OUI,OUI,OUI,0,même sous-catégorie + même régime alcool + écart de prix ≤ 40 %
PROD-0176,Soupe de poisson 480 ml,PROD-0174,Velouté de saumon 480 ml,PRIX_EQUIVALENT,0.0,3.5,3.5,OUI,OUI,OUI,OUI,0,même sous-catégorie + même régime alcool + écart de prix ≤ 40 %
PROD-0176,Soupe de poisson 480 ml,PROD-0175,Velouté de truite 480 ml,PRIX_EQUIVALENT,0.0,3.5,3.5,OUI,OUI,OUI,OUI,0,même sous-catégorie + même régime alcool + écart de prix ≤ 40 %
PROD-0176,Soupe de poisson 480 ml,PROD-0124,Soupe de poisson 1 litre,PRIX_INFERIEUR,-2.9,3.5,3.4,OUI,OUI,NON,OUI,0,même sous-catégorie + même régime alcool + écart de prix ≤ 40 %
PROD-0177,Rillettes de saumon noix st Jacques 140 grs,PROD-0178,Rillettes de truite noix de st jacques 140 grs,PRIX_EQUIVALENT,0.0,4.9,4.9,OUI,OUI,OUI,OUI,0,même sous-catégorie + même régime alcool + écart de prix ≤ 40 %
PROD-0177,Rillettes de saumon noix st Jacques 140 grs,PROD-0179,Terrine de truite fumée 140 grs,PRIX_EQUIVALENT,0.0,4.9,4.9,OUI,OUI,OUI,OUI,0,même sous-catégorie + même régime alcool + écart de prix ≤ 40 %
PROD-0177,Rillettes de saumon noix st Jacques 140 grs,PROD-0159,Terrine de haddock fumé 150 grs,PRIX_SUPERIEUR,6.1,4.9,5.2,OUI,OUI,OUI,OUI,1,même sous-catégorie + même régime alcool + écart de prix ≤ 40 %
PROD-0177,Rillettes de saumon noix st Jacques 140 grs,PROD-0160,Terrine saumon fumé 180 grs,PRIX_SUPERIEUR,6.1,4.9,5.2,OUI,OUI,OUI,OUI,1,même sous-catégorie + même régime alcool + écart de prix ≤ 40 %
PROD-0177,Rillettes de saumon noix st Jacques 140 grs,PROD-0190,Rillettes de langoustines 90 grs,PRIX_INFERIEUR,-6.1,4.9,4.6,OUI,OUI,OUI,OUI,0,même sous-catégorie + même régime alcool + écart de prix ≤ 40 %
PROD-0178,Rillettes de truite noix de st jacques 140 grs,PROD-0177,Rillettes de saumon noix st Jacques 140 grs,PRIX_EQUIVALENT,0.0,4.9,4.9,OUI,OUI,OUI,OUI,0,même sous-catégorie + même régime alcool + écart de prix ≤ 40 %
PROD-0178,Rillettes de truite noix de st jacques 140 grs,PROD-0179,Terrine de truite fumée 140 grs,PRIX_EQUIVALENT,0.0,4.9,4.9,OUI,OUI,OUI,OUI,0,même sous-catégorie + même régime alcool + écart de prix ≤ 40 %
PROD-0178,Rillettes de truite noix de st jacques 140 grs,PROD-0159,Terrine de haddock fumé 150 grs,PRIX_SUPERIEUR,6.1,4.9,5.2,OUI,OUI,OUI,OUI,1,même sous-catégorie + même régime alcool + écart de prix ≤ 40 %
PROD-0178,Rillettes de truite noix de st jacques 140 grs,PROD-0160,Terrine saumon fumé 180 grs,PRIX_SUPERIEUR,6.1,4.9,5.2,OUI,OUI,OUI,OUI,1,même sous-catégorie + même régime alcool + écart de prix ≤ 40 %
PROD-0178,Rillettes de truite noix de st jacques 140 grs,PROD-0190,Rillettes de langoustines 90 grs,PRIX_INFERIEUR,-6.1,4.9,4.6,OUI,OUI,OUI,OUI,0,même sous-catégorie + même régime alcool + écart de prix ≤ 40 %
PROD-0179,Terrine de truite fumée 140 grs,PROD-0177,Rillettes de saumon noix st Jacques 140 grs,PRIX_EQUIVALENT,0.0,4.9,4.9,OUI,OUI,OUI,OUI,0,même sous-catégorie + même régime alcool + écart de prix ≤ 40 %
PROD-0179,Terrine de truite fumée 140 grs,PROD-0178,Rillettes de truite noix de st jacques 140 grs,PRIX_EQUIVALENT,0.0,4.9,4.9,OUI,OUI,OUI,OUI,0,même sous-catégorie + même régime alcool + écart de prix ≤ 40 %
PROD-0179,Terrine de truite fumée 140 grs,PROD-0159,Terrine de haddock fumé 150 grs,PRIX_SUPERIEUR,6.1,4.9,5.2,OUI,OUI,OUI,OUI,1,même sous-catégorie + même régime alcool + écart de prix ≤ 40 %
PROD-0179,Terrine de truite fumée 140 grs,PROD-0160,Terrine saumon fumé 180 grs,PRIX_SUPERIEUR,6.1,4.9,5.2,OUI,OUI,OUI,OUI,1,même sous-catégorie + même régime alcool + écart de prix ≤ 40 %
PROD-0179,Terrine de truite fumée 140 grs,PROD-0190,Rillettes de langoustines 90 grs,PRIX_INFERIEUR,-6.1,4.9,4.6,OUI,OUI,OUI,OUI,0,même sous-catégorie + même régime alcool + écart de prix ≤ 40 %
PROD-0180,Rillettes de hareng 140 grs,PROD-0181,Rillettes de lieu andouille de Vire 140 grs,PRIX_EQUIVALENT,0.0,4.5,4.5,OUI,OUI,OUI,NON,0,même sous-catégorie + même régime alcool + écart de prix ≤ 40 %
PROD-0180,Rillettes de hareng 140 grs,PROD-0183,Rillettes de saumon 140 grs,PRIX_EQUIVALENT,0.0,4.5,4.5,OUI,OUI,OUI,OUI,0,même sous-catégorie + même régime alcool + écart de prix ≤ 40 %
PROD-0180,Rillettes de hareng 140 grs,PROD-0184,Rillettes de saumon à l'aneth fraîche 140 grs,PRIX_EQUIVALENT,0.0,4.5,4.5,OUI,OUI,OUI,OUI,0,même sous-catégorie + même régime alcool + écart de prix ≤ 40 %
PROD-0180,Rillettes de hareng 140 grs,PROD-0185,Rillettes de saumon au camembert 140 grs,PRIX_EQUIVALENT,0.0,4.5,4.5,OUI,OUI,OUI,OUI,0,même sous-catégorie + même régime alcool + écart de prix ≤ 40 %
PROD-0180,Rillettes de hareng 140 grs,PROD-0186,Rillettes de truite 140 grs,PRIX_EQUIVALENT,0.0,4.5,4.5,OUI,OUI,OUI,OUI,0,même sous-catégorie + même régime alcool + écart de prix ≤ 40 %
PROD-0181,Rillettes de lieu andouille de Vire 140 grs,PROD-0180,Rillettes de hareng 140 grs,PRIX_EQUIVALENT,0.0,4.5,4.5,OUI,OUI,OUI,NON,0,même sous-catégorie + même régime alcool + écart de prix ≤ 40 %
PROD-0181,Rillettes de lieu andouille de Vire 140 grs,PROD-0183,Rillettes de saumon 140 grs,PRIX_EQUIVALENT,0.0,4.5,4.5,OUI,OUI,OUI,NON,0,même sous-catégorie + même régime alcool + écart de prix ≤ 40 %
PROD-0181,Rillettes de lieu andouille de Vire 140 grs,PROD-0184,Rillettes de saumon à l'aneth fraîche 140 grs,PRIX_EQUIVALENT,0.0,4.5,4.5,OUI,OUI,OUI,NON,0,même sous-catégorie + même régime alcool + écart de prix ≤ 40 %
PROD-0181,Rillettes de lieu andouille de Vire 140 grs,PROD-0185,Rillettes de saumon au camembert 140 grs,PRIX_EQUIVALENT,0.0,4.5,4.5,OUI,OUI,OUI,NON,0,même sous-catégorie + même régime alcool + écart de prix ≤ 40 %
PROD-0181,Rillettes de lieu andouille de Vire 140 grs,PROD-0186,Rillettes de truite 140 grs,PRIX_EQUIVALENT,0.0,4.5,4.5,OUI,OUI,OUI,NON,0,même sous-catégorie + même régime alcool + écart de prix ≤ 40 %
PROD-0182,Rillettes de maquereaux moutarde 140grs,PROD-0187,Rillettes truite moutarde ancienne 140 grs,PRIX_EQUIVALENT,0.0,4.5,4.5,OUI,OUI,OUI,OUI,0,même sous-catégorie + même régime alcool + écart de prix ≤ 40 %
PROD-0182,Rillettes de maquereaux moutarde 140grs,PROD-0270,MOUTARDE 100g Camembert,PRIX_INFERIEUR,-5.6,4.5,4.25,OUI,OUI,NON,OUI,0,même sous-catégorie + même régime alcool + écart de prix ≤ 40 %
PROD-0182,Rillettes de maquereaux moutarde 140grs,PROD-0272,MOUTARDE 100g à l'ail Noir,PRIX_INFERIEUR,-5.6,4.5,4.25,OUI,OUI,NON,OUI,0,même sous-catégorie + même régime alcool + écart de prix ≤ 40 %
PROD-0182,Rillettes de maquereaux moutarde 140grs,PROD-0273,MOUTARDE 100g au Piment d'Espelette,PRIX_INFERIEUR,-5.6,4.5,4.25,OUI,OUI,NON,OUI,0,même sous-catégorie + même régime alcool + écart de prix ≤ 40 %
PROD-0182,Rillettes de maquereaux moutarde 140grs,PROD-0274,MOUTARDE 100g Poivre Voantsy Perifery,PRIX_INFERIEUR,-5.6,4.5,4.25,OUI,OUI,NON,OUI,0,même sous-catégorie + même régime alcool + écart de prix ≤ 40 %
PROD-0183,Rillettes de saumon 140 grs,PROD-0180,Rillettes de hareng 140 grs,PRIX_EQUIVALENT,0.0,4.5,4.5,OUI,OUI,OUI,OUI,0,même sous-catégorie + même régime alcool + écart de prix ≤ 40 %
PROD-0183,Rillettes de saumon 140 grs,PROD-0181,Rillettes de lieu andouille de Vire 140 grs,PRIX_EQUIVALENT,0.0,4.5,4.5,OUI,OUI,OUI,NON,0,même sous-catégorie + même régime alcool + écart de prix ≤ 40 %
PROD-0183,Rillettes de saumon 140 grs,PROD-0184,Rillettes de saumon à l'aneth fraîche 140 grs,PRIX_EQUIVALENT,0.0,4.5,4.5,OUI,OUI,OUI,OUI,0,même sous-catégorie + même régime alcool + écart de prix ≤ 40 %
PROD-0183,Rillettes de saumon 140 grs,PROD-0185,Rillettes de saumon au camembert 140 grs,PRIX_EQUIVALENT,0.0,4.5,4.5,OUI,OUI,OUI,OUI,0,même sous-catégorie + même régime alcool + écart de prix ≤ 40 %
PROD-0183,Rillettes de saumon 140 grs,PROD-0186,Rillettes de truite 140 grs,PRIX_EQUIVALENT,0.0,4.5,4.5,OUI,OUI,OUI,OUI,0,même sous-catégorie + même régime alcool + écart de prix ≤ 40 %
PROD-0184,Rillettes de saumon à l'aneth fraîche 140 grs,PROD-0180,Rillettes de hareng 140 grs,PRIX_EQUIVALENT,0.0,4.5,4.5,OUI,OUI,OUI,OUI,0,même sous-catégorie + même régime alcool + écart de prix ≤ 40 %
PROD-0184,Rillettes de saumon à l'aneth fraîche 140 grs,PROD-0181,Rillettes de lieu andouille de Vire 140 grs,PRIX_EQUIVALENT,0.0,4.5,4.5,OUI,OUI,OUI,NON,0,même sous-catégorie + même régime alcool + écart de prix ≤ 40 %
PROD-0184,Rillettes de saumon à l'aneth fraîche 140 grs,PROD-0183,Rillettes de saumon 140 grs,PRIX_EQUIVALENT,0.0,4.5,4.5,OUI,OUI,OUI,OUI,0,même sous-catégorie + même régime alcool + écart de prix ≤ 40 %
PROD-0184,Rillettes de saumon à l'aneth fraîche 140 grs,PROD-0185,Rillettes de saumon au camembert 140 grs,PRIX_EQUIVALENT,0.0,4.5,4.5,OUI,OUI,OUI,OUI,0,même sous-catégorie + même régime alcool + écart de prix ≤ 40 %
PROD-0184,Rillettes de saumon à l'aneth fraîche 140 grs,PROD-0186,Rillettes de truite 140 grs,PRIX_EQUIVALENT,0.0,4.5,4.5,OUI,OUI,OUI,OUI,0,même sous-catégorie + même régime alcool + écart de prix ≤ 40 %
PROD-0185,Rillettes de saumon au camembert 140 grs,PROD-0180,Rillettes de hareng 140 grs,PRIX_EQUIVALENT,0.0,4.5,4.5,OUI,OUI,OUI,OUI,0,même sous-catégorie + même régime alcool + écart de prix ≤ 40 %
PROD-0185,Rillettes de saumon au camembert 140 grs,PROD-0181,Rillettes de lieu andouille de Vire 140 grs,PRIX_EQUIVALENT,0.0,4.5,4.5,OUI,OUI,OUI,NON,0,même sous-catégorie + même régime alcool + écart de prix ≤ 40 %
PROD-0185,Rillettes de saumon au camembert 140 grs,PROD-0183,Rillettes de saumon 140 grs,PRIX_EQUIVALENT,0.0,4.5,4.5,OUI,OUI,OUI,OUI,0,même sous-catégorie + même régime alcool + écart de prix ≤ 40 %
PROD-0185,Rillettes de saumon au camembert 140 grs,PROD-0184,Rillettes de saumon à l'aneth fraîche 140 grs,PRIX_EQUIVALENT,0.0,4.5,4.5,OUI,OUI,OUI,OUI,0,même sous-catégorie + même régime alcool + écart de prix ≤ 40 %
PROD-0185,Rillettes de saumon au camembert 140 grs,PROD-0186,Rillettes de truite 140 grs,PRIX_EQUIVALENT,0.0,4.5,4.5,OUI,OUI,OUI,OUI,0,même sous-catégorie + même régime alcool + écart de prix ≤ 40 %
PROD-0186,Rillettes de truite 140 grs,PROD-0180,Rillettes de hareng 140 grs,PRIX_EQUIVALENT,0.0,4.5,4.5,OUI,OUI,OUI,OUI,0,même sous-catégorie + même régime alcool + écart de prix ≤ 40 %
PROD-0186,Rillettes de truite 140 grs,PROD-0181,Rillettes de lieu andouille de Vire 140 grs,PRIX_EQUIVALENT,0.0,4.5,4.5,OUI,OUI,OUI,NON,0,même sous-catégorie + même régime alcool + écart de prix ≤ 40 %
PROD-0186,Rillettes de truite 140 grs,PROD-0183,Rillettes de saumon 140 grs,PRIX_EQUIVALENT,0.0,4.5,4.5,OUI,OUI,OUI,OUI,0,même sous-catégorie + même régime alcool + écart de prix ≤ 40 %
PROD-0186,Rillettes de truite 140 grs,PROD-0184,Rillettes de saumon à l'aneth fraîche 140 grs,PRIX_EQUIVALENT,0.0,4.5,4.5,OUI,OUI,OUI,OUI,0,même sous-catégorie + même régime alcool + écart de prix ≤ 40 %
PROD-0186,Rillettes de truite 140 grs,PROD-0185,Rillettes de saumon au camembert 140 grs,PRIX_EQUIVALENT,0.0,4.5,4.5,OUI,OUI,OUI,OUI,0,même sous-catégorie + même régime alcool + écart de prix ≤ 40 %
PROD-0187,Rillettes truite moutarde ancienne 140 grs,PROD-0182,Rillettes de maquereaux moutarde 140grs,PRIX_EQUIVALENT,0.0,4.5,4.5,OUI,OUI,OUI,OUI,0,même sous-catégorie + même régime alcool + écart de prix ≤ 40 %
PROD-0187,Rillettes truite moutarde ancienne 140 grs,PROD-0270,MOUTARDE 100g Camembert,PRIX_INFERIEUR,-5.6,4.5,4.25,OUI,OUI,NON,OUI,0,même sous-catégorie + même régime alcool + écart de prix ≤ 40 %
PROD-0187,Rillettes truite moutarde ancienne 140 grs,PROD-0272,MOUTARDE 100g à l'ail Noir,PRIX_INFERIEUR,-5.6,4.5,4.25,OUI,OUI,NON,OUI,0,même sous-catégorie + même régime alcool + écart de prix ≤ 40 %
PROD-0187,Rillettes truite moutarde ancienne 140 grs,PROD-0273,MOUTARDE 100g au Piment d'Espelette,PRIX_INFERIEUR,-5.6,4.5,4.25,OUI,OUI,NON,OUI,0,même sous-catégorie + même régime alcool + écart de prix ≤ 40 %
PROD-0187,Rillettes truite moutarde ancienne 140 grs,PROD-0274,MOUTARDE 100g Poivre Voantsy Perifery,PRIX_INFERIEUR,-5.6,4.5,4.25,OUI,OUI,NON,OUI,0,même sous-catégorie + même régime alcool + écart de prix ≤ 40 %
PROD-0188,Rillettes de truite à l'aneth fraîche 140 grs,PROD-0180,Rillettes de hareng 140 grs,PRIX_EQUIVALENT,0.0,4.5,4.5,OUI,OUI,OUI,OUI,0,même sous-catégorie + même régime alcool + écart de prix ≤ 40 %
PROD-0188,Rillettes de truite à l'aneth fraîche 140 grs,PROD-0181,Rillettes de lieu andouille de Vire 140 grs,PRIX_EQUIVALENT,0.0,4.5,4.5,OUI,OUI,OUI,NON,0,même sous-catégorie + même régime alcool + écart de prix ≤ 40 %
PROD-0188,Rillettes de truite à l'aneth fraîche 140 grs,PROD-0183,Rillettes de saumon 140 grs,PRIX_EQUIVALENT,0.0,4.5,4.5,OUI,OUI,OUI,OUI,0,même sous-catégorie + même régime alcool + écart de prix ≤ 40 %
PROD-0188,Rillettes de truite à l'aneth fraîche 140 grs,PROD-0184,Rillettes de saumon à l'aneth fraîche 140 grs,PRIX_EQUIVALENT,0.0,4.5,4.5,OUI,OUI,OUI,OUI,0,même sous-catégorie + même régime alcool + écart de prix ≤ 40 %
PROD-0188,Rillettes de truite à l'aneth fraîche 140 grs,PROD-0185,Rillettes de saumon au camembert 140 grs,PRIX_EQUIVALENT,0.0,4.5,4.5,OUI,OUI,OUI,OUI,0,même sous-catégorie + même régime alcool + écart de prix ≤ 40 %
PROD-0189,Rillettes saumon curry 140 grs,PROD-0180,Rillettes de hareng 140 grs,PRIX_EQUIVALENT,0.0,4.5,4.5,OUI,OUI,OUI,OUI,0,même sous-catégorie + même régime alcool + écart de prix ≤ 40 %
PROD-0189,Rillettes saumon curry 140 grs,PROD-0181,Rillettes de lieu andouille de Vire 140 grs,PRIX_EQUIVALENT,0.0,4.5,4.5,OUI,OUI,OUI,NON,0,même sous-catégorie + même régime alcool + écart de prix ≤ 40 %
PROD-0189,Rillettes saumon curry 140 grs,PROD-0183,Rillettes de saumon 140 grs,PRIX_EQUIVALENT,0.0,4.5,4.5,OUI,OUI,OUI,OUI,0,même sous-catégorie + même régime alcool + écart de prix ≤ 40 %
PROD-0189,Rillettes saumon curry 140 grs,PROD-0184,Rillettes de saumon à l'aneth fraîche 140 grs,PRIX_EQUIVALENT,0.0,4.5,4.5,OUI,OUI,OUI,OUI,0,même sous-catégorie + même régime alcool + écart de prix ≤ 40 %
PROD-0189,Rillettes saumon curry 140 grs,PROD-0185,Rillettes de saumon au camembert 140 grs,PRIX_EQUIVALENT,0.0,4.5,4.5,OUI,OUI,OUI,OUI,0,même sous-catégorie + même régime alcool + écart de prix ≤ 40 %
PROD-0190,Rillettes de langoustines 90 grs,PROD-0191,Rillettes de homard 90 grs,PRIX_EQUIVALENT,0.0,4.6,4.6,OUI,OUI,OUI,OUI,0,même sous-catégorie + même régime alcool + écart de prix ≤ 40 %
PROD-0190,Rillettes de langoustines 90 grs,PROD-0180,Rillettes de hareng 140 grs,PRIX_INFERIEUR,-2.2,4.6,4.5,OUI,OUI,OUI,OUI,0,même sous-catégorie + même régime alcool + écart de prix ≤ 40 %
PROD-0190,Rillettes de langoustines 90 grs,PROD-0181,Rillettes de lieu andouille de Vire 140 grs,PRIX_INFERIEUR,-2.2,4.6,4.5,OUI,OUI,OUI,NON,0,même sous-catégorie + même régime alcool + écart de prix ≤ 40 %
PROD-0190,Rillettes de langoustines 90 grs,PROD-0183,Rillettes de saumon 140 grs,PRIX_INFERIEUR,-2.2,4.6,4.5,OUI,OUI,OUI,OUI,0,même sous-catégorie + même régime alcool + écart de prix ≤ 40 %
PROD-0190,Rillettes de langoustines 90 grs,PROD-0184,Rillettes de saumon à l'aneth fraîche 140 grs,PRIX_INFERIEUR,-2.2,4.6,4.5,OUI,OUI,OUI,OUI,0,même sous-catégorie + même régime alcool + écart de prix ≤ 40 %
PROD-0191,Rillettes de homard 90 grs,PROD-0190,Rillettes de langoustines 90 grs,PRIX_EQUIVALENT,0.0,4.6,4.6,OUI,OUI,OUI,OUI,0,même sous-catégorie + même régime alcool + écart de prix ≤ 40 %
PROD-0191,Rillettes de homard 90 grs,PROD-0180,Rillettes de hareng 140 grs,PRIX_INFERIEUR,-2.2,4.6,4.5,OUI,OUI,OUI,OUI,0,même sous-catégorie + même régime alcool + écart de prix ≤ 40 %
PROD-0191,Rillettes de homard 90 grs,PROD-0181,Rillettes de lieu andouille de Vire 140 grs,PRIX_INFERIEUR,-2.2,4.6,4.5,OUI,OUI,OUI,NON,0,même sous-catégorie + même régime alcool + écart de prix ≤ 40 %
PROD-0191,Rillettes de homard 90 grs,PROD-0183,Rillettes de saumon 140 grs,PRIX_INFERIEUR,-2.2,4.6,4.5,OUI,OUI,OUI,OUI,0,même sous-catégorie + même régime alcool + écart de prix ≤ 40 %
PROD-0191,Rillettes de homard 90 grs,PROD-0184,Rillettes de saumon à l'aneth fraîche 140 grs,PRIX_INFERIEUR,-2.2,4.6,4.5,OUI,OUI,OUI,OUI,0,même sous-catégorie + même régime alcool + écart de prix ≤ 40 %
PROD-0192,Rillettes de lotte 90 grs,PROD-0180,Rillettes de hareng 140 grs,PRIX_EQUIVALENT,0.0,4.5,4.5,OUI,OUI,OUI,OUI,0,même sous-catégorie + même régime alcool + écart de prix ≤ 40 %
PROD-0192,Rillettes de lotte 90 grs,PROD-0181,Rillettes de lieu andouille de Vire 140 grs,PRIX_EQUIVALENT,0.0,4.5,4.5,OUI,OUI,OUI,NON,0,même sous-catégorie + même régime alcool + écart de prix ≤ 40 %
PROD-0192,Rillettes de lotte 90 grs,PROD-0183,Rillettes de saumon 140 grs,PRIX_EQUIVALENT,0.0,4.5,4.5,OUI,OUI,OUI,OUI,0,même sous-catégorie + même régime alcool + écart de prix ≤ 40 %
PROD-0192,Rillettes de lotte 90 grs,PROD-0184,Rillettes de saumon à l'aneth fraîche 140 grs,PRIX_EQUIVALENT,0.0,4.5,4.5,OUI,OUI,OUI,OUI,0,même sous-catégorie + même régime alcool + écart de prix ≤ 40 %
PROD-0192,Rillettes de lotte 90 grs,PROD-0185,Rillettes de saumon au camembert 140 grs,PRIX_EQUIVALENT,0.0,4.5,4.5,OUI,OUI,OUI,OUI,0,même sous-catégorie + même régime alcool + écart de prix ≤ 40 %
PROD-0193,Rillettes de lotte au chorizo 90 grs,PROD-0180,Rillettes de hareng 140 grs,PRIX_EQUIVALENT,0.0,4.5,4.5,OUI,OUI,OUI,OUI,0,même sous-catégorie + même régime alcool + écart de prix ≤ 40 %
PROD-0193,Rillettes de lotte au chorizo 90 grs,PROD-0181,Rillettes de lieu andouille de Vire 140 grs,PRIX_EQUIVALENT,0.0,4.5,4.5,OUI,OUI,OUI,NON,0,même sous-catégorie + même régime alcool + écart de prix ≤ 40 %
PROD-0193,Rillettes de lotte au chorizo 90 grs,PROD-0183,Rillettes de saumon 140 grs,PRIX_EQUIVALENT,0.0,4.5,4.5,OUI,OUI,OUI,OUI,0,même sous-catégorie + même régime alcool + écart de prix ≤ 40 %
PROD-0193,Rillettes de lotte au chorizo 90 grs,PROD-0184,Rillettes de saumon à l'aneth fraîche 140 grs,PRIX_EQUIVALENT,0.0,4.5,4.5,OUI,OUI,OUI,OUI,0,même sous-catégorie + même régime alcool + écart de prix ≤ 40 %
PROD-0193,Rillettes de lotte au chorizo 90 grs,PROD-0185,Rillettes de saumon au camembert 140 grs,PRIX_EQUIVALENT,0.0,4.5,4.5,OUI,OUI,OUI,OUI,0,même sous-catégorie + même régime alcool + écart de prix ≤ 40 %
PROD-0194,Rillettes noix de st jacques pomme miel 85 g,PROD-0180,Rillettes de hareng 140 grs,PRIX_EQUIVALENT,0.0,4.5,4.5,OUI,OUI,OUI,OUI,0,même sous-catégorie + même régime alcool + écart de prix ≤ 40 %
PROD-0194,Rillettes noix de st jacques pomme miel 85 g,PROD-0181,Rillettes de lieu andouille de Vire 140 grs,PRIX_EQUIVALENT,0.0,4.5,4.5,OUI,OUI,OUI,NON,0,même sous-catégorie + même régime alcool + écart de prix ≤ 40 %
PROD-0194,Rillettes noix de st jacques pomme miel 85 g,PROD-0183,Rillettes de saumon 140 grs,PRIX_EQUIVALENT,0.0,4.5,4.5,OUI,OUI,OUI,OUI,0,même sous-catégorie + même régime alcool + écart de prix ≤ 40 %
PROD-0194,Rillettes noix de st jacques pomme miel 85 g,PROD-0184,Rillettes de saumon à l'aneth fraîche 140 grs,PRIX_EQUIVALENT,0.0,4.5,4.5,OUI,OUI,OUI,OUI,0,même sous-catégorie + même régime alcool + écart de prix ≤ 40 %
PROD-0194,Rillettes noix de st jacques pomme miel 85 g,PROD-0185,Rillettes de saumon au camembert 140 grs,PRIX_EQUIVALENT,0.0,4.5,4.5,OUI,OUI,OUI,OUI,0,même sous-catégorie + même régime alcool + écart de prix ≤ 40 %
PROD-0195,Rillettes de truite fumée au safran 90 g,PROD-0153,St jacques foie gras 90 grs,PRIX_SUPERIEUR,5.3,3.8,4.0,OUI,OUI,NON,OUI,0,même sous-catégorie + même régime alcool + écart de prix ≤ 40 %
PROD-0195,Rillettes de truite fumée au safran 90 g,PROD-0155,Saumon  oseille 90 grs,PRIX_SUPERIEUR,5.3,3.8,4.0,OUI,OUI,NON,OUI,0,même sous-catégorie + même régime alcool + écart de prix ≤ 40 %
PROD-0195,Rillettes de truite fumée au safran 90 g,PROD-0156,Lotte jambon fumé 90 grs,PRIX_SUPERIEUR,5.3,3.8,4.0,OUI,OUI,NON,OUI,0,même sous-catégorie + même régime alcool + écart de prix ≤ 40 %
PROD-0195,Rillettes de truite fumée au safran 90 g,PROD-0196,Rillettes saumon aux noix  St Jacques 90 grs,PRIX_INFERIEUR,-7.9,3.8,3.5,OUI,OUI,OUI,OUI,0,même sous-catégorie + même régime alcool + écart de prix ≤ 40 %
PROD-0195,Rillettes de truite fumée au safran 90 g,PROD-0197,Rillettes de truite noix de st jacques 90 grs,PRIX_INFERIEUR,-7.9,3.8,3.5,OUI,OUI,OUI,OUI,0,même sous-catégorie + même régime alcool + écart de prix ≤ 40 %
PROD-0196,Rillettes saumon aux noix  St Jacques 90 grs,PROD-0197,Rillettes de truite noix de st jacques 90 grs,PRIX_EQUIVALENT,0.0,3.5,3.5,OUI,OUI,OUI,OUI,0,même sous-catégorie + même régime alcool + écart de prix ≤ 40 %
PROD-0196,Rillettes saumon aux noix  St Jacques 90 grs,PROD-0198,Terrine de haddock 90 grs,PRIX_EQUIVALENT,0.0,3.5,3.5,OUI,OUI,OUI,OUI,0,même sous-catégorie + même régime alcool + écart de prix ≤ 40 %
PROD-0196,Rillettes saumon aux noix  St Jacques 90 grs,PROD-0199,Terrine de truite fumée 90 grs,PRIX_EQUIVALENT,0.0,3.5,3.5,OUI,OUI,OUI,OUI,0,même sous-catégorie + même régime alcool + écart de prix ≤ 40 %
PROD-0196,Rillettes saumon aux noix  St Jacques 90 grs,PROD-0200,Terrine saumon fumé 90 grs,PRIX_EQUIVALENT,0.0,3.5,3.5,OUI,OUI,OUI,OUI,0,même sous-catégorie + même régime alcool + écart de prix ≤ 40 %
PROD-0196,Rillettes saumon aux noix  St Jacques 90 grs,PROD-0132,Thon ail et fines herbes 90 g,PRIX_INFERIEUR,-7.1,3.5,3.25,OUI,OUI,NON,OUI,0,même sous-catégorie + même régime alcool + écart de prix ≤ 40 %
PROD-0197,Rillettes de truite noix de st jacques 90 grs,PROD-0196,Rillettes saumon aux noix  St Jacques 90 grs,PRIX_EQUIVALENT,0.0,3.5,3.5,OUI,OUI,OUI,OUI,0,même sous-catégorie + même régime alcool + écart de prix ≤ 40 %
PROD-0197,Rillettes de truite noix de st jacques 90 grs,PROD-0198,Terrine de haddock 90 grs,PRIX_EQUIVALENT,0.0,3.5,3.5,OUI,OUI,OUI,OUI,0,même sous-catégorie + même régime alcool + écart de prix ≤ 40 %
PROD-0197,Rillettes de truite noix de st jacques 90 grs,PROD-0199,Terrine de truite fumée 90 grs,PRIX_EQUIVALENT,0.0,3.5,3.5,OUI,OUI,OUI,OUI,0,même sous-catégorie + même régime alcool + écart de prix ≤ 40 %
PROD-0197,Rillettes de truite noix de st jacques 90 grs,PROD-0200,Terrine saumon fumé 90 grs,PRIX_EQUIVALENT,0.0,3.5,3.5,OUI,OUI,OUI,OUI,0,même sous-catégorie + même régime alcool + écart de prix ≤ 40 %
PROD-0197,Rillettes de truite noix de st jacques 90 grs,PROD-0132,Thon ail et fines herbes 90 g,PRIX_INFERIEUR,-7.1,3.5,3.25,OUI,OUI,NON,OUI,0,même sous-catégorie + même régime alcool + écart de prix ≤ 40 %
PROD-0198,Terrine de haddock 90 grs,PROD-0196,Rillettes saumon aux noix  St Jacques 90 grs,PRIX_EQUIVALENT,0.0,3.5,3.5,OUI,OUI,OUI,OUI,0,même sous-catégorie + même régime alcool + écart de prix ≤ 40 %
PROD-0198,Terrine de haddock 90 grs,PROD-0197,Rillettes de truite noix de st jacques 90 grs,PRIX_EQUIVALENT,0.0,3.5,3.5,OUI,OUI,OUI,OUI,0,même sous-catégorie + même régime alcool + écart de prix ≤ 40 %
PROD-0198,Terrine de haddock 90 grs,PROD-0199,Terrine de truite fumée 90 grs,PRIX_EQUIVALENT,0.0,3.5,3.5,OUI,OUI,OUI,OUI,0,même sous-catégorie + même régime alcool + écart de prix ≤ 40 %
PROD-0198,Terrine de haddock 90 grs,PROD-0200,Terrine saumon fumé 90 grs,PRIX_EQUIVALENT,0.0,3.5,3.5,OUI,OUI,OUI,OUI,0,même sous-catégorie + même régime alcool + écart de prix ≤ 40 %
PROD-0198,Terrine de haddock 90 grs,PROD-0132,Thon ail et fines herbes 90 g,PRIX_INFERIEUR,-7.1,3.5,3.25,OUI,OUI,NON,OUI,0,même sous-catégorie + même régime alcool + écart de prix ≤ 40 %
PROD-0199,Terrine de truite fumée 90 grs,PROD-0196,Rillettes saumon aux noix  St Jacques 90 grs,PRIX_EQUIVALENT,0.0,3.5,3.5,OUI,OUI,OUI,OUI,0,même sous-catégorie + même régime alcool + écart de prix ≤ 40 %
PROD-0199,Terrine de truite fumée 90 grs,PROD-0197,Rillettes de truite noix de st jacques 90 grs,PRIX_EQUIVALENT,0.0,3.5,3.5,OUI,OUI,OUI,OUI,0,même sous-catégorie + même régime alcool + écart de prix ≤ 40 %
PROD-0199,Terrine de truite fumée 90 grs,PROD-0198,Terrine de haddock 90 grs,PRIX_EQUIVALENT,0.0,3.5,3.5,OUI,OUI,OUI,OUI,0,même sous-catégorie + même régime alcool + écart de prix ≤ 40 %
PROD-0199,Terrine de truite fumée 90 grs,PROD-0200,Terrine saumon fumé 90 grs,PRIX_EQUIVALENT,0.0,3.5,3.5,OUI,OUI,OUI,OUI,0,même sous-catégorie + même régime alcool + écart de prix ≤ 40 %
PROD-0199,Terrine de truite fumée 90 grs,PROD-0132,Thon ail et fines herbes 90 g,PRIX_INFERIEUR,-7.1,3.5,3.25,OUI,OUI,NON,OUI,0,même sous-catégorie + même régime alcool + écart de prix ≤ 40 %
PROD-0200,Terrine saumon fumé 90 grs,PROD-0196,Rillettes saumon aux noix  St Jacques 90 grs,PRIX_EQUIVALENT,0.0,3.5,3.5,OUI,OUI,OUI,OUI,0,même sous-catégorie + même régime alcool + écart de prix ≤ 40 %
PROD-0200,Terrine saumon fumé 90 grs,PROD-0197,Rillettes de truite noix de st jacques 90 grs,PRIX_EQUIVALENT,0.0,3.5,3.5,OUI,OUI,OUI,OUI,0,même sous-catégorie + même régime alcool + écart de prix ≤ 40 %
PROD-0200,Terrine saumon fumé 90 grs,PROD-0198,Terrine de haddock 90 grs,PRIX_EQUIVALENT,0.0,3.5,3.5,OUI,OUI,OUI,OUI,0,même sous-catégorie + même régime alcool + écart de prix ≤ 40 %
PROD-0200,Terrine saumon fumé 90 grs,PROD-0199,Terrine de truite fumée 90 grs,PRIX_EQUIVALENT,0.0,3.5,3.5,OUI,OUI,OUI,OUI,0,même sous-catégorie + même régime alcool + écart de prix ≤ 40 %
PROD-0200,Terrine saumon fumé 90 grs,PROD-0132,Thon ail et fines herbes 90 g,PRIX_INFERIEUR,-7.1,3.5,3.25,OUI,OUI,NON,OUI,0,même sous-catégorie + même régime alcool + écart de prix ≤ 40 %
PROD-0201,Rillettes saumon au miel et curry 90 grs,PROD-0202,Rillettes de hareng à la tomate 90 grs,PRIX_EQUIVALENT,0.0,3.2,3.2,OUI,OUI,OUI,OUI,0,même sous-catégorie + même régime alcool + écart de prix ≤ 40 %
PROD-0201,Rillettes saumon au miel et curry 90 grs,PROD-0204,Rillettes de sardine 90 grs,PRIX_EQUIVALENT,0.0,3.2,3.2,OUI,OUI,OUI,OUI,0,même sous-catégorie + même régime alcool + écart de prix ≤ 40 %
PROD-0201,Rillettes saumon au miel et curry 90 grs,PROD-0205,Rillettes de sardine aux olives 90 grs,PRIX_EQUIVALENT,0.0,3.2,3.2,OUI,OUI,OUI,OUI,0,même sous-catégorie + même régime alcool + écart de prix ≤ 40 %
PROD-0201,Rillettes saumon au miel et curry 90 grs,PROD-0206,Rillettes de saumon 90 grs/12,PRIX_EQUIVALENT,0.0,3.2,3.2,OUI,OUI,OUI,OUI,0,même sous-catégorie + même régime alcool + écart de prix ≤ 40 %
PROD-0201,Rillettes saumon au miel et curry 90 grs,PROD-0207,Rillettes de saumon à l'aneth fraîche 90 grs,PRIX_EQUIVALENT,0.0,3.2,3.2,OUI,OUI,OUI,OUI,0,même sous-catégorie + même régime alcool + écart de prix ≤ 40 %
PROD-0202,Rillettes de hareng à la tomate 90 grs,PROD-0201,Rillettes saumon au miel et curry 90 grs,PRIX_EQUIVALENT,0.0,3.2,3.2,OUI,OUI,OUI,OUI,0,même sous-catégorie + même régime alcool + écart de prix ≤ 40 %
PROD-0202,Rillettes de hareng à la tomate 90 grs,PROD-0204,Rillettes de sardine 90 grs,PRIX_EQUIVALENT,0.0,3.2,3.2,OUI,OUI,OUI,OUI,0,même sous-catégorie + même régime alcool + écart de prix ≤ 40 %
PROD-0202,Rillettes de hareng à la tomate 90 grs,PROD-0205,Rillettes de sardine aux olives 90 grs,PRIX_EQUIVALENT,0.0,3.2,3.2,OUI,OUI,OUI,OUI,0,même sous-catégorie + même régime alcool + écart de prix ≤ 40 %
PROD-0202,Rillettes de hareng à la tomate 90 grs,PROD-0206,Rillettes de saumon 90 grs/12,PRIX_EQUIVALENT,0.0,3.2,3.2,OUI,OUI,OUI,OUI,0,même sous-catégorie + même régime alcool + écart de prix ≤ 40 %
PROD-0202,Rillettes de hareng à la tomate 90 grs,PROD-0207,Rillettes de saumon à l'aneth fraîche 90 grs,PRIX_EQUIVALENT,0.0,3.2,3.2,OUI,OUI,OUI,OUI,0,même sous-catégorie + même régime alcool + écart de prix ≤ 40 %
PROD-0203,Rillettes maquereaux moutarde 90 grs,PROD-0208,Rillettes de saumon au confit d'oignon 90 grs,PRIX_EQUIVALENT,0.0,3.2,3.2,OUI,OUI,OUI,OUI,0,même sous-catégorie + même régime alcool + écart de prix ≤ 40 %
PROD-0203,Rillettes maquereaux moutarde 90 grs,PROD-0211,Rillettes de truite moutarde ancienne 90 grs,PRIX_EQUIVALENT,0.0,3.2,3.2,OUI,OUI,OUI,OUI,0,même sous-catégorie + même régime alcool + écart de prix ≤ 40 %
PROD-0203,Rillettes maquereaux moutarde 90 grs,PROD-0214,Rillettes sardine confit d'oignon 90 grs,PRIX_EQUIVALENT,0.0,3.2,3.2,OUI,OUI,OUI,OUI,0,même sous-catégorie + même régime alcool + écart de prix ≤ 40 %
PROD-0203,Rillettes maquereaux moutarde 90 grs,PROD-0063,Confit d'oignons 100 gr,PRIX_INFERIEUR,-5.6,3.2,3.02,OUI,OUI,NON,OUI,0,même sous-catégorie + même régime alcool + écart de prix ≤ 40 %
PROD-0203,Rillettes maquereaux moutarde 90 grs,PROD-0064,Chutney de figue 100 gr,PRIX_INFERIEUR,-5.6,3.2,3.02,OUI,OUI,NON,OUI,0,même sous-catégorie + même régime alcool + écart de prix ≤ 40 %
PROD-0204,Rillettes de sardine 90 grs,PROD-0201,Rillettes saumon au miel et curry 90 grs,PRIX_EQUIVALENT,0.0,3.2,3.2,OUI,OUI,OUI,OUI,0,même sous-catégorie + même régime alcool + écart de prix ≤ 40 %
PROD-0204,Rillettes de sardine 90 grs,PROD-0202,Rillettes de hareng à la tomate 90 grs,PRIX_EQUIVALENT,0.0,3.2,3.2,OUI,OUI,OUI,OUI,0,même sous-catégorie + même régime alcool + écart de prix ≤ 40 %
PROD-0204,Rillettes de sardine 90 grs,PROD-0205,Rillettes de sardine aux olives 90 grs,PRIX_EQUIVALENT,0.0,3.2,3.2,OUI,OUI,OUI,OUI,0,même sous-catégorie + même régime alcool + écart de prix ≤ 40 %
PROD-0204,Rillettes de sardine 90 grs,PROD-0206,Rillettes de saumon 90 grs/12,PRIX_EQUIVALENT,0.0,3.2,3.2,OUI,OUI,OUI,OUI,0,même sous-catégorie + même régime alcool + écart de prix ≤ 40 %
PROD-0204,Rillettes de sardine 90 grs,PROD-0207,Rillettes de saumon à l'aneth fraîche 90 grs,PRIX_EQUIVALENT,0.0,3.2,3.2,OUI,OUI,OUI,OUI,0,même sous-catégorie + même régime alcool + écart de prix ≤ 40 %
PROD-0205,Rillettes de sardine aux olives 90 grs,PROD-0201,Rillettes saumon au miel et curry 90 grs,PRIX_EQUIVALENT,0.0,3.2,3.2,OUI,OUI,OUI,OUI,0,même sous-catégorie + même régime alcool + écart de prix ≤ 40 %
PROD-0205,Rillettes de sardine aux olives 90 grs,PROD-0202,Rillettes de hareng à la tomate 90 grs,PRIX_EQUIVALENT,0.0,3.2,3.2,OUI,OUI,OUI,OUI,0,même sous-catégorie + même régime alcool + écart de prix ≤ 40 %
PROD-0205,Rillettes de sardine aux olives 90 grs,PROD-0204,Rillettes de sardine 90 grs,PRIX_EQUIVALENT,0.0,3.2,3.2,OUI,OUI,OUI,OUI,0,même sous-catégorie + même régime alcool + écart de prix ≤ 40 %
PROD-0205,Rillettes de sardine aux olives 90 grs,PROD-0206,Rillettes de saumon 90 grs/12,PRIX_EQUIVALENT,0.0,3.2,3.2,OUI,OUI,OUI,OUI,0,même sous-catégorie + même régime alcool + écart de prix ≤ 40 %
PROD-0205,Rillettes de sardine aux olives 90 grs,PROD-0207,Rillettes de saumon à l'aneth fraîche 90 grs,PRIX_EQUIVALENT,0.0,3.2,3.2,OUI,OUI,OUI,OUI,0,même sous-catégorie + même régime alcool + écart de prix ≤ 40 %
PROD-0206,Rillettes de saumon 90 grs/12,PROD-0201,Rillettes saumon au miel et curry 90 grs,PRIX_EQUIVALENT,0.0,3.2,3.2,OUI,OUI,OUI,OUI,0,même sous-catégorie + même régime alcool + écart de prix ≤ 40 %
PROD-0206,Rillettes de saumon 90 grs/12,PROD-0202,Rillettes de hareng à la tomate 90 grs,PRIX_EQUIVALENT,0.0,3.2,3.2,OUI,OUI,OUI,OUI,0,même sous-catégorie + même régime alcool + écart de prix ≤ 40 %
PROD-0206,Rillettes de saumon 90 grs/12,PROD-0204,Rillettes de sardine 90 grs,PRIX_EQUIVALENT,0.0,3.2,3.2,OUI,OUI,OUI,OUI,0,même sous-catégorie + même régime alcool + écart de prix ≤ 40 %
PROD-0206,Rillettes de saumon 90 grs/12,PROD-0205,Rillettes de sardine aux olives 90 grs,PRIX_EQUIVALENT,0.0,3.2,3.2,OUI,OUI,OUI,OUI,0,même sous-catégorie + même régime alcool + écart de prix ≤ 40 %
PROD-0206,Rillettes de saumon 90 grs/12,PROD-0207,Rillettes de saumon à l'aneth fraîche 90 grs,PRIX_EQUIVALENT,0.0,3.2,3.2,OUI,OUI,OUI,OUI,0,même sous-catégorie + même régime alcool + écart de prix ≤ 40 %
PROD-0207,Rillettes de saumon à l'aneth fraîche 90 grs,PROD-0201,Rillettes saumon au miel et curry 90 grs,PRIX_EQUIVALENT,0.0,3.2,3.2,OUI,OUI,OUI,OUI,0,même sous-catégorie + même régime alcool + écart de prix ≤ 40 %
PROD-0207,Rillettes de saumon à l'aneth fraîche 90 grs,PROD-0202,Rillettes de hareng à la tomate 90 grs,PRIX_EQUIVALENT,0.0,3.2,3.2,OUI,OUI,OUI,OUI,0,même sous-catégorie + même régime alcool + écart de prix ≤ 40 %
PROD-0207,Rillettes de saumon à l'aneth fraîche 90 grs,PROD-0204,Rillettes de sardine 90 grs,PRIX_EQUIVALENT,0.0,3.2,3.2,OUI,OUI,OUI,OUI,0,même sous-catégorie + même régime alcool + écart de prix ≤ 40 %
PROD-0207,Rillettes de saumon à l'aneth fraîche 90 grs,PROD-0205,Rillettes de sardine aux olives 90 grs,PRIX_EQUIVALENT,0.0,3.2,3.2,OUI,OUI,OUI,OUI,0,même sous-catégorie + même régime alcool + écart de prix ≤ 40 %
PROD-0207,Rillettes de saumon à l'aneth fraîche 90 grs,PROD-0206,Rillettes de saumon 90 grs/12,PRIX_EQUIVALENT,0.0,3.2,3.2,OUI,OUI,OUI,OUI,0,même sous-catégorie + même régime alcool + écart de prix ≤ 40 %
PROD-0208,Rillettes de saumon au confit d'oignon 90 grs,PROD-0203,Rillettes maquereaux moutarde 90 grs,PRIX_EQUIVALENT,0.0,3.2,3.2,OUI,OUI,OUI,OUI,0,même sous-catégorie + même régime alcool + écart de prix ≤ 40 %
PROD-0208,Rillettes de saumon au confit d'oignon 90 grs,PROD-0211,Rillettes de truite moutarde ancienne 90 grs,PRIX_EQUIVALENT,0.0,3.2,3.2,OUI,OUI,OUI,OUI,0,même sous-catégorie + même régime alcool + écart de prix ≤ 40 %
PROD-0208,Rillettes de saumon au confit d'oignon 90 grs,PROD-0214,Rillettes sardine confit d'oignon 90 grs,PRIX_EQUIVALENT,0.0,3.2,3.2,OUI,OUI,OUI,OUI,0,même sous-catégorie + même régime alcool + écart de prix ≤ 40 %
PROD-0208,Rillettes de saumon au confit d'oignon 90 grs,PROD-0063,Confit d'oignons 100 gr,PRIX_INFERIEUR,-5.6,3.2,3.02,OUI,OUI,NON,OUI,0,même sous-catégorie + même régime alcool + écart de prix ≤ 40 %
PROD-0208,Rillettes de saumon au confit d'oignon 90 grs,PROD-0064,Chutney de figue 100 gr,PRIX_INFERIEUR,-5.6,3.2,3.02,OUI,OUI,NON,OUI,0,même sous-catégorie + même régime alcool + écart de prix ≤ 40 %
PROD-0209,Rillettes de truite 90 grs,PROD-0201,Rillettes saumon au miel et curry 90 grs,PRIX_EQUIVALENT,0.0,3.2,3.2,OUI,OUI,OUI,OUI,0,même sous-catégorie + même régime alcool + écart de prix ≤ 40 %
PROD-0209,Rillettes de truite 90 grs,PROD-0202,Rillettes de hareng à la tomate 90 grs,PRIX_EQUIVALENT,0.0,3.2,3.2,OUI,OUI,OUI,OUI,0,même sous-catégorie + même régime alcool + écart de prix ≤ 40 %
PROD-0209,Rillettes de truite 90 grs,PROD-0204,Rillettes de sardine 90 grs,PRIX_EQUIVALENT,0.0,3.2,3.2,OUI,OUI,OUI,OUI,0,même sous-catégorie + même régime alcool + écart de prix ≤ 40 %
PROD-0209,Rillettes de truite 90 grs,PROD-0205,Rillettes de sardine aux olives 90 grs,PRIX_EQUIVALENT,0.0,3.2,3.2,OUI,OUI,OUI,OUI,0,même sous-catégorie + même régime alcool + écart de prix ≤ 40 %
PROD-0209,Rillettes de truite 90 grs,PROD-0206,Rillettes de saumon 90 grs/12,PRIX_EQUIVALENT,0.0,3.2,3.2,OUI,OUI,OUI,OUI,0,même sous-catégorie + même régime alcool + écart de prix ≤ 40 %
PROD-0210,Rillettes de truite à l'aneth fraîche 90 grs,PROD-0201,Rillettes saumon au miel et curry 90 grs,PRIX_EQUIVALENT,0.0,3.2,3.2,OUI,OUI,OUI,OUI,0,même sous-catégorie + même régime alcool + écart de prix ≤ 40 %
PROD-0210,Rillettes de truite à l'aneth fraîche 90 grs,PROD-0202,Rillettes de hareng à la tomate 90 grs,PRIX_EQUIVALENT,0.0,3.2,3.2,OUI,OUI,OUI,OUI,0,même sous-catégorie + même régime alcool + écart de prix ≤ 40 %
PROD-0210,Rillettes de truite à l'aneth fraîche 90 grs,PROD-0204,Rillettes de sardine 90 grs,PRIX_EQUIVALENT,0.0,3.2,3.2,OUI,OUI,OUI,OUI,0,même sous-catégorie + même régime alcool + écart de prix ≤ 40 %
PROD-0210,Rillettes de truite à l'aneth fraîche 90 grs,PROD-0205,Rillettes de sardine aux olives 90 grs,PRIX_EQUIVALENT,0.0,3.2,3.2,OUI,OUI,OUI,OUI,0,même sous-catégorie + même régime alcool + écart de prix ≤ 40 %
PROD-0210,Rillettes de truite à l'aneth fraîche 90 grs,PROD-0206,Rillettes de saumon 90 grs/12,PRIX_EQUIVALENT,0.0,3.2,3.2,OUI,OUI,OUI,OUI,0,même sous-catégorie + même régime alcool + écart de prix ≤ 40 %
PROD-0211,Rillettes de truite moutarde ancienne 90 grs,PROD-0203,Rillettes maquereaux moutarde 90 grs,PRIX_EQUIVALENT,0.0,3.2,3.2,OUI,OUI,OUI,OUI,0,même sous-catégorie + même régime alcool + écart de prix ≤ 40 %
PROD-0211,Rillettes de truite moutarde ancienne 90 grs,PROD-0208,Rillettes de saumon au confit d'oignon 90 grs,PRIX_EQUIVALENT,0.0,3.2,3.2,OUI,OUI,OUI,OUI,0,même sous-catégorie + même régime alcool + écart de prix ≤ 40 %
PROD-0211,Rillettes de truite moutarde ancienne 90 grs,PROD-0214,Rillettes sardine confit d'oignon 90 grs,PRIX_EQUIVALENT,0.0,3.2,3.2,OUI,OUI,OUI,OUI,0,même sous-catégorie + même régime alcool + écart de prix ≤ 40 %
PROD-0211,Rillettes de truite moutarde ancienne 90 grs,PROD-0063,Confit d'oignons 100 gr,PRIX_INFERIEUR,-5.6,3.2,3.02,OUI,OUI,NON,OUI,0,même sous-catégorie + même régime alcool + écart de prix ≤ 40 %
PROD-0211,Rillettes de truite moutarde ancienne 90 grs,PROD-0064,Chutney de figue 100 gr,PRIX_INFERIEUR,-5.6,3.2,3.02,OUI,OUI,NON,OUI,0,même sous-catégorie + même régime alcool + écart de prix ≤ 40 %
PROD-0212,Rillettes lieu andouille de Vire 90 grs,PROD-0201,Rillettes saumon au miel et curry 90 grs,PRIX_EQUIVALENT,0.0,3.2,3.2,OUI,OUI,OUI,NON,0,même sous-catégorie + même régime alcool + écart de prix ≤ 40 %
PROD-0212,Rillettes lieu andouille de Vire 90 grs,PROD-0202,Rillettes de hareng à la tomate 90 grs,PRIX_EQUIVALENT,0.0,3.2,3.2,OUI,OUI,OUI,NON,0,même sous-catégorie + même régime alcool + écart de prix ≤ 40 %
PROD-0212,Rillettes lieu andouille de Vire 90 grs,PROD-0204,Rillettes de sardine 90 grs,PRIX_EQUIVALENT,0.0,3.2,3.2,OUI,OUI,OUI,NON,0,même sous-catégorie + même régime alcool + écart de prix ≤ 40 %
PROD-0212,Rillettes lieu andouille de Vire 90 grs,PROD-0205,Rillettes de sardine aux olives 90 grs,PRIX_EQUIVALENT,0.0,3.2,3.2,OUI,OUI,OUI,NON,0,même sous-catégorie + même régime alcool + écart de prix ≤ 40 %
PROD-0212,Rillettes lieu andouille de Vire 90 grs,PROD-0206,Rillettes de saumon 90 grs/12,PRIX_EQUIVALENT,0.0,3.2,3.2,OUI,OUI,OUI,NON,0,même sous-catégorie + même régime alcool + écart de prix ≤ 40 %
PROD-0213,rillettes sardine à la tomate 90 grs,PROD-0201,Rillettes saumon au miel et curry 90 grs,PRIX_EQUIVALENT,0.0,3.2,3.2,OUI,OUI,OUI,OUI,0,même sous-catégorie + même régime alcool + écart de prix ≤ 40 %
PROD-0213,rillettes sardine à la tomate 90 grs,PROD-0202,Rillettes de hareng à la tomate 90 grs,PRIX_EQUIVALENT,0.0,3.2,3.2,OUI,OUI,OUI,OUI,0,même sous-catégorie + même régime alcool + écart de prix ≤ 40 %
PROD-0213,rillettes sardine à la tomate 90 grs,PROD-0204,Rillettes de sardine 90 grs,PRIX_EQUIVALENT,0.0,3.2,3.2,OUI,OUI,OUI,OUI,0,même sous-catégorie + même régime alcool + écart de prix ≤ 40 %
PROD-0213,rillettes sardine à la tomate 90 grs,PROD-0205,Rillettes de sardine aux olives 90 grs,PRIX_EQUIVALENT,0.0,3.2,3.2,OUI,OUI,OUI,OUI,0,même sous-catégorie + même régime alcool + écart de prix ≤ 40 %
PROD-0213,rillettes sardine à la tomate 90 grs,PROD-0206,Rillettes de saumon 90 grs/12,PRIX_EQUIVALENT,0.0,3.2,3.2,OUI,OUI,OUI,OUI,0,même sous-catégorie + même régime alcool + écart de prix ≤ 40 %
PROD-0214,Rillettes sardine confit d'oignon 90 grs,PROD-0203,Rillettes maquereaux moutarde 90 grs,PRIX_EQUIVALENT,0.0,3.2,3.2,OUI,OUI,OUI,OUI,0,même sous-catégorie + même régime alcool + écart de prix ≤ 40 %
PROD-0214,Rillettes sardine confit d'oignon 90 grs,PROD-0208,Rillettes de saumon au confit d'oignon 90 grs,PRIX_EQUIVALENT,0.0,3.2,3.2,OUI,OUI,OUI,OUI,0,même sous-catégorie + même régime alcool + écart de prix ≤ 40 %
PROD-0214,Rillettes sardine confit d'oignon 90 grs,PROD-0211,Rillettes de truite moutarde ancienne 90 grs,PRIX_EQUIVALENT,0.0,3.2,3.2,OUI,OUI,OUI,OUI,0,même sous-catégorie + même régime alcool + écart de prix ≤ 40 %
PROD-0214,Rillettes sardine confit d'oignon 90 grs,PROD-0063,Confit d'oignons 100 gr,PRIX_INFERIEUR,-5.6,3.2,3.02,OUI,OUI,NON,OUI,0,même sous-catégorie + même régime alcool + écart de prix ≤ 40 %
PROD-0214,Rillettes sardine confit d'oignon 90 grs,PROD-0064,Chutney de figue 100 gr,PRIX_INFERIEUR,-5.6,3.2,3.02,OUI,OUI,NON,OUI,0,même sous-catégorie + même régime alcool + écart de prix ≤ 40 %
PROD-0215,Rillettes saumon à l'andouille de Vire 90 grs,PROD-0201,Rillettes saumon au miel et curry 90 grs,PRIX_EQUIVALENT,0.0,3.2,3.2,OUI,OUI,OUI,NON,0,même sous-catégorie + même régime alcool + écart de prix ≤ 40 %
PROD-0215,Rillettes saumon à l'andouille de Vire 90 grs,PROD-0202,Rillettes de hareng à la tomate 90 grs,PRIX_EQUIVALENT,0.0,3.2,3.2,OUI,OUI,OUI,NON,0,même sous-catégorie + même régime alcool + écart de prix ≤ 40 %
PROD-0215,Rillettes saumon à l'andouille de Vire 90 grs,PROD-0204,Rillettes de sardine 90 grs,PRIX_EQUIVALENT,0.0,3.2,3.2,OUI,OUI,OUI,NON,0,même sous-catégorie + même régime alcool + écart de prix ≤ 40 %
PROD-0215,Rillettes saumon à l'andouille de Vire 90 grs,PROD-0205,Rillettes de sardine aux olives 90 grs,PRIX_EQUIVALENT,0.0,3.2,3.2,OUI,OUI,OUI,NON,0,même sous-catégorie + même régime alcool + écart de prix ≤ 40 %
PROD-0215,Rillettes saumon à l'andouille de Vire 90 grs,PROD-0206,Rillettes de saumon 90 grs/12,PRIX_EQUIVALENT,0.0,3.2,3.2,OUI,OUI,OUI,NON,0,même sous-catégorie + même régime alcool + écart de prix ≤ 40 %
PROD-0216,Rillettes saumon au curry 90 grs,PROD-0201,Rillettes saumon au miel et curry 90 grs,PRIX_EQUIVALENT,0.0,3.2,3.2,OUI,OUI,OUI,OUI,0,même sous-catégorie + même régime alcool + écart de prix ≤ 40 %
PROD-0216,Rillettes saumon au curry 90 grs,PROD-0202,Rillettes de hareng à la tomate 90 grs,PRIX_EQUIVALENT,0.0,3.2,3.2,OUI,OUI,OUI,OUI,0,même sous-catégorie + même régime alcool + écart de prix ≤ 40 %
PROD-0216,Rillettes saumon au curry 90 grs,PROD-0204,Rillettes de sardine 90 grs,PRIX_EQUIVALENT,0.0,3.2,3.2,OUI,OUI,OUI,OUI,0,même sous-catégorie + même régime alcool + écart de prix ≤ 40 %
PROD-0216,Rillettes saumon au curry 90 grs,PROD-0205,Rillettes de sardine aux olives 90 grs,PRIX_EQUIVALENT,0.0,3.2,3.2,OUI,OUI,OUI,OUI,0,même sous-catégorie + même régime alcool + écart de prix ≤ 40 %
PROD-0216,Rillettes saumon au curry 90 grs,PROD-0206,Rillettes de saumon 90 grs/12,PRIX_EQUIVALENT,0.0,3.2,3.2,OUI,OUI,OUI,OUI,0,même sous-catégorie + même régime alcool + écart de prix ≤ 40 %
PROD-0217,Rillettes saumon camembert 90 grs,PROD-0201,Rillettes saumon au miel et curry 90 grs,PRIX_EQUIVALENT,0.0,3.2,3.2,OUI,OUI,OUI,OUI,0,même sous-catégorie + même régime alcool + écart de prix ≤ 40 %
PROD-0217,Rillettes saumon camembert 90 grs,PROD-0202,Rillettes de hareng à la tomate 90 grs,PRIX_EQUIVALENT,0.0,3.2,3.2,OUI,OUI,OUI,OUI,0,même sous-catégorie + même régime alcool + écart de prix ≤ 40 %
PROD-0217,Rillettes saumon camembert 90 grs,PROD-0204,Rillettes de sardine 90 grs,PRIX_EQUIVALENT,0.0,3.2,3.2,OUI,OUI,OUI,OUI,0,même sous-catégorie + même régime alcool + écart de prix ≤ 40 %
PROD-0217,Rillettes saumon camembert 90 grs,PROD-0205,Rillettes de sardine aux olives 90 grs,PRIX_EQUIVALENT,0.0,3.2,3.2,OUI,OUI,OUI,OUI,0,même sous-catégorie + même régime alcool + écart de prix ≤ 40 %
PROD-0217,Rillettes saumon camembert 90 grs,PROD-0206,Rillettes de saumon 90 grs/12,PRIX_EQUIVALENT,0.0,3.2,3.2,OUI,OUI,OUI,OUI,0,même sous-catégorie + même régime alcool + écart de prix ≤ 40 %
PROD-0218,Rillettes saumon chèvre 90 grs,PROD-0201,Rillettes saumon au miel et curry 90 grs,PRIX_EQUIVALENT,0.0,3.2,3.2,OUI,OUI,OUI,OUI,0,même sous-catégorie + même régime alcool + écart de prix ≤ 40 %
PROD-0218,Rillettes saumon chèvre 90 grs,PROD-0202,Rillettes de hareng à la tomate 90 grs,PRIX_EQUIVALENT,0.0,3.2,3.2,OUI,OUI,OUI,OUI,0,même sous-catégorie + même régime alcool + écart de prix ≤ 40 %
PROD-0218,Rillettes saumon chèvre 90 grs,PROD-0204,Rillettes de sardine 90 grs,PRIX_EQUIVALENT,0.0,3.2,3.2,OUI,OUI,OUI,OUI,0,même sous-catégorie + même régime alcool + écart de prix ≤ 40 %
PROD-0218,Rillettes saumon chèvre 90 grs,PROD-0205,Rillettes de sardine aux olives 90 grs,PRIX_EQUIVALENT,0.0,3.2,3.2,OUI,OUI,OUI,OUI,0,même sous-catégorie + même régime alcool + écart de prix ≤ 40 %
PROD-0218,Rillettes saumon chèvre 90 grs,PROD-0206,Rillettes de saumon 90 grs/12,PRIX_EQUIVALENT,0.0,3.2,3.2,OUI,OUI,OUI,OUI,0,même sous-catégorie + même régime alcool + écart de prix ≤ 40 %
PROD-0219,Mousse de saumon 90 grs,PROD-0201,Rillettes saumon au miel et curry 90 grs,PRIX_EQUIVALENT,0.0,3.2,3.2,OUI,OUI,OUI,OUI,0,même sous-catégorie + même régime alcool + écart de prix ≤ 40 %
PROD-0219,Mousse de saumon 90 grs,PROD-0202,Rillettes de hareng à la tomate 90 grs,PRIX_EQUIVALENT,0.0,3.2,3.2,OUI,OUI,OUI,OUI,0,même sous-catégorie + même régime alcool + écart de prix ≤ 40 %
PROD-0219,Mousse de saumon 90 grs,PROD-0204,Rillettes de sardine 90 grs,PRIX_EQUIVALENT,0.0,3.2,3.2,OUI,OUI,OUI,OUI,0,même sous-catégorie + même régime alcool + écart de prix ≤ 40 %
PROD-0219,Mousse de saumon 90 grs,PROD-0205,Rillettes de sardine aux olives 90 grs,PRIX_EQUIVALENT,0.0,3.2,3.2,OUI,OUI,OUI,OUI,0,même sous-catégorie + même régime alcool + écart de prix ≤ 40 %
PROD-0219,Mousse de saumon 90 grs,PROD-0206,Rillettes de saumon 90 grs/12,PRIX_EQUIVALENT,0.0,3.2,3.2,OUI,OUI,OUI,OUI,0,même sous-catégorie + même régime alcool + écart de prix ≤ 40 %
PROD-0220,Mousse de truite 90 grs,PROD-0201,Rillettes saumon au miel et curry 90 grs,PRIX_EQUIVALENT,0.0,3.2,3.2,OUI,OUI,OUI,OUI,0,même sous-catégorie + même régime alcool + écart de prix ≤ 40 %
PROD-0220,Mousse de truite 90 grs,PROD-0202,Rillettes de hareng à la tomate 90 grs,PRIX_EQUIVALENT,0.0,3.2,3.2,OUI,OUI,OUI,OUI,0,même sous-catégorie + même régime alcool + écart de prix ≤ 40 %
PROD-0220,Mousse de truite 90 grs,PROD-0204,Rillettes de sardine 90 grs,PRIX_EQUIVALENT,0.0,3.2,3.2,OUI,OUI,OUI,OUI,0,même sous-catégorie + même régime alcool + écart de prix ≤ 40 %
PROD-0220,Mousse de truite 90 grs,PROD-0205,Rillettes de sardine aux olives 90 grs,PRIX_EQUIVALENT,0.0,3.2,3.2,OUI,OUI,OUI,OUI,0,même sous-catégorie + même régime alcool + écart de prix ≤ 40 %
PROD-0220,Mousse de truite 90 grs,PROD-0206,Rillettes de saumon 90 grs/12,PRIX_EQUIVALENT,0.0,3.2,3.2,OUI,OUI,OUI,OUI,0,même sous-catégorie + même régime alcool + écart de prix ≤ 40 %
PROD-0221,Rouille 85 grs,PROD-0129,Soupe d'étrilles 50 cl,PRIX_INFERIEUR,-17.5,2.8,2.31,OUI,OUI,NON,OUI,-1,même sous-catégorie + même régime alcool + écart de prix ≤ 40 %
PROD-0221,Rouille 85 grs,PROD-0131,Soupe de langoustines 50 cl,PRIX_INFERIEUR,-17.5,2.8,2.31,OUI,OUI,NON,OUI,-1,même sous-catégorie + même régime alcool + écart de prix ≤ 40 %
PROD-0221,Rouille 85 grs,PROD-0124,Soupe de poisson 1 litre,PRIX_SUPERIEUR,21.4,2.8,3.4,OUI,OUI,NON,OUI,0,même sous-catégorie + même régime alcool + écart de prix ≤ 40 %
PROD-0221,Rouille 85 grs,PROD-0172,Soupe de saumon fumé  480 ml,PRIX_SUPERIEUR,25.0,2.8,3.5,OUI,OUI,OUI,OUI,0,même sous-catégorie + même régime alcool + écart de prix ≤ 40 %
PROD-0221,Rouille 85 grs,PROD-0173,Soupe de truite fumée 480 ml,PRIX_SUPERIEUR,25.0,2.8,3.5,OUI,OUI,OUI,OUI,0,même sous-catégorie + même régime alcool + écart de prix ≤ 40 %
PROD-0222,"Café ""la tasse de Lola"" 250 grs",PROD-0223,"Café grains ""la tasse de Lola"" 250 grs",PRIX_EQUIVALENT,1.6,5.0,5.08,OUI,OUI,OUI,OUI,0,même sous-catégorie + même régime alcool + écart de prix ≤ 40 %
PROD-0223,"Café grains ""la tasse de Lola"" 250 grs",PROD-0222,"Café ""la tasse de Lola"" 250 grs",PRIX_EQUIVALENT,-1.6,5.08,5.0,OUI,OUI,OUI,OUI,0,même sous-catégorie + même régime alcool + écart de prix ≤ 40 %
PROD-0224,Thé noir  God save the tea,PROD-0225,Thé noir Vahiné,PRIX_EQUIVALENT,0.0,5.78,5.78,OUI,OUI,OUI,OUI,0,même sous-catégorie + même régime alcool + écart de prix ≤ 40 %
PROD-0224,Thé noir  God save the tea,PROD-0226,Thé noir Blue twist,PRIX_EQUIVALENT,0.0,5.78,5.78,OUI,OUI,OUI,OUI,0,même sous-catégorie + même régime alcool + écart de prix ≤ 40 %
PROD-0224,Thé noir  God save the tea,PROD-0227,Thé noir Back in Black,PRIX_EQUIVALENT,0.0,5.78,5.78,OUI,OUI,OUI,OUI,0,même sous-catégorie + même régime alcool + écart de prix ≤ 40 %
PROD-0224,Thé noir  God save the tea,PROD-0228,Thé noir Jeu de l'agrume,PRIX_EQUIVALENT,0.0,5.78,5.78,OUI,OUI,OUI,OUI,0,même sous-catégorie + même régime alcool + écart de prix ≤ 40 %
PROD-0224,Thé noir  God save the tea,PROD-0229,Thé vert Chaud Mojito,PRIX_EQUIVALENT,0.0,5.78,5.78,OUI,OUI,OUI,OUI,0,même sous-catégorie + même régime alcool + écart de prix ≤ 40 %
PROD-0225,Thé noir Vahiné,PROD-0224,Thé noir  God save the tea,PRIX_EQUIVALENT,0.0,5.78,5.78,OUI,OUI,OUI,OUI,0,même sous-catégorie + même régime alcool + écart de prix ≤ 40 %
PROD-0225,Thé noir Vahiné,PROD-0226,Thé noir Blue twist,PRIX_EQUIVALENT,0.0,5.78,5.78,OUI,OUI,OUI,OUI,0,même sous-catégorie + même régime alcool + écart de prix ≤ 40 %
PROD-0225,Thé noir Vahiné,PROD-0227,Thé noir Back in Black,PRIX_EQUIVALENT,0.0,5.78,5.78,OUI,OUI,OUI,OUI,0,même sous-catégorie + même régime alcool + écart de prix ≤ 40 %
PROD-0225,Thé noir Vahiné,PROD-0228,Thé noir Jeu de l'agrume,PRIX_EQUIVALENT,0.0,5.78,5.78,OUI,OUI,OUI,OUI,0,même sous-catégorie + même régime alcool + écart de prix ≤ 40 %
PROD-0225,Thé noir Vahiné,PROD-0229,Thé vert Chaud Mojito,PRIX_EQUIVALENT,0.0,5.78,5.78,OUI,OUI,OUI,OUI,0,même sous-catégorie + même régime alcool + écart de prix ≤ 40 %
PROD-0226,Thé noir Blue twist,PROD-0224,Thé noir  God save the tea,PRIX_EQUIVALENT,0.0,5.78,5.78,OUI,OUI,OUI,OUI,0,même sous-catégorie + même régime alcool + écart de prix ≤ 40 %
PROD-0226,Thé noir Blue twist,PROD-0225,Thé noir Vahiné,PRIX_EQUIVALENT,0.0,5.78,5.78,OUI,OUI,OUI,OUI,0,même sous-catégorie + même régime alcool + écart de prix ≤ 40 %
PROD-0226,Thé noir Blue twist,PROD-0227,Thé noir Back in Black,PRIX_EQUIVALENT,0.0,5.78,5.78,OUI,OUI,OUI,OUI,0,même sous-catégorie + même régime alcool + écart de prix ≤ 40 %
PROD-0226,Thé noir Blue twist,PROD-0228,Thé noir Jeu de l'agrume,PRIX_EQUIVALENT,0.0,5.78,5.78,OUI,OUI,OUI,OUI,0,même sous-catégorie + même régime alcool + écart de prix ≤ 40 %
PROD-0226,Thé noir Blue twist,PROD-0229,Thé vert Chaud Mojito,PRIX_EQUIVALENT,0.0,5.78,5.78,OUI,OUI,OUI,OUI,0,même sous-catégorie + même régime alcool + écart de prix ≤ 40 %
PROD-0227,Thé noir Back in Black,PROD-0224,Thé noir  God save the tea,PRIX_EQUIVALENT,0.0,5.78,5.78,OUI,OUI,OUI,OUI,0,même sous-catégorie + même régime alcool + écart de prix ≤ 40 %
PROD-0227,Thé noir Back in Black,PROD-0225,Thé noir Vahiné,PRIX_EQUIVALENT,0.0,5.78,5.78,OUI,OUI,OUI,OUI,0,même sous-catégorie + même régime alcool + écart de prix ≤ 40 %
PROD-0227,Thé noir Back in Black,PROD-0226,Thé noir Blue twist,PRIX_EQUIVALENT,0.0,5.78,5.78,OUI,OUI,OUI,OUI,0,même sous-catégorie + même régime alcool + écart de prix ≤ 40 %
PROD-0227,Thé noir Back in Black,PROD-0228,Thé noir Jeu de l'agrume,PRIX_EQUIVALENT,0.0,5.78,5.78,OUI,OUI,OUI,OUI,0,même sous-catégorie + même régime alcool + écart de prix ≤ 40 %
PROD-0227,Thé noir Back in Black,PROD-0229,Thé vert Chaud Mojito,PRIX_EQUIVALENT,0.0,5.78,5.78,OUI,OUI,OUI,OUI,0,même sous-catégorie + même régime alcool + écart de prix ≤ 40 %
PROD-0228,Thé noir Jeu de l'agrume,PROD-0224,Thé noir  God save the tea,PRIX_EQUIVALENT,0.0,5.78,5.78,OUI,OUI,OUI,OUI,0,même sous-catégorie + même régime alcool + écart de prix ≤ 40 %
PROD-0228,Thé noir Jeu de l'agrume,PROD-0225,Thé noir Vahiné,PRIX_EQUIVALENT,0.0,5.78,5.78,OUI,OUI,OUI,OUI,0,même sous-catégorie + même régime alcool + écart de prix ≤ 40 %
PROD-0228,Thé noir Jeu de l'agrume,PROD-0226,Thé noir Blue twist,PRIX_EQUIVALENT,0.0,5.78,5.78,OUI,OUI,OUI,OUI,0,même sous-catégorie + même régime alcool + écart de prix ≤ 40 %
PROD-0228,Thé noir Jeu de l'agrume,PROD-0227,Thé noir Back in Black,PRIX_EQUIVALENT,0.0,5.78,5.78,OUI,OUI,OUI,OUI,0,même sous-catégorie + même régime alcool + écart de prix ≤ 40 %
PROD-0228,Thé noir Jeu de l'agrume,PROD-0229,Thé vert Chaud Mojito,PRIX_EQUIVALENT,0.0,5.78,5.78,OUI,OUI,OUI,OUI,0,même sous-catégorie + même régime alcool + écart de prix ≤ 40 %
PROD-0229,Thé vert Chaud Mojito,PROD-0224,Thé noir  God save the tea,PRIX_EQUIVALENT,0.0,5.78,5.78,OUI,OUI,OUI,OUI,0,même sous-catégorie + même régime alcool + écart de prix ≤ 40 %
PROD-0229,Thé vert Chaud Mojito,PROD-0225,Thé noir Vahiné,PRIX_EQUIVALENT,0.0,5.78,5.78,OUI,OUI,OUI,OUI,0,même sous-catégorie + même régime alcool + écart de prix ≤ 40 %
PROD-0229,Thé vert Chaud Mojito,PROD-0226,Thé noir Blue twist,PRIX_EQUIVALENT,0.0,5.78,5.78,OUI,OUI,OUI,OUI,0,même sous-catégorie + même régime alcool + écart de prix ≤ 40 %
PROD-0229,Thé vert Chaud Mojito,PROD-0227,Thé noir Back in Black,PRIX_EQUIVALENT,0.0,5.78,5.78,OUI,OUI,OUI,OUI,0,même sous-catégorie + même régime alcool + écart de prix ≤ 40 %
PROD-0229,Thé vert Chaud Mojito,PROD-0228,Thé noir Jeu de l'agrume,PRIX_EQUIVALENT,0.0,5.78,5.78,OUI,OUI,OUI,OUI,0,même sous-catégorie + même régime alcool + écart de prix ≤ 40 %
PROD-0230,Thé vert Tasse de Génie,PROD-0224,Thé noir  God save the tea,PRIX_EQUIVALENT,0.0,5.78,5.78,OUI,OUI,OUI,OUI,0,même sous-catégorie + même régime alcool + écart de prix ≤ 40 %
PROD-0230,Thé vert Tasse de Génie,PROD-0225,Thé noir Vahiné,PRIX_EQUIVALENT,0.0,5.78,5.78,OUI,OUI,OUI,OUI,0,même sous-catégorie + même régime alcool + écart de prix ≤ 40 %
PROD-0230,Thé vert Tasse de Génie,PROD-0226,Thé noir Blue twist,PRIX_EQUIVALENT,0.0,5.78,5.78,OUI,OUI,OUI,OUI,0,même sous-catégorie + même régime alcool + écart de prix ≤ 40 %
PROD-0230,Thé vert Tasse de Génie,PROD-0227,Thé noir Back in Black,PRIX_EQUIVALENT,0.0,5.78,5.78,OUI,OUI,OUI,OUI,0,même sous-catégorie + même régime alcool + écart de prix ≤ 40 %
PROD-0230,Thé vert Tasse de Génie,PROD-0228,Thé noir Jeu de l'agrume,PRIX_EQUIVALENT,0.0,5.78,5.78,OUI,OUI,OUI,OUI,0,même sous-catégorie + même régime alcool + écart de prix ≤ 40 %
PROD-0231,Thé vert Hakuna Matatasse,PROD-0224,Thé noir  God save the tea,PRIX_EQUIVALENT,0.0,5.78,5.78,OUI,OUI,OUI,OUI,0,même sous-catégorie + même régime alcool + écart de prix ≤ 40 %
PROD-0231,Thé vert Hakuna Matatasse,PROD-0225,Thé noir Vahiné,PRIX_EQUIVALENT,0.0,5.78,5.78,OUI,OUI,OUI,OUI,0,même sous-catégorie + même régime alcool + écart de prix ≤ 40 %
PROD-0231,Thé vert Hakuna Matatasse,PROD-0226,Thé noir Blue twist,PRIX_EQUIVALENT,0.0,5.78,5.78,OUI,OUI,OUI,OUI,0,même sous-catégorie + même régime alcool + écart de prix ≤ 40 %
PROD-0231,Thé vert Hakuna Matatasse,PROD-0227,Thé noir Back in Black,PRIX_EQUIVALENT,0.0,5.78,5.78,OUI,OUI,OUI,OUI,0,même sous-catégorie + même régime alcool + écart de prix ≤ 40 %
PROD-0231,Thé vert Hakuna Matatasse,PROD-0228,Thé noir Jeu de l'agrume,PRIX_EQUIVALENT,0.0,5.78,5.78,OUI,OUI,OUI,OUI,0,même sous-catégorie + même régime alcool + écart de prix ≤ 40 %
PROD-0232,Thé vert Jardin d'agrumes,PROD-0224,Thé noir  God save the tea,PRIX_EQUIVALENT,0.0,5.78,5.78,OUI,OUI,OUI,OUI,0,même sous-catégorie + même régime alcool + écart de prix ≤ 40 %
PROD-0232,Thé vert Jardin d'agrumes,PROD-0225,Thé noir Vahiné,PRIX_EQUIVALENT,0.0,5.78,5.78,OUI,OUI,OUI,OUI,0,même sous-catégorie + même régime alcool + écart de prix ≤ 40 %
PROD-0232,Thé vert Jardin d'agrumes,PROD-0226,Thé noir Blue twist,PRIX_EQUIVALENT,0.0,5.78,5.78,OUI,OUI,OUI,OUI,0,même sous-catégorie + même régime alcool + écart de prix ≤ 40 %
PROD-0232,Thé vert Jardin d'agrumes,PROD-0227,Thé noir Back in Black,PRIX_EQUIVALENT,0.0,5.78,5.78,OUI,OUI,OUI,OUI,0,même sous-catégorie + même régime alcool + écart de prix ≤ 40 %
PROD-0232,Thé vert Jardin d'agrumes,PROD-0228,Thé noir Jeu de l'agrume,PRIX_EQUIVALENT,0.0,5.78,5.78,OUI,OUI,OUI,OUI,0,même sous-catégorie + même régime alcool + écart de prix ≤ 40 %
PROD-0233,Thé vert Rouge aux joues,PROD-0224,Thé noir  God save the tea,PRIX_EQUIVALENT,0.0,5.78,5.78,OUI,OUI,OUI,OUI,0,même sous-catégorie + même régime alcool + écart de prix ≤ 40 %
PROD-0233,Thé vert Rouge aux joues,PROD-0225,Thé noir Vahiné,PRIX_EQUIVALENT,0.0,5.78,5.78,OUI,OUI,OUI,OUI,0,même sous-catégorie + même régime alcool + écart de prix ≤ 40 %
PROD-0233,Thé vert Rouge aux joues,PROD-0226,Thé noir Blue twist,PRIX_EQUIVALENT,0.0,5.78,5.78,OUI,OUI,OUI,OUI,0,même sous-catégorie + même régime alcool + écart de prix ≤ 40 %
PROD-0233,Thé vert Rouge aux joues,PROD-0227,Thé noir Back in Black,PRIX_EQUIVALENT,0.0,5.78,5.78,OUI,OUI,OUI,OUI,0,même sous-catégorie + même régime alcool + écart de prix ≤ 40 %
PROD-0233,Thé vert Rouge aux joues,PROD-0228,Thé noir Jeu de l'agrume,PRIX_EQUIVALENT,0.0,5.78,5.78,OUI,OUI,OUI,OUI,0,même sous-catégorie + même régime alcool + écart de prix ≤ 40 %
PROD-0234,Thé blanc Blanc de poire,PROD-0224,Thé noir  God save the tea,PRIX_EQUIVALENT,0.0,5.78,5.78,OUI,OUI,OUI,OUI,0,même sous-catégorie + même régime alcool + écart de prix ≤ 40 %
PROD-0234,Thé blanc Blanc de poire,PROD-0225,Thé noir Vahiné,PRIX_EQUIVALENT,0.0,5.78,5.78,OUI,OUI,OUI,OUI,0,même sous-catégorie + même régime alcool + écart de prix ≤ 40 %
PROD-0234,Thé blanc Blanc de poire,PROD-0226,Thé noir Blue twist,PRIX_EQUIVALENT,0.0,5.78,5.78,OUI,OUI,OUI,OUI,0,même sous-catégorie + même régime alcool + écart de prix ≤ 40 %
PROD-0234,Thé blanc Blanc de poire,PROD-0227,Thé noir Back in Black,PRIX_EQUIVALENT,0.0,5.78,5.78,OUI,OUI,OUI,OUI,0,même sous-catégorie + même régime alcool + écart de prix ≤ 40 %
PROD-0234,Thé blanc Blanc de poire,PROD-0228,Thé noir Jeu de l'agrume,PRIX_EQUIVALENT,0.0,5.78,5.78,OUI,OUI,OUI,OUI,0,même sous-catégorie + même régime alcool + écart de prix ≤ 40 %
PROD-0235,Thé blanc Tasse des Bois,PROD-0224,Thé noir  God save the tea,PRIX_EQUIVALENT,0.0,5.78,5.78,OUI,OUI,OUI,OUI,0,même sous-catégorie + même régime alcool + écart de prix ≤ 40 %
PROD-0235,Thé blanc Tasse des Bois,PROD-0225,Thé noir Vahiné,PRIX_EQUIVALENT,0.0,5.78,5.78,OUI,OUI,OUI,OUI,0,même sous-catégorie + même régime alcool + écart de prix ≤ 40 %
PROD-0235,Thé blanc Tasse des Bois,PROD-0226,Thé noir Blue twist,PRIX_EQUIVALENT,0.0,5.78,5.78,OUI,OUI,OUI,OUI,0,même sous-catégorie + même régime alcool + écart de prix ≤ 40 %
PROD-0235,Thé blanc Tasse des Bois,PROD-0227,Thé noir Back in Black,PRIX_EQUIVALENT,0.0,5.78,5.78,OUI,OUI,OUI,OUI,0,même sous-catégorie + même régime alcool + écart de prix ≤ 40 %
PROD-0235,Thé blanc Tasse des Bois,PROD-0228,Thé noir Jeu de l'agrume,PRIX_EQUIVALENT,0.0,5.78,5.78,OUI,OUI,OUI,OUI,0,même sous-catégorie + même régime alcool + écart de prix ≤ 40 %
PROD-0236,Thé blanc White Sweetness,PROD-0224,Thé noir  God save the tea,PRIX_EQUIVALENT,0.0,5.78,5.78,OUI,OUI,OUI,OUI,0,même sous-catégorie + même régime alcool + écart de prix ≤ 40 %
PROD-0236,Thé blanc White Sweetness,PROD-0225,Thé noir Vahiné,PRIX_EQUIVALENT,0.0,5.78,5.78,OUI,OUI,OUI,OUI,0,même sous-catégorie + même régime alcool + écart de prix ≤ 40 %
PROD-0236,Thé blanc White Sweetness,PROD-0226,Thé noir Blue twist,PRIX_EQUIVALENT,0.0,5.78,5.78,OUI,OUI,OUI,OUI,0,même sous-catégorie + même régime alcool + écart de prix ≤ 40 %
PROD-0236,Thé blanc White Sweetness,PROD-0227,Thé noir Back in Black,PRIX_EQUIVALENT,0.0,5.78,5.78,OUI,OUI,OUI,OUI,0,même sous-catégorie + même régime alcool + écart de prix ≤ 40 %
PROD-0236,Thé blanc White Sweetness,PROD-0228,Thé noir Jeu de l'agrume,PRIX_EQUIVALENT,0.0,5.78,5.78,OUI,OUI,OUI,OUI,0,même sous-catégorie + même régime alcool + écart de prix ≤ 40 %
PROD-0237,Tisane Bien être Stop Migraine,PROD-0224,Thé noir  God save the tea,PRIX_EQUIVALENT,0.0,5.78,5.78,OUI,OUI,OUI,OUI,0,même sous-catégorie + même régime alcool + écart de prix ≤ 40 %
PROD-0237,Tisane Bien être Stop Migraine,PROD-0225,Thé noir Vahiné,PRIX_EQUIVALENT,0.0,5.78,5.78,OUI,OUI,OUI,OUI,0,même sous-catégorie + même régime alcool + écart de prix ≤ 40 %
PROD-0237,Tisane Bien être Stop Migraine,PROD-0226,Thé noir Blue twist,PRIX_EQUIVALENT,0.0,5.78,5.78,OUI,OUI,OUI,OUI,0,même sous-catégorie + même régime alcool + écart de prix ≤ 40 %
PROD-0237,Tisane Bien être Stop Migraine,PROD-0227,Thé noir Back in Black,PRIX_EQUIVALENT,0.0,5.78,5.78,OUI,OUI,OUI,OUI,0,même sous-catégorie + même régime alcool + écart de prix ≤ 40 %
PROD-0237,Tisane Bien être Stop Migraine,PROD-0228,Thé noir Jeu de l'agrume,PRIX_EQUIVALENT,0.0,5.78,5.78,OUI,OUI,OUI,OUI,0,même sous-catégorie + même régime alcool + écart de prix ≤ 40 %
PROD-0238,Tisane Bien être Digest Cup,PROD-0224,Thé noir  God save the tea,PRIX_EQUIVALENT,0.0,5.78,5.78,OUI,OUI,OUI,OUI,0,même sous-catégorie + même régime alcool + écart de prix ≤ 40 %
PROD-0238,Tisane Bien être Digest Cup,PROD-0225,Thé noir Vahiné,PRIX_EQUIVALENT,0.0,5.78,5.78,OUI,OUI,OUI,OUI,0,même sous-catégorie + même régime alcool + écart de prix ≤ 40 %
PROD-0238,Tisane Bien être Digest Cup,PROD-0226,Thé noir Blue twist,PRIX_EQUIVALENT,0.0,5.78,5.78,OUI,OUI,OUI,OUI,0,même sous-catégorie + même régime alcool + écart de prix ≤ 40 %
PROD-0238,Tisane Bien être Digest Cup,PROD-0227,Thé noir Back in Black,PRIX_EQUIVALENT,0.0,5.78,5.78,OUI,OUI,OUI,OUI,0,même sous-catégorie + même régime alcool + écart de prix ≤ 40 %
PROD-0238,Tisane Bien être Digest Cup,PROD-0228,Thé noir Jeu de l'agrume,PRIX_EQUIVALENT,0.0,5.78,5.78,OUI,OUI,OUI,OUI,0,même sous-catégorie + même régime alcool + écart de prix ≤ 40 %
PROD-0239,Tisane Bien être Oust le rhume,PROD-0224,Thé noir  God save the tea,PRIX_EQUIVALENT,0.0,5.78,5.78,OUI,OUI,OUI,OUI,0,même sous-catégorie + même régime alcool + écart de prix ≤ 40 %
PROD-0239,Tisane Bien être Oust le rhume,PROD-0225,Thé noir Vahiné,PRIX_EQUIVALENT,0.0,5.78,5.78,OUI,OUI,OUI,OUI,0,même sous-catégorie + même régime alcool + écart de prix ≤ 40 %
PROD-0239,Tisane Bien être Oust le rhume,PROD-0226,Thé noir Blue twist,PRIX_EQUIVALENT,0.0,5.78,5.78,OUI,OUI,OUI,OUI,0,même sous-catégorie + même régime alcool + écart de prix ≤ 40 %
PROD-0239,Tisane Bien être Oust le rhume,PROD-0227,Thé noir Back in Black,PRIX_EQUIVALENT,0.0,5.78,5.78,OUI,OUI,OUI,OUI,0,même sous-catégorie + même régime alcool + écart de prix ≤ 40 %
PROD-0239,Tisane Bien être Oust le rhume,PROD-0228,Thé noir Jeu de l'agrume,PRIX_EQUIVALENT,0.0,5.78,5.78,OUI,OUI,OUI,OUI,0,même sous-catégorie + même régime alcool + écart de prix ≤ 40 %
PROD-0240,Tisane Bien être Punch Power,PROD-0224,Thé noir  God save the tea,PRIX_EQUIVALENT,0.0,5.78,5.78,OUI,OUI,OUI,OUI,0,même sous-catégorie + même régime alcool + écart de prix ≤ 40 %
PROD-0240,Tisane Bien être Punch Power,PROD-0225,Thé noir Vahiné,PRIX_EQUIVALENT,0.0,5.78,5.78,OUI,OUI,OUI,OUI,0,même sous-catégorie + même régime alcool + écart de prix ≤ 40 %
PROD-0240,Tisane Bien être Punch Power,PROD-0226,Thé noir Blue twist,PRIX_EQUIVALENT,0.0,5.78,5.78,OUI,OUI,OUI,OUI,0,même sous-catégorie + même régime alcool + écart de prix ≤ 40 %
PROD-0240,Tisane Bien être Punch Power,PROD-0227,Thé noir Back in Black,PRIX_EQUIVALENT,0.0,5.78,5.78,OUI,OUI,OUI,OUI,0,même sous-catégorie + même régime alcool + écart de prix ≤ 40 %
PROD-0240,Tisane Bien être Punch Power,PROD-0228,Thé noir Jeu de l'agrume,PRIX_EQUIVALENT,0.0,5.78,5.78,OUI,OUI,OUI,OUI,0,même sous-catégorie + même régime alcool + écart de prix ≤ 40 %
PROD-0241,Tisane Bien être SO Quiet,PROD-0224,Thé noir  God save the tea,PRIX_EQUIVALENT,0.0,5.78,5.78,OUI,OUI,OUI,OUI,0,même sous-catégorie + même régime alcool + écart de prix ≤ 40 %
PROD-0241,Tisane Bien être SO Quiet,PROD-0225,Thé noir Vahiné,PRIX_EQUIVALENT,0.0,5.78,5.78,OUI,OUI,OUI,OUI,0,même sous-catégorie + même régime alcool + écart de prix ≤ 40 %
PROD-0241,Tisane Bien être SO Quiet,PROD-0226,Thé noir Blue twist,PRIX_EQUIVALENT,0.0,5.78,5.78,OUI,OUI,OUI,OUI,0,même sous-catégorie + même régime alcool + écart de prix ≤ 40 %
PROD-0241,Tisane Bien être SO Quiet,PROD-0227,Thé noir Back in Black,PRIX_EQUIVALENT,0.0,5.78,5.78,OUI,OUI,OUI,OUI,0,même sous-catégorie + même régime alcool + écart de prix ≤ 40 %
PROD-0241,Tisane Bien être SO Quiet,PROD-0228,Thé noir Jeu de l'agrume,PRIX_EQUIVALENT,0.0,5.78,5.78,OUI,OUI,OUI,OUI,0,même sous-catégorie + même régime alcool + écart de prix ≤ 40 %
PROD-0242,Tisane fruitée La Reine encahntée,PROD-0224,Thé noir  God save the tea,PRIX_EQUIVALENT,0.0,5.78,5.78,OUI,OUI,OUI,OUI,0,même sous-catégorie + même régime alcool + écart de prix ≤ 40 %
PROD-0242,Tisane fruitée La Reine encahntée,PROD-0225,Thé noir Vahiné,PRIX_EQUIVALENT,0.0,5.78,5.78,OUI,OUI,OUI,OUI,0,même sous-catégorie + même régime alcool + écart de prix ≤ 40 %
PROD-0242,Tisane fruitée La Reine encahntée,PROD-0226,Thé noir Blue twist,PRIX_EQUIVALENT,0.0,5.78,5.78,OUI,OUI,OUI,OUI,0,même sous-catégorie + même régime alcool + écart de prix ≤ 40 %
PROD-0242,Tisane fruitée La Reine encahntée,PROD-0227,Thé noir Back in Black,PRIX_EQUIVALENT,0.0,5.78,5.78,OUI,OUI,OUI,OUI,0,même sous-catégorie + même régime alcool + écart de prix ≤ 40 %
PROD-0242,Tisane fruitée La Reine encahntée,PROD-0228,Thé noir Jeu de l'agrume,PRIX_EQUIVALENT,0.0,5.78,5.78,OUI,OUI,OUI,OUI,0,même sous-catégorie + même régime alcool + écart de prix ≤ 40 %
PROD-0243,Tisane fruitée Sorbet Exotique,PROD-0224,Thé noir  God save the tea,PRIX_EQUIVALENT,0.0,5.78,5.78,OUI,OUI,OUI,OUI,0,même sous-catégorie + même régime alcool + écart de prix ≤ 40 %
PROD-0243,Tisane fruitée Sorbet Exotique,PROD-0225,Thé noir Vahiné,PRIX_EQUIVALENT,0.0,5.78,5.78,OUI,OUI,OUI,OUI,0,même sous-catégorie + même régime alcool + écart de prix ≤ 40 %
PROD-0243,Tisane fruitée Sorbet Exotique,PROD-0226,Thé noir Blue twist,PRIX_EQUIVALENT,0.0,5.78,5.78,OUI,OUI,OUI,OUI,0,même sous-catégorie + même régime alcool + écart de prix ≤ 40 %
PROD-0243,Tisane fruitée Sorbet Exotique,PROD-0227,Thé noir Back in Black,PRIX_EQUIVALENT,0.0,5.78,5.78,OUI,OUI,OUI,OUI,0,même sous-catégorie + même régime alcool + écart de prix ≤ 40 %
PROD-0243,Tisane fruitée Sorbet Exotique,PROD-0228,Thé noir Jeu de l'agrume,PRIX_EQUIVALENT,0.0,5.78,5.78,OUI,OUI,OUI,OUI,0,même sous-catégorie + même régime alcool + écart de prix ≤ 40 %
PROD-0244,Tisane fruitée La Dame de cœur,PROD-0224,Thé noir  God save the tea,PRIX_EQUIVALENT,0.0,5.78,5.78,OUI,OUI,OUI,OUI,0,même sous-catégorie + même régime alcool + écart de prix ≤ 40 %
PROD-0244,Tisane fruitée La Dame de cœur,PROD-0225,Thé noir Vahiné,PRIX_EQUIVALENT,0.0,5.78,5.78,OUI,OUI,OUI,OUI,0,même sous-catégorie + même régime alcool + écart de prix ≤ 40 %
PROD-0244,Tisane fruitée La Dame de cœur,PROD-0226,Thé noir Blue twist,PRIX_EQUIVALENT,0.0,5.78,5.78,OUI,OUI,OUI,OUI,0,même sous-catégorie + même régime alcool + écart de prix ≤ 40 %
PROD-0244,Tisane fruitée La Dame de cœur,PROD-0227,Thé noir Back in Black,PRIX_EQUIVALENT,0.0,5.78,5.78,OUI,OUI,OUI,OUI,0,même sous-catégorie + même régime alcool + écart de prix ≤ 40 %
PROD-0244,Tisane fruitée La Dame de cœur,PROD-0228,Thé noir Jeu de l'agrume,PRIX_EQUIVALENT,0.0,5.78,5.78,OUI,OUI,OUI,OUI,0,même sous-catégorie + même régime alcool + écart de prix ≤ 40 %
PROD-0245,Detox Jeune et jolie,PROD-0224,Thé noir  God save the tea,PRIX_EQUIVALENT,0.0,5.78,5.78,OUI,OUI,OUI,OUI,0,même sous-catégorie + même régime alcool + écart de prix ≤ 40 %
PROD-0245,Detox Jeune et jolie,PROD-0225,Thé noir Vahiné,PRIX_EQUIVALENT,0.0,5.78,5.78,OUI,OUI,OUI,OUI,0,même sous-catégorie + même régime alcool + écart de prix ≤ 40 %
PROD-0245,Detox Jeune et jolie,PROD-0226,Thé noir Blue twist,PRIX_EQUIVALENT,0.0,5.78,5.78,OUI,OUI,OUI,OUI,0,même sous-catégorie + même régime alcool + écart de prix ≤ 40 %
PROD-0245,Detox Jeune et jolie,PROD-0227,Thé noir Back in Black,PRIX_EQUIVALENT,0.0,5.78,5.78,OUI,OUI,OUI,OUI,0,même sous-catégorie + même régime alcool + écart de prix ≤ 40 %
PROD-0245,Detox Jeune et jolie,PROD-0228,Thé noir Jeu de l'agrume,PRIX_EQUIVALENT,0.0,5.78,5.78,OUI,OUI,OUI,OUI,0,même sous-catégorie + même régime alcool + écart de prix ≤ 40 %
PROD-0246,Detox Beau Teint,PROD-0224,Thé noir  God save the tea,PRIX_EQUIVALENT,0.0,5.78,5.78,OUI,OUI,OUI,OUI,0,même sous-catégorie + même régime alcool + écart de prix ≤ 40 %
PROD-0246,Detox Beau Teint,PROD-0225,Thé noir Vahiné,PRIX_EQUIVALENT,0.0,5.78,5.78,OUI,OUI,OUI,OUI,0,même sous-catégorie + même régime alcool + écart de prix ≤ 40 %
PROD-0246,Detox Beau Teint,PROD-0226,Thé noir Blue twist,PRIX_EQUIVALENT,0.0,5.78,5.78,OUI,OUI,OUI,OUI,0,même sous-catégorie + même régime alcool + écart de prix ≤ 40 %
PROD-0246,Detox Beau Teint,PROD-0227,Thé noir Back in Black,PRIX_EQUIVALENT,0.0,5.78,5.78,OUI,OUI,OUI,OUI,0,même sous-catégorie + même régime alcool + écart de prix ≤ 40 %
PROD-0246,Detox Beau Teint,PROD-0228,Thé noir Jeu de l'agrume,PRIX_EQUIVALENT,0.0,5.78,5.78,OUI,OUI,OUI,OUI,0,même sous-catégorie + même régime alcool + écart de prix ≤ 40 %
PROD-0247,Detox Chill Time,PROD-0224,Thé noir  God save the tea,PRIX_EQUIVALENT,0.0,5.78,5.78,OUI,OUI,OUI,OUI,0,même sous-catégorie + même régime alcool + écart de prix ≤ 40 %
PROD-0247,Detox Chill Time,PROD-0225,Thé noir Vahiné,PRIX_EQUIVALENT,0.0,5.78,5.78,OUI,OUI,OUI,OUI,0,même sous-catégorie + même régime alcool + écart de prix ≤ 40 %
PROD-0247,Detox Chill Time,PROD-0226,Thé noir Blue twist,PRIX_EQUIVALENT,0.0,5.78,5.78,OUI,OUI,OUI,OUI,0,même sous-catégorie + même régime alcool + écart de prix ≤ 40 %
PROD-0247,Detox Chill Time,PROD-0227,Thé noir Back in Black,PRIX_EQUIVALENT,0.0,5.78,5.78,OUI,OUI,OUI,OUI,0,même sous-catégorie + même régime alcool + écart de prix ≤ 40 %
PROD-0247,Detox Chill Time,PROD-0228,Thé noir Jeu de l'agrume,PRIX_EQUIVALENT,0.0,5.78,5.78,OUI,OUI,OUI,OUI,0,même sous-catégorie + même régime alcool + écart de prix ≤ 40 %
PROD-0248,Maté KA'MATE KA'MATE,PROD-0224,Thé noir  God save the tea,PRIX_EQUIVALENT,0.0,5.78,5.78,OUI,OUI,OUI,OUI,0,même sous-catégorie + même régime alcool + écart de prix ≤ 40 %
PROD-0248,Maté KA'MATE KA'MATE,PROD-0225,Thé noir Vahiné,PRIX_EQUIVALENT,0.0,5.78,5.78,OUI,OUI,OUI,OUI,0,même sous-catégorie + même régime alcool + écart de prix ≤ 40 %
PROD-0248,Maté KA'MATE KA'MATE,PROD-0226,Thé noir Blue twist,PRIX_EQUIVALENT,0.0,5.78,5.78,OUI,OUI,OUI,OUI,0,même sous-catégorie + même régime alcool + écart de prix ≤ 40 %
PROD-0248,Maté KA'MATE KA'MATE,PROD-0227,Thé noir Back in Black,PRIX_EQUIVALENT,0.0,5.78,5.78,OUI,OUI,OUI,OUI,0,même sous-catégorie + même régime alcool + écart de prix ≤ 40 %
PROD-0248,Maté KA'MATE KA'MATE,PROD-0228,Thé noir Jeu de l'agrume,PRIX_EQUIVALENT,0.0,5.78,5.78,OUI,OUI,OUI,OUI,0,même sous-catégorie + même régime alcool + écart de prix ≤ 40 %
PROD-0249,Maté Balance,PROD-0224,Thé noir  God save the tea,PRIX_EQUIVALENT,0.0,5.78,5.78,OUI,OUI,OUI,OUI,0,même sous-catégorie + même régime alcool + écart de prix ≤ 40 %
PROD-0249,Maté Balance,PROD-0225,Thé noir Vahiné,PRIX_EQUIVALENT,0.0,5.78,5.78,OUI,OUI,OUI,OUI,0,même sous-catégorie + même régime alcool + écart de prix ≤ 40 %
PROD-0249,Maté Balance,PROD-0226,Thé noir Blue twist,PRIX_EQUIVALENT,0.0,5.78,5.78,OUI,OUI,OUI,OUI,0,même sous-catégorie + même régime alcool + écart de prix ≤ 40 %
PROD-0249,Maté Balance,PROD-0227,Thé noir Back in Black,PRIX_EQUIVALENT,0.0,5.78,5.78,OUI,OUI,OUI,OUI,0,même sous-catégorie + même régime alcool + écart de prix ≤ 40 %
PROD-0249,Maté Balance,PROD-0228,Thé noir Jeu de l'agrume,PRIX_EQUIVALENT,0.0,5.78,5.78,OUI,OUI,OUI,OUI,0,même sous-catégorie + même régime alcool + écart de prix ≤ 40 %
PROD-0250,Maternité Divine Mama,PROD-0224,Thé noir  God save the tea,PRIX_EQUIVALENT,0.0,5.78,5.78,OUI,OUI,OUI,OUI,0,même sous-catégorie + même régime alcool + écart de prix ≤ 40 %
PROD-0250,Maternité Divine Mama,PROD-0225,Thé noir Vahiné,PRIX_EQUIVALENT,0.0,5.78,5.78,OUI,OUI,OUI,OUI,0,même sous-catégorie + même régime alcool + écart de prix ≤ 40 %
PROD-0250,Maternité Divine Mama,PROD-0226,Thé noir Blue twist,PRIX_EQUIVALENT,0.0,5.78,5.78,OUI,OUI,OUI,OUI,0,même sous-catégorie + même régime alcool + écart de prix ≤ 40 %
PROD-0250,Maternité Divine Mama,PROD-0227,Thé noir Back in Black,PRIX_EQUIVALENT,0.0,5.78,5.78,OUI,OUI,OUI,OUI,0,même sous-catégorie + même régime alcool + écart de prix ≤ 40 %
PROD-0250,Maternité Divine Mama,PROD-0228,Thé noir Jeu de l'agrume,PRIX_EQUIVALENT,0.0,5.78,5.78,OUI,OUI,OUI,OUI,0,même sous-catégorie + même régime alcool + écart de prix ≤ 40 %
PROD-0251,Maternité Voie Lactée,PROD-0224,Thé noir  God save the tea,PRIX_EQUIVALENT,0.0,5.78,5.78,OUI,OUI,OUI,OUI,0,même sous-catégorie + même régime alcool + écart de prix ≤ 40 %
PROD-0251,Maternité Voie Lactée,PROD-0225,Thé noir Vahiné,PRIX_EQUIVALENT,0.0,5.78,5.78,OUI,OUI,OUI,OUI,0,même sous-catégorie + même régime alcool + écart de prix ≤ 40 %
PROD-0251,Maternité Voie Lactée,PROD-0226,Thé noir Blue twist,PRIX_EQUIVALENT,0.0,5.78,5.78,OUI,OUI,OUI,OUI,0,même sous-catégorie + même régime alcool + écart de prix ≤ 40 %
PROD-0251,Maternité Voie Lactée,PROD-0227,Thé noir Back in Black,PRIX_EQUIVALENT,0.0,5.78,5.78,OUI,OUI,OUI,OUI,0,même sous-catégorie + même régime alcool + écart de prix ≤ 40 %
PROD-0251,Maternité Voie Lactée,PROD-0228,Thé noir Jeu de l'agrume,PRIX_EQUIVALENT,0.0,5.78,5.78,OUI,OUI,OUI,OUI,0,même sous-catégorie + même régime alcool + écart de prix ≤ 40 %
PROD-0252,Rooibos Lemon Curd,PROD-0224,Thé noir  God save the tea,PRIX_EQUIVALENT,0.0,5.78,5.78,OUI,OUI,OUI,OUI,0,même sous-catégorie + même régime alcool + écart de prix ≤ 40 %
PROD-0252,Rooibos Lemon Curd,PROD-0225,Thé noir Vahiné,PRIX_EQUIVALENT,0.0,5.78,5.78,OUI,OUI,OUI,OUI,0,même sous-catégorie + même régime alcool + écart de prix ≤ 40 %
PROD-0252,Rooibos Lemon Curd,PROD-0226,Thé noir Blue twist,PRIX_EQUIVALENT,0.0,5.78,5.78,OUI,OUI,OUI,OUI,0,même sous-catégorie + même régime alcool + écart de prix ≤ 40 %
PROD-0252,Rooibos Lemon Curd,PROD-0227,Thé noir Back in Black,PRIX_EQUIVALENT,0.0,5.78,5.78,OUI,OUI,OUI,OUI,0,même sous-catégorie + même régime alcool + écart de prix ≤ 40 %
PROD-0252,Rooibos Lemon Curd,PROD-0228,Thé noir Jeu de l'agrume,PRIX_EQUIVALENT,0.0,5.78,5.78,OUI,OUI,OUI,OUI,0,même sous-catégorie + même régime alcool + écart de prix ≤ 40 %
PROD-0253,Rooibos Cheri Coco,PROD-0224,Thé noir  God save the tea,PRIX_EQUIVALENT,0.0,5.78,5.78,OUI,OUI,OUI,OUI,0,même sous-catégorie + même régime alcool + écart de prix ≤ 40 %
PROD-0253,Rooibos Cheri Coco,PROD-0225,Thé noir Vahiné,PRIX_EQUIVALENT,0.0,5.78,5.78,OUI,OUI,OUI,OUI,0,même sous-catégorie + même régime alcool + écart de prix ≤ 40 %
PROD-0253,Rooibos Cheri Coco,PROD-0226,Thé noir Blue twist,PRIX_EQUIVALENT,0.0,5.78,5.78,OUI,OUI,OUI,OUI,0,même sous-catégorie + même régime alcool + écart de prix ≤ 40 %
PROD-0253,Rooibos Cheri Coco,PROD-0227,Thé noir Back in Black,PRIX_EQUIVALENT,0.0,5.78,5.78,OUI,OUI,OUI,OUI,0,même sous-catégorie + même régime alcool + écart de prix ≤ 40 %
PROD-0253,Rooibos Cheri Coco,PROD-0228,Thé noir Jeu de l'agrume,PRIX_EQUIVALENT,0.0,5.78,5.78,OUI,OUI,OUI,OUI,0,même sous-catégorie + même régime alcool + écart de prix ≤ 40 %
PROD-0254,Rooibos Saveur Macaron,PROD-0224,Thé noir  God save the tea,PRIX_EQUIVALENT,0.0,5.78,5.78,OUI,OUI,OUI,OUI,0,même sous-catégorie + même régime alcool + écart de prix ≤ 40 %
PROD-0254,Rooibos Saveur Macaron,PROD-0225,Thé noir Vahiné,PRIX_EQUIVALENT,0.0,5.78,5.78,OUI,OUI,OUI,OUI,0,même sous-catégorie + même régime alcool + écart de prix ≤ 40 %
PROD-0254,Rooibos Saveur Macaron,PROD-0226,Thé noir Blue twist,PRIX_EQUIVALENT,0.0,5.78,5.78,OUI,OUI,OUI,OUI,0,même sous-catégorie + même régime alcool + écart de prix ≤ 40 %
PROD-0254,Rooibos Saveur Macaron,PROD-0227,Thé noir Back in Black,PRIX_EQUIVALENT,0.0,5.78,5.78,OUI,OUI,OUI,OUI,0,même sous-catégorie + même régime alcool + écart de prix ≤ 40 %
PROD-0254,Rooibos Saveur Macaron,PROD-0228,Thé noir Jeu de l'agrume,PRIX_EQUIVALENT,0.0,5.78,5.78,OUI,OUI,OUI,OUI,0,même sous-catégorie + même régime alcool + écart de prix ≤ 40 %
PROD-0255,Rooibos Menthe Givrée,PROD-0224,Thé noir  God save the tea,PRIX_EQUIVALENT,0.0,5.78,5.78,OUI,OUI,OUI,OUI,0,même sous-catégorie + même régime alcool + écart de prix ≤ 40 %
PROD-0255,Rooibos Menthe Givrée,PROD-0225,Thé noir Vahiné,PRIX_EQUIVALENT,0.0,5.78,5.78,OUI,OUI,OUI,OUI,0,même sous-catégorie + même régime alcool + écart de prix ≤ 40 %
PROD-0255,Rooibos Menthe Givrée,PROD-0226,Thé noir Blue twist,PRIX_EQUIVALENT,0.0,5.78,5.78,OUI,OUI,OUI,OUI,0,même sous-catégorie + même régime alcool + écart de prix ≤ 40 %
PROD-0255,Rooibos Menthe Givrée,PROD-0227,Thé noir Back in Black,PRIX_EQUIVALENT,0.0,5.78,5.78,OUI,OUI,OUI,OUI,0,même sous-catégorie + même régime alcool + écart de prix ≤ 40 %
PROD-0255,Rooibos Menthe Givrée,PROD-0228,Thé noir Jeu de l'agrume,PRIX_EQUIVALENT,0.0,5.78,5.78,OUI,OUI,OUI,OUI,0,même sous-catégorie + même régime alcool + écart de prix ≤ 40 %
PROD-0256,Rooibos Agrumes Tonic,PROD-0224,Thé noir  God save the tea,PRIX_EQUIVALENT,0.0,5.78,5.78,OUI,OUI,OUI,OUI,0,même sous-catégorie + même régime alcool + écart de prix ≤ 40 %
PROD-0256,Rooibos Agrumes Tonic,PROD-0225,Thé noir Vahiné,PRIX_EQUIVALENT,0.0,5.78,5.78,OUI,OUI,OUI,OUI,0,même sous-catégorie + même régime alcool + écart de prix ≤ 40 %
PROD-0256,Rooibos Agrumes Tonic,PROD-0226,Thé noir Blue twist,PRIX_EQUIVALENT,0.0,5.78,5.78,OUI,OUI,OUI,OUI,0,même sous-catégorie + même régime alcool + écart de prix ≤ 40 %
PROD-0256,Rooibos Agrumes Tonic,PROD-0227,Thé noir Back in Black,PRIX_EQUIVALENT,0.0,5.78,5.78,OUI,OUI,OUI,OUI,0,même sous-catégorie + même régime alcool + écart de prix ≤ 40 %
PROD-0256,Rooibos Agrumes Tonic,PROD-0228,Thé noir Jeu de l'agrume,PRIX_EQUIVALENT,0.0,5.78,5.78,OUI,OUI,OUI,OUI,0,même sous-catégorie + même régime alcool + écart de prix ≤ 40 %
PROD-0257,NORMAND Cambremer Pays D'Auge,PROD-0224,Thé noir  God save the tea,PRIX_EQUIVALENT,0.0,5.78,5.78,OUI,OUI,OUI,NON,0,même sous-catégorie + même régime alcool + écart de prix ≤ 40 %
PROD-0257,NORMAND Cambremer Pays D'Auge,PROD-0225,Thé noir Vahiné,PRIX_EQUIVALENT,0.0,5.78,5.78,OUI,OUI,OUI,NON,0,même sous-catégorie + même régime alcool + écart de prix ≤ 40 %
PROD-0257,NORMAND Cambremer Pays D'Auge,PROD-0226,Thé noir Blue twist,PRIX_EQUIVALENT,0.0,5.78,5.78,OUI,OUI,OUI,NON,0,même sous-catégorie + même régime alcool + écart de prix ≤ 40 %
PROD-0257,NORMAND Cambremer Pays D'Auge,PROD-0227,Thé noir Back in Black,PRIX_EQUIVALENT,0.0,5.78,5.78,OUI,OUI,OUI,NON,0,même sous-catégorie + même régime alcool + écart de prix ≤ 40 %
PROD-0257,NORMAND Cambremer Pays D'Auge,PROD-0228,Thé noir Jeu de l'agrume,PRIX_EQUIVALENT,0.0,5.78,5.78,OUI,OUI,OUI,NON,0,même sous-catégorie + même régime alcool + écart de prix ≤ 40 %
PROD-0258,NORMAND Rouen Gros Horloge,PROD-0224,Thé noir  God save the tea,PRIX_EQUIVALENT,0.0,5.78,5.78,OUI,OUI,OUI,NON,0,même sous-catégorie + même régime alcool + écart de prix ≤ 40 %
PROD-0258,NORMAND Rouen Gros Horloge,PROD-0225,Thé noir Vahiné,PRIX_EQUIVALENT,0.0,5.78,5.78,OUI,OUI,OUI,NON,0,même sous-catégorie + même régime alcool + écart de prix ≤ 40 %
PROD-0258,NORMAND Rouen Gros Horloge,PROD-0226,Thé noir Blue twist,PRIX_EQUIVALENT,0.0,5.78,5.78,OUI,OUI,OUI,NON,0,même sous-catégorie + même régime alcool + écart de prix ≤ 40 %
PROD-0258,NORMAND Rouen Gros Horloge,PROD-0227,Thé noir Back in Black,PRIX_EQUIVALENT,0.0,5.78,5.78,OUI,OUI,OUI,NON,0,même sous-catégorie + même régime alcool + écart de prix ≤ 40 %
PROD-0258,NORMAND Rouen Gros Horloge,PROD-0228,Thé noir Jeu de l'agrume,PRIX_EQUIVALENT,0.0,5.78,5.78,OUI,OUI,OUI,NON,0,même sous-catégorie + même régime alcool + écart de prix ≤ 40 %
PROD-0259,NORMAND Bayeux et son Bessin,PROD-0224,Thé noir  God save the tea,PRIX_EQUIVALENT,0.0,5.78,5.78,OUI,OUI,OUI,NON,0,même sous-catégorie + même régime alcool + écart de prix ≤ 40 %
PROD-0259,NORMAND Bayeux et son Bessin,PROD-0225,Thé noir Vahiné,PRIX_EQUIVALENT,0.0,5.78,5.78,OUI,OUI,OUI,NON,0,même sous-catégorie + même régime alcool + écart de prix ≤ 40 %
PROD-0259,NORMAND Bayeux et son Bessin,PROD-0226,Thé noir Blue twist,PRIX_EQUIVALENT,0.0,5.78,5.78,OUI,OUI,OUI,NON,0,même sous-catégorie + même régime alcool + écart de prix ≤ 40 %
PROD-0259,NORMAND Bayeux et son Bessin,PROD-0227,Thé noir Back in Black,PRIX_EQUIVALENT,0.0,5.78,5.78,OUI,OUI,OUI,NON,0,même sous-catégorie + même régime alcool + écart de prix ≤ 40 %
PROD-0259,NORMAND Bayeux et son Bessin,PROD-0228,Thé noir Jeu de l'agrume,PRIX_EQUIVALENT,0.0,5.78,5.78,OUI,OUI,OUI,NON,0,même sous-catégorie + même régime alcool + écart de prix ≤ 40 %
PROD-0260,NORMAND Caen Ville historique,PROD-0224,Thé noir  God save the tea,PRIX_EQUIVALENT,0.0,5.78,5.78,OUI,OUI,OUI,NON,0,même sous-catégorie + même régime alcool + écart de prix ≤ 40 %
PROD-0260,NORMAND Caen Ville historique,PROD-0225,Thé noir Vahiné,PRIX_EQUIVALENT,0.0,5.78,5.78,OUI,OUI,OUI,NON,0,même sous-catégorie + même régime alcool + écart de prix ≤ 40 %
PROD-0260,NORMAND Caen Ville historique,PROD-0226,Thé noir Blue twist,PRIX_EQUIVALENT,0.0,5.78,5.78,OUI,OUI,OUI,NON,0,même sous-catégorie + même régime alcool + écart de prix ≤ 40 %
PROD-0260,NORMAND Caen Ville historique,PROD-0227,Thé noir Back in Black,PRIX_EQUIVALENT,0.0,5.78,5.78,OUI,OUI,OUI,NON,0,même sous-catégorie + même régime alcool + écart de prix ≤ 40 %
PROD-0260,NORMAND Caen Ville historique,PROD-0228,Thé noir Jeu de l'agrume,PRIX_EQUIVALENT,0.0,5.78,5.78,OUI,OUI,OUI,NON,0,même sous-catégorie + même régime alcool + écart de prix ≤ 40 %
PROD-0261,NORMAND Bagnoles de l'Orne,PROD-0224,Thé noir  God save the tea,PRIX_EQUIVALENT,0.0,5.78,5.78,OUI,OUI,OUI,NON,0,même sous-catégorie + même régime alcool + écart de prix ≤ 40 %
PROD-0261,NORMAND Bagnoles de l'Orne,PROD-0225,Thé noir Vahiné,PRIX_EQUIVALENT,0.0,5.78,5.78,OUI,OUI,OUI,NON,0,même sous-catégorie + même régime alcool + écart de prix ≤ 40 %
PROD-0261,NORMAND Bagnoles de l'Orne,PROD-0226,Thé noir Blue twist,PRIX_EQUIVALENT,0.0,5.78,5.78,OUI,OUI,OUI,NON,0,même sous-catégorie + même régime alcool + écart de prix ≤ 40 %
PROD-0261,NORMAND Bagnoles de l'Orne,PROD-0227,Thé noir Back in Black,PRIX_EQUIVALENT,0.0,5.78,5.78,OUI,OUI,OUI,NON,0,même sous-catégorie + même régime alcool + écart de prix ≤ 40 %
PROD-0261,NORMAND Bagnoles de l'Orne,PROD-0228,Thé noir Jeu de l'agrume,PRIX_EQUIVALENT,0.0,5.78,5.78,OUI,OUI,OUI,NON,0,même sous-catégorie + même régime alcool + écart de prix ≤ 40 %
PROD-0262,NORMAND Mont Saint Michel,PROD-0224,Thé noir  God save the tea,PRIX_EQUIVALENT,0.0,5.78,5.78,OUI,OUI,OUI,NON,0,même sous-catégorie + même régime alcool + écart de prix ≤ 40 %
PROD-0262,NORMAND Mont Saint Michel,PROD-0225,Thé noir Vahiné,PRIX_EQUIVALENT,0.0,5.78,5.78,OUI,OUI,OUI,NON,0,même sous-catégorie + même régime alcool + écart de prix ≤ 40 %
PROD-0262,NORMAND Mont Saint Michel,PROD-0226,Thé noir Blue twist,PRIX_EQUIVALENT,0.0,5.78,5.78,OUI,OUI,OUI,NON,0,même sous-catégorie + même régime alcool + écart de prix ≤ 40 %
PROD-0262,NORMAND Mont Saint Michel,PROD-0227,Thé noir Back in Black,PRIX_EQUIVALENT,0.0,5.78,5.78,OUI,OUI,OUI,NON,0,même sous-catégorie + même régime alcool + écart de prix ≤ 40 %
PROD-0262,NORMAND Mont Saint Michel,PROD-0228,Thé noir Jeu de l'agrume,PRIX_EQUIVALENT,0.0,5.78,5.78,OUI,OUI,OUI,NON,0,même sous-catégorie + même régime alcool + écart de prix ≤ 40 %
PROD-0263,D-Day Plage du debarquement,PROD-0224,Thé noir  God save the tea,PRIX_EQUIVALENT,0.0,5.78,5.78,OUI,OUI,OUI,OUI,0,même sous-catégorie + même régime alcool + écart de prix ≤ 40 %
PROD-0263,D-Day Plage du debarquement,PROD-0225,Thé noir Vahiné,PRIX_EQUIVALENT,0.0,5.78,5.78,OUI,OUI,OUI,OUI,0,même sous-catégorie + même régime alcool + écart de prix ≤ 40 %
PROD-0263,D-Day Plage du debarquement,PROD-0226,Thé noir Blue twist,PRIX_EQUIVALENT,0.0,5.78,5.78,OUI,OUI,OUI,OUI,0,même sous-catégorie + même régime alcool + écart de prix ≤ 40 %
PROD-0263,D-Day Plage du debarquement,PROD-0227,Thé noir Back in Black,PRIX_EQUIVALENT,0.0,5.78,5.78,OUI,OUI,OUI,OUI,0,même sous-catégorie + même régime alcool + écart de prix ≤ 40 %
PROD-0263,D-Day Plage du debarquement,PROD-0228,Thé noir Jeu de l'agrume,PRIX_EQUIVALENT,0.0,5.78,5.78,OUI,OUI,OUI,OUI,0,même sous-catégorie + même régime alcool + écart de prix ≤ 40 %
PROD-0264,D-Day Normandie D-DAY,PROD-0224,Thé noir  God save the tea,PRIX_EQUIVALENT,0.0,5.78,5.78,OUI,OUI,OUI,NON,0,même sous-catégorie + même régime alcool + écart de prix ≤ 40 %
PROD-0264,D-Day Normandie D-DAY,PROD-0225,Thé noir Vahiné,PRIX_EQUIVALENT,0.0,5.78,5.78,OUI,OUI,OUI,NON,0,même sous-catégorie + même régime alcool + écart de prix ≤ 40 %
PROD-0264,D-Day Normandie D-DAY,PROD-0226,Thé noir Blue twist,PRIX_EQUIVALENT,0.0,5.78,5.78,OUI,OUI,OUI,NON,0,même sous-catégorie + même régime alcool + écart de prix ≤ 40 %
PROD-0264,D-Day Normandie D-DAY,PROD-0227,Thé noir Back in Black,PRIX_EQUIVALENT,0.0,5.78,5.78,OUI,OUI,OUI,NON,0,même sous-catégorie + même régime alcool + écart de prix ≤ 40 %
PROD-0264,D-Day Normandie D-DAY,PROD-0228,Thé noir Jeu de l'agrume,PRIX_EQUIVALENT,0.0,5.78,5.78,OUI,OUI,OUI,NON,0,même sous-catégorie + même régime alcool + écart de prix ≤ 40 %
PROD-0265,D-Day Operation Overlord,PROD-0224,Thé noir  God save the tea,PRIX_EQUIVALENT,0.0,5.78,5.78,OUI,OUI,OUI,OUI,0,même sous-catégorie + même régime alcool + écart de prix ≤ 40 %
PROD-0265,D-Day Operation Overlord,PROD-0225,Thé noir Vahiné,PRIX_EQUIVALENT,0.0,5.78,5.78,OUI,OUI,OUI,OUI,0,même sous-catégorie + même régime alcool + écart de prix ≤ 40 %
PROD-0265,D-Day Operation Overlord,PROD-0226,Thé noir Blue twist,PRIX_EQUIVALENT,0.0,5.78,5.78,OUI,OUI,OUI,OUI,0,même sous-catégorie + même régime alcool + écart de prix ≤ 40 %
PROD-0265,D-Day Operation Overlord,PROD-0227,Thé noir Back in Black,PRIX_EQUIVALENT,0.0,5.78,5.78,OUI,OUI,OUI,OUI,0,même sous-catégorie + même régime alcool + écart de prix ≤ 40 %
PROD-0265,D-Day Operation Overlord,PROD-0228,Thé noir Jeu de l'agrume,PRIX_EQUIVALENT,0.0,5.78,5.78,OUI,OUI,OUI,OUI,0,même sous-catégorie + même régime alcool + écart de prix ≤ 40 %
PROD-0266,D-Day Parachutes,PROD-0224,Thé noir  God save the tea,PRIX_EQUIVALENT,0.0,5.78,5.78,OUI,OUI,OUI,OUI,0,même sous-catégorie + même régime alcool + écart de prix ≤ 40 %
PROD-0266,D-Day Parachutes,PROD-0225,Thé noir Vahiné,PRIX_EQUIVALENT,0.0,5.78,5.78,OUI,OUI,OUI,OUI,0,même sous-catégorie + même régime alcool + écart de prix ≤ 40 %
PROD-0266,D-Day Parachutes,PROD-0226,Thé noir Blue twist,PRIX_EQUIVALENT,0.0,5.78,5.78,OUI,OUI,OUI,OUI,0,même sous-catégorie + même régime alcool + écart de prix ≤ 40 %
PROD-0266,D-Day Parachutes,PROD-0227,Thé noir Back in Black,PRIX_EQUIVALENT,0.0,5.78,5.78,OUI,OUI,OUI,OUI,0,même sous-catégorie + même régime alcool + écart de prix ≤ 40 %
PROD-0266,D-Day Parachutes,PROD-0228,Thé noir Jeu de l'agrume,PRIX_EQUIVALENT,0.0,5.78,5.78,OUI,OUI,OUI,OUI,0,même sous-catégorie + même régime alcool + écart de prix ≤ 40 %
PROD-0267,D-Day Les Alliés,PROD-0224,Thé noir  God save the tea,PRIX_EQUIVALENT,0.0,5.78,5.78,OUI,OUI,OUI,OUI,0,même sous-catégorie + même régime alcool + écart de prix ≤ 40 %
PROD-0267,D-Day Les Alliés,PROD-0225,Thé noir Vahiné,PRIX_EQUIVALENT,0.0,5.78,5.78,OUI,OUI,OUI,OUI,0,même sous-catégorie + même régime alcool + écart de prix ≤ 40 %
PROD-0267,D-Day Les Alliés,PROD-0226,Thé noir Blue twist,PRIX_EQUIVALENT,0.0,5.78,5.78,OUI,OUI,OUI,OUI,0,même sous-catégorie + même régime alcool + écart de prix ≤ 40 %
PROD-0267,D-Day Les Alliés,PROD-0227,Thé noir Back in Black,PRIX_EQUIVALENT,0.0,5.78,5.78,OUI,OUI,OUI,OUI,0,même sous-catégorie + même régime alcool + écart de prix ≤ 40 %
PROD-0267,D-Day Les Alliés,PROD-0228,Thé noir Jeu de l'agrume,PRIX_EQUIVALENT,0.0,5.78,5.78,OUI,OUI,OUI,OUI,0,même sous-catégorie + même régime alcool + écart de prix ≤ 40 %
PROD-0268,D-Day God Save The Queen,PROD-0224,Thé noir  God save the tea,PRIX_EQUIVALENT,0.0,5.78,5.78,OUI,OUI,OUI,OUI,0,même sous-catégorie + même régime alcool + écart de prix ≤ 40 %
PROD-0268,D-Day God Save The Queen,PROD-0225,Thé noir Vahiné,PRIX_EQUIVALENT,0.0,5.78,5.78,OUI,OUI,OUI,OUI,0,même sous-catégorie + même régime alcool + écart de prix ≤ 40 %
PROD-0268,D-Day God Save The Queen,PROD-0226,Thé noir Blue twist,PRIX_EQUIVALENT,0.0,5.78,5.78,OUI,OUI,OUI,OUI,0,même sous-catégorie + même régime alcool + écart de prix ≤ 40 %
PROD-0268,D-Day God Save The Queen,PROD-0227,Thé noir Back in Black,PRIX_EQUIVALENT,0.0,5.78,5.78,OUI,OUI,OUI,OUI,0,même sous-catégorie + même régime alcool + écart de prix ≤ 40 %
PROD-0268,D-Day God Save The Queen,PROD-0228,Thé noir Jeu de l'agrume,PRIX_EQUIVALENT,0.0,5.78,5.78,OUI,OUI,OUI,OUI,0,même sous-catégorie + même régime alcool + écart de prix ≤ 40 %
PROD-0269,MOUTARDE 100g Pomme Calvados,PROD-0271,MOUTARDE 100g à l'ancienne au Cidre,PRIX_EQUIVALENT,0.0,4.25,4.25,OUI,OUI,OUI,OUI,0,même sous-catégorie + même régime alcool + écart de prix ≤ 40 %
PROD-0269,MOUTARDE 100g Pomme Calvados,PROD-0059,Moutarde pommeau 100 gr,PRIX_INFERIEUR,-38.8,4.25,2.6,OUI,OUI,NON,OUI,0,même sous-catégorie + même régime alcool + écart de prix ≤ 40 %
PROD-0269,MOUTARDE 100g Pomme Calvados,PROD-0060,Moutarde Calvados 100 gr,PRIX_INFERIEUR,-38.8,4.25,2.6,OUI,OUI,NON,OUI,0,même sous-catégorie + même régime alcool + écart de prix ≤ 40 %
PROD-0270,MOUTARDE 100g Camembert,PROD-0272,MOUTARDE 100g à l'ail Noir,PRIX_EQUIVALENT,0.0,4.25,4.25,OUI,OUI,OUI,OUI,0,même sous-catégorie + même régime alcool + écart de prix ≤ 40 %
PROD-0270,MOUTARDE 100g Camembert,PROD-0273,MOUTARDE 100g au Piment d'Espelette,PRIX_EQUIVALENT,0.0,4.25,4.25,OUI,OUI,OUI,OUI,0,même sous-catégorie + même régime alcool + écart de prix ≤ 40 %
PROD-0270,MOUTARDE 100g Camembert,PROD-0274,MOUTARDE 100g Poivre Voantsy Perifery,PRIX_EQUIVALENT,0.0,4.25,4.25,OUI,OUI,OUI,OUI,0,même sous-catégorie + même régime alcool + écart de prix ≤ 40 %
PROD-0270,MOUTARDE 100g Camembert,PROD-0164,Maquereaux marinés 320 grs moutarde,PRIX_EQUIVALENT,-1.2,4.25,4.2,OUI,OUI,NON,OUI,0,même sous-catégorie + même régime alcool + écart de prix ≤ 40 %
PROD-0270,MOUTARDE 100g Camembert,PROD-0182,Rillettes de maquereaux moutarde 140grs,PRIX_SUPERIEUR,5.9,4.25,4.5,OUI,OUI,NON,OUI,0,même sous-catégorie + même régime alcool + écart de prix ≤ 40 %
PROD-0271,MOUTARDE 100g à l'ancienne au Cidre,PROD-0269,MOUTARDE 100g Pomme Calvados,PRIX_EQUIVALENT,0.0,4.25,4.25,OUI,OUI,OUI,OUI,0,même sous-catégorie + même régime alcool + écart de prix ≤ 40 %
PROD-0271,MOUTARDE 100g à l'ancienne au Cidre,PROD-0059,Moutarde pommeau 100 gr,PRIX_INFERIEUR,-38.8,4.25,2.6,OUI,OUI,NON,OUI,0,même sous-catégorie + même régime alcool + écart de prix ≤ 40 %
PROD-0271,MOUTARDE 100g à l'ancienne au Cidre,PROD-0060,Moutarde Calvados 100 gr,PRIX_INFERIEUR,-38.8,4.25,2.6,OUI,OUI,NON,OUI,0,même sous-catégorie + même régime alcool + écart de prix ≤ 40 %
PROD-0272,MOUTARDE 100g à l'ail Noir,PROD-0270,MOUTARDE 100g Camembert,PRIX_EQUIVALENT,0.0,4.25,4.25,OUI,OUI,OUI,OUI,0,même sous-catégorie + même régime alcool + écart de prix ≤ 40 %
PROD-0272,MOUTARDE 100g à l'ail Noir,PROD-0273,MOUTARDE 100g au Piment d'Espelette,PRIX_EQUIVALENT,0.0,4.25,4.25,OUI,OUI,OUI,OUI,0,même sous-catégorie + même régime alcool + écart de prix ≤ 40 %
PROD-0272,MOUTARDE 100g à l'ail Noir,PROD-0274,MOUTARDE 100g Poivre Voantsy Perifery,PRIX_EQUIVALENT,0.0,4.25,4.25,OUI,OUI,OUI,OUI,0,même sous-catégorie + même régime alcool + écart de prix ≤ 40 %
PROD-0272,MOUTARDE 100g à l'ail Noir,PROD-0164,Maquereaux marinés 320 grs moutarde,PRIX_EQUIVALENT,-1.2,4.25,4.2,OUI,OUI,NON,OUI,0,même sous-catégorie + même régime alcool + écart de prix ≤ 40 %
PROD-0272,MOUTARDE 100g à l'ail Noir,PROD-0182,Rillettes de maquereaux moutarde 140grs,PRIX_SUPERIEUR,5.9,4.25,4.5,OUI,OUI,NON,OUI,0,même sous-catégorie + même régime alcool + écart de prix ≤ 40 %
PROD-0273,MOUTARDE 100g au Piment d'Espelette,PROD-0270,MOUTARDE 100g Camembert,PRIX_EQUIVALENT,0.0,4.25,4.25,OUI,OUI,OUI,OUI,0,même sous-catégorie + même régime alcool + écart de prix ≤ 40 %
PROD-0273,MOUTARDE 100g au Piment d'Espelette,PROD-0272,MOUTARDE 100g à l'ail Noir,PRIX_EQUIVALENT,0.0,4.25,4.25,OUI,OUI,OUI,OUI,0,même sous-catégorie + même régime alcool + écart de prix ≤ 40 %
PROD-0273,MOUTARDE 100g au Piment d'Espelette,PROD-0274,MOUTARDE 100g Poivre Voantsy Perifery,PRIX_EQUIVALENT,0.0,4.25,4.25,OUI,OUI,OUI,OUI,0,même sous-catégorie + même régime alcool + écart de prix ≤ 40 %
PROD-0273,MOUTARDE 100g au Piment d'Espelette,PROD-0164,Maquereaux marinés 320 grs moutarde,PRIX_EQUIVALENT,-1.2,4.25,4.2,OUI,OUI,NON,OUI,0,même sous-catégorie + même régime alcool + écart de prix ≤ 40 %
PROD-0273,MOUTARDE 100g au Piment d'Espelette,PROD-0182,Rillettes de maquereaux moutarde 140grs,PRIX_SUPERIEUR,5.9,4.25,4.5,OUI,OUI,NON,OUI,0,même sous-catégorie + même régime alcool + écart de prix ≤ 40 %
PROD-0274,MOUTARDE 100g Poivre Voantsy Perifery,PROD-0270,MOUTARDE 100g Camembert,PRIX_EQUIVALENT,0.0,4.25,4.25,OUI,OUI,OUI,OUI,0,même sous-catégorie + même régime alcool + écart de prix ≤ 40 %
PROD-0274,MOUTARDE 100g Poivre Voantsy Perifery,PROD-0272,MOUTARDE 100g à l'ail Noir,PRIX_EQUIVALENT,0.0,4.25,4.25,OUI,OUI,OUI,OUI,0,même sous-catégorie + même régime alcool + écart de prix ≤ 40 %
PROD-0274,MOUTARDE 100g Poivre Voantsy Perifery,PROD-0273,MOUTARDE 100g au Piment d'Espelette,PRIX_EQUIVALENT,0.0,4.25,4.25,OUI,OUI,OUI,OUI,0,même sous-catégorie + même régime alcool + écart de prix ≤ 40 %
PROD-0274,MOUTARDE 100g Poivre Voantsy Perifery,PROD-0164,Maquereaux marinés 320 grs moutarde,PRIX_EQUIVALENT,-1.2,4.25,4.2,OUI,OUI,NON,OUI,0,même sous-catégorie + même régime alcool + écart de prix ≤ 40 %
PROD-0274,MOUTARDE 100g Poivre Voantsy Perifery,PROD-0182,Rillettes de maquereaux moutarde 140grs,PRIX_SUPERIEUR,5.9,4.25,4.5,OUI,OUI,NON,OUI,0,même sous-catégorie + même régime alcool + écart de prix ≤ 40 %
PROD-0275,CONFITURE pomme caramel 180 gr Mont sr Michel,PROD-0276,CONFITURE poire vanille 180 gr Plage,PRIX_EQUIVALENT,0.0,3.7,3.7,OUI,OUI,OUI,OUI,0,même sous-catégorie + même régime alcool + écart de prix ≤ 40 %
PROD-0275,CONFITURE pomme caramel 180 gr Mont sr Michel,PROD-0277,CONFITURE fruits rouges 180 gr Champs de course,PRIX_EQUIVALENT,0.0,3.7,3.7,OUI,OUI,OUI,OUI,0,même sous-catégorie + même régime alcool + écart de prix ≤ 40 %
PROD-0275,CONFITURE pomme caramel 180 gr Mont sr Michel,PROD-0043,Confiture figue 280 grs,PRIX_INFERIEUR,-16.2,3.7,3.1,OUI,OUI,NON,OUI,0,même sous-catégorie + même régime alcool + écart de prix ≤ 40 %
PROD-0275,CONFITURE pomme caramel 180 gr Mont sr Michel,PROD-0044,Confiture orange 280 grs,PRIX_INFERIEUR,-16.2,3.7,3.1,OUI,OUI,NON,OUI,0,même sous-catégorie + même régime alcool + écart de prix ≤ 40 %
PROD-0275,CONFITURE pomme caramel 180 gr Mont sr Michel,PROD-0045,Confiture framboise 280 grs,PRIX_INFERIEUR,-16.2,3.7,3.1,OUI,OUI,NON,OUI,0,même sous-catégorie + même régime alcool + écart de prix ≤ 40 %
PROD-0276,CONFITURE poire vanille 180 gr Plage,PROD-0275,CONFITURE pomme caramel 180 gr Mont sr Michel,PRIX_EQUIVALENT,0.0,3.7,3.7,OUI,OUI,OUI,OUI,0,même sous-catégorie + même régime alcool + écart de prix ≤ 40 %
PROD-0276,CONFITURE poire vanille 180 gr Plage,PROD-0277,CONFITURE fruits rouges 180 gr Champs de course,PRIX_EQUIVALENT,0.0,3.7,3.7,OUI,OUI,OUI,OUI,0,même sous-catégorie + même régime alcool + écart de prix ≤ 40 %
PROD-0276,CONFITURE poire vanille 180 gr Plage,PROD-0043,Confiture figue 280 grs,PRIX_INFERIEUR,-16.2,3.7,3.1,OUI,OUI,NON,OUI,0,même sous-catégorie + même régime alcool + écart de prix ≤ 40 %
PROD-0276,CONFITURE poire vanille 180 gr Plage,PROD-0044,Confiture orange 280 grs,PRIX_INFERIEUR,-16.2,3.7,3.1,OUI,OUI,NON,OUI,0,même sous-catégorie + même régime alcool + écart de prix ≤ 40 %
PROD-0276,CONFITURE poire vanille 180 gr Plage,PROD-0045,Confiture framboise 280 grs,PRIX_INFERIEUR,-16.2,3.7,3.1,OUI,OUI,NON,OUI,0,même sous-catégorie + même régime alcool + écart de prix ≤ 40 %
PROD-0277,CONFITURE fruits rouges 180 gr Champs de course,PROD-0275,CONFITURE pomme caramel 180 gr Mont sr Michel,PRIX_EQUIVALENT,0.0,3.7,3.7,OUI,OUI,OUI,OUI,0,même sous-catégorie + même régime alcool + écart de prix ≤ 40 %
PROD-0277,CONFITURE fruits rouges 180 gr Champs de course,PROD-0276,CONFITURE poire vanille 180 gr Plage,PRIX_EQUIVALENT,0.0,3.7,3.7,OUI,OUI,OUI,OUI,0,même sous-catégorie + même régime alcool + écart de prix ≤ 40 %
PROD-0277,CONFITURE fruits rouges 180 gr Champs de course,PROD-0043,Confiture figue 280 grs,PRIX_INFERIEUR,-16.2,3.7,3.1,OUI,OUI,NON,OUI,0,même sous-catégorie + même régime alcool + écart de prix ≤ 40 %
PROD-0277,CONFITURE fruits rouges 180 gr Champs de course,PROD-0044,Confiture orange 280 grs,PRIX_INFERIEUR,-16.2,3.7,3.1,OUI,OUI,NON,OUI,0,même sous-catégorie + même régime alcool + écart de prix ≤ 40 %
PROD-0277,CONFITURE fruits rouges 180 gr Champs de course,PROD-0045,Confiture framboise 280 grs,PRIX_INFERIEUR,-16.2,3.7,3.1,OUI,OUI,NON,OUI,0,même sous-catégorie + même régime alcool + écart de prix ≤ 40 %
PROD-0278,CARAMELS d'Isigny Fondant beurre salé 150 g Caen,PROD-0279,CARAMELS d'Isigny beurre salé 150 g Deauville,PRIX_EQUIVALENT,0.0,5.11,5.11,OUI,OUI,OUI,OUI,0,même sous-catégorie + même régime alcool + écart de prix ≤ 40 %
PROD-0278,CARAMELS d'Isigny Fondant beurre salé 150 g Caen,PROD-0280,CARAMELS d'Isigny 150 g Assortiment Normand Vache,PRIX_EQUIVALENT,0.0,5.11,5.11,OUI,OUI,OUI,OUI,0,même sous-catégorie + même régime alcool + écart de prix ≤ 40 %
PROD-0278,CARAMELS d'Isigny Fondant beurre salé 150 g Caen,PROD-0291,Caramels d'Isigny beurre salé 150 g  D-DAY drapeau,PRIX_EQUIVALENT,0.0,5.11,5.11,OUI,OUI,OUI,OUI,0,même sous-catégorie + même régime alcool + écart de prix ≤ 40 %
PROD-0278,CARAMELS d'Isigny Fondant beurre salé 150 g Caen,PROD-0557,"BOÎTE FER ""NOËL""",PRIX_EQUIVALENT,-0.2,5.11,5.1,OUI,OUI,NON,NON,0,même sous-catégorie + même régime alcool + écart de prix ≤ 40 %
PROD-0278,CARAMELS d'Isigny Fondant beurre salé 150 g Caen,PROD-0535,"BOÎTE MÉTAL À FENÊTRE ""GOÛT TATIN""",PRIX_EQUIVALENT,0.8,5.11,5.15,OUI,OUI,NON,NON,0,même sous-catégorie + même régime alcool + écart de prix ≤ 40 %
PROD-0279,CARAMELS d'Isigny beurre salé 150 g Deauville,PROD-0278,CARAMELS d'Isigny Fondant beurre salé 150 g Caen,PRIX_EQUIVALENT,0.0,5.11,5.11,OUI,OUI,OUI,OUI,0,même sous-catégorie + même régime alcool + écart de prix ≤ 40 %
PROD-0279,CARAMELS d'Isigny beurre salé 150 g Deauville,PROD-0280,CARAMELS d'Isigny 150 g Assortiment Normand Vache,PRIX_EQUIVALENT,0.0,5.11,5.11,OUI,OUI,OUI,OUI,0,même sous-catégorie + même régime alcool + écart de prix ≤ 40 %
PROD-0279,CARAMELS d'Isigny beurre salé 150 g Deauville,PROD-0291,Caramels d'Isigny beurre salé 150 g  D-DAY drapeau,PRIX_EQUIVALENT,0.0,5.11,5.11,OUI,OUI,OUI,OUI,0,même sous-catégorie + même régime alcool + écart de prix ≤ 40 %
PROD-0279,CARAMELS d'Isigny beurre salé 150 g Deauville,PROD-0557,"BOÎTE FER ""NOËL""",PRIX_EQUIVALENT,-0.2,5.11,5.1,OUI,OUI,NON,NON,0,même sous-catégorie + même régime alcool + écart de prix ≤ 40 %
PROD-0279,CARAMELS d'Isigny beurre salé 150 g Deauville,PROD-0535,"BOÎTE MÉTAL À FENÊTRE ""GOÛT TATIN""",PRIX_EQUIVALENT,0.8,5.11,5.15,OUI,OUI,NON,NON,0,même sous-catégorie + même régime alcool + écart de prix ≤ 40 %
PROD-0280,CARAMELS d'Isigny 150 g Assortiment Normand Vache,PROD-0278,CARAMELS d'Isigny Fondant beurre salé 150 g Caen,PRIX_EQUIVALENT,0.0,5.11,5.11,OUI,OUI,OUI,OUI,0,même sous-catégorie + même régime alcool + écart de prix ≤ 40 %
PROD-0280,CARAMELS d'Isigny 150 g Assortiment Normand Vache,PROD-0279,CARAMELS d'Isigny beurre salé 150 g Deauville,PRIX_EQUIVALENT,0.0,5.11,5.11,OUI,OUI,OUI,OUI,0,même sous-catégorie + même régime alcool + écart de prix ≤ 40 %
PROD-0280,CARAMELS d'Isigny 150 g Assortiment Normand Vache,PROD-0291,Caramels d'Isigny beurre salé 150 g  D-DAY drapeau,PRIX_EQUIVALENT,0.0,5.11,5.11,OUI,OUI,OUI,OUI,0,même sous-catégorie + même régime alcool + écart de prix ≤ 40 %
PROD-0280,CARAMELS d'Isigny 150 g Assortiment Normand Vache,PROD-0557,"BOÎTE FER ""NOËL""",PRIX_EQUIVALENT,-0.2,5.11,5.1,OUI,OUI,NON,NON,0,même sous-catégorie + même régime alcool + écart de prix ≤ 40 %
PROD-0280,CARAMELS d'Isigny 150 g Assortiment Normand Vache,PROD-0535,"BOÎTE MÉTAL À FENÊTRE ""GOÛT TATIN""",PRIX_EQUIVALENT,0.8,5.11,5.15,OUI,OUI,NON,NON,0,même sous-catégorie + même régime alcool + écart de prix ≤ 40 %
PROD-0281,CARAMELS d'Isigny 200 g Assortiment Normand,PROD-0555,"BOÎTE ""PRESTIGE""",PRIX_SUPERIEUR,5.3,7.5,7.9,OUI,OUI,NON,NON,0,même sous-catégorie + même régime alcool + écart de prix ≤ 40 %
PROD-0281,CARAMELS d'Isigny 200 g Assortiment Normand,PROD-0556,"BOÎTE ""SOUVENIRS D’ENFANCE""",PRIX_SUPERIEUR,5.3,7.5,7.9,OUI,OUI,NON,NON,0,même sous-catégorie + même régime alcool + écart de prix ≤ 40 %
PROD-0281,CARAMELS d'Isigny 200 g Assortiment Normand,PROD-0553,FOLKLORE NORMAND,PRIX_SUPERIEUR,23.3,7.5,9.25,OUI,OUI,NON,OUI,0,même sous-catégorie + même régime alcool + écart de prix ≤ 40 %
PROD-0281,CARAMELS d'Isigny 200 g Assortiment Normand,PROD-0554,CARROUSEL,PRIX_SUPERIEUR,23.3,7.5,9.25,OUI,OUI,NON,NON,0,même sous-catégorie + même régime alcool + écart de prix ≤ 40 %
PROD-0281,CARAMELS d'Isigny 200 g Assortiment Normand,PROD-0545,BOÎTE CIGARE,PRIX_INFERIEUR,-26.7,7.5,5.5,OUI,OUI,NON,OUI,0,même sous-catégorie + même régime alcool + écart de prix ≤ 40 %
PROD-0282,CARAMELS 1/2 sucrette 100g Ouistreham B-LEC,PROD-0283,CARAMELS 1/2 sucrette 100g Caen château B-LEC,PRIX_EQUIVALENT,0.0,4.64,4.64,OUI,OUI,OUI,OUI,0,même sous-catégorie + même régime alcool + écart de prix ≤ 40 %
PROD-0282,CARAMELS 1/2 sucrette 100g Ouistreham B-LEC,PROD-0292,Caramels d'Isigny 1/2 sucrette 100 g Parachute,PRIX_EQUIVALENT,0.0,4.64,4.64,OUI,OUI,OUI,NON,0,même sous-catégorie + même régime alcool + écart de prix ≤ 40 %
PROD-0282,CARAMELS 1/2 sucrette 100g Ouistreham B-LEC,PROD-0293,Caramels d'Isigny 1/2 sucrette 100 g OPERATION OVERLORD,PRIX_EQUIVALENT,0.0,4.64,4.64,OUI,OUI,OUI,NON,0,même sous-catégorie + même régime alcool + écart de prix ≤ 40 %
PROD-0282,CARAMELS 1/2 sucrette 100g Ouistreham B-LEC,PROD-0544,POT À LAIT,PRIX_INFERIEUR,-3.0,4.64,4.5,OUI,OUI,NON,NON,0,même sous-catégorie + même régime alcool + écart de prix ≤ 40 %
PROD-0282,CARAMELS 1/2 sucrette 100g Ouistreham B-LEC,PROD-0524,SACHET FONDANTS BEURRE SALÉ,PRIX_INFERIEUR,-5.2,4.64,4.4,OUI,OUI,NON,OUI,0,même sous-catégorie + même régime alcool + écart de prix ≤ 40 %
PROD-0283,CARAMELS 1/2 sucrette 100g Caen château B-LEC,PROD-0282,CARAMELS 1/2 sucrette 100g Ouistreham B-LEC,PRIX_EQUIVALENT,0.0,4.64,4.64,OUI,OUI,OUI,OUI,0,même sous-catégorie + même régime alcool + écart de prix ≤ 40 %
PROD-0283,CARAMELS 1/2 sucrette 100g Caen château B-LEC,PROD-0292,Caramels d'Isigny 1/2 sucrette 100 g Parachute,PRIX_EQUIVALENT,0.0,4.64,4.64,OUI,OUI,OUI,NON,0,même sous-catégorie + même régime alcool + écart de prix ≤ 40 %
PROD-0283,CARAMELS 1/2 sucrette 100g Caen château B-LEC,PROD-0293,Caramels d'Isigny 1/2 sucrette 100 g OPERATION OVERLORD,PRIX_EQUIVALENT,0.0,4.64,4.64,OUI,OUI,OUI,NON,0,même sous-catégorie + même régime alcool + écart de prix ≤ 40 %
PROD-0283,CARAMELS 1/2 sucrette 100g Caen château B-LEC,PROD-0544,POT À LAIT,PRIX_INFERIEUR,-3.0,4.64,4.5,OUI,OUI,NON,NON,0,même sous-catégorie + même régime alcool + écart de prix ≤ 40 %
PROD-0283,CARAMELS 1/2 sucrette 100g Caen château B-LEC,PROD-0524,SACHET FONDANTS BEURRE SALÉ,PRIX_INFERIEUR,-5.2,4.64,4.4,OUI,OUI,NON,OUI,0,même sous-catégorie + même régime alcool + écart de prix ≤ 40 %
PROD-0284,BISCUITS 150g CAEN Mairie,PROD-0285,BISCUITS 150g Ouistreham B-LEC,PRIX_EQUIVALENT,0.0,7.31,7.31,OUI,OUI,OUI,OUI,0,même sous-catégorie + même régime alcool + écart de prix ≤ 40 %
PROD-0284,BISCUITS 150g CAEN Mairie,PROD-0286,BISCUITS 150g Caen Château B-LEC,PRIX_EQUIVALENT,0.0,7.31,7.31,OUI,OUI,OUI,OUI,0,même sous-catégorie + même régime alcool + écart de prix ≤ 40 %
PROD-0284,BISCUITS 150g CAEN Mairie,PROD-0287,BISCUITS 150g Caen cœur de ville Aquarelle,PRIX_EQUIVALENT,0.0,7.31,7.31,OUI,OUI,OUI,OUI,0,même sous-catégorie + même régime alcool + écart de prix ≤ 40 %
PROD-0284,BISCUITS 150g CAEN Mairie,PROD-0288,Biscuits 150g Pays D'Auge Aquarelle,PRIX_EQUIVALENT,0.0,7.31,7.31,OUI,OUI,OUI,NON,0,même sous-catégorie + même régime alcool + écart de prix ≤ 40 %
PROD-0284,BISCUITS 150g CAEN Mairie,PROD-0289,Biscuits 150g Cambremer Aquarelle,PRIX_EQUIVALENT,0.0,7.31,7.31,OUI,OUI,OUI,OUI,0,même sous-catégorie + même régime alcool + écart de prix ≤ 40 %
PROD-0285,BISCUITS 150g Ouistreham B-LEC,PROD-0284,BISCUITS 150g CAEN Mairie,PRIX_EQUIVALENT,0.0,7.31,7.31,OUI,OUI,OUI,OUI,0,même sous-catégorie + même régime alcool + écart de prix ≤ 40 %
PROD-0285,BISCUITS 150g Ouistreham B-LEC,PROD-0286,BISCUITS 150g Caen Château B-LEC,PRIX_EQUIVALENT,0.0,7.31,7.31,OUI,OUI,OUI,OUI,0,même sous-catégorie + même régime alcool + écart de prix ≤ 40 %
PROD-0285,BISCUITS 150g Ouistreham B-LEC,PROD-0287,BISCUITS 150g Caen cœur de ville Aquarelle,PRIX_EQUIVALENT,0.0,7.31,7.31,OUI,OUI,OUI,OUI,0,même sous-catégorie + même régime alcool + écart de prix ≤ 40 %
PROD-0285,BISCUITS 150g Ouistreham B-LEC,PROD-0288,Biscuits 150g Pays D'Auge Aquarelle,PRIX_EQUIVALENT,0.0,7.31,7.31,OUI,OUI,OUI,NON,0,même sous-catégorie + même régime alcool + écart de prix ≤ 40 %
PROD-0285,BISCUITS 150g Ouistreham B-LEC,PROD-0289,Biscuits 150g Cambremer Aquarelle,PRIX_EQUIVALENT,0.0,7.31,7.31,OUI,OUI,OUI,OUI,0,même sous-catégorie + même régime alcool + écart de prix ≤ 40 %
PROD-0286,BISCUITS 150g Caen Château B-LEC,PROD-0284,BISCUITS 150g CAEN Mairie,PRIX_EQUIVALENT,0.0,7.31,7.31,OUI,OUI,OUI,OUI,0,même sous-catégorie + même régime alcool + écart de prix ≤ 40 %
PROD-0286,BISCUITS 150g Caen Château B-LEC,PROD-0285,BISCUITS 150g Ouistreham B-LEC,PRIX_EQUIVALENT,0.0,7.31,7.31,OUI,OUI,OUI,OUI,0,même sous-catégorie + même régime alcool + écart de prix ≤ 40 %
PROD-0286,BISCUITS 150g Caen Château B-LEC,PROD-0287,BISCUITS 150g Caen cœur de ville Aquarelle,PRIX_EQUIVALENT,0.0,7.31,7.31,OUI,OUI,OUI,OUI,0,même sous-catégorie + même régime alcool + écart de prix ≤ 40 %
PROD-0286,BISCUITS 150g Caen Château B-LEC,PROD-0288,Biscuits 150g Pays D'Auge Aquarelle,PRIX_EQUIVALENT,0.0,7.31,7.31,OUI,OUI,OUI,NON,0,même sous-catégorie + même régime alcool + écart de prix ≤ 40 %
PROD-0286,BISCUITS 150g Caen Château B-LEC,PROD-0289,Biscuits 150g Cambremer Aquarelle,PRIX_EQUIVALENT,0.0,7.31,7.31,OUI,OUI,OUI,OUI,0,même sous-catégorie + même régime alcool + écart de prix ≤ 40 %
PROD-0287,BISCUITS 150g Caen cœur de ville Aquarelle,PROD-0284,BISCUITS 150g CAEN Mairie,PRIX_EQUIVALENT,0.0,7.31,7.31,OUI,OUI,OUI,OUI,0,même sous-catégorie + même régime alcool + écart de prix ≤ 40 %
PROD-0287,BISCUITS 150g Caen cœur de ville Aquarelle,PROD-0285,BISCUITS 150g Ouistreham B-LEC,PRIX_EQUIVALENT,0.0,7.31,7.31,OUI,OUI,OUI,OUI,0,même sous-catégorie + même régime alcool + écart de prix ≤ 40 %
PROD-0287,BISCUITS 150g Caen cœur de ville Aquarelle,PROD-0286,BISCUITS 150g Caen Château B-LEC,PRIX_EQUIVALENT,0.0,7.31,7.31,OUI,OUI,OUI,OUI,0,même sous-catégorie + même régime alcool + écart de prix ≤ 40 %
PROD-0287,BISCUITS 150g Caen cœur de ville Aquarelle,PROD-0288,Biscuits 150g Pays D'Auge Aquarelle,PRIX_EQUIVALENT,0.0,7.31,7.31,OUI,OUI,OUI,NON,0,même sous-catégorie + même régime alcool + écart de prix ≤ 40 %
PROD-0287,BISCUITS 150g Caen cœur de ville Aquarelle,PROD-0289,Biscuits 150g Cambremer Aquarelle,PRIX_EQUIVALENT,0.0,7.31,7.31,OUI,OUI,OUI,OUI,0,même sous-catégorie + même régime alcool + écart de prix ≤ 40 %
PROD-0288,Biscuits 150g Pays D'Auge Aquarelle,PROD-0284,BISCUITS 150g CAEN Mairie,PRIX_EQUIVALENT,0.0,7.31,7.31,OUI,OUI,OUI,NON,0,même sous-catégorie + même régime alcool + écart de prix ≤ 40 %
PROD-0288,Biscuits 150g Pays D'Auge Aquarelle,PROD-0285,BISCUITS 150g Ouistreham B-LEC,PRIX_EQUIVALENT,0.0,7.31,7.31,OUI,OUI,OUI,NON,0,même sous-catégorie + même régime alcool + écart de prix ≤ 40 %
PROD-0288,Biscuits 150g Pays D'Auge Aquarelle,PROD-0286,BISCUITS 150g Caen Château B-LEC,PRIX_EQUIVALENT,0.0,7.31,7.31,OUI,OUI,OUI,NON,0,même sous-catégorie + même régime alcool + écart de prix ≤ 40 %
PROD-0288,Biscuits 150g Pays D'Auge Aquarelle,PROD-0287,BISCUITS 150g Caen cœur de ville Aquarelle,PRIX_EQUIVALENT,0.0,7.31,7.31,OUI,OUI,OUI,NON,0,même sous-catégorie + même régime alcool + écart de prix ≤ 40 %
PROD-0288,Biscuits 150g Pays D'Auge Aquarelle,PROD-0289,Biscuits 150g Cambremer Aquarelle,PRIX_EQUIVALENT,0.0,7.31,7.31,OUI,OUI,OUI,NON,0,même sous-catégorie + même régime alcool + écart de prix ≤ 40 %
PROD-0289,Biscuits 150g Cambremer Aquarelle,PROD-0284,BISCUITS 150g CAEN Mairie,PRIX_EQUIVALENT,0.0,7.31,7.31,OUI,OUI,OUI,OUI,0,même sous-catégorie + même régime alcool + écart de prix ≤ 40 %
PROD-0289,Biscuits 150g Cambremer Aquarelle,PROD-0285,BISCUITS 150g Ouistreham B-LEC,PRIX_EQUIVALENT,0.0,7.31,7.31,OUI,OUI,OUI,OUI,0,même sous-catégorie + même régime alcool + écart de prix ≤ 40 %
PROD-0289,Biscuits 150g Cambremer Aquarelle,PROD-0286,BISCUITS 150g Caen Château B-LEC,PRIX_EQUIVALENT,0.0,7.31,7.31,OUI,OUI,OUI,OUI,0,même sous-catégorie + même régime alcool + écart de prix ≤ 40 %
PROD-0289,Biscuits 150g Cambremer Aquarelle,PROD-0287,BISCUITS 150g Caen cœur de ville Aquarelle,PRIX_EQUIVALENT,0.0,7.31,7.31,OUI,OUI,OUI,OUI,0,même sous-catégorie + même régime alcool + écart de prix ≤ 40 %
PROD-0289,Biscuits 150g Cambremer Aquarelle,PROD-0288,Biscuits 150g Pays D'Auge Aquarelle,PRIX_EQUIVALENT,0.0,7.31,7.31,OUI,OUI,OUI,NON,0,même sous-catégorie + même régime alcool + écart de prix ≤ 40 %
PROD-0290,POMMEAU 35cl Pique-nique sous les pommiers,PROD-0689,Pommeau de Normandie,PRIX_SUPERIEUR,10.8,9.0,9.97,OUI,OUI,NON,NON,1,même sous-catégorie + même régime alcool + écart de prix ≤ 40 %
PROD-0290,POMMEAU 35cl Pique-nique sous les pommiers,PROD-0363,Apéro Claids 70 cl 12°,PRIX_SUPERIEUR,15.0,9.0,10.35,OUI,OUI,NON,OUI,0,même sous-catégorie + même régime alcool + écart de prix ≤ 40 %
PROD-0290,POMMEAU 35cl Pique-nique sous les pommiers,PROD-0361,Pommeau de Normandie 35 cl 17°,PRIX_INFERIEUR,-19.4,9.0,7.25,OUI,OUI,NON,NON,1,même sous-catégorie + même régime alcool + écart de prix ≤ 40 %
PROD-0290,POMMEAU 35cl Pique-nique sous les pommiers,PROD-0362,Pommeau de Normandie 70 cl 17°,PRIX_SUPERIEUR,26.1,9.0,11.35,OUI,OUI,NON,NON,1,même sous-catégorie + même régime alcool + écart de prix ≤ 40 %
PROD-0290,POMMEAU 35cl Pique-nique sous les pommiers,PROD-0343,pommeau bio 20 cl,PRIX_INFERIEUR,-30.3,9.0,6.27,OUI,OUI,NON,OUI,0,même sous-catégorie + même régime alcool + écart de prix ≤ 40 %
PROD-0291,Caramels d'Isigny beurre salé 150 g  D-DAY drapeau,PROD-0278,CARAMELS d'Isigny Fondant beurre salé 150 g Caen,PRIX_EQUIVALENT,0.0,5.11,5.11,OUI,OUI,OUI,OUI,0,même sous-catégorie + même régime alcool + écart de prix ≤ 40 %
PROD-0291,Caramels d'Isigny beurre salé 150 g  D-DAY drapeau,PROD-0279,CARAMELS d'Isigny beurre salé 150 g Deauville,PRIX_EQUIVALENT,0.0,5.11,5.11,OUI,OUI,OUI,OUI,0,même sous-catégorie + même régime alcool + écart de prix ≤ 40 %
PROD-0291,Caramels d'Isigny beurre salé 150 g  D-DAY drapeau,PROD-0280,CARAMELS d'Isigny 150 g Assortiment Normand Vache,PRIX_EQUIVALENT,0.0,5.11,5.11,OUI,OUI,OUI,OUI,0,même sous-catégorie + même régime alcool + écart de prix ≤ 40 %
PROD-0291,Caramels d'Isigny beurre salé 150 g  D-DAY drapeau,PROD-0557,"BOÎTE FER ""NOËL""",PRIX_EQUIVALENT,-0.2,5.11,5.1,OUI,OUI,NON,NON,0,même sous-catégorie + même régime alcool + écart de prix ≤ 40 %
PROD-0291,Caramels d'Isigny beurre salé 150 g  D-DAY drapeau,PROD-0535,"BOÎTE MÉTAL À FENÊTRE ""GOÛT TATIN""",PRIX_EQUIVALENT,0.8,5.11,5.15,OUI,OUI,NON,NON,0,même sous-catégorie + même régime alcool + écart de prix ≤ 40 %
PROD-0292,Caramels d'Isigny 1/2 sucrette 100 g Parachute,PROD-0282,CARAMELS 1/2 sucrette 100g Ouistreham B-LEC,PRIX_EQUIVALENT,0.0,4.64,4.64,OUI,OUI,OUI,NON,0,même sous-catégorie + même régime alcool + écart de prix ≤ 40 %
PROD-0292,Caramels d'Isigny 1/2 sucrette 100 g Parachute,PROD-0283,CARAMELS 1/2 sucrette 100g Caen château B-LEC,PRIX_EQUIVALENT,0.0,4.64,4.64,OUI,OUI,OUI,NON,0,même sous-catégorie + même régime alcool + écart de prix ≤ 40 %
PROD-0292,Caramels d'Isigny 1/2 sucrette 100 g Parachute,PROD-0293,Caramels d'Isigny 1/2 sucrette 100 g OPERATION OVERLORD,PRIX_EQUIVALENT,0.0,4.64,4.64,OUI,OUI,OUI,OUI,0,même sous-catégorie + même régime alcool + écart de prix ≤ 40 %
PROD-0292,Caramels d'Isigny 1/2 sucrette 100 g Parachute,PROD-0544,POT À LAIT,PRIX_INFERIEUR,-3.0,4.64,4.5,OUI,OUI,NON,OUI,0,même sous-catégorie + même régime alcool + écart de prix ≤ 40 %
PROD-0292,Caramels d'Isigny 1/2 sucrette 100 g Parachute,PROD-0524,SACHET FONDANTS BEURRE SALÉ,PRIX_INFERIEUR,-5.2,4.64,4.4,OUI,OUI,NON,NON,0,même sous-catégorie + même régime alcool + écart de prix ≤ 40 %
PROD-0293,Caramels d'Isigny 1/2 sucrette 100 g OPERATION OVERLORD,PROD-0282,CARAMELS 1/2 sucrette 100g Ouistreham B-LEC,PRIX_EQUIVALENT,0.0,4.64,4.64,OUI,OUI,OUI,NON,0,même sous-catégorie + même régime alcool + écart de prix ≤ 40 %
PROD-0293,Caramels d'Isigny 1/2 sucrette 100 g OPERATION OVERLORD,PROD-0283,CARAMELS 1/2 sucrette 100g Caen château B-LEC,PRIX_EQUIVALENT,0.0,4.64,4.64,OUI,OUI,OUI,NON,0,même sous-catégorie + même régime alcool + écart de prix ≤ 40 %
PROD-0293,Caramels d'Isigny 1/2 sucrette 100 g OPERATION OVERLORD,PROD-0292,Caramels d'Isigny 1/2 sucrette 100 g Parachute,PRIX_EQUIVALENT,0.0,4.64,4.64,OUI,OUI,OUI,OUI,0,même sous-catégorie + même régime alcool + écart de prix ≤ 40 %
PROD-0293,Caramels d'Isigny 1/2 sucrette 100 g OPERATION OVERLORD,PROD-0544,POT À LAIT,PRIX_INFERIEUR,-3.0,4.64,4.5,OUI,OUI,NON,OUI,0,même sous-catégorie + même régime alcool + écart de prix ≤ 40 %
PROD-0293,Caramels d'Isigny 1/2 sucrette 100 g OPERATION OVERLORD,PROD-0524,SACHET FONDANTS BEURRE SALÉ,PRIX_INFERIEUR,-5.2,4.64,4.4,OUI,OUI,NON,NON,0,même sous-catégorie + même régime alcool + écart de prix ≤ 40 %
PROD-0294,Biscuits 120g JEEP,PROD-0284,BISCUITS 150g CAEN Mairie,PRIX_EQUIVALENT,0.0,7.31,7.31,OUI,OUI,OUI,OUI,0,même sous-catégorie + même régime alcool + écart de prix ≤ 40 %
PROD-0294,Biscuits 120g JEEP,PROD-0285,BISCUITS 150g Ouistreham B-LEC,PRIX_EQUIVALENT,0.0,7.31,7.31,OUI,OUI,OUI,OUI,0,même sous-catégorie + même régime alcool + écart de prix ≤ 40 %
PROD-0294,Biscuits 120g JEEP,PROD-0286,BISCUITS 150g Caen Château B-LEC,PRIX_EQUIVALENT,0.0,7.31,7.31,OUI,OUI,OUI,OUI,0,même sous-catégorie + même régime alcool + écart de prix ≤ 40 %
PROD-0294,Biscuits 120g JEEP,PROD-0287,BISCUITS 150g Caen cœur de ville Aquarelle,PRIX_EQUIVALENT,0.0,7.31,7.31,OUI,OUI,OUI,OUI,0,même sous-catégorie + même régime alcool + écart de prix ≤ 40 %
PROD-0294,Biscuits 120g JEEP,PROD-0288,Biscuits 150g Pays D'Auge Aquarelle,PRIX_EQUIVALENT,0.0,7.31,7.31,OUI,OUI,OUI,NON,0,même sous-catégorie + même régime alcool + écart de prix ≤ 40 %
PROD-0295,Biscuits 120g Barge,PROD-0284,BISCUITS 150g CAEN Mairie,PRIX_EQUIVALENT,0.0,7.31,7.31,OUI,OUI,OUI,OUI,0,même sous-catégorie + même régime alcool + écart de prix ≤ 40 %
PROD-0295,Biscuits 120g Barge,PROD-0285,BISCUITS 150g Ouistreham B-LEC,PRIX_EQUIVALENT,0.0,7.31,7.31,OUI,OUI,OUI,OUI,0,même sous-catégorie + même régime alcool + écart de prix ≤ 40 %
PROD-0295,Biscuits 120g Barge,PROD-0286,BISCUITS 150g Caen Château B-LEC,PRIX_EQUIVALENT,0.0,7.31,7.31,OUI,OUI,OUI,OUI,0,même sous-catégorie + même régime alcool + écart de prix ≤ 40 %
PROD-0295,Biscuits 120g Barge,PROD-0287,BISCUITS 150g Caen cœur de ville Aquarelle,PRIX_EQUIVALENT,0.0,7.31,7.31,OUI,OUI,OUI,OUI,0,même sous-catégorie + même régime alcool + écart de prix ≤ 40 %
PROD-0295,Biscuits 120g Barge,PROD-0288,Biscuits 150g Pays D'Auge Aquarelle,PRIX_EQUIVALENT,0.0,7.31,7.31,OUI,OUI,OUI,NON,0,même sous-catégorie + même régime alcool + écart de prix ≤ 40 %
PROD-0296,Calvados Arrangé Pomme Vanille 70 cl,PROD-0298,Calvados Arrangé Banane Vanille 70 cl,PRIX_EQUIVALENT,0.0,20.9,20.9,OUI,OUI,OUI,OUI,0,même sous-catégorie + même régime alcool + écart de prix ≤ 40 %
PROD-0296,Calvados Arrangé Pomme Vanille 70 cl,PROD-0300,Calvados Arrangé Fraise Poivre de Sichuan 70 cl,PRIX_EQUIVALENT,0.0,20.9,20.9,OUI,OUI,OUI,OUI,0,même sous-catégorie + même régime alcool + écart de prix ≤ 40 %
PROD-0296,Calvados Arrangé Pomme Vanille 70 cl,PROD-0301,Calvados Arrangé Epices de Noël Clémentine 70 cl,PRIX_EQUIVALENT,0.0,20.9,20.9,OUI,OUI,OUI,OUI,0,même sous-catégorie + même régime alcool + écart de prix ≤ 40 %
PROD-0296,Calvados Arrangé Pomme Vanille 70 cl,PROD-0302,Calvados Arrangé Pomme Menthe 70 cl,PRIX_EQUIVALENT,0.0,20.9,20.9,OUI,OUI,OUI,OUI,0,même sous-catégorie + même régime alcool + écart de prix ≤ 40 %
PROD-0296,Calvados Arrangé Pomme Vanille 70 cl,PROD-0304,Calvados Arrangé Framboise Basilic,PRIX_EQUIVALENT,0.0,20.9,20.9,OUI,OUI,OUI,OUI,0,même sous-catégorie + même régime alcool + écart de prix ≤ 40 %
PROD-0298,Calvados Arrangé Banane Vanille 70 cl,PROD-0296,Calvados Arrangé Pomme Vanille 70 cl,PRIX_EQUIVALENT,0.0,20.9,20.9,OUI,OUI,OUI,OUI,0,même sous-catégorie + même régime alcool + écart de prix ≤ 40 %
PROD-0298,Calvados Arrangé Banane Vanille 70 cl,PROD-0300,Calvados Arrangé Fraise Poivre de Sichuan 70 cl,PRIX_EQUIVALENT,0.0,20.9,20.9,OUI,OUI,OUI,OUI,0,même sous-catégorie + même régime alcool + écart de prix ≤ 40 %
PROD-0298,Calvados Arrangé Banane Vanille 70 cl,PROD-0301,Calvados Arrangé Epices de Noël Clémentine 70 cl,PRIX_EQUIVALENT,0.0,20.9,20.9,OUI,OUI,OUI,OUI,0,même sous-catégorie + même régime alcool + écart de prix ≤ 40 %
PROD-0298,Calvados Arrangé Banane Vanille 70 cl,PROD-0302,Calvados Arrangé Pomme Menthe 70 cl,PRIX_EQUIVALENT,0.0,20.9,20.9,OUI,OUI,OUI,OUI,0,même sous-catégorie + même régime alcool + écart de prix ≤ 40 %
PROD-0298,Calvados Arrangé Banane Vanille 70 cl,PROD-0304,Calvados Arrangé Framboise Basilic,PRIX_EQUIVALENT,0.0,20.9,20.9,OUI,OUI,OUI,OUI,0,même sous-catégorie + même régime alcool + écart de prix ≤ 40 %
PROD-0299,Calvados Arrangé Pomme Caramel 70 cl,PROD-0303,Calvados Arrangé Ananas Caramel fleur de sel 70 cl,PRIX_EQUIVALENT,0.0,20.9,20.9,OUI,OUI,OUI,NON,0,même sous-catégorie + même régime alcool + écart de prix ≤ 40 %
PROD-0300,Calvados Arrangé Fraise Poivre de Sichuan 70 cl,PROD-0296,Calvados Arrangé Pomme Vanille 70 cl,PRIX_EQUIVALENT,0.0,20.9,20.9,OUI,OUI,OUI,OUI,0,même sous-catégorie + même régime alcool + écart de prix ≤ 40 %
PROD-0300,Calvados Arrangé Fraise Poivre de Sichuan 70 cl,PROD-0298,Calvados Arrangé Banane Vanille 70 cl,PRIX_EQUIVALENT,0.0,20.9,20.9,OUI,OUI,OUI,OUI,0,même sous-catégorie + même régime alcool + écart de prix ≤ 40 %
PROD-0300,Calvados Arrangé Fraise Poivre de Sichuan 70 cl,PROD-0301,Calvados Arrangé Epices de Noël Clémentine 70 cl,PRIX_EQUIVALENT,0.0,20.9,20.9,OUI,OUI,OUI,OUI,0,même sous-catégorie + même régime alcool + écart de prix ≤ 40 %
PROD-0300,Calvados Arrangé Fraise Poivre de Sichuan 70 cl,PROD-0302,Calvados Arrangé Pomme Menthe 70 cl,PRIX_EQUIVALENT,0.0,20.9,20.9,OUI,OUI,OUI,OUI,0,même sous-catégorie + même régime alcool + écart de prix ≤ 40 %
PROD-0300,Calvados Arrangé Fraise Poivre de Sichuan 70 cl,PROD-0304,Calvados Arrangé Framboise Basilic,PRIX_EQUIVALENT,0.0,20.9,20.9,OUI,OUI,OUI,OUI,0,même sous-catégorie + même régime alcool + écart de prix ≤ 40 %
PROD-0301,Calvados Arrangé Epices de Noël Clémentine 70 cl,PROD-0296,Calvados Arrangé Pomme Vanille 70 cl,PRIX_EQUIVALENT,0.0,20.9,20.9,OUI,OUI,OUI,OUI,0,même sous-catégorie + même régime alcool + écart de prix ≤ 40 %
PROD-0301,Calvados Arrangé Epices de Noël Clémentine 70 cl,PROD-0298,Calvados Arrangé Banane Vanille 70 cl,PRIX_EQUIVALENT,0.0,20.9,20.9,OUI,OUI,OUI,OUI,0,même sous-catégorie + même régime alcool + écart de prix ≤ 40 %
PROD-0301,Calvados Arrangé Epices de Noël Clémentine 70 cl,PROD-0300,Calvados Arrangé Fraise Poivre de Sichuan 70 cl,PRIX_EQUIVALENT,0.0,20.9,20.9,OUI,OUI,OUI,OUI,0,même sous-catégorie + même régime alcool + écart de prix ≤ 40 %
PROD-0301,Calvados Arrangé Epices de Noël Clémentine 70 cl,PROD-0302,Calvados Arrangé Pomme Menthe 70 cl,PRIX_EQUIVALENT,0.0,20.9,20.9,OUI,OUI,OUI,OUI,0,même sous-catégorie + même régime alcool + écart de prix ≤ 40 %
PROD-0301,Calvados Arrangé Epices de Noël Clémentine 70 cl,PROD-0304,Calvados Arrangé Framboise Basilic,PRIX_EQUIVALENT,0.0,20.9,20.9,OUI,OUI,OUI,OUI,0,même sous-catégorie + même régime alcool + écart de prix ≤ 40 %
PROD-0302,Calvados Arrangé Pomme Menthe 70 cl,PROD-0296,Calvados Arrangé Pomme Vanille 70 cl,PRIX_EQUIVALENT,0.0,20.9,20.9,OUI,OUI,OUI,OUI,0,même sous-catégorie + même régime alcool + écart de prix ≤ 40 %
PROD-0302,Calvados Arrangé Pomme Menthe 70 cl,PROD-0298,Calvados Arrangé Banane Vanille 70 cl,PRIX_EQUIVALENT,0.0,20.9,20.9,OUI,OUI,OUI,OUI,0,même sous-catégorie + même régime alcool + écart de prix ≤ 40 %
PROD-0302,Calvados Arrangé Pomme Menthe 70 cl,PROD-0300,Calvados Arrangé Fraise Poivre de Sichuan 70 cl,PRIX_EQUIVALENT,0.0,20.9,20.9,OUI,OUI,OUI,OUI,0,même sous-catégorie + même régime alcool + écart de prix ≤ 40 %
PROD-0302,Calvados Arrangé Pomme Menthe 70 cl,PROD-0301,Calvados Arrangé Epices de Noël Clémentine 70 cl,PRIX_EQUIVALENT,0.0,20.9,20.9,OUI,OUI,OUI,OUI,0,même sous-catégorie + même régime alcool + écart de prix ≤ 40 %
PROD-0302,Calvados Arrangé Pomme Menthe 70 cl,PROD-0304,Calvados Arrangé Framboise Basilic,PRIX_EQUIVALENT,0.0,20.9,20.9,OUI,OUI,OUI,OUI,0,même sous-catégorie + même régime alcool + écart de prix ≤ 40 %
PROD-0303,Calvados Arrangé Ananas Caramel fleur de sel 70 cl,PROD-0299,Calvados Arrangé Pomme Caramel 70 cl,PRIX_EQUIVALENT,0.0,20.9,20.9,OUI,OUI,OUI,NON,0,même sous-catégorie + même régime alcool + écart de prix ≤ 40 %
PROD-0304,Calvados Arrangé Framboise Basilic,PROD-0296,Calvados Arrangé Pomme Vanille 70 cl,PRIX_EQUIVALENT,0.0,20.9,20.9,OUI,OUI,OUI,OUI,0,même sous-catégorie + même régime alcool + écart de prix ≤ 40 %
PROD-0304,Calvados Arrangé Framboise Basilic,PROD-0298,Calvados Arrangé Banane Vanille 70 cl,PRIX_EQUIVALENT,0.0,20.9,20.9,OUI,OUI,OUI,OUI,0,même sous-catégorie + même régime alcool + écart de prix ≤ 40 %
PROD-0304,Calvados Arrangé Framboise Basilic,PROD-0300,Calvados Arrangé Fraise Poivre de Sichuan 70 cl,PRIX_EQUIVALENT,0.0,20.9,20.9,OUI,OUI,OUI,OUI,0,même sous-catégorie + même régime alcool + écart de prix ≤ 40 %
PROD-0304,Calvados Arrangé Framboise Basilic,PROD-0301,Calvados Arrangé Epices de Noël Clémentine 70 cl,PRIX_EQUIVALENT,0.0,20.9,20.9,OUI,OUI,OUI,OUI,0,même sous-catégorie + même régime alcool + écart de prix ≤ 40 %
PROD-0304,Calvados Arrangé Framboise Basilic,PROD-0302,Calvados Arrangé Pomme Menthe 70 cl,PRIX_EQUIVALENT,0.0,20.9,20.9,OUI,OUI,OUI,OUI,0,même sous-catégorie + même régime alcool + écart de prix ≤ 40 %
PROD-0305,Calvados Arrangé Bergamote Noix de cajou,PROD-0296,Calvados Arrangé Pomme Vanille 70 cl,PRIX_EQUIVALENT,0.0,20.9,20.9,OUI,OUI,OUI,OUI,0,même sous-catégorie + même régime alcool + écart de prix ≤ 40 %
PROD-0305,Calvados Arrangé Bergamote Noix de cajou,PROD-0298,Calvados Arrangé Banane Vanille 70 cl,PRIX_EQUIVALENT,0.0,20.9,20.9,OUI,OUI,OUI,OUI,0,même sous-catégorie + même régime alcool + écart de prix ≤ 40 %
PROD-0305,Calvados Arrangé Bergamote Noix de cajou,PROD-0300,Calvados Arrangé Fraise Poivre de Sichuan 70 cl,PRIX_EQUIVALENT,0.0,20.9,20.9,OUI,OUI,OUI,OUI,0,même sous-catégorie + même régime alcool + écart de prix ≤ 40 %
PROD-0305,Calvados Arrangé Bergamote Noix de cajou,PROD-0301,Calvados Arrangé Epices de Noël Clémentine 70 cl,PRIX_EQUIVALENT,0.0,20.9,20.9,OUI,OUI,OUI,OUI,0,même sous-catégorie + même régime alcool + écart de prix ≤ 40 %
PROD-0305,Calvados Arrangé Bergamote Noix de cajou,PROD-0302,Calvados Arrangé Pomme Menthe 70 cl,PRIX_EQUIVALENT,0.0,20.9,20.9,OUI,OUI,OUI,OUI,0,même sous-catégorie + même régime alcool + écart de prix ≤ 40 %
PROD-0308,Calvados Arrangé Pomme Vanille 20 cl,PROD-0310,Calvados Arrangé Banane Vanille 20 cl,PRIX_EQUIVALENT,0.0,9.1,9.1,OUI,OUI,OUI,OUI,0,même sous-catégorie + même régime alcool + écart de prix ≤ 40 %
PROD-0308,Calvados Arrangé Pomme Vanille 20 cl,PROD-0341,BLANCHE d'alambic bio 20 cl,PRIX_INFERIEUR,-3.8,9.1,8.75,OUI,OUI,NON,OUI,0,même sous-catégorie + même régime alcool + écart de prix ≤ 40 %
PROD-0308,Calvados Arrangé Pomme Vanille 20 cl,PROD-0338,Calvados VS 2 ans 20 cl,PRIX_SUPERIEUR,5.2,9.1,9.57,OUI,OUI,NON,NON,1,même sous-catégorie + même régime alcool + écart de prix ≤ 40 %
PROD-0308,Calvados Arrangé Pomme Vanille 20 cl,PROD-0334,Calvados AOC-VSOP vielle réserve 4 ans 20 cl,PRIX_SUPERIEUR,24.5,9.1,11.33,OUI,OUI,NON,NON,1,même sous-catégorie + même régime alcool + écart de prix ≤ 40 %
PROD-0308,Calvados Arrangé Pomme Vanille 20 cl,PROD-0695,CALVADOS - HORS D'ÂGE,PRIX_SUPERIEUR,26.7,9.1,11.53,OUI,OUI,NON,NON,1,même sous-catégorie + même régime alcool + écart de prix ≤ 40 %
PROD-0310,Calvados Arrangé Banane Vanille 20 cl,PROD-0308,Calvados Arrangé Pomme Vanille 20 cl,PRIX_EQUIVALENT,0.0,9.1,9.1,OUI,OUI,OUI,OUI,0,même sous-catégorie + même régime alcool + écart de prix ≤ 40 %
PROD-0310,Calvados Arrangé Banane Vanille 20 cl,PROD-0341,BLANCHE d'alambic bio 20 cl,PRIX_INFERIEUR,-3.8,9.1,8.75,OUI,OUI,NON,OUI,0,même sous-catégorie + même régime alcool + écart de prix ≤ 40 %
PROD-0310,Calvados Arrangé Banane Vanille 20 cl,PROD-0338,Calvados VS 2 ans 20 cl,PRIX_SUPERIEUR,5.2,9.1,9.57,OUI,OUI,NON,NON,1,même sous-catégorie + même régime alcool + écart de prix ≤ 40 %
PROD-0310,Calvados Arrangé Banane Vanille 20 cl,PROD-0334,Calvados AOC-VSOP vielle réserve 4 ans 20 cl,PRIX_SUPERIEUR,24.5,9.1,11.33,OUI,OUI,NON,NON,1,même sous-catégorie + même régime alcool + écart de prix ≤ 40 %
PROD-0310,Calvados Arrangé Banane Vanille 20 cl,PROD-0695,CALVADOS - HORS D'ÂGE,PRIX_SUPERIEUR,26.7,9.1,11.53,OUI,OUI,NON,NON,1,même sous-catégorie + même régime alcool + écart de prix ≤ 40 %
PROD-0312,Cidre bio Cotentin AOC brut  75 cl,PROD-0662,Cidre Tonique,PRIX_INFERIEUR,-2.6,4.62,4.5,OUI,OUI,NON,OUI,-1,même sous-catégorie + même régime alcool + écart de prix ≤ 40 %
PROD-0312,Cidre bio Cotentin AOC brut  75 cl,PROD-0663,Cidre Sauvage,PRIX_INFERIEUR,-4.8,4.62,4.4,OUI,OUI,NON,OUI,-1,même sous-catégorie + même régime alcool + écart de prix ≤ 40 %
PROD-0312,Cidre bio Cotentin AOC brut  75 cl,PROD-0354,Cidre Cotentin demi-sec 75 cl,PRIX_INFERIEUR,-6.5,4.62,4.32,OUI,OUI,NON,NON,-1,même sous-catégorie + même régime alcool + écart de prix ≤ 40 %
PROD-0312,Cidre bio Cotentin AOC brut  75 cl,PROD-0316,Cidre bio cuvée gourmande demi sec 75 cl,PRIX_INFERIEUR,-7.1,4.62,4.29,OUI,OUI,OUI,NON,-1,même sous-catégorie + même régime alcool + écart de prix ≤ 40 %
PROD-0312,Cidre bio Cotentin AOC brut  75 cl,PROD-0314,Grande cuvée Cotentin AOC extra brut 2018-2019 75 cl,PRIX_SUPERIEUR,14.3,4.62,5.28,OUI,OUI,OUI,OUI,1,même sous-catégorie + même régime alcool + écart de prix ≤ 40 %
PROD-0313,Cidre bio Cotentin AOC brut 2018 et 2019 150 cl,PROD-0320,Cidre bio micro cuvée N°3 cidre fermenté barriques de vin,PRIX_EQUIVALENT,-1.1,10.34,10.23,OUI,OUI,OUI,NON,0,même sous-catégorie + même régime alcool + écart de prix ≤ 40 %
PROD-0313,Cidre bio Cotentin AOC brut 2018 et 2019 150 cl,PROD-0315,Cidre bio Cotentin AOC extra brut 2018 puis 2019 150 cl,PRIX_SUPERIEUR,12.8,10.34,11.66,OUI,OUI,OUI,OUI,0,même sous-catégorie + même régime alcool + écart de prix ≤ 40 %
PROD-0313,Cidre bio Cotentin AOC brut 2018 et 2019 150 cl,PROD-0319,Cidre bio micro cuvée N°2 cidre dégorgé 75 cl 2020,PRIX_INFERIEUR,-19.1,10.34,8.36,OUI,OUI,OUI,NON,-2,même sous-catégorie + même régime alcool + écart de prix ≤ 40 %
PROD-0313,Cidre bio Cotentin AOC brut 2018 et 2019 150 cl,PROD-0351,Cidre Cotentin extra brut selection 75 cl,PRIX_INFERIEUR,-26.5,10.34,7.6,OUI,OUI,NON,NON,-2,même sous-catégorie + même régime alcool + écart de prix ≤ 40 %
PROD-0313,Cidre bio Cotentin AOC brut 2018 et 2019 150 cl,PROD-0317,Cidre bio micro cuvée N°1 vieilli fût chêne75 cl 2021,PRIX_INFERIEUR,-27.7,10.34,7.48,OUI,OUI,OUI,NON,-2,même sous-catégorie + même régime alcool + écart de prix ≤ 40 %
PROD-0314,Grande cuvée Cotentin AOC extra brut 2018-2019 75 cl,PROD-0312,Cidre bio Cotentin AOC brut  75 cl,PRIX_INFERIEUR,-12.5,5.28,4.62,OUI,OUI,OUI,OUI,-1,même sous-catégorie + même régime alcool + écart de prix ≤ 40 %
PROD-0314,Grande cuvée Cotentin AOC extra brut 2018-2019 75 cl,PROD-0662,Cidre Tonique,PRIX_INFERIEUR,-14.8,5.28,4.5,OUI,OUI,NON,OUI,-2,même sous-catégorie + même régime alcool + écart de prix ≤ 40 %
PROD-0314,Grande cuvée Cotentin AOC extra brut 2018-2019 75 cl,PROD-0663,Cidre Sauvage,PRIX_INFERIEUR,-16.7,5.28,4.4,OUI,OUI,NON,OUI,-2,même sous-catégorie + même régime alcool + écart de prix ≤ 40 %
PROD-0314,Grande cuvée Cotentin AOC extra brut 2018-2019 75 cl,PROD-0354,Cidre Cotentin demi-sec 75 cl,PRIX_INFERIEUR,-18.2,5.28,4.32,OUI,OUI,NON,NON,-2,même sous-catégorie + même régime alcool + écart de prix ≤ 40 %
PROD-0314,Grande cuvée Cotentin AOC extra brut 2018-2019 75 cl,PROD-0316,Cidre bio cuvée gourmande demi sec 75 cl,PRIX_INFERIEUR,-18.8,5.28,4.29,OUI,OUI,OUI,NON,-2,même sous-catégorie + même régime alcool + écart de prix ≤ 40 %
PROD-0315,Cidre bio Cotentin AOC extra brut 2018 puis 2019 150 cl,PROD-0313,Cidre bio Cotentin AOC brut 2018 et 2019 150 cl,PRIX_INFERIEUR,-11.3,11.66,10.34,OUI,OUI,OUI,OUI,0,même sous-catégorie + même régime alcool + écart de prix ≤ 40 %
PROD-0315,Cidre bio Cotentin AOC extra brut 2018 puis 2019 150 cl,PROD-0320,Cidre bio micro cuvée N°3 cidre fermenté barriques de vin,PRIX_INFERIEUR,-12.3,11.66,10.23,OUI,OUI,OUI,NON,0,même sous-catégorie + même régime alcool + écart de prix ≤ 40 %
PROD-0315,Cidre bio Cotentin AOC extra brut 2018 puis 2019 150 cl,PROD-0319,Cidre bio micro cuvée N°2 cidre dégorgé 75 cl 2020,PRIX_INFERIEUR,-28.3,11.66,8.36,OUI,OUI,OUI,NON,-2,même sous-catégorie + même régime alcool + écart de prix ≤ 40 %
PROD-0315,Cidre bio Cotentin AOC extra brut 2018 puis 2019 150 cl,PROD-0351,Cidre Cotentin extra brut selection 75 cl,PRIX_INFERIEUR,-34.8,11.66,7.6,OUI,OUI,NON,NON,-2,même sous-catégorie + même régime alcool + écart de prix ≤ 40 %
PROD-0315,Cidre bio Cotentin AOC extra brut 2018 puis 2019 150 cl,PROD-0317,Cidre bio micro cuvée N°1 vieilli fût chêne75 cl 2021,PRIX_INFERIEUR,-35.8,11.66,7.48,OUI,OUI,OUI,NON,-2,même sous-catégorie + même régime alcool + écart de prix ≤ 40 %
PROD-0316,Cidre bio cuvée gourmande demi sec 75 cl,PROD-0354,Cidre Cotentin demi-sec 75 cl,PRIX_EQUIVALENT,0.7,4.29,4.32,OUI,OUI,NON,NON,0,même sous-catégorie + même régime alcool + écart de prix ≤ 40 %
PROD-0316,Cidre bio cuvée gourmande demi sec 75 cl,PROD-0663,Cidre Sauvage,PRIX_SUPERIEUR,2.6,4.29,4.4,OUI,OUI,NON,NON,0,même sous-catégorie + même régime alcool + écart de prix ≤ 40 %
PROD-0316,Cidre bio cuvée gourmande demi sec 75 cl,PROD-0662,Cidre Tonique,PRIX_SUPERIEUR,4.9,4.29,4.5,OUI,OUI,NON,NON,0,même sous-catégorie + même régime alcool + écart de prix ≤ 40 %
PROD-0316,Cidre bio cuvée gourmande demi sec 75 cl,PROD-0312,Cidre bio Cotentin AOC brut  75 cl,PRIX_SUPERIEUR,7.7,4.29,4.62,OUI,OUI,OUI,NON,1,même sous-catégorie + même régime alcool + écart de prix ≤ 40 %
PROD-0316,Cidre bio cuvée gourmande demi sec 75 cl,PROD-0324,Amour d'Hérout brut 75 cl cidre IGP,PRIX_INFERIEUR,-10.3,4.29,3.85,OUI,OUI,OUI,OUI,0,même sous-catégorie + même régime alcool + écart de prix ≤ 40 %
PROD-0317,Cidre bio micro cuvée N°1 vieilli fût chêne75 cl 2021,PROD-0351,Cidre Cotentin extra brut selection 75 cl,PRIX_EQUIVALENT,1.6,7.48,7.6,OUI,OUI,NON,NON,0,même sous-catégorie + même régime alcool + écart de prix ≤ 40 %
PROD-0317,Cidre bio micro cuvée N°1 vieilli fût chêne75 cl 2021,PROD-0321,Cidre bio micro cuvée N°4 Variétés acidulées,PRIX_INFERIEUR,-4.4,7.48,7.15,OUI,OUI,OUI,OUI,0,même sous-catégorie + même régime alcool + écart de prix ≤ 40 %
PROD-0317,Cidre bio micro cuvée N°1 vieilli fût chêne75 cl 2021,PROD-0322,Cidre bio micro cuvée N°5 assemblage 50% amer 50% acidulé,PRIX_INFERIEUR,-4.4,7.48,7.15,OUI,OUI,OUI,OUI,0,même sous-catégorie + même régime alcool + écart de prix ≤ 40 %
PROD-0317,Cidre bio micro cuvée N°1 vieilli fût chêne75 cl 2021,PROD-0319,Cidre bio micro cuvée N°2 cidre dégorgé 75 cl 2020,PRIX_SUPERIEUR,11.8,7.48,8.36,OUI,OUI,OUI,OUI,0,même sous-catégorie + même régime alcool + écart de prix ≤ 40 %
PROD-0317,Cidre bio micro cuvée N°1 vieilli fût chêne75 cl 2021,PROD-0314,Grande cuvée Cotentin AOC extra brut 2018-2019 75 cl,PRIX_INFERIEUR,-29.4,7.48,5.28,OUI,OUI,OUI,NON,1,même sous-catégorie + même régime alcool + écart de prix ≤ 40 %
PROD-0318,Cidre bio micro cuvée N°1 vieilli fût chêne150 cl 2019,PROD-0315,Cidre bio Cotentin AOC extra brut 2018 puis 2019 150 cl,PRIX_INFERIEUR,-27.4,16.06,11.66,OUI,OUI,OUI,NON,1,même sous-catégorie + même régime alcool + écart de prix ≤ 40 %
PROD-0318,Cidre bio micro cuvée N°1 vieilli fût chêne150 cl 2019,PROD-0313,Cidre bio Cotentin AOC brut 2018 et 2019 150 cl,PRIX_INFERIEUR,-35.6,16.06,10.34,OUI,OUI,OUI,NON,1,même sous-catégorie + même régime alcool + écart de prix ≤ 40 %
PROD-0318,Cidre bio micro cuvée N°1 vieilli fût chêne150 cl 2019,PROD-0320,Cidre bio micro cuvée N°3 cidre fermenté barriques de vin,PRIX_INFERIEUR,-36.3,16.06,10.23,OUI,OUI,OUI,OUI,1,même sous-catégorie + même régime alcool + écart de prix ≤ 40 %
PROD-0319,Cidre bio micro cuvée N°2 cidre dégorgé 75 cl 2020,PROD-0351,Cidre Cotentin extra brut selection 75 cl,PRIX_INFERIEUR,-9.1,8.36,7.6,OUI,OUI,NON,NON,0,même sous-catégorie + même régime alcool + écart de prix ≤ 40 %
PROD-0319,Cidre bio micro cuvée N°2 cidre dégorgé 75 cl 2020,PROD-0317,Cidre bio micro cuvée N°1 vieilli fût chêne75 cl 2021,PRIX_INFERIEUR,-10.5,8.36,7.48,OUI,OUI,OUI,OUI,0,même sous-catégorie + même régime alcool + écart de prix ≤ 40 %
PROD-0319,Cidre bio micro cuvée N°2 cidre dégorgé 75 cl 2020,PROD-0321,Cidre bio micro cuvée N°4 Variétés acidulées,PRIX_INFERIEUR,-14.5,8.36,7.15,OUI,OUI,OUI,OUI,0,même sous-catégorie + même régime alcool + écart de prix ≤ 40 %
PROD-0319,Cidre bio micro cuvée N°2 cidre dégorgé 75 cl 2020,PROD-0322,Cidre bio micro cuvée N°5 assemblage 50% amer 50% acidulé,PRIX_INFERIEUR,-14.5,8.36,7.15,OUI,OUI,OUI,OUI,0,même sous-catégorie + même régime alcool + écart de prix ≤ 40 %
PROD-0319,Cidre bio micro cuvée N°2 cidre dégorgé 75 cl 2020,PROD-0320,Cidre bio micro cuvée N°3 cidre fermenté barriques de vin,PRIX_SUPERIEUR,22.4,8.36,10.23,OUI,OUI,OUI,OUI,2,même sous-catégorie + même régime alcool + écart de prix ≤ 40 %
PROD-0320,Cidre bio micro cuvée N°3 cidre fermenté barriques de vin,PROD-0313,Cidre bio Cotentin AOC brut 2018 et 2019 150 cl,PRIX_EQUIVALENT,1.1,10.23,10.34,OUI,OUI,OUI,NON,0,même sous-catégorie + même régime alcool + écart de prix ≤ 40 %
PROD-0320,Cidre bio micro cuvée N°3 cidre fermenté barriques de vin,PROD-0315,Cidre bio Cotentin AOC extra brut 2018 puis 2019 150 cl,PRIX_SUPERIEUR,14.0,10.23,11.66,OUI,OUI,OUI,NON,0,même sous-catégorie + même régime alcool + écart de prix ≤ 40 %
PROD-0320,Cidre bio micro cuvée N°3 cidre fermenté barriques de vin,PROD-0319,Cidre bio micro cuvée N°2 cidre dégorgé 75 cl 2020,PRIX_INFERIEUR,-18.3,10.23,8.36,OUI,OUI,OUI,OUI,-2,même sous-catégorie + même régime alcool + écart de prix ≤ 40 %
PROD-0320,Cidre bio micro cuvée N°3 cidre fermenté barriques de vin,PROD-0351,Cidre Cotentin extra brut selection 75 cl,PRIX_INFERIEUR,-25.7,10.23,7.6,OUI,OUI,NON,NON,-2,même sous-catégorie + même régime alcool + écart de prix ≤ 40 %
PROD-0320,Cidre bio micro cuvée N°3 cidre fermenté barriques de vin,PROD-0317,Cidre bio micro cuvée N°1 vieilli fût chêne75 cl 2021,PRIX_INFERIEUR,-26.9,10.23,7.48,OUI,OUI,OUI,OUI,-2,même sous-catégorie + même régime alcool + écart de prix ≤ 40 %
PROD-0321,Cidre bio micro cuvée N°4 Variétés acidulées,PROD-0322,Cidre bio micro cuvée N°5 assemblage 50% amer 50% acidulé,PRIX_EQUIVALENT,0.0,7.15,7.15,OUI,OUI,OUI,OUI,0,même sous-catégorie + même régime alcool + écart de prix ≤ 40 %
PROD-0321,Cidre bio micro cuvée N°4 Variétés acidulées,PROD-0317,Cidre bio micro cuvée N°1 vieilli fût chêne75 cl 2021,PRIX_SUPERIEUR,4.6,7.15,7.48,OUI,OUI,OUI,OUI,0,même sous-catégorie + même régime alcool + écart de prix ≤ 40 %
PROD-0321,Cidre bio micro cuvée N°4 Variétés acidulées,PROD-0351,Cidre Cotentin extra brut selection 75 cl,PRIX_SUPERIEUR,6.3,7.15,7.6,OUI,OUI,NON,NON,0,même sous-catégorie + même régime alcool + écart de prix ≤ 40 %
PROD-0321,Cidre bio micro cuvée N°4 Variétés acidulées,PROD-0319,Cidre bio micro cuvée N°2 cidre dégorgé 75 cl 2020,PRIX_SUPERIEUR,16.9,7.15,8.36,OUI,OUI,OUI,OUI,0,même sous-catégorie + même régime alcool + écart de prix ≤ 40 %
PROD-0321,Cidre bio micro cuvée N°4 Variétés acidulées,PROD-0314,Grande cuvée Cotentin AOC extra brut 2018-2019 75 cl,PRIX_INFERIEUR,-26.2,7.15,5.28,OUI,OUI,OUI,NON,1,même sous-catégorie + même régime alcool + écart de prix ≤ 40 %
PROD-0322,Cidre bio micro cuvée N°5 assemblage 50% amer 50% acidulé,PROD-0321,Cidre bio micro cuvée N°4 Variétés acidulées,PRIX_EQUIVALENT,0.0,7.15,7.15,OUI,OUI,OUI,OUI,0,même sous-catégorie + même régime alcool + écart de prix ≤ 40 %
PROD-0322,Cidre bio micro cuvée N°5 assemblage 50% amer 50% acidulé,PROD-0317,Cidre bio micro cuvée N°1 vieilli fût chêne75 cl 2021,PRIX_SUPERIEUR,4.6,7.15,7.48,OUI,OUI,OUI,OUI,0,même sous-catégorie + même régime alcool + écart de prix ≤ 40 %
PROD-0322,Cidre bio micro cuvée N°5 assemblage 50% amer 50% acidulé,PROD-0351,Cidre Cotentin extra brut selection 75 cl,PRIX_SUPERIEUR,6.3,7.15,7.6,OUI,OUI,NON,NON,0,même sous-catégorie + même régime alcool + écart de prix ≤ 40 %
PROD-0322,Cidre bio micro cuvée N°5 assemblage 50% amer 50% acidulé,PROD-0319,Cidre bio micro cuvée N°2 cidre dégorgé 75 cl 2020,PRIX_SUPERIEUR,16.9,7.15,8.36,OUI,OUI,OUI,OUI,0,même sous-catégorie + même régime alcool + écart de prix ≤ 40 %
PROD-0322,Cidre bio micro cuvée N°5 assemblage 50% amer 50% acidulé,PROD-0314,Grande cuvée Cotentin AOC extra brut 2018-2019 75 cl,PRIX_INFERIEUR,-26.2,7.15,5.28,OUI,OUI,OUI,NON,1,même sous-catégorie + même régime alcool + écart de prix ≤ 40 %
PROD-0323,Amour d'Hérout brut 33 cl cidre IGP,PROD-0325,Amour d'Hérout doux 33 cl cidre IGP,PRIX_EQUIVALENT,0.0,1.93,1.93,OUI,OUI,OUI,OUI,0,même sous-catégorie + même régime alcool + écart de prix ≤ 40 %
PROD-0323,Amour d'Hérout brut 33 cl cidre IGP,PROD-0665,Cidre Fruité,PRIX_INFERIEUR,-9.3,1.93,1.75,OUI,OUI,NON,NON,0,même sous-catégorie + même régime alcool + écart de prix ≤ 40 %
PROD-0323,Amour d'Hérout brut 33 cl cidre IGP,PROD-0666,Cidre Fraîcheur,PRIX_INFERIEUR,-9.3,1.93,1.75,OUI,OUI,NON,NON,0,même sous-catégorie + même régime alcool + écart de prix ≤ 40 %
PROD-0323,Amour d'Hérout brut 33 cl cidre IGP,PROD-0667,Cidre Tonique,PRIX_INFERIEUR,-9.3,1.93,1.75,OUI,OUI,NON,NON,0,même sous-catégorie + même régime alcool + écart de prix ≤ 40 %
PROD-0323,Amour d'Hérout brut 33 cl cidre IGP,PROD-0664,Terroir Chic,PRIX_INFERIEUR,-11.4,1.93,1.71,OUI,OUI,NON,NON,0,même sous-catégorie + même régime alcool + écart de prix ≤ 40 %
PROD-0324,Amour d'Hérout brut 75 cl cidre IGP,PROD-0350,Cidre Cotentin extra brut 75 cl,PRIX_EQUIVALENT,-1.3,3.85,3.8,OUI,OUI,NON,NON,0,même sous-catégorie + même régime alcool + écart de prix ≤ 40 %
PROD-0324,Amour d'Hérout brut 75 cl cidre IGP,PROD-0352,Cidre Cotentin brut 75 cl,PRIX_EQUIVALENT,-1.3,3.85,3.8,OUI,OUI,NON,NON,0,même sous-catégorie + même régime alcool + écart de prix ≤ 40 %
PROD-0324,Amour d'Hérout brut 75 cl cidre IGP,PROD-0661,Cidre Fraîcheur,PRIX_INFERIEUR,-5.2,3.85,3.65,OUI,OUI,NON,NON,0,même sous-catégorie + même régime alcool + écart de prix ≤ 40 %
PROD-0324,Amour d'Hérout brut 75 cl cidre IGP,PROD-0355,Cidre Cotentin doux 75 cl,PRIX_INFERIEUR,-6.5,3.85,3.6,OUI,OUI,NON,NON,0,même sous-catégorie + même régime alcool + écart de prix ≤ 40 %
PROD-0324,Amour d'Hérout brut 75 cl cidre IGP,PROD-0316,Cidre bio cuvée gourmande demi sec 75 cl,PRIX_SUPERIEUR,11.4,3.85,4.29,OUI,OUI,OUI,OUI,0,même sous-catégorie + même régime alcool + écart de prix ≤ 40 %
PROD-0325,Amour d'Hérout doux 33 cl cidre IGP,PROD-0323,Amour d'Hérout brut 33 cl cidre IGP,PRIX_EQUIVALENT,0.0,1.93,1.93,OUI,OUI,OUI,OUI,0,même sous-catégorie + même régime alcool + écart de prix ≤ 40 %
PROD-0325,Amour d'Hérout doux 33 cl cidre IGP,PROD-0665,Cidre Fruité,PRIX_INFERIEUR,-9.3,1.93,1.75,OUI,OUI,NON,NON,0,même sous-catégorie + même régime alcool + écart de prix ≤ 40 %
PROD-0325,Amour d'Hérout doux 33 cl cidre IGP,PROD-0666,Cidre Fraîcheur,PRIX_INFERIEUR,-9.3,1.93,1.75,OUI,OUI,NON,NON,0,même sous-catégorie + même régime alcool + écart de prix ≤ 40 %
PROD-0325,Amour d'Hérout doux 33 cl cidre IGP,PROD-0667,Cidre Tonique,PRIX_INFERIEUR,-9.3,1.93,1.75,OUI,OUI,NON,NON,0,même sous-catégorie + même régime alcool + écart de prix ≤ 40 %
PROD-0325,Amour d'Hérout doux 33 cl cidre IGP,PROD-0664,Terroir Chic,PRIX_INFERIEUR,-11.4,1.93,1.71,OUI,OUI,NON,NON,0,même sous-catégorie + même régime alcool + écart de prix ≤ 40 %
PROD-0326,Calvados Héritage 12 ans d'âge 20 cl,PROD-0335,Calvados AOC-VSOP vielle réserve 4 ans 35 cl,PRIX_SUPERIEUR,11.0,16.06,17.82,OUI,OUI,OUI,OUI,0,même sous-catégorie + même régime alcool + écart de prix ≤ 40 %
PROD-0326,Calvados Héritage 12 ans d'âge 20 cl,PROD-0356,Fine de Claids 35 cl 40°,PRIX_SUPERIEUR,12.1,16.06,18.0,OUI,OUI,NON,NON,-1,même sous-catégorie + même régime alcool + écart de prix ≤ 40 %
PROD-0326,Calvados Héritage 12 ans d'âge 20 cl,PROD-0357,Calvados 5 ans 35cl,PRIX_SUPERIEUR,12.7,16.06,18.1,OUI,OUI,NON,OUI,0,même sous-catégorie + même régime alcool + écart de prix ≤ 40 %
PROD-0326,Calvados Héritage 12 ans d'âge 20 cl,PROD-0330,Calvados AOC-XO hors d'âge 6 ans 20 cl,PRIX_INFERIEUR,-15.8,16.06,13.53,OUI,OUI,OUI,OUI,0,même sous-catégorie + même régime alcool + écart de prix ≤ 40 %
PROD-0326,Calvados Héritage 12 ans d'âge 20 cl,PROD-0691,Esprit de Billy,PRIX_INFERIEUR,-15.8,16.06,13.53,OUI,OUI,NON,OUI,-1,même sous-catégorie + même régime alcool + écart de prix ≤ 40 %
PROD-0327,Calvados Héritage 12 ans d'âge 35 cl,PROD-0339,Calvados VS 2 ans 70 cl,PRIX_EQUIVALENT,0.6,25.25,25.41,OUI,OUI,OUI,OUI,0,même sous-catégorie + même régime alcool + écart de prix ≤ 40 %
PROD-0327,Calvados Héritage 12 ans d'âge 35 cl,PROD-0340,BLANCHE d'alambic bio 70 cl,PRIX_INFERIEUR,-6.3,25.25,23.65,OUI,OUI,OUI,NON,0,même sous-catégorie + même régime alcool + écart de prix ≤ 40 %
PROD-0327,Calvados Héritage 12 ans d'âge 35 cl,PROD-0358,Calvados 5 ans 70cl,PRIX_SUPERIEUR,6.9,25.25,27.0,OUI,OUI,NON,OUI,0,même sous-catégorie + même régime alcool + écart de prix ≤ 40 %
PROD-0327,Calvados Héritage 12 ans d'âge 35 cl,PROD-0696,CALVADOS - V.S.O.P.,PRIX_INFERIEUR,-9.3,25.25,22.9,OUI,OUI,NON,OUI,0,même sous-catégorie + même régime alcool + écart de prix ≤ 40 %
PROD-0327,Calvados Héritage 12 ans d'âge 35 cl,PROD-0359,Calvados 7 ans 70cl,PRIX_SUPERIEUR,12.9,25.25,28.5,OUI,OUI,NON,OUI,0,même sous-catégorie + même régime alcool + écart de prix ≤ 40 %
PROD-0328,Calvados Héritage 12 ans d'âge 70 cl,PROD-0692,CALVADOS - 20 ANS,PRIX_EQUIVALENT,-0.4,43.34,43.16,OUI,OUI,NON,OUI,0,même sous-catégorie + même régime alcool + écart de prix ≤ 40 %
PROD-0328,Calvados Héritage 12 ans d'âge 70 cl,PROD-0366,"""Keys' Claids"" 70 cl 41°",PRIX_INFERIEUR,-11.6,43.34,38.33,OUI,OUI,NON,NON,0,même sous-catégorie + même régime alcool + écart de prix ≤ 40 %
PROD-0328,Calvados Héritage 12 ans d'âge 70 cl,PROD-0332,Calvados AOC-XO hors d'âge 6 ans 70 cl,PRIX_INFERIEUR,-15.7,43.34,36.52,OUI,OUI,OUI,OUI,0,même sous-catégorie + même régime alcool + écart de prix ≤ 40 %
PROD-0328,Calvados Héritage 12 ans d'âge 70 cl,PROD-0693,CALVADOS - 12 ANS,PRIX_INFERIEUR,-18.9,43.34,35.16,OUI,OUI,NON,OUI,0,même sous-catégorie + même régime alcool + écart de prix ≤ 40 %
PROD-0328,Calvados Héritage 12 ans d'âge 70 cl,PROD-0336,Calvados AOC-VSOP vielle réserve 4 ans 70 cl,PRIX_INFERIEUR,-29.2,43.34,30.7,OUI,OUI,OUI,OUI,0,même sous-catégorie + même régime alcool + écart de prix ≤ 40 %
PROD-0329,Calvados Héritage 12 ans d'âge 150 cl,PROD-0333,Calvados AOC-XO hors d'âge 6 ans 150 cl,PRIX_INFERIEUR,-14.3,96.69,82.83,OUI,OUI,OUI,OUI,0,même sous-catégorie + même régime alcool + écart de prix ≤ 40 %
PROD-0329,Calvados Héritage 12 ans d'âge 150 cl,PROD-0337,Calvados AOC-VSOP vielle réserve 4 ans 150 cl,PRIX_INFERIEUR,-27.8,96.69,69.85,OUI,OUI,OUI,OUI,0,même sous-catégorie + même régime alcool + écart de prix ≤ 40 %
PROD-0330,Calvados AOC-XO hors d'âge 6 ans 20 cl,PROD-0691,Esprit de Billy,PRIX_EQUIVALENT,0.0,13.53,13.53,OUI,OUI,NON,OUI,-1,même sous-catégorie + même régime alcool + écart de prix ≤ 40 %
PROD-0330,Calvados AOC-XO hors d'âge 6 ans 20 cl,PROD-0695,CALVADOS - HORS D'ÂGE,PRIX_INFERIEUR,-14.8,13.53,11.53,OUI,OUI,NON,OUI,0,même sous-catégorie + même régime alcool + écart de prix ≤ 40 %
PROD-0330,Calvados AOC-XO hors d'âge 6 ans 20 cl,PROD-0334,Calvados AOC-VSOP vielle réserve 4 ans 20 cl,PRIX_INFERIEUR,-16.3,13.53,11.33,OUI,OUI,OUI,OUI,0,même sous-catégorie + même régime alcool + écart de prix ≤ 40 %
PROD-0330,Calvados AOC-XO hors d'âge 6 ans 20 cl,PROD-0326,Calvados Héritage 12 ans d'âge 20 cl,PRIX_SUPERIEUR,18.7,13.53,16.06,OUI,OUI,OUI,OUI,0,même sous-catégorie + même régime alcool + écart de prix ≤ 40 %
PROD-0330,Calvados AOC-XO hors d'âge 6 ans 20 cl,PROD-0338,Calvados VS 2 ans 20 cl,PRIX_INFERIEUR,-29.3,13.53,9.57,OUI,OUI,OUI,OUI,0,même sous-catégorie + même régime alcool + écart de prix ≤ 40 %
PROD-0331,Calvados AOC-XO hors d'âge 6 ans 35 cl,PROD-0296,Calvados Arrangé Pomme Vanille 70 cl,PRIX_EQUIVALENT,-1.6,21.23,20.9,OUI,OUI,NON,NON,0,même sous-catégorie + même régime alcool + écart de prix ≤ 40 %
PROD-0331,Calvados AOC-XO hors d'âge 6 ans 35 cl,PROD-0298,Calvados Arrangé Banane Vanille 70 cl,PRIX_EQUIVALENT,-1.6,21.23,20.9,OUI,OUI,NON,NON,0,même sous-catégorie + même régime alcool + écart de prix ≤ 40 %
PROD-0331,Calvados AOC-XO hors d'âge 6 ans 35 cl,PROD-0300,Calvados Arrangé Fraise Poivre de Sichuan 70 cl,PRIX_EQUIVALENT,-1.6,21.23,20.9,OUI,OUI,NON,NON,0,même sous-catégorie + même régime alcool + écart de prix ≤ 40 %
PROD-0331,Calvados AOC-XO hors d'âge 6 ans 35 cl,PROD-0301,Calvados Arrangé Epices de Noël Clémentine 70 cl,PRIX_EQUIVALENT,-1.6,21.23,20.9,OUI,OUI,NON,NON,0,même sous-catégorie + même régime alcool + écart de prix ≤ 40 %
PROD-0331,Calvados AOC-XO hors d'âge 6 ans 35 cl,PROD-0302,Calvados Arrangé Pomme Menthe 70 cl,PRIX_EQUIVALENT,-1.6,21.23,20.9,OUI,OUI,NON,NON,0,même sous-catégorie + même régime alcool + écart de prix ≤ 40 %
PROD-0332,Calvados AOC-XO hors d'âge 6 ans 70 cl,PROD-0693,CALVADOS - 12 ANS,PRIX_INFERIEUR,-3.7,36.52,35.16,OUI,OUI,NON,OUI,0,même sous-catégorie + même régime alcool + écart de prix ≤ 40 %
PROD-0332,Calvados AOC-XO hors d'âge 6 ans 70 cl,PROD-0366,"""Keys' Claids"" 70 cl 41°",PRIX_SUPERIEUR,5.0,36.52,38.33,OUI,OUI,NON,NON,0,même sous-catégorie + même régime alcool + écart de prix ≤ 40 %
PROD-0332,Calvados AOC-XO hors d'âge 6 ans 70 cl,PROD-0336,Calvados AOC-VSOP vielle réserve 4 ans 70 cl,PRIX_INFERIEUR,-15.9,36.52,30.7,OUI,OUI,OUI,OUI,0,même sous-catégorie + même régime alcool + écart de prix ≤ 40 %
PROD-0332,Calvados AOC-XO hors d'âge 6 ans 70 cl,PROD-0360,Fine de Claids 70 cl 40°,PRIX_INFERIEUR,-17.3,36.52,30.2,OUI,OUI,NON,NON,0,même sous-catégorie + même régime alcool + écart de prix ≤ 40 %
PROD-0332,Calvados AOC-XO hors d'âge 6 ans 70 cl,PROD-0692,CALVADOS - 20 ANS,PRIX_SUPERIEUR,18.2,36.52,43.16,OUI,OUI,NON,OUI,0,même sous-catégorie + même régime alcool + écart de prix ≤ 40 %
PROD-0333,Calvados AOC-XO hors d'âge 6 ans 150 cl,PROD-0337,Calvados AOC-VSOP vielle réserve 4 ans 150 cl,PRIX_INFERIEUR,-15.7,82.83,69.85,OUI,OUI,OUI,OUI,0,même sous-catégorie + même régime alcool + écart de prix ≤ 40 %
PROD-0333,Calvados AOC-XO hors d'âge 6 ans 150 cl,PROD-0329,Calvados Héritage 12 ans d'âge 150 cl,PRIX_SUPERIEUR,16.7,82.83,96.69,OUI,OUI,OUI,OUI,0,même sous-catégorie + même régime alcool + écart de prix ≤ 40 %
PROD-0334,Calvados AOC-VSOP vielle réserve 4 ans 20 cl,PROD-0695,CALVADOS - HORS D'ÂGE,PRIX_EQUIVALENT,1.8,11.33,11.53,OUI,OUI,NON,OUI,0,même sous-catégorie + même régime alcool + écart de prix ≤ 40 %
PROD-0334,Calvados AOC-VSOP vielle réserve 4 ans 20 cl,PROD-0338,Calvados VS 2 ans 20 cl,PRIX_INFERIEUR,-15.5,11.33,9.57,OUI,OUI,OUI,OUI,0,même sous-catégorie + même régime alcool + écart de prix ≤ 40 %
PROD-0334,Calvados AOC-VSOP vielle réserve 4 ans 20 cl,PROD-0330,Calvados AOC-XO hors d'âge 6 ans 20 cl,PRIX_SUPERIEUR,19.4,11.33,13.53,OUI,OUI,OUI,OUI,0,même sous-catégorie + même régime alcool + écart de prix ≤ 40 %
PROD-0334,Calvados AOC-VSOP vielle réserve 4 ans 20 cl,PROD-0691,Esprit de Billy,PRIX_SUPERIEUR,19.4,11.33,13.53,OUI,OUI,NON,OUI,-1,même sous-catégorie + même régime alcool + écart de prix ≤ 40 %
PROD-0334,Calvados AOC-VSOP vielle réserve 4 ans 20 cl,PROD-0308,Calvados Arrangé Pomme Vanille 20 cl,PRIX_INFERIEUR,-19.7,11.33,9.1,OUI,OUI,NON,NON,-1,même sous-catégorie + même régime alcool + écart de prix ≤ 40 %
PROD-0335,Calvados AOC-VSOP vielle réserve 4 ans 35 cl,PROD-0356,Fine de Claids 35 cl 40°,PRIX_EQUIVALENT,1.0,17.82,18.0,OUI,OUI,NON,NON,-1,même sous-catégorie + même régime alcool + écart de prix ≤ 40 %
PROD-0335,Calvados AOC-VSOP vielle réserve 4 ans 35 cl,PROD-0357,Calvados 5 ans 35cl,PRIX_EQUIVALENT,1.6,17.82,18.1,OUI,OUI,NON,OUI,0,même sous-catégorie + même régime alcool + écart de prix ≤ 40 %
PROD-0335,Calvados AOC-VSOP vielle réserve 4 ans 35 cl,PROD-0416,"Les singuliers ""Cask finish"" 50 cl",PRIX_SUPERIEUR,6.6,17.82,19.0,OUI,OUI,NON,NON,-1,même sous-catégorie + même régime alcool + écart de prix ≤ 40 %
PROD-0335,Calvados AOC-VSOP vielle réserve 4 ans 35 cl,PROD-0326,Calvados Héritage 12 ans d'âge 20 cl,PRIX_INFERIEUR,-9.9,17.82,16.06,OUI,OUI,OUI,OUI,0,même sous-catégorie + même régime alcool + écart de prix ≤ 40 %
PROD-0335,Calvados AOC-VSOP vielle réserve 4 ans 35 cl,PROD-0697,CALVADOS - FINE,PRIX_SUPERIEUR,14.5,17.82,20.4,OUI,OUI,NON,OUI,0,même sous-catégorie + même régime alcool + écart de prix ≤ 40 %
PROD-0336,Calvados AOC-VSOP vielle réserve 4 ans 70 cl,PROD-0360,Fine de Claids 70 cl 40°,PRIX_EQUIVALENT,-1.6,30.7,30.2,OUI,OUI,NON,NON,0,même sous-catégorie + même régime alcool + écart de prix ≤ 40 %
PROD-0336,Calvados AOC-VSOP vielle réserve 4 ans 70 cl,PROD-0694,CALVADOS - HORS D'ÂGE,PRIX_INFERIEUR,-5.0,30.7,29.16,OUI,OUI,NON,OUI,0,même sous-catégorie + même régime alcool + écart de prix ≤ 40 %
PROD-0336,Calvados AOC-VSOP vielle réserve 4 ans 70 cl,PROD-0359,Calvados 7 ans 70cl,PRIX_INFERIEUR,-7.2,30.7,28.5,OUI,OUI,NON,OUI,0,même sous-catégorie + même régime alcool + écart de prix ≤ 40 %
PROD-0336,Calvados AOC-VSOP vielle réserve 4 ans 70 cl,PROD-0358,Calvados 5 ans 70cl,PRIX_INFERIEUR,-12.1,30.7,27.0,OUI,OUI,NON,OUI,0,même sous-catégorie + même régime alcool + écart de prix ≤ 40 %
PROD-0336,Calvados AOC-VSOP vielle réserve 4 ans 70 cl,PROD-0693,CALVADOS - 12 ANS,PRIX_SUPERIEUR,14.5,30.7,35.16,OUI,OUI,NON,OUI,0,même sous-catégorie + même régime alcool + écart de prix ≤ 40 %
PROD-0337,Calvados AOC-VSOP vielle réserve 4 ans 150 cl,PROD-0333,Calvados AOC-XO hors d'âge 6 ans 150 cl,PRIX_SUPERIEUR,18.6,69.85,82.83,OUI,OUI,OUI,OUI,0,même sous-catégorie + même régime alcool + écart de prix ≤ 40 %
PROD-0337,Calvados AOC-VSOP vielle réserve 4 ans 150 cl,PROD-0328,Calvados Héritage 12 ans d'âge 70 cl,PRIX_INFERIEUR,-38.0,69.85,43.34,OUI,OUI,OUI,OUI,0,même sous-catégorie + même régime alcool + écart de prix ≤ 40 %
PROD-0337,Calvados AOC-VSOP vielle réserve 4 ans 150 cl,PROD-0692,CALVADOS - 20 ANS,PRIX_INFERIEUR,-38.2,69.85,43.16,OUI,OUI,NON,OUI,0,même sous-catégorie + même régime alcool + écart de prix ≤ 40 %
PROD-0337,Calvados AOC-VSOP vielle réserve 4 ans 150 cl,PROD-0329,Calvados Héritage 12 ans d'âge 150 cl,PRIX_SUPERIEUR,38.4,69.85,96.69,OUI,OUI,OUI,OUI,0,même sous-catégorie + même régime alcool + écart de prix ≤ 40 %
PROD-0338,Calvados VS 2 ans 20 cl,PROD-0308,Calvados Arrangé Pomme Vanille 20 cl,PRIX_INFERIEUR,-4.9,9.57,9.1,OUI,OUI,NON,NON,-1,même sous-catégorie + même régime alcool + écart de prix ≤ 40 %
PROD-0338,Calvados VS 2 ans 20 cl,PROD-0310,Calvados Arrangé Banane Vanille 20 cl,PRIX_INFERIEUR,-4.9,9.57,9.1,OUI,OUI,NON,NON,-1,même sous-catégorie + même régime alcool + écart de prix ≤ 40 %
PROD-0338,Calvados VS 2 ans 20 cl,PROD-0341,BLANCHE d'alambic bio 20 cl,PRIX_INFERIEUR,-8.6,9.57,8.75,OUI,OUI,OUI,NON,-1,même sous-catégorie + même régime alcool + écart de prix ≤ 40 %
PROD-0338,Calvados VS 2 ans 20 cl,PROD-0334,Calvados AOC-VSOP vielle réserve 4 ans 20 cl,PRIX_SUPERIEUR,18.4,9.57,11.33,OUI,OUI,OUI,OUI,0,même sous-catégorie + même régime alcool + écart de prix ≤ 40 %
PROD-0338,Calvados VS 2 ans 20 cl,PROD-0695,CALVADOS - HORS D'ÂGE,PRIX_SUPERIEUR,20.5,9.57,11.53,OUI,OUI,NON,OUI,0,même sous-catégorie + même régime alcool + écart de prix ≤ 40 %
PROD-0339,Calvados VS 2 ans 70 cl,PROD-0327,Calvados Héritage 12 ans d'âge 35 cl,PRIX_EQUIVALENT,-0.6,25.41,25.25,OUI,OUI,OUI,OUI,0,même sous-catégorie + même régime alcool + écart de prix ≤ 40 %
PROD-0339,Calvados VS 2 ans 70 cl,PROD-0358,Calvados 5 ans 70cl,PRIX_SUPERIEUR,6.3,25.41,27.0,OUI,OUI,NON,OUI,0,même sous-catégorie + même régime alcool + écart de prix ≤ 40 %
PROD-0339,Calvados VS 2 ans 70 cl,PROD-0340,BLANCHE d'alambic bio 70 cl,PRIX_INFERIEUR,-6.9,25.41,23.65,OUI,OUI,OUI,NON,0,même sous-catégorie + même régime alcool + écart de prix ≤ 40 %
PROD-0339,Calvados VS 2 ans 70 cl,PROD-0696,CALVADOS - V.S.O.P.,PRIX_INFERIEUR,-9.9,25.41,22.9,OUI,OUI,NON,OUI,0,même sous-catégorie + même régime alcool + écart de prix ≤ 40 %
PROD-0339,Calvados VS 2 ans 70 cl,PROD-0359,Calvados 7 ans 70cl,PRIX_SUPERIEUR,12.2,25.41,28.5,OUI,OUI,NON,OUI,0,même sous-catégorie + même régime alcool + écart de prix ≤ 40 %
PROD-0340,BLANCHE d'alambic bio 70 cl,PROD-0696,CALVADOS - V.S.O.P.,PRIX_INFERIEUR,-3.2,23.65,22.9,OUI,OUI,NON,NON,0,même sous-catégorie + même régime alcool + écart de prix ≤ 40 %
PROD-0340,BLANCHE d'alambic bio 70 cl,PROD-0327,Calvados Héritage 12 ans d'âge 35 cl,PRIX_SUPERIEUR,6.8,23.65,25.25,OUI,OUI,OUI,NON,0,même sous-catégorie + même régime alcool + écart de prix ≤ 40 %
PROD-0340,BLANCHE d'alambic bio 70 cl,PROD-0339,Calvados VS 2 ans 70 cl,PRIX_SUPERIEUR,7.4,23.65,25.41,OUI,OUI,OUI,NON,0,même sous-catégorie + même régime alcool + écart de prix ≤ 40 %
PROD-0340,BLANCHE d'alambic bio 70 cl,PROD-0331,Calvados AOC-XO hors d'âge 6 ans 35 cl,PRIX_INFERIEUR,-10.2,23.65,21.23,OUI,OUI,OUI,NON,0,même sous-catégorie + même régime alcool + écart de prix ≤ 40 %
PROD-0340,BLANCHE d'alambic bio 70 cl,PROD-0296,Calvados Arrangé Pomme Vanille 70 cl,PRIX_INFERIEUR,-11.6,23.65,20.9,OUI,OUI,NON,OUI,0,même sous-catégorie + même régime alcool + écart de prix ≤ 40 %
PROD-0341,BLANCHE d'alambic bio 20 cl,PROD-0308,Calvados Arrangé Pomme Vanille 20 cl,PRIX_SUPERIEUR,4.0,8.75,9.1,OUI,OUI,NON,OUI,0,même sous-catégorie + même régime alcool + écart de prix ≤ 40 %
PROD-0341,BLANCHE d'alambic bio 20 cl,PROD-0310,Calvados Arrangé Banane Vanille 20 cl,PRIX_SUPERIEUR,4.0,8.75,9.1,OUI,OUI,NON,OUI,0,même sous-catégorie + même régime alcool + écart de prix ≤ 40 %
PROD-0341,BLANCHE d'alambic bio 20 cl,PROD-0338,Calvados VS 2 ans 20 cl,PRIX_SUPERIEUR,9.4,8.75,9.57,OUI,OUI,OUI,NON,1,même sous-catégorie + même régime alcool + écart de prix ≤ 40 %
PROD-0341,BLANCHE d'alambic bio 20 cl,PROD-0334,Calvados AOC-VSOP vielle réserve 4 ans 20 cl,PRIX_SUPERIEUR,29.5,8.75,11.33,OUI,OUI,OUI,NON,1,même sous-catégorie + même régime alcool + écart de prix ≤ 40 %
PROD-0341,BLANCHE d'alambic bio 20 cl,PROD-0695,CALVADOS - HORS D'ÂGE,PRIX_SUPERIEUR,31.8,8.75,11.53,OUI,OUI,NON,NON,1,même sous-catégorie + même régime alcool + écart de prix ≤ 40 %
PROD-0342,Pommeau bio 70 cl,PROD-0362,Pommeau de Normandie 70 cl 17°,PRIX_INFERIEUR,-25.2,15.18,11.35,OUI,OUI,NON,NON,0,même sous-catégorie + même régime alcool + écart de prix ≤ 40 %
PROD-0342,Pommeau bio 70 cl,PROD-0363,Apéro Claids 70 cl 12°,PRIX_INFERIEUR,-31.8,15.18,10.35,OUI,OUI,NON,OUI,-1,même sous-catégorie + même régime alcool + écart de prix ≤ 40 %
PROD-0342,Pommeau bio 70 cl,PROD-0689,Pommeau de Normandie,PRIX_INFERIEUR,-34.3,15.18,9.97,OUI,OUI,NON,NON,0,même sous-catégorie + même régime alcool + écart de prix ≤ 40 %
PROD-0343,pommeau bio 20 cl,PROD-0690,Pommeau de Normandie,PRIX_INFERIEUR,-2.4,6.27,6.12,OUI,OUI,NON,NON,1,même sous-catégorie + même régime alcool + écart de prix ≤ 40 %
PROD-0343,pommeau bio 20 cl,PROD-0361,Pommeau de Normandie 35 cl 17°,PRIX_SUPERIEUR,15.6,6.27,7.25,OUI,OUI,NON,NON,1,même sous-catégorie + même régime alcool + écart de prix ≤ 40 %
PROD-0344,Jus de pomme bio 25 cl,PROD-0678,Pomme Basilic,PRIX_EQUIVALENT,-1.0,1.98,1.96,OUI,OUI,NON,NON,0,même sous-catégorie + même régime alcool + écart de prix ≤ 40 %
PROD-0344,Jus de pomme bio 25 cl,PROD-0679,Pomme Menthe,PRIX_EQUIVALENT,-1.0,1.98,1.96,OUI,OUI,NON,NON,0,même sous-catégorie + même régime alcool + écart de prix ≤ 40 %
PROD-0344,Jus de pomme bio 25 cl,PROD-0368,Jus de pomme 25 cl,PRIX_INFERIEUR,-4.0,1.98,1.9,OUI,OUI,NON,OUI,0,même sous-catégorie + même régime alcool + écart de prix ≤ 40 %
PROD-0344,Jus de pomme bio 25 cl,PROD-0680,Pomme Framboise,PRIX_INFERIEUR,-4.5,1.98,1.89,OUI,OUI,NON,NON,0,même sous-catégorie + même régime alcool + écart de prix ≤ 40 %
PROD-0344,Jus de pomme bio 25 cl,PROD-0681,Pomme Myrtille,PRIX_INFERIEUR,-4.5,1.98,1.89,OUI,OUI,NON,NON,0,même sous-catégorie + même régime alcool + écart de prix ≤ 40 %
PROD-0345,Jus de pomme bio 100 cl,PROD-0349,"Jus de pomme Pétillant bio ""Prout"" 75cl NOUVEAU",PRIX_INFERIEUR,-8.6,3.85,3.52,OUI,OUI,OUI,OUI,0,même sous-catégorie + même régime alcool + écart de prix ≤ 40 %
PROD-0345,Jus de pomme bio 100 cl,PROD-0367,Jus de pomme 100 cl,PRIX_INFERIEUR,-14.3,3.85,3.3,OUI,OUI,NON,OUI,0,même sous-catégorie + même régime alcool + écart de prix ≤ 40 %
PROD-0345,Jus de pomme bio 100 cl,PROD-0683,Pomme Basilic,PRIX_INFERIEUR,-14.3,3.85,3.3,OUI,OUI,NON,NON,0,même sous-catégorie + même régime alcool + écart de prix ≤ 40 %
PROD-0345,Jus de pomme bio 100 cl,PROD-0684,Pomme Menthe,PRIX_INFERIEUR,-14.3,3.85,3.3,OUI,OUI,NON,NON,0,même sous-catégorie + même régime alcool + écart de prix ≤ 40 %
PROD-0345,Jus de pomme bio 100 cl,PROD-0685,Pomme Framboise,PRIX_INFERIEUR,-14.3,3.85,3.3,OUI,OUI,NON,NON,0,même sous-catégorie + même régime alcool + écart de prix ≤ 40 %
PROD-0346,jus de pomme bio 300 cl bib,PROD-0675,BIB Jus de pomme,PRIX_SUPERIEUR,26.8,9.68,12.27,OUI,OUI,NON,NON,1,même sous-catégorie + même régime alcool + écart de prix ≤ 40 %
PROD-0347,Vinaigre de cidre bio 25 cl,PROD-0369,Aigrette de Claids (vinaigre de cidre) 50 cl,PRIX_INFERIEUR,-22.6,4.07,3.15,OUI,OUI,NON,OUI,0,même sous-catégorie + même régime alcool + écart de prix ≤ 40 %
PROD-0348,Vinaigre de cidre bio 50 cl,PROD-0347,Vinaigre de cidre bio 25 cl,PRIX_INFERIEUR,-31.5,5.94,4.07,OUI,OUI,OUI,OUI,-1,même sous-catégorie + même régime alcool + écart de prix ≤ 40 %
PROD-0349,"Jus de pomme Pétillant bio ""Prout"" 75cl NOUVEAU",PROD-0367,Jus de pomme 100 cl,PRIX_INFERIEUR,-6.3,3.52,3.3,OUI,OUI,NON,OUI,0,même sous-catégorie + même régime alcool + écart de prix ≤ 40 %
PROD-0349,"Jus de pomme Pétillant bio ""Prout"" 75cl NOUVEAU",PROD-0683,Pomme Basilic,PRIX_INFERIEUR,-6.3,3.52,3.3,OUI,OUI,NON,NON,0,même sous-catégorie + même régime alcool + écart de prix ≤ 40 %
PROD-0349,"Jus de pomme Pétillant bio ""Prout"" 75cl NOUVEAU",PROD-0684,Pomme Menthe,PRIX_INFERIEUR,-6.3,3.52,3.3,OUI,OUI,NON,NON,0,même sous-catégorie + même régime alcool + écart de prix ≤ 40 %
PROD-0349,"Jus de pomme Pétillant bio ""Prout"" 75cl NOUVEAU",PROD-0685,Pomme Framboise,PRIX_INFERIEUR,-6.3,3.52,3.3,OUI,OUI,NON,NON,0,même sous-catégorie + même régime alcool + écart de prix ≤ 40 %
PROD-0349,"Jus de pomme Pétillant bio ""Prout"" 75cl NOUVEAU",PROD-0686,Pomme Myrtille,PRIX_INFERIEUR,-6.3,3.52,3.3,OUI,OUI,NON,NON,0,même sous-catégorie + même régime alcool + écart de prix ≤ 40 %
PROD-0350,Cidre Cotentin extra brut 75 cl,PROD-0352,Cidre Cotentin brut 75 cl,PRIX_EQUIVALENT,0.0,3.8,3.8,OUI,OUI,OUI,OUI,0,même sous-catégorie + même régime alcool + écart de prix ≤ 40 %
PROD-0350,Cidre Cotentin extra brut 75 cl,PROD-0324,Amour d'Hérout brut 75 cl cidre IGP,PRIX_EQUIVALENT,1.3,3.8,3.85,OUI,OUI,NON,NON,0,même sous-catégorie + même régime alcool + écart de prix ≤ 40 %
PROD-0350,Cidre Cotentin extra brut 75 cl,PROD-0661,Cidre Fraîcheur,PRIX_INFERIEUR,-3.9,3.8,3.65,OUI,OUI,NON,NON,0,même sous-catégorie + même régime alcool + écart de prix ≤ 40 %
PROD-0350,Cidre Cotentin extra brut 75 cl,PROD-0355,Cidre Cotentin doux 75 cl,PRIX_INFERIEUR,-5.3,3.8,3.6,OUI,OUI,OUI,OUI,0,même sous-catégorie + même régime alcool + écart de prix ≤ 40 %
PROD-0350,Cidre Cotentin extra brut 75 cl,PROD-0659,Cidre Corsé,PRIX_INFERIEUR,-11.6,3.8,3.36,OUI,OUI,NON,NON,0,même sous-catégorie + même régime alcool + écart de prix ≤ 40 %
PROD-0351,Cidre Cotentin extra brut selection 75 cl,PROD-0317,Cidre bio micro cuvée N°1 vieilli fût chêne75 cl 2021,PRIX_EQUIVALENT,-1.6,7.6,7.48,OUI,OUI,NON,NON,0,même sous-catégorie + même régime alcool + écart de prix ≤ 40 %
PROD-0351,Cidre Cotentin extra brut selection 75 cl,PROD-0321,Cidre bio micro cuvée N°4 Variétés acidulées,PRIX_INFERIEUR,-5.9,7.6,7.15,OUI,OUI,NON,NON,0,même sous-catégorie + même régime alcool + écart de prix ≤ 40 %
PROD-0351,Cidre Cotentin extra brut selection 75 cl,PROD-0322,Cidre bio micro cuvée N°5 assemblage 50% amer 50% acidulé,PRIX_INFERIEUR,-5.9,7.6,7.15,OUI,OUI,NON,NON,0,même sous-catégorie + même régime alcool + écart de prix ≤ 40 %
PROD-0351,Cidre Cotentin extra brut selection 75 cl,PROD-0319,Cidre bio micro cuvée N°2 cidre dégorgé 75 cl 2020,PRIX_SUPERIEUR,10.0,7.6,8.36,OUI,OUI,NON,NON,0,même sous-catégorie + même régime alcool + écart de prix ≤ 40 %
PROD-0351,Cidre Cotentin extra brut selection 75 cl,PROD-0314,Grande cuvée Cotentin AOC extra brut 2018-2019 75 cl,PRIX_INFERIEUR,-30.5,7.6,5.28,OUI,OUI,NON,NON,1,même sous-catégorie + même régime alcool + écart de prix ≤ 40 %
PROD-0352,Cidre Cotentin brut 75 cl,PROD-0350,Cidre Cotentin extra brut 75 cl,PRIX_EQUIVALENT,0.0,3.8,3.8,OUI,OUI,OUI,OUI,0,même sous-catégorie + même régime alcool + écart de prix ≤ 40 %
PROD-0352,Cidre Cotentin brut 75 cl,PROD-0324,Amour d'Hérout brut 75 cl cidre IGP,PRIX_EQUIVALENT,1.3,3.8,3.85,OUI,OUI,NON,NON,0,même sous-catégorie + même régime alcool + écart de prix ≤ 40 %
PROD-0352,Cidre Cotentin brut 75 cl,PROD-0661,Cidre Fraîcheur,PRIX_INFERIEUR,-3.9,3.8,3.65,OUI,OUI,NON,NON,0,même sous-catégorie + même régime alcool + écart de prix ≤ 40 %
PROD-0352,Cidre Cotentin brut 75 cl,PROD-0355,Cidre Cotentin doux 75 cl,PRIX_INFERIEUR,-5.3,3.8,3.6,OUI,OUI,OUI,OUI,0,même sous-catégorie + même régime alcool + écart de prix ≤ 40 %
PROD-0352,Cidre Cotentin brut 75 cl,PROD-0659,Cidre Corsé,PRIX_INFERIEUR,-11.6,3.8,3.36,OUI,OUI,NON,NON,0,même sous-catégorie + même régime alcool + écart de prix ≤ 40 %
PROD-0353,Cidre Cotentin brut 33 cl,PROD-0323,Amour d'Hérout brut 33 cl cidre IGP,PRIX_INFERIEUR,-14.2,2.25,1.93,OUI,OUI,NON,NON,0,même sous-catégorie + même régime alcool + écart de prix ≤ 40 %
PROD-0353,Cidre Cotentin brut 33 cl,PROD-0325,Amour d'Hérout doux 33 cl cidre IGP,PRIX_INFERIEUR,-14.2,2.25,1.93,OUI,OUI,NON,NON,0,même sous-catégorie + même régime alcool + écart de prix ≤ 40 %
PROD-0353,Cidre Cotentin brut 33 cl,PROD-0665,Cidre Fruité,PRIX_INFERIEUR,-22.2,2.25,1.75,OUI,OUI,NON,NON,0,même sous-catégorie + même régime alcool + écart de prix ≤ 40 %
PROD-0353,Cidre Cotentin brut 33 cl,PROD-0666,Cidre Fraîcheur,PRIX_INFERIEUR,-22.2,2.25,1.75,OUI,OUI,NON,NON,0,même sous-catégorie + même régime alcool + écart de prix ≤ 40 %
PROD-0353,Cidre Cotentin brut 33 cl,PROD-0667,Cidre Tonique,PRIX_INFERIEUR,-22.2,2.25,1.75,OUI,OUI,NON,NON,0,même sous-catégorie + même régime alcool + écart de prix ≤ 40 %
PROD-0354,Cidre Cotentin demi-sec 75 cl,PROD-0316,Cidre bio cuvée gourmande demi sec 75 cl,PRIX_EQUIVALENT,-0.7,4.32,4.29,OUI,OUI,NON,NON,0,même sous-catégorie + même régime alcool + écart de prix ≤ 40 %
PROD-0354,Cidre Cotentin demi-sec 75 cl,PROD-0663,Cidre Sauvage,PRIX_EQUIVALENT,1.9,4.32,4.4,OUI,OUI,NON,NON,0,même sous-catégorie + même régime alcool + écart de prix ≤ 40 %
PROD-0354,Cidre Cotentin demi-sec 75 cl,PROD-0662,Cidre Tonique,PRIX_SUPERIEUR,4.2,4.32,4.5,OUI,OUI,NON,NON,0,même sous-catégorie + même régime alcool + écart de prix ≤ 40 %
PROD-0354,Cidre Cotentin demi-sec 75 cl,PROD-0312,Cidre bio Cotentin AOC brut  75 cl,PRIX_SUPERIEUR,6.9,4.32,4.62,OUI,OUI,NON,NON,1,même sous-catégorie + même régime alcool + écart de prix ≤ 40 %
PROD-0354,Cidre Cotentin demi-sec 75 cl,PROD-0324,Amour d'Hérout brut 75 cl cidre IGP,PRIX_INFERIEUR,-10.9,4.32,3.85,OUI,OUI,NON,NON,0,même sous-catégorie + même régime alcool + écart de prix ≤ 40 %
PROD-0355,Cidre Cotentin doux 75 cl,PROD-0661,Cidre Fraîcheur,PRIX_EQUIVALENT,1.4,3.6,3.65,OUI,OUI,NON,NON,0,même sous-catégorie + même régime alcool + écart de prix ≤ 40 %
PROD-0355,Cidre Cotentin doux 75 cl,PROD-0350,Cidre Cotentin extra brut 75 cl,PRIX_SUPERIEUR,5.6,3.6,3.8,OUI,OUI,OUI,OUI,0,même sous-catégorie + même régime alcool + écart de prix ≤ 40 %
PROD-0355,Cidre Cotentin doux 75 cl,PROD-0352,Cidre Cotentin brut 75 cl,PRIX_SUPERIEUR,5.6,3.6,3.8,OUI,OUI,OUI,OUI,0,même sous-catégorie + même régime alcool + écart de prix ≤ 40 %
PROD-0355,Cidre Cotentin doux 75 cl,PROD-0659,Cidre Corsé,PRIX_INFERIEUR,-6.7,3.6,3.36,OUI,OUI,NON,NON,0,même sous-catégorie + même régime alcool + écart de prix ≤ 40 %
PROD-0355,Cidre Cotentin doux 75 cl,PROD-0660,Cidre Fruité,PRIX_INFERIEUR,-6.7,3.6,3.36,OUI,OUI,NON,NON,0,même sous-catégorie + même régime alcool + écart de prix ≤ 40 %
PROD-0356,Fine de Claids 35 cl 40°,PROD-0357,Calvados 5 ans 35cl,PRIX_EQUIVALENT,0.6,18.0,18.1,OUI,OUI,OUI,NON,1,même sous-catégorie + même régime alcool + écart de prix ≤ 40 %
PROD-0356,Fine de Claids 35 cl 40°,PROD-0335,Calvados AOC-VSOP vielle réserve 4 ans 35 cl,PRIX_EQUIVALENT,-1.0,18.0,17.82,OUI,OUI,NON,NON,1,même sous-catégorie + même régime alcool + écart de prix ≤ 40 %
PROD-0356,Fine de Claids 35 cl 40°,PROD-0416,"Les singuliers ""Cask finish"" 50 cl",PRIX_SUPERIEUR,5.6,18.0,19.0,OUI,OUI,NON,OUI,0,même sous-catégorie + même régime alcool + écart de prix ≤ 40 %
PROD-0356,Fine de Claids 35 cl 40°,PROD-0326,Calvados Héritage 12 ans d'âge 20 cl,PRIX_INFERIEUR,-10.8,18.0,16.06,OUI,OUI,NON,NON,1,même sous-catégorie + même régime alcool + écart de prix ≤ 40 %
PROD-0356,Fine de Claids 35 cl 40°,PROD-0697,CALVADOS - FINE,PRIX_SUPERIEUR,13.3,18.0,20.4,OUI,OUI,NON,NON,1,même sous-catégorie + même régime alcool + écart de prix ≤ 40 %
PROD-0357,Calvados 5 ans 35cl,PROD-0356,Fine de Claids 35 cl 40°,PRIX_EQUIVALENT,-0.6,18.1,18.0,OUI,OUI,OUI,NON,-1,même sous-catégorie + même régime alcool + écart de prix ≤ 40 %
PROD-0357,Calvados 5 ans 35cl,PROD-0335,Calvados AOC-VSOP vielle réserve 4 ans 35 cl,PRIX_EQUIVALENT,-1.5,18.1,17.82,OUI,OUI,NON,OUI,0,même sous-catégorie + même régime alcool + écart de prix ≤ 40 %
PROD-0357,Calvados 5 ans 35cl,PROD-0416,"Les singuliers ""Cask finish"" 50 cl",PRIX_SUPERIEUR,5.0,18.1,19.0,OUI,OUI,NON,NON,-1,même sous-catégorie + même régime alcool + écart de prix ≤ 40 %
PROD-0357,Calvados 5 ans 35cl,PROD-0326,Calvados Héritage 12 ans d'âge 20 cl,PRIX_INFERIEUR,-11.3,18.1,16.06,OUI,OUI,NON,OUI,0,même sous-catégorie + même régime alcool + écart de prix ≤ 40 %
PROD-0357,Calvados 5 ans 35cl,PROD-0697,CALVADOS - FINE,PRIX_SUPERIEUR,12.7,18.1,20.4,OUI,OUI,NON,OUI,0,même sous-catégorie + même régime alcool + écart de prix ≤ 40 %
PROD-0358,Calvados 5 ans 70cl,PROD-0359,Calvados 7 ans 70cl,PRIX_SUPERIEUR,5.6,27.0,28.5,OUI,OUI,OUI,OUI,0,même sous-catégorie + même régime alcool + écart de prix ≤ 40 %
PROD-0358,Calvados 5 ans 70cl,PROD-0339,Calvados VS 2 ans 70 cl,PRIX_INFERIEUR,-5.9,27.0,25.41,OUI,OUI,NON,OUI,0,même sous-catégorie + même régime alcool + écart de prix ≤ 40 %
PROD-0358,Calvados 5 ans 70cl,PROD-0327,Calvados Héritage 12 ans d'âge 35 cl,PRIX_INFERIEUR,-6.5,27.0,25.25,OUI,OUI,NON,OUI,0,même sous-catégorie + même régime alcool + écart de prix ≤ 40 %
PROD-0358,Calvados 5 ans 70cl,PROD-0694,CALVADOS - HORS D'ÂGE,PRIX_SUPERIEUR,8.0,27.0,29.16,OUI,OUI,NON,OUI,0,même sous-catégorie + même régime alcool + écart de prix ≤ 40 %
PROD-0358,Calvados 5 ans 70cl,PROD-0360,Fine de Claids 70 cl 40°,PRIX_SUPERIEUR,11.9,27.0,30.2,OUI,OUI,OUI,NON,0,même sous-catégorie + même régime alcool + écart de prix ≤ 40 %
PROD-0359,Calvados 7 ans 70cl,PROD-0694,CALVADOS - HORS D'ÂGE,PRIX_SUPERIEUR,2.3,28.5,29.16,OUI,OUI,NON,OUI,0,même sous-catégorie + même régime alcool + écart de prix ≤ 40 %
PROD-0359,Calvados 7 ans 70cl,PROD-0358,Calvados 5 ans 70cl,PRIX_INFERIEUR,-5.3,28.5,27.0,OUI,OUI,OUI,OUI,0,même sous-catégorie + même régime alcool + écart de prix ≤ 40 %
PROD-0359,Calvados 7 ans 70cl,PROD-0360,Fine de Claids 70 cl 40°,PRIX_SUPERIEUR,6.0,28.5,30.2,OUI,OUI,OUI,NON,0,même sous-catégorie + même régime alcool + écart de prix ≤ 40 %
PROD-0359,Calvados 7 ans 70cl,PROD-0336,Calvados AOC-VSOP vielle réserve 4 ans 70 cl,PRIX_SUPERIEUR,7.7,28.5,30.7,OUI,OUI,NON,OUI,0,même sous-catégorie + même régime alcool + écart de prix ≤ 40 %
PROD-0359,Calvados 7 ans 70cl,PROD-0339,Calvados VS 2 ans 70 cl,PRIX_INFERIEUR,-10.8,28.5,25.41,OUI,OUI,NON,OUI,0,même sous-catégorie + même régime alcool + écart de prix ≤ 40 %
PROD-0360,Fine de Claids 70 cl 40°,PROD-0336,Calvados AOC-VSOP vielle réserve 4 ans 70 cl,PRIX_EQUIVALENT,1.7,30.2,30.7,OUI,OUI,NON,NON,0,même sous-catégorie + même régime alcool + écart de prix ≤ 40 %
PROD-0360,Fine de Claids 70 cl 40°,PROD-0694,CALVADOS - HORS D'ÂGE,PRIX_INFERIEUR,-3.4,30.2,29.16,OUI,OUI,NON,NON,0,même sous-catégorie + même régime alcool + écart de prix ≤ 40 %
PROD-0360,Fine de Claids 70 cl 40°,PROD-0359,Calvados 7 ans 70cl,PRIX_INFERIEUR,-5.6,30.2,28.5,OUI,OUI,OUI,NON,0,même sous-catégorie + même régime alcool + écart de prix ≤ 40 %
PROD-0360,Fine de Claids 70 cl 40°,PROD-0358,Calvados 5 ans 70cl,PRIX_INFERIEUR,-10.6,30.2,27.0,OUI,OUI,OUI,NON,0,même sous-catégorie + même régime alcool + écart de prix ≤ 40 %
PROD-0360,Fine de Claids 70 cl 40°,PROD-0339,Calvados VS 2 ans 70 cl,PRIX_INFERIEUR,-15.9,30.2,25.41,OUI,OUI,NON,NON,0,même sous-catégorie + même régime alcool + écart de prix ≤ 40 %
PROD-0361,Pommeau de Normandie 35 cl 17°,PROD-0343,pommeau bio 20 cl,PRIX_INFERIEUR,-13.5,7.25,6.27,OUI,OUI,NON,NON,-1,même sous-catégorie + même régime alcool + écart de prix ≤ 40 %
PROD-0361,Pommeau de Normandie 35 cl 17°,PROD-0690,Pommeau de Normandie,PRIX_INFERIEUR,-15.6,7.25,6.12,OUI,OUI,NON,OUI,0,même sous-catégorie + même régime alcool + écart de prix ≤ 40 %
PROD-0361,Pommeau de Normandie 35 cl 17°,PROD-0290,POMMEAU 35cl Pique-nique sous les pommiers,PRIX_SUPERIEUR,24.1,7.25,9.0,OUI,OUI,NON,NON,-1,même sous-catégorie + même régime alcool + écart de prix ≤ 40 %
PROD-0361,Pommeau de Normandie 35 cl 17°,PROD-0689,Pommeau de Normandie,PRIX_SUPERIEUR,37.5,7.25,9.97,OUI,OUI,NON,OUI,0,même sous-catégorie + même régime alcool + écart de prix ≤ 40 %
PROD-0362,Pommeau de Normandie 70 cl 17°,PROD-0363,Apéro Claids 70 cl 12°,PRIX_INFERIEUR,-8.8,11.35,10.35,OUI,OUI,OUI,NON,-1,même sous-catégorie + même régime alcool + écart de prix ≤ 40 %
PROD-0362,Pommeau de Normandie 70 cl 17°,PROD-0689,Pommeau de Normandie,PRIX_INFERIEUR,-12.2,11.35,9.97,OUI,OUI,NON,OUI,0,même sous-catégorie + même régime alcool + écart de prix ≤ 40 %
PROD-0362,Pommeau de Normandie 70 cl 17°,PROD-0290,POMMEAU 35cl Pique-nique sous les pommiers,PRIX_INFERIEUR,-20.7,11.35,9.0,OUI,OUI,NON,NON,-1,même sous-catégorie + même régime alcool + écart de prix ≤ 40 %
PROD-0362,Pommeau de Normandie 70 cl 17°,PROD-0342,Pommeau bio 70 cl,PRIX_SUPERIEUR,33.7,11.35,15.18,OUI,OUI,NON,NON,0,même sous-catégorie + même régime alcool + écart de prix ≤ 40 %
PROD-0362,Pommeau de Normandie 70 cl 17°,PROD-0361,Pommeau de Normandie 35 cl 17°,PRIX_INFERIEUR,-36.1,11.35,7.25,OUI,OUI,OUI,OUI,0,même sous-catégorie + même régime alcool + écart de prix ≤ 40 %
PROD-0363,Apéro Claids 70 cl 12°,PROD-0689,Pommeau de Normandie,PRIX_INFERIEUR,-3.7,10.35,9.97,OUI,OUI,NON,NON,1,même sous-catégorie + même régime alcool + écart de prix ≤ 40 %
PROD-0363,Apéro Claids 70 cl 12°,PROD-0362,Pommeau de Normandie 70 cl 17°,PRIX_SUPERIEUR,9.7,10.35,11.35,OUI,OUI,OUI,NON,1,même sous-catégorie + même régime alcool + écart de prix ≤ 40 %
PROD-0363,Apéro Claids 70 cl 12°,PROD-0290,POMMEAU 35cl Pique-nique sous les pommiers,PRIX_INFERIEUR,-13.0,10.35,9.0,OUI,OUI,NON,OUI,0,même sous-catégorie + même régime alcool + écart de prix ≤ 40 %
PROD-0363,Apéro Claids 70 cl 12°,PROD-0361,Pommeau de Normandie 35 cl 17°,PRIX_INFERIEUR,-30.0,10.35,7.25,OUI,OUI,OUI,NON,1,même sous-catégorie + même régime alcool + écart de prix ≤ 40 %
PROD-0363,Apéro Claids 70 cl 12°,PROD-0343,pommeau bio 20 cl,PRIX_INFERIEUR,-39.4,10.35,6.27,OUI,OUI,NON,OUI,0,même sous-catégorie + même régime alcool + écart de prix ≤ 40 %
PROD-0364,"Liqueur 44 ""le chiffre Claids"" 35 cl 32°",PROD-0372,Liqueur 44 35 cl 40°,PRIX_INFERIEUR,-4.9,16.2,15.4,OUI,OUI,NON,OUI,0,même sous-catégorie + même régime alcool + écart de prix ≤ 40 %
PROD-0364,"Liqueur 44 ""le chiffre Claids"" 35 cl 32°",PROD-0413,Limoncello 50 cl Liqueur de citron Echantillon gratuit pour 6 sur demande,PRIX_INFERIEUR,-9.9,16.2,14.6,OUI,OUI,NON,OUI,0,même sous-catégorie + même régime alcool + écart de prix ≤ 40 %
PROD-0364,"Liqueur 44 ""le chiffre Claids"" 35 cl 32°",PROD-0370,Crème de Calvados 70 cl,PRIX_INFERIEUR,-16.7,16.2,13.5,OUI,OUI,NON,OUI,1,même sous-catégorie + même régime alcool + écart de prix ≤ 40 %
PROD-0364,"Liqueur 44 ""le chiffre Claids"" 35 cl 32°",PROD-0418,PASTIS du verger Echantillon gratuit pour 6 sur demande,PRIX_SUPERIEUR,19.1,16.2,19.3,OUI,OUI,NON,OUI,0,même sous-catégorie + même régime alcool + écart de prix ≤ 40 %
PROD-0364,"Liqueur 44 ""le chiffre Claids"" 35 cl 32°",PROD-0411,Liqueur de café Cold brew 25° 70 cl Echantillon gratuit pour 6 sur demande,PRIX_SUPERIEUR,20.4,16.2,19.5,OUI,OUI,NON,OUI,0,même sous-catégorie + même régime alcool + écart de prix ≤ 40 %
PROD-0365,"Liqueur 44 ""le chiffre Claids"" 70 cl 32°",PROD-0411,Liqueur de café Cold brew 25° 70 cl Echantillon gratuit pour 6 sur demande,PRIX_INFERIEUR,-23.5,25.5,19.5,OUI,OUI,NON,OUI,-1,même sous-catégorie + même régime alcool + écart de prix ≤ 40 %
PROD-0365,"Liqueur 44 ""le chiffre Claids"" 70 cl 32°",PROD-0418,PASTIS du verger Echantillon gratuit pour 6 sur demande,PRIX_INFERIEUR,-24.3,25.5,19.3,OUI,OUI,NON,OUI,-1,même sous-catégorie + même régime alcool + écart de prix ≤ 40 %
PROD-0365,"Liqueur 44 ""le chiffre Claids"" 70 cl 32°",PROD-0364,"Liqueur 44 ""le chiffre Claids"" 35 cl 32°",PRIX_INFERIEUR,-36.5,25.5,16.2,OUI,OUI,OUI,OUI,-1,même sous-catégorie + même régime alcool + écart de prix ≤ 40 %
PROD-0365,"Liqueur 44 ""le chiffre Claids"" 70 cl 32°",PROD-0372,Liqueur 44 35 cl 40°,PRIX_INFERIEUR,-39.6,25.5,15.4,OUI,OUI,NON,OUI,-1,même sous-catégorie + même régime alcool + écart de prix ≤ 40 %
PROD-0366,"""Keys' Claids"" 70 cl 41°",PROD-0332,Calvados AOC-XO hors d'âge 6 ans 70 cl,PRIX_INFERIEUR,-4.7,38.33,36.52,OUI,OUI,NON,NON,0,même sous-catégorie + même régime alcool + écart de prix ≤ 40 %
PROD-0366,"""Keys' Claids"" 70 cl 41°",PROD-0693,CALVADOS - 12 ANS,PRIX_INFERIEUR,-8.3,38.33,35.16,OUI,OUI,NON,NON,0,même sous-catégorie + même régime alcool + écart de prix ≤ 40 %
PROD-0366,"""Keys' Claids"" 70 cl 41°",PROD-0692,CALVADOS - 20 ANS,PRIX_SUPERIEUR,12.6,38.33,43.16,OUI,OUI,NON,NON,0,même sous-catégorie + même régime alcool + écart de prix ≤ 40 %
PROD-0366,"""Keys' Claids"" 70 cl 41°",PROD-0328,Calvados Héritage 12 ans d'âge 70 cl,PRIX_SUPERIEUR,13.1,38.33,43.34,OUI,OUI,NON,NON,0,même sous-catégorie + même régime alcool + écart de prix ≤ 40 %
PROD-0366,"""Keys' Claids"" 70 cl 41°",PROD-0336,Calvados AOC-VSOP vielle réserve 4 ans 70 cl,PRIX_INFERIEUR,-19.9,38.33,30.7,OUI,OUI,NON,NON,0,même sous-catégorie + même régime alcool + écart de prix ≤ 40 %
PROD-0367,Jus de pomme 100 cl,PROD-0683,Pomme Basilic,PRIX_EQUIVALENT,0.0,3.3,3.3,OUI,OUI,NON,NON,0,même sous-catégorie + même régime alcool + écart de prix ≤ 40 %
PROD-0367,Jus de pomme 100 cl,PROD-0684,Pomme Menthe,PRIX_EQUIVALENT,0.0,3.3,3.3,OUI,OUI,NON,NON,0,même sous-catégorie + même régime alcool + écart de prix ≤ 40 %
PROD-0367,Jus de pomme 100 cl,PROD-0685,Pomme Framboise,PRIX_EQUIVALENT,0.0,3.3,3.3,OUI,OUI,NON,NON,0,même sous-catégorie + même régime alcool + écart de prix ≤ 40 %
PROD-0367,Jus de pomme 100 cl,PROD-0686,Pomme Myrtille,PRIX_EQUIVALENT,0.0,3.3,3.3,OUI,OUI,NON,NON,0,même sous-catégorie + même régime alcool + écart de prix ≤ 40 %
PROD-0367,Jus de pomme 100 cl,PROD-0349,"Jus de pomme Pétillant bio ""Prout"" 75cl NOUVEAU",PRIX_SUPERIEUR,6.7,3.3,3.52,OUI,OUI,NON,OUI,0,même sous-catégorie + même régime alcool + écart de prix ≤ 40 %
PROD-0368,Jus de pomme 25 cl,PROD-0680,Pomme Framboise,PRIX_EQUIVALENT,-0.5,1.9,1.89,OUI,OUI,NON,NON,0,même sous-catégorie + même régime alcool + écart de prix ≤ 40 %
PROD-0368,Jus de pomme 25 cl,PROD-0681,Pomme Myrtille,PRIX_EQUIVALENT,-0.5,1.9,1.89,OUI,OUI,NON,NON,0,même sous-catégorie + même régime alcool + écart de prix ≤ 40 %
PROD-0368,Jus de pomme 25 cl,PROD-0682,Pomme Rhubarbe,PRIX_EQUIVALENT,-0.5,1.9,1.89,OUI,OUI,NON,NON,0,même sous-catégorie + même régime alcool + écart de prix ≤ 40 %
PROD-0368,Jus de pomme 25 cl,PROD-0678,Pomme Basilic,PRIX_SUPERIEUR,3.2,1.9,1.96,OUI,OUI,NON,NON,0,même sous-catégorie + même régime alcool + écart de prix ≤ 40 %
PROD-0368,Jus de pomme 25 cl,PROD-0679,Pomme Menthe,PRIX_SUPERIEUR,3.2,1.9,1.96,OUI,OUI,NON,NON,0,même sous-catégorie + même régime alcool + écart de prix ≤ 40 %
PROD-0369,Aigrette de Claids (vinaigre de cidre) 50 cl,PROD-0671,Vinaigre de Cidre,PRIX_INFERIEUR,-27.0,3.15,2.3,OUI,OUI,NON,NON,-1,même sous-catégorie + même régime alcool + écart de prix ≤ 40 %
PROD-0369,Aigrette de Claids (vinaigre de cidre) 50 cl,PROD-0347,Vinaigre de cidre bio 25 cl,PRIX_SUPERIEUR,29.2,3.15,4.07,OUI,OUI,NON,OUI,0,même sous-catégorie + même régime alcool + écart de prix ≤ 40 %
PROD-0370,Crème de Calvados 70 cl,PROD-0413,Limoncello 50 cl Liqueur de citron Echantillon gratuit pour 6 sur demande,PRIX_SUPERIEUR,8.1,13.5,14.6,OUI,OUI,NON,OUI,-1,même sous-catégorie + même régime alcool + écart de prix ≤ 40 %
PROD-0370,Crème de Calvados 70 cl,PROD-0372,Liqueur 44 35 cl 40°,PRIX_SUPERIEUR,14.1,13.5,15.4,OUI,OUI,OUI,OUI,-1,même sous-catégorie + même régime alcool + écart de prix ≤ 40 %
PROD-0370,Crème de Calvados 70 cl,PROD-0364,"Liqueur 44 ""le chiffre Claids"" 35 cl 32°",PRIX_SUPERIEUR,20.0,13.5,16.2,OUI,OUI,NON,OUI,-1,même sous-catégorie + même régime alcool + écart de prix ≤ 40 %
PROD-0370,Crème de Calvados 70 cl,PROD-0371,Crème de Calvados 35 cl,PRIX_INFERIEUR,-32.6,13.5,9.1,OUI,OUI,OUI,OUI,-1,même sous-catégorie + même régime alcool + écart de prix ≤ 40 %
PROD-0370,Crème de Calvados 70 cl,PROD-0412,Liqueur de café Cold brew 25° 20 cl,PRIX_INFERIEUR,-37.0,13.5,8.5,OUI,OUI,NON,OUI,-2,même sous-catégorie + même régime alcool + écart de prix ≤ 40 %
PROD-0371,Crème de Calvados 35 cl,PROD-0412,Liqueur de café Cold brew 25° 20 cl,PRIX_INFERIEUR,-6.6,9.1,8.5,OUI,OUI,NON,OUI,-1,même sous-catégorie + même régime alcool + écart de prix ≤ 40 %
PROD-0372,Liqueur 44 35 cl 40°,PROD-0364,"Liqueur 44 ""le chiffre Claids"" 35 cl 32°",PRIX_SUPERIEUR,5.2,15.4,16.2,OUI,OUI,NON,OUI,0,même sous-catégorie + même régime alcool + écart de prix ≤ 40 %
PROD-0372,Liqueur 44 35 cl 40°,PROD-0413,Limoncello 50 cl Liqueur de citron Echantillon gratuit pour 6 sur demande,PRIX_INFERIEUR,-5.2,15.4,14.6,OUI,OUI,NON,OUI,0,même sous-catégorie + même régime alcool + écart de prix ≤ 40 %
PROD-0372,Liqueur 44 35 cl 40°,PROD-0370,Crème de Calvados 70 cl,PRIX_INFERIEUR,-12.3,15.4,13.5,OUI,OUI,OUI,OUI,1,même sous-catégorie + même régime alcool + écart de prix ≤ 40 %
PROD-0372,Liqueur 44 35 cl 40°,PROD-0418,PASTIS du verger Echantillon gratuit pour 6 sur demande,PRIX_SUPERIEUR,25.3,15.4,19.3,OUI,OUI,NON,OUI,0,même sous-catégorie + même régime alcool + écart de prix ≤ 40 %
PROD-0372,Liqueur 44 35 cl 40°,PROD-0411,Liqueur de café Cold brew 25° 70 cl Echantillon gratuit pour 6 sur demande,PRIX_SUPERIEUR,26.6,15.4,19.5,OUI,OUI,NON,OUI,0,même sous-catégorie + même régime alcool + écart de prix ≤ 40 %
PROD-0373,Bière blonde 33 cl / 24 Au prés de ma blonde,PROD-0375,Bière ambrée 33 cl / 24 Ambrée du hameau,PRIX_EQUIVALENT,0.0,1.96,1.96,OUI,OUI,OUI,OUI,0,même sous-catégorie + même régime alcool + écart de prix ≤ 40 %
PROD-0373,Bière blonde 33 cl / 24 Au prés de ma blonde,PROD-0377,Bière blanche 33 cl / 24 La Caennette,PRIX_EQUIVALENT,0.0,1.96,1.96,OUI,OUI,OUI,OUI,0,même sous-catégorie + même régime alcool + écart de prix ≤ 40 %
PROD-0373,Bière blonde 33 cl / 24 Au prés de ma blonde,PROD-0379,Bière brune 33 cl / 24 Quai des brune,PRIX_EQUIVALENT,0.0,1.96,1.96,OUI,OUI,OUI,OUI,0,même sous-catégorie + même régime alcool + écart de prix ≤ 40 %
PROD-0373,Bière blonde 33 cl / 24 Au prés de ma blonde,PROD-0383,Bière rousse Conté fleurette 33 cl / 24,PRIX_EQUIVALENT,0.0,1.96,1.96,OUI,OUI,OUI,OUI,0,même sous-catégorie + même régime alcool + écart de prix ≤ 40 %
PROD-0373,Bière blonde 33 cl / 24 Au prés de ma blonde,PROD-0385,Bière blonde Pale Ale  33 cl / 24 la Suisse Normande,PRIX_EQUIVALENT,0.0,1.96,1.96,OUI,OUI,OUI,NON,0,même sous-catégorie + même régime alcool + écart de prix ≤ 40 %
PROD-0374,Bière blonde 75 cl / 9 Au prés de ma blonde,PROD-0376,Bière ambrée 75 cl / 9 Ambrée du hameau,PRIX_EQUIVALENT,0.0,3.64,3.64,OUI,OUI,OUI,OUI,0,même sous-catégorie + même régime alcool + écart de prix ≤ 40 %
PROD-0374,Bière blonde 75 cl / 9 Au prés de ma blonde,PROD-0378,Bière blanche 75 cl / 9 La Caennette,PRIX_EQUIVALENT,0.0,3.64,3.64,OUI,OUI,OUI,OUI,0,même sous-catégorie + même régime alcool + écart de prix ≤ 40 %
PROD-0374,Bière blonde 75 cl / 9 Au prés de ma blonde,PROD-0380,Bière brune 75 cl / 9 Quai des brunes,PRIX_EQUIVALENT,0.0,3.64,3.64,OUI,OUI,OUI,OUI,0,même sous-catégorie + même régime alcool + écart de prix ≤ 40 %
PROD-0374,Bière blonde 75 cl / 9 Au prés de ma blonde,PROD-0384,Bière rousse Conté fleurette 75 cl / 9,PRIX_EQUIVALENT,0.0,3.64,3.64,OUI,OUI,OUI,OUI,0,même sous-catégorie + même régime alcool + écart de prix ≤ 40 %
PROD-0374,Bière blonde 75 cl / 9 Au prés de ma blonde,PROD-0386,Bière blonde Pale Ale  75 cl / 9 la Suisse Normande,PRIX_EQUIVALENT,0.0,3.64,3.64,OUI,OUI,OUI,NON,0,même sous-catégorie + même régime alcool + écart de prix ≤ 40 %
PROD-0375,Bière ambrée 33 cl / 24 Ambrée du hameau,PROD-0373,Bière blonde 33 cl / 24 Au prés de ma blonde,PRIX_EQUIVALENT,0.0,1.96,1.96,OUI,OUI,OUI,OUI,0,même sous-catégorie + même régime alcool + écart de prix ≤ 40 %
PROD-0375,Bière ambrée 33 cl / 24 Ambrée du hameau,PROD-0377,Bière blanche 33 cl / 24 La Caennette,PRIX_EQUIVALENT,0.0,1.96,1.96,OUI,OUI,OUI,OUI,0,même sous-catégorie + même régime alcool + écart de prix ≤ 40 %
PROD-0375,Bière ambrée 33 cl / 24 Ambrée du hameau,PROD-0379,Bière brune 33 cl / 24 Quai des brune,PRIX_EQUIVALENT,0.0,1.96,1.96,OUI,OUI,OUI,OUI,0,même sous-catégorie + même régime alcool + écart de prix ≤ 40 %
PROD-0375,Bière ambrée 33 cl / 24 Ambrée du hameau,PROD-0383,Bière rousse Conté fleurette 33 cl / 24,PRIX_EQUIVALENT,0.0,1.96,1.96,OUI,OUI,OUI,OUI,0,même sous-catégorie + même régime alcool + écart de prix ≤ 40 %
PROD-0375,Bière ambrée 33 cl / 24 Ambrée du hameau,PROD-0385,Bière blonde Pale Ale  33 cl / 24 la Suisse Normande,PRIX_EQUIVALENT,0.0,1.96,1.96,OUI,OUI,OUI,NON,0,même sous-catégorie + même régime alcool + écart de prix ≤ 40 %
PROD-0376,Bière ambrée 75 cl / 9 Ambrée du hameau,PROD-0374,Bière blonde 75 cl / 9 Au prés de ma blonde,PRIX_EQUIVALENT,0.0,3.64,3.64,OUI,OUI,OUI,OUI,0,même sous-catégorie + même régime alcool + écart de prix ≤ 40 %
PROD-0376,Bière ambrée 75 cl / 9 Ambrée du hameau,PROD-0378,Bière blanche 75 cl / 9 La Caennette,PRIX_EQUIVALENT,0.0,3.64,3.64,OUI,OUI,OUI,OUI,0,même sous-catégorie + même régime alcool + écart de prix ≤ 40 %
PROD-0376,Bière ambrée 75 cl / 9 Ambrée du hameau,PROD-0380,Bière brune 75 cl / 9 Quai des brunes,PRIX_EQUIVALENT,0.0,3.64,3.64,OUI,OUI,OUI,OUI,0,même sous-catégorie + même régime alcool + écart de prix ≤ 40 %
PROD-0376,Bière ambrée 75 cl / 9 Ambrée du hameau,PROD-0384,Bière rousse Conté fleurette 75 cl / 9,PRIX_EQUIVALENT,0.0,3.64,3.64,OUI,OUI,OUI,OUI,0,même sous-catégorie + même régime alcool + écart de prix ≤ 40 %
PROD-0376,Bière ambrée 75 cl / 9 Ambrée du hameau,PROD-0386,Bière blonde Pale Ale  75 cl / 9 la Suisse Normande,PRIX_EQUIVALENT,0.0,3.64,3.64,OUI,OUI,OUI,NON,0,même sous-catégorie + même régime alcool + écart de prix ≤ 40 %
PROD-0377,Bière blanche 33 cl / 24 La Caennette,PROD-0373,Bière blonde 33 cl / 24 Au prés de ma blonde,PRIX_EQUIVALENT,0.0,1.96,1.96,OUI,OUI,OUI,OUI,0,même sous-catégorie + même régime alcool + écart de prix ≤ 40 %
PROD-0377,Bière blanche 33 cl / 24 La Caennette,PROD-0375,Bière ambrée 33 cl / 24 Ambrée du hameau,PRIX_EQUIVALENT,0.0,1.96,1.96,OUI,OUI,OUI,OUI,0,même sous-catégorie + même régime alcool + écart de prix ≤ 40 %
PROD-0377,Bière blanche 33 cl / 24 La Caennette,PROD-0379,Bière brune 33 cl / 24 Quai des brune,PRIX_EQUIVALENT,0.0,1.96,1.96,OUI,OUI,OUI,OUI,0,même sous-catégorie + même régime alcool + écart de prix ≤ 40 %
PROD-0377,Bière blanche 33 cl / 24 La Caennette,PROD-0383,Bière rousse Conté fleurette 33 cl / 24,PRIX_EQUIVALENT,0.0,1.96,1.96,OUI,OUI,OUI,OUI,0,même sous-catégorie + même régime alcool + écart de prix ≤ 40 %
PROD-0377,Bière blanche 33 cl / 24 La Caennette,PROD-0385,Bière blonde Pale Ale  33 cl / 24 la Suisse Normande,PRIX_EQUIVALENT,0.0,1.96,1.96,OUI,OUI,OUI,NON,0,même sous-catégorie + même régime alcool + écart de prix ≤ 40 %
PROD-0378,Bière blanche 75 cl / 9 La Caennette,PROD-0374,Bière blonde 75 cl / 9 Au prés de ma blonde,PRIX_EQUIVALENT,0.0,3.64,3.64,OUI,OUI,OUI,OUI,0,même sous-catégorie + même régime alcool + écart de prix ≤ 40 %
PROD-0378,Bière blanche 75 cl / 9 La Caennette,PROD-0376,Bière ambrée 75 cl / 9 Ambrée du hameau,PRIX_EQUIVALENT,0.0,3.64,3.64,OUI,OUI,OUI,OUI,0,même sous-catégorie + même régime alcool + écart de prix ≤ 40 %
PROD-0378,Bière blanche 75 cl / 9 La Caennette,PROD-0380,Bière brune 75 cl / 9 Quai des brunes,PRIX_EQUIVALENT,0.0,3.64,3.64,OUI,OUI,OUI,OUI,0,même sous-catégorie + même régime alcool + écart de prix ≤ 40 %
PROD-0378,Bière blanche 75 cl / 9 La Caennette,PROD-0384,Bière rousse Conté fleurette 75 cl / 9,PRIX_EQUIVALENT,0.0,3.64,3.64,OUI,OUI,OUI,OUI,0,même sous-catégorie + même régime alcool + écart de prix ≤ 40 %
PROD-0378,Bière blanche 75 cl / 9 La Caennette,PROD-0386,Bière blonde Pale Ale  75 cl / 9 la Suisse Normande,PRIX_EQUIVALENT,0.0,3.64,3.64,OUI,OUI,OUI,NON,0,même sous-catégorie + même régime alcool + écart de prix ≤ 40 %
PROD-0379,Bière brune 33 cl / 24 Quai des brune,PROD-0373,Bière blonde 33 cl / 24 Au prés de ma blonde,PRIX_EQUIVALENT,0.0,1.96,1.96,OUI,OUI,OUI,OUI,0,même sous-catégorie + même régime alcool + écart de prix ≤ 40 %
PROD-0379,Bière brune 33 cl / 24 Quai des brune,PROD-0375,Bière ambrée 33 cl / 24 Ambrée du hameau,PRIX_EQUIVALENT,0.0,1.96,1.96,OUI,OUI,OUI,OUI,0,même sous-catégorie + même régime alcool + écart de prix ≤ 40 %
PROD-0379,Bière brune 33 cl / 24 Quai des brune,PROD-0377,Bière blanche 33 cl / 24 La Caennette,PRIX_EQUIVALENT,0.0,1.96,1.96,OUI,OUI,OUI,OUI,0,même sous-catégorie + même régime alcool + écart de prix ≤ 40 %
PROD-0379,Bière brune 33 cl / 24 Quai des brune,PROD-0383,Bière rousse Conté fleurette 33 cl / 24,PRIX_EQUIVALENT,0.0,1.96,1.96,OUI,OUI,OUI,OUI,0,même sous-catégorie + même régime alcool + écart de prix ≤ 40 %
PROD-0379,Bière brune 33 cl / 24 Quai des brune,PROD-0385,Bière blonde Pale Ale  33 cl / 24 la Suisse Normande,PRIX_EQUIVALENT,0.0,1.96,1.96,OUI,OUI,OUI,NON,0,même sous-catégorie + même régime alcool + écart de prix ≤ 40 %
PROD-0380,Bière brune 75 cl / 9 Quai des brunes,PROD-0374,Bière blonde 75 cl / 9 Au prés de ma blonde,PRIX_EQUIVALENT,0.0,3.64,3.64,OUI,OUI,OUI,OUI,0,même sous-catégorie + même régime alcool + écart de prix ≤ 40 %
PROD-0380,Bière brune 75 cl / 9 Quai des brunes,PROD-0376,Bière ambrée 75 cl / 9 Ambrée du hameau,PRIX_EQUIVALENT,0.0,3.64,3.64,OUI,OUI,OUI,OUI,0,même sous-catégorie + même régime alcool + écart de prix ≤ 40 %
PROD-0380,Bière brune 75 cl / 9 Quai des brunes,PROD-0378,Bière blanche 75 cl / 9 La Caennette,PRIX_EQUIVALENT,0.0,3.64,3.64,OUI,OUI,OUI,OUI,0,même sous-catégorie + même régime alcool + écart de prix ≤ 40 %
PROD-0380,Bière brune 75 cl / 9 Quai des brunes,PROD-0384,Bière rousse Conté fleurette 75 cl / 9,PRIX_EQUIVALENT,0.0,3.64,3.64,OUI,OUI,OUI,OUI,0,même sous-catégorie + même régime alcool + écart de prix ≤ 40 %
PROD-0380,Bière brune 75 cl / 9 Quai des brunes,PROD-0386,Bière blonde Pale Ale  75 cl / 9 la Suisse Normande,PRIX_EQUIVALENT,0.0,3.64,3.64,OUI,OUI,OUI,NON,0,même sous-catégorie + même régime alcool + écart de prix ≤ 40 %
PROD-0381,Bière triple 33 cl / 24 Triple à la mode de Caen,PROD-0373,Bière blonde 33 cl / 24 Au prés de ma blonde,PRIX_INFERIEUR,-2.5,2.01,1.96,OUI,OUI,OUI,OUI,0,même sous-catégorie + même régime alcool + écart de prix ≤ 40 %
PROD-0381,Bière triple 33 cl / 24 Triple à la mode de Caen,PROD-0375,Bière ambrée 33 cl / 24 Ambrée du hameau,PRIX_INFERIEUR,-2.5,2.01,1.96,OUI,OUI,OUI,OUI,0,même sous-catégorie + même régime alcool + écart de prix ≤ 40 %
PROD-0381,Bière triple 33 cl / 24 Triple à la mode de Caen,PROD-0377,Bière blanche 33 cl / 24 La Caennette,PRIX_INFERIEUR,-2.5,2.01,1.96,OUI,OUI,OUI,OUI,0,même sous-catégorie + même régime alcool + écart de prix ≤ 40 %
PROD-0381,Bière triple 33 cl / 24 Triple à la mode de Caen,PROD-0379,Bière brune 33 cl / 24 Quai des brune,PRIX_INFERIEUR,-2.5,2.01,1.96,OUI,OUI,OUI,OUI,0,même sous-catégorie + même régime alcool + écart de prix ≤ 40 %
PROD-0381,Bière triple 33 cl / 24 Triple à la mode de Caen,PROD-0383,Bière rousse Conté fleurette 33 cl / 24,PRIX_INFERIEUR,-2.5,2.01,1.96,OUI,OUI,OUI,OUI,0,même sous-catégorie + même régime alcool + écart de prix ≤ 40 %
PROD-0382,Bière triple 75 cl / 9 Triple à la mode de Caen,PROD-0374,Bière blonde 75 cl / 9 Au prés de ma blonde,PRIX_INFERIEUR,-4.2,3.8,3.64,OUI,OUI,OUI,OUI,0,même sous-catégorie + même régime alcool + écart de prix ≤ 40 %
PROD-0382,Bière triple 75 cl / 9 Triple à la mode de Caen,PROD-0376,Bière ambrée 75 cl / 9 Ambrée du hameau,PRIX_INFERIEUR,-4.2,3.8,3.64,OUI,OUI,OUI,OUI,0,même sous-catégorie + même régime alcool + écart de prix ≤ 40 %
PROD-0382,Bière triple 75 cl / 9 Triple à la mode de Caen,PROD-0378,Bière blanche 75 cl / 9 La Caennette,PRIX_INFERIEUR,-4.2,3.8,3.64,OUI,OUI,OUI,OUI,0,même sous-catégorie + même régime alcool + écart de prix ≤ 40 %
PROD-0382,Bière triple 75 cl / 9 Triple à la mode de Caen,PROD-0380,Bière brune 75 cl / 9 Quai des brunes,PRIX_INFERIEUR,-4.2,3.8,3.64,OUI,OUI,OUI,OUI,0,même sous-catégorie + même régime alcool + écart de prix ≤ 40 %
PROD-0382,Bière triple 75 cl / 9 Triple à la mode de Caen,PROD-0384,Bière rousse Conté fleurette 75 cl / 9,PRIX_INFERIEUR,-4.2,3.8,3.64,OUI,OUI,OUI,OUI,0,même sous-catégorie + même régime alcool + écart de prix ≤ 40 %
PROD-0383,Bière rousse Conté fleurette 33 cl / 24,PROD-0373,Bière blonde 33 cl / 24 Au prés de ma blonde,PRIX_EQUIVALENT,0.0,1.96,1.96,OUI,OUI,OUI,OUI,0,même sous-catégorie + même régime alcool + écart de prix ≤ 40 %
PROD-0383,Bière rousse Conté fleurette 33 cl / 24,PROD-0375,Bière ambrée 33 cl / 24 Ambrée du hameau,PRIX_EQUIVALENT,0.0,1.96,1.96,OUI,OUI,OUI,OUI,0,même sous-catégorie + même régime alcool + écart de prix ≤ 40 %
PROD-0383,Bière rousse Conté fleurette 33 cl / 24,PROD-0377,Bière blanche 33 cl / 24 La Caennette,PRIX_EQUIVALENT,0.0,1.96,1.96,OUI,OUI,OUI,OUI,0,même sous-catégorie + même régime alcool + écart de prix ≤ 40 %
PROD-0383,Bière rousse Conté fleurette 33 cl / 24,PROD-0379,Bière brune 33 cl / 24 Quai des brune,PRIX_EQUIVALENT,0.0,1.96,1.96,OUI,OUI,OUI,OUI,0,même sous-catégorie + même régime alcool + écart de prix ≤ 40 %
PROD-0383,Bière rousse Conté fleurette 33 cl / 24,PROD-0385,Bière blonde Pale Ale  33 cl / 24 la Suisse Normande,PRIX_EQUIVALENT,0.0,1.96,1.96,OUI,OUI,OUI,NON,0,même sous-catégorie + même régime alcool + écart de prix ≤ 40 %
PROD-0384,Bière rousse Conté fleurette 75 cl / 9,PROD-0374,Bière blonde 75 cl / 9 Au prés de ma blonde,PRIX_EQUIVALENT,0.0,3.64,3.64,OUI,OUI,OUI,OUI,0,même sous-catégorie + même régime alcool + écart de prix ≤ 40 %
PROD-0384,Bière rousse Conté fleurette 75 cl / 9,PROD-0376,Bière ambrée 75 cl / 9 Ambrée du hameau,PRIX_EQUIVALENT,0.0,3.64,3.64,OUI,OUI,OUI,OUI,0,même sous-catégorie + même régime alcool + écart de prix ≤ 40 %
PROD-0384,Bière rousse Conté fleurette 75 cl / 9,PROD-0378,Bière blanche 75 cl / 9 La Caennette,PRIX_EQUIVALENT,0.0,3.64,3.64,OUI,OUI,OUI,OUI,0,même sous-catégorie + même régime alcool + écart de prix ≤ 40 %
PROD-0384,Bière rousse Conté fleurette 75 cl / 9,PROD-0380,Bière brune 75 cl / 9 Quai des brunes,PRIX_EQUIVALENT,0.0,3.64,3.64,OUI,OUI,OUI,OUI,0,même sous-catégorie + même régime alcool + écart de prix ≤ 40 %
PROD-0384,Bière rousse Conté fleurette 75 cl / 9,PROD-0386,Bière blonde Pale Ale  75 cl / 9 la Suisse Normande,PRIX_EQUIVALENT,0.0,3.64,3.64,OUI,OUI,OUI,NON,0,même sous-catégorie + même régime alcool + écart de prix ≤ 40 %
PROD-0385,Bière blonde Pale Ale  33 cl / 24 la Suisse Normande,PROD-0373,Bière blonde 33 cl / 24 Au prés de ma blonde,PRIX_EQUIVALENT,0.0,1.96,1.96,OUI,OUI,OUI,NON,0,même sous-catégorie + même régime alcool + écart de prix ≤ 40 %
PROD-0385,Bière blonde Pale Ale  33 cl / 24 la Suisse Normande,PROD-0375,Bière ambrée 33 cl / 24 Ambrée du hameau,PRIX_EQUIVALENT,0.0,1.96,1.96,OUI,OUI,OUI,NON,0,même sous-catégorie + même régime alcool + écart de prix ≤ 40 %
PROD-0385,Bière blonde Pale Ale  33 cl / 24 la Suisse Normande,PROD-0377,Bière blanche 33 cl / 24 La Caennette,PRIX_EQUIVALENT,0.0,1.96,1.96,OUI,OUI,OUI,NON,0,même sous-catégorie + même régime alcool + écart de prix ≤ 40 %
PROD-0385,Bière blonde Pale Ale  33 cl / 24 la Suisse Normande,PROD-0379,Bière brune 33 cl / 24 Quai des brune,PRIX_EQUIVALENT,0.0,1.96,1.96,OUI,OUI,OUI,NON,0,même sous-catégorie + même régime alcool + écart de prix ≤ 40 %
PROD-0385,Bière blonde Pale Ale  33 cl / 24 la Suisse Normande,PROD-0383,Bière rousse Conté fleurette 33 cl / 24,PRIX_EQUIVALENT,0.0,1.96,1.96,OUI,OUI,OUI,NON,0,même sous-catégorie + même régime alcool + écart de prix ≤ 40 %
PROD-0386,Bière blonde Pale Ale  75 cl / 9 la Suisse Normande,PROD-0374,Bière blonde 75 cl / 9 Au prés de ma blonde,PRIX_EQUIVALENT,0.0,3.64,3.64,OUI,OUI,OUI,NON,0,même sous-catégorie + même régime alcool + écart de prix ≤ 40 %
PROD-0386,Bière blonde Pale Ale  75 cl / 9 la Suisse Normande,PROD-0376,Bière ambrée 75 cl / 9 Ambrée du hameau,PRIX_EQUIVALENT,0.0,3.64,3.64,OUI,OUI,OUI,NON,0,même sous-catégorie + même régime alcool + écart de prix ≤ 40 %
PROD-0386,Bière blonde Pale Ale  75 cl / 9 la Suisse Normande,PROD-0378,Bière blanche 75 cl / 9 La Caennette,PRIX_EQUIVALENT,0.0,3.64,3.64,OUI,OUI,OUI,NON,0,même sous-catégorie + même régime alcool + écart de prix ≤ 40 %
PROD-0386,Bière blonde Pale Ale  75 cl / 9 la Suisse Normande,PROD-0380,Bière brune 75 cl / 9 Quai des brunes,PRIX_EQUIVALENT,0.0,3.64,3.64,OUI,OUI,OUI,NON,0,même sous-catégorie + même régime alcool + écart de prix ≤ 40 %
PROD-0386,Bière blonde Pale Ale  75 cl / 9 la Suisse Normande,PROD-0384,Bière rousse Conté fleurette 75 cl / 9,PRIX_EQUIVALENT,0.0,3.64,3.64,OUI,OUI,OUI,NON,0,même sous-catégorie + même régime alcool + écart de prix ≤ 40 %
PROD-0387,Bière de Noel 33 cl / 24 ça sent le sapin,PROD-0373,Bière blonde 33 cl / 24 Au prés de ma blonde,PRIX_EQUIVALENT,0.0,1.96,1.96,OUI,OUI,OUI,OUI,0,même sous-catégorie + même régime alcool + écart de prix ≤ 40 %
PROD-0387,Bière de Noel 33 cl / 24 ça sent le sapin,PROD-0375,Bière ambrée 33 cl / 24 Ambrée du hameau,PRIX_EQUIVALENT,0.0,1.96,1.96,OUI,OUI,OUI,OUI,0,même sous-catégorie + même régime alcool + écart de prix ≤ 40 %
PROD-0387,Bière de Noel 33 cl / 24 ça sent le sapin,PROD-0377,Bière blanche 33 cl / 24 La Caennette,PRIX_EQUIVALENT,0.0,1.96,1.96,OUI,OUI,OUI,OUI,0,même sous-catégorie + même régime alcool + écart de prix ≤ 40 %
PROD-0387,Bière de Noel 33 cl / 24 ça sent le sapin,PROD-0379,Bière brune 33 cl / 24 Quai des brune,PRIX_EQUIVALENT,0.0,1.96,1.96,OUI,OUI,OUI,OUI,0,même sous-catégorie + même régime alcool + écart de prix ≤ 40 %
PROD-0387,Bière de Noel 33 cl / 24 ça sent le sapin,PROD-0383,Bière rousse Conté fleurette 33 cl / 24,PRIX_EQUIVALENT,0.0,1.96,1.96,OUI,OUI,OUI,OUI,0,même sous-catégorie + même régime alcool + écart de prix ≤ 40 %
PROD-0388,Bière de Noel 75 cl / 9 ça sent le sapin,PROD-0374,Bière blonde 75 cl / 9 Au prés de ma blonde,PRIX_EQUIVALENT,0.0,3.64,3.64,OUI,OUI,OUI,OUI,0,même sous-catégorie + même régime alcool + écart de prix ≤ 40 %
PROD-0388,Bière de Noel 75 cl / 9 ça sent le sapin,PROD-0376,Bière ambrée 75 cl / 9 Ambrée du hameau,PRIX_EQUIVALENT,0.0,3.64,3.64,OUI,OUI,OUI,OUI,0,même sous-catégorie + même régime alcool + écart de prix ≤ 40 %
PROD-0388,Bière de Noel 75 cl / 9 ça sent le sapin,PROD-0378,Bière blanche 75 cl / 9 La Caennette,PRIX_EQUIVALENT,0.0,3.64,3.64,OUI,OUI,OUI,OUI,0,même sous-catégorie + même régime alcool + écart de prix ≤ 40 %
PROD-0388,Bière de Noel 75 cl / 9 ça sent le sapin,PROD-0380,Bière brune 75 cl / 9 Quai des brunes,PRIX_EQUIVALENT,0.0,3.64,3.64,OUI,OUI,OUI,OUI,0,même sous-catégorie + même régime alcool + écart de prix ≤ 40 %
PROD-0388,Bière de Noel 75 cl / 9 ça sent le sapin,PROD-0384,Bière rousse Conté fleurette 75 cl / 9,PRIX_EQUIVALENT,0.0,3.64,3.64,OUI,OUI,OUI,OUI,0,même sous-catégorie + même régime alcool + écart de prix ≤ 40 %
PROD-0389,Bière édition limité du moment 33 cl / 24,PROD-0373,Bière blonde 33 cl / 24 Au prés de ma blonde,PRIX_EQUIVALENT,0.0,1.96,1.96,OUI,OUI,OUI,OUI,0,même sous-catégorie + même régime alcool + écart de prix ≤ 40 %
PROD-0389,Bière édition limité du moment 33 cl / 24,PROD-0375,Bière ambrée 33 cl / 24 Ambrée du hameau,PRIX_EQUIVALENT,0.0,1.96,1.96,OUI,OUI,OUI,OUI,0,même sous-catégorie + même régime alcool + écart de prix ≤ 40 %
PROD-0389,Bière édition limité du moment 33 cl / 24,PROD-0377,Bière blanche 33 cl / 24 La Caennette,PRIX_EQUIVALENT,0.0,1.96,1.96,OUI,OUI,OUI,OUI,0,même sous-catégorie + même régime alcool + écart de prix ≤ 40 %
PROD-0389,Bière édition limité du moment 33 cl / 24,PROD-0379,Bière brune 33 cl / 24 Quai des brune,PRIX_EQUIVALENT,0.0,1.96,1.96,OUI,OUI,OUI,OUI,0,même sous-catégorie + même régime alcool + écart de prix ≤ 40 %
PROD-0389,Bière édition limité du moment 33 cl / 24,PROD-0383,Bière rousse Conté fleurette 33 cl / 24,PRIX_EQUIVALENT,0.0,1.96,1.96,OUI,OUI,OUI,OUI,0,même sous-catégorie + même régime alcool + écart de prix ≤ 40 %
PROD-0390,Bière édition limité du moment 75 cl / 9,PROD-0374,Bière blonde 75 cl / 9 Au prés de ma blonde,PRIX_EQUIVALENT,0.0,3.64,3.64,OUI,OUI,OUI,OUI,0,même sous-catégorie + même régime alcool + écart de prix ≤ 40 %
PROD-0390,Bière édition limité du moment 75 cl / 9,PROD-0376,Bière ambrée 75 cl / 9 Ambrée du hameau,PRIX_EQUIVALENT,0.0,3.64,3.64,OUI,OUI,OUI,OUI,0,même sous-catégorie + même régime alcool + écart de prix ≤ 40 %
PROD-0390,Bière édition limité du moment 75 cl / 9,PROD-0378,Bière blanche 75 cl / 9 La Caennette,PRIX_EQUIVALENT,0.0,3.64,3.64,OUI,OUI,OUI,OUI,0,même sous-catégorie + même régime alcool + écart de prix ≤ 40 %
PROD-0390,Bière édition limité du moment 75 cl / 9,PROD-0380,Bière brune 75 cl / 9 Quai des brunes,PRIX_EQUIVALENT,0.0,3.64,3.64,OUI,OUI,OUI,OUI,0,même sous-catégorie + même régime alcool + écart de prix ≤ 40 %
PROD-0390,Bière édition limité du moment 75 cl / 9,PROD-0384,Bière rousse Conté fleurette 75 cl / 9,PRIX_EQUIVALENT,0.0,3.64,3.64,OUI,OUI,OUI,OUI,0,même sous-catégorie + même régime alcool + écart de prix ≤ 40 %
PROD-0396,Pinte 50 cl Brasserie Lalie,PROD-0397,Verre à bière Brasserie Lalie 25 cl,PRIX_INFERIEUR,-11.8,2.38,2.1,OUI,OUI,OUI,OUI,0,même sous-catégorie + même régime alcool + écart de prix ≤ 40 %
PROD-0397,Verre à bière Brasserie Lalie 25 cl,PROD-0396,Pinte 50 cl Brasserie Lalie,PRIX_SUPERIEUR,13.3,2.1,2.38,OUI,OUI,OUI,OUI,0,même sous-catégorie + même régime alcool + écart de prix ≤ 40 %
PROD-0398,CONNIVENCE BLANC 75 cl  14° en coffret de 6,PROD-0702,Les Trois Flèches 75 cl btlle,PRIX_INFERIEUR,-18.2,15.9,13.0,OUI,OUI,NON,NON,0,même sous-catégorie + même régime alcool + écart de prix ≤ 40 %
PROD-0398,CONNIVENCE BLANC 75 cl  14° en coffret de 6,PROD-0700,Le Blanc Marin 75 cl btlle,PRIX_INFERIEUR,-31.4,15.9,10.9,OUI,OUI,NON,NON,0,même sous-catégorie + même régime alcool + écart de prix ≤ 40 %
PROD-0398,CONNIVENCE BLANC 75 cl  14° en coffret de 6,PROD-0703,Les Hougues 75cl btlle,PRIX_INFERIEUR,-31.4,15.9,10.9,OUI,OUI,NON,NON,0,même sous-catégorie + même régime alcool + écart de prix ≤ 40 %
PROD-0399,PINOT NOIR 50 CL rouge 12 ° en coffret de 6,PROD-0402,PINOT Gris 50 CL en coffret de 6,PRIX_EQUIVALENT,0.0,8.8,8.8,OUI,OUI,OUI,OUI,0,même sous-catégorie + même régime alcool + écart de prix ≤ 40 %
PROD-0399,PINOT NOIR 50 CL rouge 12 ° en coffret de 6,PROD-0701,Le Rosé Marin 75cl btlle,PRIX_SUPERIEUR,8.0,8.8,9.5,OUI,OUI,NON,NON,0,même sous-catégorie + même régime alcool + écart de prix ≤ 40 %
PROD-0399,PINOT NOIR 50 CL rouge 12 ° en coffret de 6,PROD-0401,AUXERROIS 50 CL blanc 12 °  en coffret de 6,PRIX_INFERIEUR,-23.3,8.8,6.75,OUI,OUI,OUI,OUI,0,même sous-catégorie + même régime alcool + écart de prix ≤ 40 %
PROD-0399,PINOT NOIR 50 CL rouge 12 ° en coffret de 6,PROD-0700,Le Blanc Marin 75 cl btlle,PRIX_SUPERIEUR,23.9,8.8,10.9,OUI,OUI,NON,NON,1,même sous-catégorie + même régime alcool + écart de prix ≤ 40 %
PROD-0399,PINOT NOIR 50 CL rouge 12 ° en coffret de 6,PROD-0703,Les Hougues 75cl btlle,PRIX_SUPERIEUR,23.9,8.8,10.9,OUI,OUI,NON,NON,1,même sous-catégorie + même régime alcool + écart de prix ≤ 40 %
PROD-0400,PINOT NOIR magnum 150 CL rouge 12 ° en coffret de 3,PROD-0403,AUXERROIS magnum 150 CL blanc 12 °  en coffret de 3,PRIX_EQUIVALENT,0.0,28.75,28.75,OUI,OUI,OUI,OUI,0,même sous-catégorie + même régime alcool + écart de prix ≤ 40 %
PROD-0401,AUXERROIS 50 CL blanc 12 °  en coffret de 6,PROD-0399,PINOT NOIR 50 CL rouge 12 ° en coffret de 6,PRIX_SUPERIEUR,30.4,6.75,8.8,OUI,OUI,OUI,OUI,0,même sous-catégorie + même régime alcool + écart de prix ≤ 40 %
PROD-0401,AUXERROIS 50 CL blanc 12 °  en coffret de 6,PROD-0402,PINOT Gris 50 CL en coffret de 6,PRIX_SUPERIEUR,30.4,6.75,8.8,OUI,OUI,OUI,OUI,0,même sous-catégorie + même régime alcool + écart de prix ≤ 40 %
PROD-0402,PINOT Gris 50 CL en coffret de 6,PROD-0399,PINOT NOIR 50 CL rouge 12 ° en coffret de 6,PRIX_EQUIVALENT,0.0,8.8,8.8,OUI,OUI,OUI,OUI,0,même sous-catégorie + même régime alcool + écart de prix ≤ 40 %
PROD-0402,PINOT Gris 50 CL en coffret de 6,PROD-0701,Le Rosé Marin 75cl btlle,PRIX_SUPERIEUR,8.0,8.8,9.5,OUI,OUI,NON,NON,0,même sous-catégorie + même régime alcool + écart de prix ≤ 40 %
PROD-0402,PINOT Gris 50 CL en coffret de 6,PROD-0401,AUXERROIS 50 CL blanc 12 °  en coffret de 6,PRIX_INFERIEUR,-23.3,8.8,6.75,OUI,OUI,OUI,OUI,0,même sous-catégorie + même régime alcool + écart de prix ≤ 40 %
PROD-0402,PINOT Gris 50 CL en coffret de 6,PROD-0700,Le Blanc Marin 75 cl btlle,PRIX_SUPERIEUR,23.9,8.8,10.9,OUI,OUI,NON,NON,1,même sous-catégorie + même régime alcool + écart de prix ≤ 40 %
PROD-0402,PINOT Gris 50 CL en coffret de 6,PROD-0703,Les Hougues 75cl btlle,PRIX_SUPERIEUR,23.9,8.8,10.9,OUI,OUI,NON,NON,1,même sous-catégorie + même régime alcool + écart de prix ≤ 40 %
PROD-0403,AUXERROIS magnum 150 CL blanc 12 °  en coffret de 3,PROD-0400,PINOT NOIR magnum 150 CL rouge 12 ° en coffret de 3,PRIX_EQUIVALENT,0.0,28.75,28.75,OUI,OUI,OUI,OUI,0,même sous-catégorie + même régime alcool + écart de prix ≤ 40 %
PROD-0404,Gin 40° 70 cl   Echantillon gratuit pour 6 sur demande,PROD-0406,Gin 40° 70 cl   Concombre-basilic-pomme Echantillon gratuit sur demande,PRIX_EQUIVALENT,0.0,23.25,23.25,OUI,OUI,OUI,OUI,0,même sous-catégorie + même régime alcool + écart de prix ≤ 40 %
PROD-0404,Gin 40° 70 cl   Echantillon gratuit pour 6 sur demande,PROD-0414,"Rhum botanique ""Jardin à l'Anglaise"" 70 cl 40° Nouveau design",PRIX_SUPERIEUR,6.9,23.25,24.85,OUI,OUI,OUI,OUI,0,même sous-catégorie + même régime alcool + écart de prix ≤ 40 %
PROD-0404,Gin 40° 70 cl   Echantillon gratuit pour 6 sur demande,PROD-0415,"Rhum botanique ""Le chaleureux"" 70 cl 40° Nouveau design",PRIX_SUPERIEUR,6.9,23.25,24.85,OUI,OUI,OUI,OUI,0,même sous-catégorie + même régime alcool + écart de prix ≤ 40 %
PROD-0404,Gin 40° 70 cl   Echantillon gratuit pour 6 sur demande,PROD-0409,Vodka 40° 70 cl  Echantillon gratuit pour 6 sur demande,PRIX_INFERIEUR,-11.0,23.25,20.7,OUI,OUI,OUI,OUI,0,même sous-catégorie + même régime alcool + écart de prix ≤ 40 %
PROD-0404,Gin 40° 70 cl   Echantillon gratuit pour 6 sur demande,PROD-0492,"Vodka Arrangée Mangue Abricot 70cl 16,2%",PRIX_INFERIEUR,-18.7,23.25,18.9,OUI,OUI,NON,OUI,0,même sous-catégorie + même régime alcool + écart de prix ≤ 40 %
PROD-0405,Gin 40 ° 20 cl,PROD-0410,Vodka Normande 40° 20 cl,PRIX_EQUIVALENT,0.0,9.4,9.4,OUI,OUI,OUI,NON,0,même sous-catégorie + même régime alcool + écart de prix ≤ 40 %
PROD-0406,Gin 40° 70 cl   Concombre-basilic-pomme Echantillon gratuit sur demande,PROD-0404,Gin 40° 70 cl   Echantillon gratuit pour 6 sur demande,PRIX_EQUIVALENT,0.0,23.25,23.25,OUI,OUI,OUI,OUI,0,même sous-catégorie + même régime alcool + écart de prix ≤ 40 %
PROD-0406,Gin 40° 70 cl   Concombre-basilic-pomme Echantillon gratuit sur demande,PROD-0414,"Rhum botanique ""Jardin à l'Anglaise"" 70 cl 40° Nouveau design",PRIX_SUPERIEUR,6.9,23.25,24.85,OUI,OUI,OUI,OUI,0,même sous-catégorie + même régime alcool + écart de prix ≤ 40 %
PROD-0406,Gin 40° 70 cl   Concombre-basilic-pomme Echantillon gratuit sur demande,PROD-0415,"Rhum botanique ""Le chaleureux"" 70 cl 40° Nouveau design",PRIX_SUPERIEUR,6.9,23.25,24.85,OUI,OUI,OUI,OUI,0,même sous-catégorie + même régime alcool + écart de prix ≤ 40 %
PROD-0406,Gin 40° 70 cl   Concombre-basilic-pomme Echantillon gratuit sur demande,PROD-0409,Vodka 40° 70 cl  Echantillon gratuit pour 6 sur demande,PRIX_INFERIEUR,-11.0,23.25,20.7,OUI,OUI,OUI,OUI,0,même sous-catégorie + même régime alcool + écart de prix ≤ 40 %
PROD-0406,Gin 40° 70 cl   Concombre-basilic-pomme Echantillon gratuit sur demande,PROD-0492,"Vodka Arrangée Mangue Abricot 70cl 16,2%",PRIX_INFERIEUR,-18.7,23.25,18.9,OUI,OUI,NON,OUI,0,même sous-catégorie + même régime alcool + écart de prix ≤ 40 %
PROD-0407,Gin fusion  21 ° Rhubarbe Menthe 50 cl,PROD-0408,Gin fusion 21° Framboise Hibiscus 50 cl,PRIX_EQUIVALENT,0.0,13.8,13.8,OUI,OUI,OUI,OUI,0,même sous-catégorie + même régime alcool + écart de prix ≤ 40 %
PROD-0407,Gin fusion  21 ° Rhubarbe Menthe 50 cl,PROD-0405,Gin 40 ° 20 cl,PRIX_INFERIEUR,-31.9,13.8,9.4,OUI,OUI,OUI,OUI,-1,même sous-catégorie + même régime alcool + écart de prix ≤ 40 %
PROD-0407,Gin fusion  21 ° Rhubarbe Menthe 50 cl,PROD-0410,Vodka Normande 40° 20 cl,PRIX_INFERIEUR,-31.9,13.8,9.4,OUI,OUI,OUI,NON,-1,même sous-catégorie + même régime alcool + écart de prix ≤ 40 %
PROD-0407,Gin fusion  21 ° Rhubarbe Menthe 50 cl,PROD-0492,"Vodka Arrangée Mangue Abricot 70cl 16,2%",PRIX_SUPERIEUR,37.0,13.8,18.9,OUI,OUI,NON,OUI,0,même sous-catégorie + même régime alcool + écart de prix ≤ 40 %
PROD-0407,Gin fusion  21 ° Rhubarbe Menthe 50 cl,PROD-0493,"Vodka Arrangée Romarin Pamplemousse 70cl 16,2%",PRIX_SUPERIEUR,37.0,13.8,18.9,OUI,OUI,NON,OUI,0,même sous-catégorie + même régime alcool + écart de prix ≤ 40 %
PROD-0408,Gin fusion 21° Framboise Hibiscus 50 cl,PROD-0407,Gin fusion  21 ° Rhubarbe Menthe 50 cl,PRIX_EQUIVALENT,0.0,13.8,13.8,OUI,OUI,OUI,OUI,0,même sous-catégorie + même régime alcool + écart de prix ≤ 40 %
PROD-0408,Gin fusion 21° Framboise Hibiscus 50 cl,PROD-0405,Gin 40 ° 20 cl,PRIX_INFERIEUR,-31.9,13.8,9.4,OUI,OUI,OUI,OUI,-1,même sous-catégorie + même régime alcool + écart de prix ≤ 40 %
PROD-0408,Gin fusion 21° Framboise Hibiscus 50 cl,PROD-0410,Vodka Normande 40° 20 cl,PRIX_INFERIEUR,-31.9,13.8,9.4,OUI,OUI,OUI,NON,-1,même sous-catégorie + même régime alcool + écart de prix ≤ 40 %
PROD-0408,Gin fusion 21° Framboise Hibiscus 50 cl,PROD-0492,"Vodka Arrangée Mangue Abricot 70cl 16,2%",PRIX_SUPERIEUR,37.0,13.8,18.9,OUI,OUI,NON,OUI,0,même sous-catégorie + même régime alcool + écart de prix ≤ 40 %
PROD-0408,Gin fusion 21° Framboise Hibiscus 50 cl,PROD-0493,"Vodka Arrangée Romarin Pamplemousse 70cl 16,2%",PRIX_SUPERIEUR,37.0,13.8,18.9,OUI,OUI,NON,OUI,0,même sous-catégorie + même régime alcool + écart de prix ≤ 40 %
PROD-0409,Vodka 40° 70 cl  Echantillon gratuit pour 6 sur demande,PROD-0492,"Vodka Arrangée Mangue Abricot 70cl 16,2%",PRIX_INFERIEUR,-8.7,20.7,18.9,OUI,OUI,NON,OUI,0,même sous-catégorie + même régime alcool + écart de prix ≤ 40 %
PROD-0409,Vodka 40° 70 cl  Echantillon gratuit pour 6 sur demande,PROD-0493,"Vodka Arrangée Romarin Pamplemousse 70cl 16,2%",PRIX_INFERIEUR,-8.7,20.7,18.9,OUI,OUI,NON,OUI,0,même sous-catégorie + même régime alcool + écart de prix ≤ 40 %
PROD-0409,Vodka 40° 70 cl  Echantillon gratuit pour 6 sur demande,PROD-0494,"Vodka Arrangée Rhubarbe Sichuan 70cl 16,2%",PRIX_INFERIEUR,-8.7,20.7,18.9,OUI,OUI,NON,OUI,0,même sous-catégorie + même régime alcool + écart de prix ≤ 40 %
PROD-0409,Vodka 40° 70 cl  Echantillon gratuit pour 6 sur demande,PROD-0495,"Vodka Arrangée Banane Vanille 70cl 16,2%",PRIX_INFERIEUR,-8.7,20.7,18.9,OUI,OUI,NON,OUI,0,même sous-catégorie + même régime alcool + écart de prix ≤ 40 %
PROD-0409,Vodka 40° 70 cl  Echantillon gratuit pour 6 sur demande,PROD-0404,Gin 40° 70 cl   Echantillon gratuit pour 6 sur demande,PRIX_SUPERIEUR,12.3,20.7,23.25,OUI,OUI,OUI,OUI,0,même sous-catégorie + même régime alcool + écart de prix ≤ 40 %
PROD-0410,Vodka Normande 40° 20 cl,PROD-0405,Gin 40 ° 20 cl,PRIX_EQUIVALENT,0.0,9.4,9.4,OUI,OUI,OUI,NON,0,même sous-catégorie + même régime alcool + écart de prix ≤ 40 %
PROD-0411,Liqueur de café Cold brew 25° 70 cl Echantillon gratuit pour 6 sur demande,PROD-0418,PASTIS du verger Echantillon gratuit pour 6 sur demande,PRIX_EQUIVALENT,-1.0,19.5,19.3,OUI,OUI,OUI,OUI,0,même sous-catégorie + même régime alcool + écart de prix ≤ 40 %
PROD-0411,Liqueur de café Cold brew 25° 70 cl Echantillon gratuit pour 6 sur demande,PROD-0364,"Liqueur 44 ""le chiffre Claids"" 35 cl 32°",PRIX_INFERIEUR,-16.9,19.5,16.2,OUI,OUI,NON,OUI,0,même sous-catégorie + même régime alcool + écart de prix ≤ 40 %
PROD-0411,Liqueur de café Cold brew 25° 70 cl Echantillon gratuit pour 6 sur demande,PROD-0372,Liqueur 44 35 cl 40°,PRIX_INFERIEUR,-21.0,19.5,15.4,OUI,OUI,NON,OUI,0,même sous-catégorie + même régime alcool + écart de prix ≤ 40 %
PROD-0411,Liqueur de café Cold brew 25° 70 cl Echantillon gratuit pour 6 sur demande,PROD-0413,Limoncello 50 cl Liqueur de citron Echantillon gratuit pour 6 sur demande,PRIX_INFERIEUR,-25.1,19.5,14.6,OUI,OUI,OUI,OUI,0,même sous-catégorie + même régime alcool + écart de prix ≤ 40 %
PROD-0411,Liqueur de café Cold brew 25° 70 cl Echantillon gratuit pour 6 sur demande,PROD-0365,"Liqueur 44 ""le chiffre Claids"" 70 cl 32°",PRIX_SUPERIEUR,30.8,19.5,25.5,OUI,OUI,NON,OUI,1,même sous-catégorie + même régime alcool + écart de prix ≤ 40 %
PROD-0412,Liqueur de café Cold brew 25° 20 cl,PROD-0371,Crème de Calvados 35 cl,PRIX_SUPERIEUR,7.1,8.5,9.1,OUI,OUI,NON,OUI,1,même sous-catégorie + même régime alcool + écart de prix ≤ 40 %
PROD-0413,Limoncello 50 cl Liqueur de citron Echantillon gratuit pour 6 sur demande,PROD-0372,Liqueur 44 35 cl 40°,PRIX_SUPERIEUR,5.5,14.6,15.4,OUI,OUI,NON,OUI,0,même sous-catégorie + même régime alcool + écart de prix ≤ 40 %
PROD-0413,Limoncello 50 cl Liqueur de citron Echantillon gratuit pour 6 sur demande,PROD-0370,Crème de Calvados 70 cl,PRIX_INFERIEUR,-7.5,14.6,13.5,OUI,OUI,NON,OUI,1,même sous-catégorie + même régime alcool + écart de prix ≤ 40 %
PROD-0413,Limoncello 50 cl Liqueur de citron Echantillon gratuit pour 6 sur demande,PROD-0364,"Liqueur 44 ""le chiffre Claids"" 35 cl 32°",PRIX_SUPERIEUR,11.0,14.6,16.2,OUI,OUI,NON,OUI,0,même sous-catégorie + même régime alcool + écart de prix ≤ 40 %
PROD-0413,Limoncello 50 cl Liqueur de citron Echantillon gratuit pour 6 sur demande,PROD-0418,PASTIS du verger Echantillon gratuit pour 6 sur demande,PRIX_SUPERIEUR,32.2,14.6,19.3,OUI,OUI,OUI,OUI,0,même sous-catégorie + même régime alcool + écart de prix ≤ 40 %
PROD-0413,Limoncello 50 cl Liqueur de citron Echantillon gratuit pour 6 sur demande,PROD-0411,Liqueur de café Cold brew 25° 70 cl Echantillon gratuit pour 6 sur demande,PRIX_SUPERIEUR,33.6,14.6,19.5,OUI,OUI,OUI,OUI,0,même sous-catégorie + même régime alcool + écart de prix ≤ 40 %
PROD-0414,"Rhum botanique ""Jardin à l'Anglaise"" 70 cl 40° Nouveau design",PROD-0415,"Rhum botanique ""Le chaleureux"" 70 cl 40° Nouveau design",PRIX_EQUIVALENT,0.0,24.85,24.85,OUI,OUI,OUI,OUI,0,même sous-catégorie + même régime alcool + écart de prix ≤ 40 %
PROD-0414,"Rhum botanique ""Jardin à l'Anglaise"" 70 cl 40° Nouveau design",PROD-0404,Gin 40° 70 cl   Echantillon gratuit pour 6 sur demande,PRIX_INFERIEUR,-6.4,24.85,23.25,OUI,OUI,OUI,OUI,0,même sous-catégorie + même régime alcool + écart de prix ≤ 40 %
PROD-0414,"Rhum botanique ""Jardin à l'Anglaise"" 70 cl 40° Nouveau design",PROD-0406,Gin 40° 70 cl   Concombre-basilic-pomme Echantillon gratuit sur demande,PRIX_INFERIEUR,-6.4,24.85,23.25,OUI,OUI,OUI,OUI,0,même sous-catégorie + même régime alcool + écart de prix ≤ 40 %
PROD-0414,"Rhum botanique ""Jardin à l'Anglaise"" 70 cl 40° Nouveau design",PROD-0409,Vodka 40° 70 cl  Echantillon gratuit pour 6 sur demande,PRIX_INFERIEUR,-16.7,24.85,20.7,OUI,OUI,OUI,OUI,0,même sous-catégorie + même régime alcool + écart de prix ≤ 40 %
PROD-0414,"Rhum botanique ""Jardin à l'Anglaise"" 70 cl 40° Nouveau design",PROD-0492,"Vodka Arrangée Mangue Abricot 70cl 16,2%",PRIX_INFERIEUR,-23.9,24.85,18.9,OUI,OUI,NON,OUI,0,même sous-catégorie + même régime alcool + écart de prix ≤ 40 %
PROD-0415,"Rhum botanique ""Le chaleureux"" 70 cl 40° Nouveau design",PROD-0414,"Rhum botanique ""Jardin à l'Anglaise"" 70 cl 40° Nouveau design",PRIX_EQUIVALENT,0.0,24.85,24.85,OUI,OUI,OUI,OUI,0,même sous-catégorie + même régime alcool + écart de prix ≤ 40 %
PROD-0415,"Rhum botanique ""Le chaleureux"" 70 cl 40° Nouveau design",PROD-0404,Gin 40° 70 cl   Echantillon gratuit pour 6 sur demande,PRIX_INFERIEUR,-6.4,24.85,23.25,OUI,OUI,OUI,OUI,0,même sous-catégorie + même régime alcool + écart de prix ≤ 40 %
PROD-0415,"Rhum botanique ""Le chaleureux"" 70 cl 40° Nouveau design",PROD-0406,Gin 40° 70 cl   Concombre-basilic-pomme Echantillon gratuit sur demande,PRIX_INFERIEUR,-6.4,24.85,23.25,OUI,OUI,OUI,OUI,0,même sous-catégorie + même régime alcool + écart de prix ≤ 40 %
PROD-0415,"Rhum botanique ""Le chaleureux"" 70 cl 40° Nouveau design",PROD-0409,Vodka 40° 70 cl  Echantillon gratuit pour 6 sur demande,PRIX_INFERIEUR,-16.7,24.85,20.7,OUI,OUI,OUI,OUI,0,même sous-catégorie + même régime alcool + écart de prix ≤ 40 %
PROD-0415,"Rhum botanique ""Le chaleureux"" 70 cl 40° Nouveau design",PROD-0492,"Vodka Arrangée Mangue Abricot 70cl 16,2%",PRIX_INFERIEUR,-23.9,24.85,18.9,OUI,OUI,NON,OUI,0,même sous-catégorie + même régime alcool + écart de prix ≤ 40 %
PROD-0416,"Les singuliers ""Cask finish"" 50 cl",PROD-0357,Calvados 5 ans 35cl,PRIX_INFERIEUR,-4.7,19.0,18.1,OUI,OUI,NON,NON,1,même sous-catégorie + même régime alcool + écart de prix ≤ 40 %
PROD-0416,"Les singuliers ""Cask finish"" 50 cl",PROD-0356,Fine de Claids 35 cl 40°,PRIX_INFERIEUR,-5.3,19.0,18.0,OUI,OUI,NON,OUI,0,même sous-catégorie + même régime alcool + écart de prix ≤ 40 %
PROD-0416,"Les singuliers ""Cask finish"" 50 cl",PROD-0335,Calvados AOC-VSOP vielle réserve 4 ans 35 cl,PRIX_INFERIEUR,-6.2,19.0,17.82,OUI,OUI,NON,NON,1,même sous-catégorie + même régime alcool + écart de prix ≤ 40 %
PROD-0416,"Les singuliers ""Cask finish"" 50 cl",PROD-0697,CALVADOS - FINE,PRIX_SUPERIEUR,7.4,19.0,20.4,OUI,OUI,NON,NON,1,même sous-catégorie + même régime alcool + écart de prix ≤ 40 %
PROD-0416,"Les singuliers ""Cask finish"" 50 cl",PROD-0296,Calvados Arrangé Pomme Vanille 70 cl,PRIX_SUPERIEUR,10.0,19.0,20.9,OUI,OUI,NON,OUI,1,même sous-catégorie + même régime alcool + écart de prix ≤ 40 %
PROD-0418,PASTIS du verger Echantillon gratuit pour 6 sur demande,PROD-0411,Liqueur de café Cold brew 25° 70 cl Echantillon gratuit pour 6 sur demande,PRIX_EQUIVALENT,1.0,19.3,19.5,OUI,OUI,OUI,OUI,0,même sous-catégorie + même régime alcool + écart de prix ≤ 40 %
PROD-0418,PASTIS du verger Echantillon gratuit pour 6 sur demande,PROD-0364,"Liqueur 44 ""le chiffre Claids"" 35 cl 32°",PRIX_INFERIEUR,-16.1,19.3,16.2,OUI,OUI,NON,OUI,0,même sous-catégorie + même régime alcool + écart de prix ≤ 40 %
PROD-0418,PASTIS du verger Echantillon gratuit pour 6 sur demande,PROD-0372,Liqueur 44 35 cl 40°,PRIX_INFERIEUR,-20.2,19.3,15.4,OUI,OUI,NON,OUI,0,même sous-catégorie + même régime alcool + écart de prix ≤ 40 %
PROD-0418,PASTIS du verger Echantillon gratuit pour 6 sur demande,PROD-0413,Limoncello 50 cl Liqueur de citron Echantillon gratuit pour 6 sur demande,PRIX_INFERIEUR,-24.4,19.3,14.6,OUI,OUI,OUI,OUI,0,même sous-catégorie + même régime alcool + écart de prix ≤ 40 %
PROD-0418,PASTIS du verger Echantillon gratuit pour 6 sur demande,PROD-0370,Crème de Calvados 70 cl,PRIX_INFERIEUR,-30.1,19.3,13.5,OUI,OUI,NON,OUI,1,même sous-catégorie + même régime alcool + écart de prix ≤ 40 %
PROD-0419,Savon Bebe hypoallergenique beurre karité,PROD-0421,Savon 100 grs lait,PRIX_INFERIEUR,-17.1,3.5,2.9,OUI,OUI,OUI,OUI,0,même sous-catégorie + même régime alcool + écart de prix ≤ 40 %
PROD-0419,Savon Bebe hypoallergenique beurre karité,PROD-0422,Savon 100 grs amande douce,PRIX_INFERIEUR,-17.1,3.5,2.9,OUI,OUI,OUI,OUI,0,même sous-catégorie + même régime alcool + écart de prix ≤ 40 %
PROD-0419,Savon Bebe hypoallergenique beurre karité,PROD-0423,Savon 100 grs chèvrefeuille,PRIX_INFERIEUR,-17.1,3.5,2.9,OUI,OUI,OUI,OUI,0,même sous-catégorie + même régime alcool + écart de prix ≤ 40 %
PROD-0419,Savon Bebe hypoallergenique beurre karité,PROD-0424,Savon 100 grs miel,PRIX_INFERIEUR,-17.1,3.5,2.9,OUI,OUI,OUI,OUI,0,même sous-catégorie + même régime alcool + écart de prix ≤ 40 %
PROD-0419,Savon Bebe hypoallergenique beurre karité,PROD-0425,Savon 100 grs thé,PRIX_INFERIEUR,-17.1,3.5,2.9,OUI,OUI,OUI,OUI,0,même sous-catégorie + même régime alcool + écart de prix ≤ 40 %
PROD-0420,"Lait démaquillant parfum ""fleur de pommier""",PROD-0440,Crème pieds 50 ml,PRIX_EQUIVALENT,-0.6,8.5,8.45,OUI,OUI,OUI,OUI,0,même sous-catégorie + même régime alcool + écart de prix ≤ 40 %
PROD-0420,"Lait démaquillant parfum ""fleur de pommier""",PROD-0441,Crème main 50 ml,PRIX_EQUIVALENT,-0.6,8.5,8.45,OUI,OUI,OUI,OUI,0,même sous-catégorie + même régime alcool + écart de prix ≤ 40 %
PROD-0420,"Lait démaquillant parfum ""fleur de pommier""",PROD-0436,Shampoing 200 ml,PRIX_INFERIEUR,-8.2,8.5,7.8,OUI,OUI,OUI,OUI,0,même sous-catégorie + même régime alcool + écart de prix ≤ 40 %
PROD-0420,"Lait démaquillant parfum ""fleur de pommier""",PROD-0429,Bain douche 250 ml lait,PRIX_INFERIEUR,-9.4,8.5,7.7,OUI,OUI,OUI,OUI,0,même sous-catégorie + même régime alcool + écart de prix ≤ 40 %
PROD-0420,"Lait démaquillant parfum ""fleur de pommier""",PROD-0430,Bain douche 250 ml amande douce,PRIX_INFERIEUR,-9.4,8.5,7.7,OUI,OUI,OUI,OUI,0,même sous-catégorie + même régime alcool + écart de prix ≤ 40 %
PROD-0421,Savon 100 grs lait,PROD-0422,Savon 100 grs amande douce,PRIX_EQUIVALENT,0.0,2.9,2.9,OUI,OUI,OUI,OUI,0,même sous-catégorie + même régime alcool + écart de prix ≤ 40 %
PROD-0421,Savon 100 grs lait,PROD-0423,Savon 100 grs chèvrefeuille,PRIX_EQUIVALENT,0.0,2.9,2.9,OUI,OUI,OUI,OUI,0,même sous-catégorie + même régime alcool + écart de prix ≤ 40 %
PROD-0421,Savon 100 grs lait,PROD-0424,Savon 100 grs miel,PRIX_EQUIVALENT,0.0,2.9,2.9,OUI,OUI,OUI,OUI,0,même sous-catégorie + même régime alcool + écart de prix ≤ 40 %
PROD-0421,Savon 100 grs lait,PROD-0425,Savon 100 grs thé,PRIX_EQUIVALENT,0.0,2.9,2.9,OUI,OUI,OUI,OUI,0,même sous-catégorie + même régime alcool + écart de prix ≤ 40 %
PROD-0421,Savon 100 grs lait,PROD-0426,Savon 100 grs marine,PRIX_EQUIVALENT,0.0,2.9,2.9,OUI,OUI,OUI,OUI,0,même sous-catégorie + même régime alcool + écart de prix ≤ 40 %
PROD-0422,Savon 100 grs amande douce,PROD-0421,Savon 100 grs lait,PRIX_EQUIVALENT,0.0,2.9,2.9,OUI,OUI,OUI,OUI,0,même sous-catégorie + même régime alcool + écart de prix ≤ 40 %
PROD-0422,Savon 100 grs amande douce,PROD-0423,Savon 100 grs chèvrefeuille,PRIX_EQUIVALENT,0.0,2.9,2.9,OUI,OUI,OUI,OUI,0,même sous-catégorie + même régime alcool + écart de prix ≤ 40 %
PROD-0422,Savon 100 grs amande douce,PROD-0424,Savon 100 grs miel,PRIX_EQUIVALENT,0.0,2.9,2.9,OUI,OUI,OUI,OUI,0,même sous-catégorie + même régime alcool + écart de prix ≤ 40 %
PROD-0422,Savon 100 grs amande douce,PROD-0425,Savon 100 grs thé,PRIX_EQUIVALENT,0.0,2.9,2.9,OUI,OUI,OUI,OUI,0,même sous-catégorie + même régime alcool + écart de prix ≤ 40 %
PROD-0422,Savon 100 grs amande douce,PROD-0426,Savon 100 grs marine,PRIX_EQUIVALENT,0.0,2.9,2.9,OUI,OUI,OUI,OUI,0,même sous-catégorie + même régime alcool + écart de prix ≤ 40 %
PROD-0423,Savon 100 grs chèvrefeuille,PROD-0421,Savon 100 grs lait,PRIX_EQUIVALENT,0.0,2.9,2.9,OUI,OUI,OUI,OUI,0,même sous-catégorie + même régime alcool + écart de prix ≤ 40 %
PROD-0423,Savon 100 grs chèvrefeuille,PROD-0422,Savon 100 grs amande douce,PRIX_EQUIVALENT,0.0,2.9,2.9,OUI,OUI,OUI,OUI,0,même sous-catégorie + même régime alcool + écart de prix ≤ 40 %
PROD-0423,Savon 100 grs chèvrefeuille,PROD-0424,Savon 100 grs miel,PRIX_EQUIVALENT,0.0,2.9,2.9,OUI,OUI,OUI,OUI,0,même sous-catégorie + même régime alcool + écart de prix ≤ 40 %
PROD-0423,Savon 100 grs chèvrefeuille,PROD-0425,Savon 100 grs thé,PRIX_EQUIVALENT,0.0,2.9,2.9,OUI,OUI,OUI,OUI,0,même sous-catégorie + même régime alcool + écart de prix ≤ 40 %
PROD-0423,Savon 100 grs chèvrefeuille,PROD-0426,Savon 100 grs marine,PRIX_EQUIVALENT,0.0,2.9,2.9,OUI,OUI,OUI,OUI,0,même sous-catégorie + même régime alcool + écart de prix ≤ 40 %
PROD-0424,Savon 100 grs miel,PROD-0421,Savon 100 grs lait,PRIX_EQUIVALENT,0.0,2.9,2.9,OUI,OUI,OUI,OUI,0,même sous-catégorie + même régime alcool + écart de prix ≤ 40 %
PROD-0424,Savon 100 grs miel,PROD-0422,Savon 100 grs amande douce,PRIX_EQUIVALENT,0.0,2.9,2.9,OUI,OUI,OUI,OUI,0,même sous-catégorie + même régime alcool + écart de prix ≤ 40 %
PROD-0424,Savon 100 grs miel,PROD-0423,Savon 100 grs chèvrefeuille,PRIX_EQUIVALENT,0.0,2.9,2.9,OUI,OUI,OUI,OUI,0,même sous-catégorie + même régime alcool + écart de prix ≤ 40 %
PROD-0424,Savon 100 grs miel,PROD-0425,Savon 100 grs thé,PRIX_EQUIVALENT,0.0,2.9,2.9,OUI,OUI,OUI,OUI,0,même sous-catégorie + même régime alcool + écart de prix ≤ 40 %
PROD-0424,Savon 100 grs miel,PROD-0426,Savon 100 grs marine,PRIX_EQUIVALENT,0.0,2.9,2.9,OUI,OUI,OUI,OUI,0,même sous-catégorie + même régime alcool + écart de prix ≤ 40 %
PROD-0425,Savon 100 grs thé,PROD-0421,Savon 100 grs lait,PRIX_EQUIVALENT,0.0,2.9,2.9,OUI,OUI,OUI,OUI,0,même sous-catégorie + même régime alcool + écart de prix ≤ 40 %
PROD-0425,Savon 100 grs thé,PROD-0422,Savon 100 grs amande douce,PRIX_EQUIVALENT,0.0,2.9,2.9,OUI,OUI,OUI,OUI,0,même sous-catégorie + même régime alcool + écart de prix ≤ 40 %
PROD-0425,Savon 100 grs thé,PROD-0423,Savon 100 grs chèvrefeuille,PRIX_EQUIVALENT,0.0,2.9,2.9,OUI,OUI,OUI,OUI,0,même sous-catégorie + même régime alcool + écart de prix ≤ 40 %
PROD-0425,Savon 100 grs thé,PROD-0424,Savon 100 grs miel,PRIX_EQUIVALENT,0.0,2.9,2.9,OUI,OUI,OUI,OUI,0,même sous-catégorie + même régime alcool + écart de prix ≤ 40 %
PROD-0425,Savon 100 grs thé,PROD-0426,Savon 100 grs marine,PRIX_EQUIVALENT,0.0,2.9,2.9,OUI,OUI,OUI,OUI,0,même sous-catégorie + même régime alcool + écart de prix ≤ 40 %
PROD-0426,Savon 100 grs marine,PROD-0421,Savon 100 grs lait,PRIX_EQUIVALENT,0.0,2.9,2.9,OUI,OUI,OUI,OUI,0,même sous-catégorie + même régime alcool + écart de prix ≤ 40 %
PROD-0426,Savon 100 grs marine,PROD-0422,Savon 100 grs amande douce,PRIX_EQUIVALENT,0.0,2.9,2.9,OUI,OUI,OUI,OUI,0,même sous-catégorie + même régime alcool + écart de prix ≤ 40 %
PROD-0426,Savon 100 grs marine,PROD-0423,Savon 100 grs chèvrefeuille,PRIX_EQUIVALENT,0.0,2.9,2.9,OUI,OUI,OUI,OUI,0,même sous-catégorie + même régime alcool + écart de prix ≤ 40 %
PROD-0426,Savon 100 grs marine,PROD-0424,Savon 100 grs miel,PRIX_EQUIVALENT,0.0,2.9,2.9,OUI,OUI,OUI,OUI,0,même sous-catégorie + même régime alcool + écart de prix ≤ 40 %
PROD-0426,Savon 100 grs marine,PROD-0425,Savon 100 grs thé,PRIX_EQUIVALENT,0.0,2.9,2.9,OUI,OUI,OUI,OUI,0,même sous-catégorie + même régime alcool + écart de prix ≤ 40 %
PROD-0427,Savon 100 grs rose,PROD-0421,Savon 100 grs lait,PRIX_EQUIVALENT,0.0,2.9,2.9,OUI,OUI,OUI,OUI,0,même sous-catégorie + même régime alcool + écart de prix ≤ 40 %
PROD-0427,Savon 100 grs rose,PROD-0422,Savon 100 grs amande douce,PRIX_EQUIVALENT,0.0,2.9,2.9,OUI,OUI,OUI,OUI,0,même sous-catégorie + même régime alcool + écart de prix ≤ 40 %
PROD-0427,Savon 100 grs rose,PROD-0423,Savon 100 grs chèvrefeuille,PRIX_EQUIVALENT,0.0,2.9,2.9,OUI,OUI,OUI,OUI,0,même sous-catégorie + même régime alcool + écart de prix ≤ 40 %
PROD-0427,Savon 100 grs rose,PROD-0424,Savon 100 grs miel,PRIX_EQUIVALENT,0.0,2.9,2.9,OUI,OUI,OUI,OUI,0,même sous-catégorie + même régime alcool + écart de prix ≤ 40 %
PROD-0427,Savon 100 grs rose,PROD-0425,Savon 100 grs thé,PRIX_EQUIVALENT,0.0,2.9,2.9,OUI,OUI,OUI,OUI,0,même sous-catégorie + même régime alcool + écart de prix ≤ 40 %
PROD-0428,Savon 100 grs fleur de pommier,PROD-0421,Savon 100 grs lait,PRIX_EQUIVALENT,0.0,2.9,2.9,OUI,OUI,OUI,OUI,0,même sous-catégorie + même régime alcool + écart de prix ≤ 40 %
PROD-0428,Savon 100 grs fleur de pommier,PROD-0422,Savon 100 grs amande douce,PRIX_EQUIVALENT,0.0,2.9,2.9,OUI,OUI,OUI,OUI,0,même sous-catégorie + même régime alcool + écart de prix ≤ 40 %
PROD-0428,Savon 100 grs fleur de pommier,PROD-0423,Savon 100 grs chèvrefeuille,PRIX_EQUIVALENT,0.0,2.9,2.9,OUI,OUI,OUI,OUI,0,même sous-catégorie + même régime alcool + écart de prix ≤ 40 %
PROD-0428,Savon 100 grs fleur de pommier,PROD-0424,Savon 100 grs miel,PRIX_EQUIVALENT,0.0,2.9,2.9,OUI,OUI,OUI,OUI,0,même sous-catégorie + même régime alcool + écart de prix ≤ 40 %
PROD-0428,Savon 100 grs fleur de pommier,PROD-0425,Savon 100 grs thé,PRIX_EQUIVALENT,0.0,2.9,2.9,OUI,OUI,OUI,OUI,0,même sous-catégorie + même régime alcool + écart de prix ≤ 40 %
PROD-0429,Bain douche 250 ml lait,PROD-0430,Bain douche 250 ml amande douce,PRIX_EQUIVALENT,0.0,7.7,7.7,OUI,OUI,OUI,OUI,0,même sous-catégorie + même régime alcool + écart de prix ≤ 40 %
PROD-0429,Bain douche 250 ml lait,PROD-0431,Bain douche 250 ml thé blanc,PRIX_EQUIVALENT,0.0,7.7,7.7,OUI,OUI,OUI,OUI,0,même sous-catégorie + même régime alcool + écart de prix ≤ 40 %
PROD-0429,Bain douche 250 ml lait,PROD-0432,Bain douche 250 ml marine,PRIX_EQUIVALENT,0.0,7.7,7.7,OUI,OUI,OUI,OUI,0,même sous-catégorie + même régime alcool + écart de prix ≤ 40 %
PROD-0429,Bain douche 250 ml lait,PROD-0433,Bain douche 250 ml chèvrefeuille,PRIX_EQUIVALENT,0.0,7.7,7.7,OUI,OUI,OUI,OUI,0,même sous-catégorie + même régime alcool + écart de prix ≤ 40 %
PROD-0429,Bain douche 250 ml lait,PROD-0434,Bain douche 250 ml avoine,PRIX_EQUIVALENT,0.0,7.7,7.7,OUI,OUI,OUI,OUI,0,même sous-catégorie + même régime alcool + écart de prix ≤ 40 %
PROD-0430,Bain douche 250 ml amande douce,PROD-0429,Bain douche 250 ml lait,PRIX_EQUIVALENT,0.0,7.7,7.7,OUI,OUI,OUI,OUI,0,même sous-catégorie + même régime alcool + écart de prix ≤ 40 %
PROD-0430,Bain douche 250 ml amande douce,PROD-0431,Bain douche 250 ml thé blanc,PRIX_EQUIVALENT,0.0,7.7,7.7,OUI,OUI,OUI,OUI,0,même sous-catégorie + même régime alcool + écart de prix ≤ 40 %
PROD-0430,Bain douche 250 ml amande douce,PROD-0432,Bain douche 250 ml marine,PRIX_EQUIVALENT,0.0,7.7,7.7,OUI,OUI,OUI,OUI,0,même sous-catégorie + même régime alcool + écart de prix ≤ 40 %
PROD-0430,Bain douche 250 ml amande douce,PROD-0433,Bain douche 250 ml chèvrefeuille,PRIX_EQUIVALENT,0.0,7.7,7.7,OUI,OUI,OUI,OUI,0,même sous-catégorie + même régime alcool + écart de prix ≤ 40 %
PROD-0430,Bain douche 250 ml amande douce,PROD-0434,Bain douche 250 ml avoine,PRIX_EQUIVALENT,0.0,7.7,7.7,OUI,OUI,OUI,OUI,0,même sous-catégorie + même régime alcool + écart de prix ≤ 40 %
PROD-0431,Bain douche 250 ml thé blanc,PROD-0429,Bain douche 250 ml lait,PRIX_EQUIVALENT,0.0,7.7,7.7,OUI,OUI,OUI,OUI,0,même sous-catégorie + même régime alcool + écart de prix ≤ 40 %
PROD-0431,Bain douche 250 ml thé blanc,PROD-0430,Bain douche 250 ml amande douce,PRIX_EQUIVALENT,0.0,7.7,7.7,OUI,OUI,OUI,OUI,0,même sous-catégorie + même régime alcool + écart de prix ≤ 40 %
PROD-0431,Bain douche 250 ml thé blanc,PROD-0432,Bain douche 250 ml marine,PRIX_EQUIVALENT,0.0,7.7,7.7,OUI,OUI,OUI,OUI,0,même sous-catégorie + même régime alcool + écart de prix ≤ 40 %
PROD-0431,Bain douche 250 ml thé blanc,PROD-0433,Bain douche 250 ml chèvrefeuille,PRIX_EQUIVALENT,0.0,7.7,7.7,OUI,OUI,OUI,OUI,0,même sous-catégorie + même régime alcool + écart de prix ≤ 40 %
PROD-0431,Bain douche 250 ml thé blanc,PROD-0434,Bain douche 250 ml avoine,PRIX_EQUIVALENT,0.0,7.7,7.7,OUI,OUI,OUI,OUI,0,même sous-catégorie + même régime alcool + écart de prix ≤ 40 %
PROD-0432,Bain douche 250 ml marine,PROD-0429,Bain douche 250 ml lait,PRIX_EQUIVALENT,0.0,7.7,7.7,OUI,OUI,OUI,OUI,0,même sous-catégorie + même régime alcool + écart de prix ≤ 40 %
PROD-0432,Bain douche 250 ml marine,PROD-0430,Bain douche 250 ml amande douce,PRIX_EQUIVALENT,0.0,7.7,7.7,OUI,OUI,OUI,OUI,0,même sous-catégorie + même régime alcool + écart de prix ≤ 40 %
PROD-0432,Bain douche 250 ml marine,PROD-0431,Bain douche 250 ml thé blanc,PRIX_EQUIVALENT,0.0,7.7,7.7,OUI,OUI,OUI,OUI,0,même sous-catégorie + même régime alcool + écart de prix ≤ 40 %
PROD-0432,Bain douche 250 ml marine,PROD-0433,Bain douche 250 ml chèvrefeuille,PRIX_EQUIVALENT,0.0,7.7,7.7,OUI,OUI,OUI,OUI,0,même sous-catégorie + même régime alcool + écart de prix ≤ 40 %
PROD-0432,Bain douche 250 ml marine,PROD-0434,Bain douche 250 ml avoine,PRIX_EQUIVALENT,0.0,7.7,7.7,OUI,OUI,OUI,OUI,0,même sous-catégorie + même régime alcool + écart de prix ≤ 40 %
PROD-0433,Bain douche 250 ml chèvrefeuille,PROD-0429,Bain douche 250 ml lait,PRIX_EQUIVALENT,0.0,7.7,7.7,OUI,OUI,OUI,OUI,0,même sous-catégorie + même régime alcool + écart de prix ≤ 40 %
PROD-0433,Bain douche 250 ml chèvrefeuille,PROD-0430,Bain douche 250 ml amande douce,PRIX_EQUIVALENT,0.0,7.7,7.7,OUI,OUI,OUI,OUI,0,même sous-catégorie + même régime alcool + écart de prix ≤ 40 %
PROD-0433,Bain douche 250 ml chèvrefeuille,PROD-0431,Bain douche 250 ml thé blanc,PRIX_EQUIVALENT,0.0,7.7,7.7,OUI,OUI,OUI,OUI,0,même sous-catégorie + même régime alcool + écart de prix ≤ 40 %
PROD-0433,Bain douche 250 ml chèvrefeuille,PROD-0432,Bain douche 250 ml marine,PRIX_EQUIVALENT,0.0,7.7,7.7,OUI,OUI,OUI,OUI,0,même sous-catégorie + même régime alcool + écart de prix ≤ 40 %
PROD-0433,Bain douche 250 ml chèvrefeuille,PROD-0434,Bain douche 250 ml avoine,PRIX_EQUIVALENT,0.0,7.7,7.7,OUI,OUI,OUI,OUI,0,même sous-catégorie + même régime alcool + écart de prix ≤ 40 %
PROD-0434,Bain douche 250 ml avoine,PROD-0429,Bain douche 250 ml lait,PRIX_EQUIVALENT,0.0,7.7,7.7,OUI,OUI,OUI,OUI,0,même sous-catégorie + même régime alcool + écart de prix ≤ 40 %
PROD-0434,Bain douche 250 ml avoine,PROD-0430,Bain douche 250 ml amande douce,PRIX_EQUIVALENT,0.0,7.7,7.7,OUI,OUI,OUI,OUI,0,même sous-catégorie + même régime alcool + écart de prix ≤ 40 %
PROD-0434,Bain douche 250 ml avoine,PROD-0431,Bain douche 250 ml thé blanc,PRIX_EQUIVALENT,0.0,7.7,7.7,OUI,OUI,OUI,OUI,0,même sous-catégorie + même régime alcool + écart de prix ≤ 40 %
PROD-0434,Bain douche 250 ml avoine,PROD-0432,Bain douche 250 ml marine,PRIX_EQUIVALENT,0.0,7.7,7.7,OUI,OUI,OUI,OUI,0,même sous-catégorie + même régime alcool + écart de prix ≤ 40 %
PROD-0434,Bain douche 250 ml avoine,PROD-0433,Bain douche 250 ml chèvrefeuille,PRIX_EQUIVALENT,0.0,7.7,7.7,OUI,OUI,OUI,OUI,0,même sous-catégorie + même régime alcool + écart de prix ≤ 40 %
PROD-0435,Bain douche 250 ml fleur de pommier,PROD-0429,Bain douche 250 ml lait,PRIX_EQUIVALENT,0.0,7.7,7.7,OUI,OUI,OUI,OUI,0,même sous-catégorie + même régime alcool + écart de prix ≤ 40 %
PROD-0435,Bain douche 250 ml fleur de pommier,PROD-0430,Bain douche 250 ml amande douce,PRIX_EQUIVALENT,0.0,7.7,7.7,OUI,OUI,OUI,OUI,0,même sous-catégorie + même régime alcool + écart de prix ≤ 40 %
PROD-0435,Bain douche 250 ml fleur de pommier,PROD-0431,Bain douche 250 ml thé blanc,PRIX_EQUIVALENT,0.0,7.7,7.7,OUI,OUI,OUI,OUI,0,même sous-catégorie + même régime alcool + écart de prix ≤ 40 %
PROD-0435,Bain douche 250 ml fleur de pommier,PROD-0432,Bain douche 250 ml marine,PRIX_EQUIVALENT,0.0,7.7,7.7,OUI,OUI,OUI,OUI,0,même sous-catégorie + même régime alcool + écart de prix ≤ 40 %
PROD-0435,Bain douche 250 ml fleur de pommier,PROD-0433,Bain douche 250 ml chèvrefeuille,PRIX_EQUIVALENT,0.0,7.7,7.7,OUI,OUI,OUI,OUI,0,même sous-catégorie + même régime alcool + écart de prix ≤ 40 %
PROD-0436,Shampoing 200 ml,PROD-0429,Bain douche 250 ml lait,PRIX_EQUIVALENT,-1.3,7.8,7.7,OUI,OUI,OUI,OUI,0,même sous-catégorie + même régime alcool + écart de prix ≤ 40 %
PROD-0436,Shampoing 200 ml,PROD-0430,Bain douche 250 ml amande douce,PRIX_EQUIVALENT,-1.3,7.8,7.7,OUI,OUI,OUI,OUI,0,même sous-catégorie + même régime alcool + écart de prix ≤ 40 %
PROD-0436,Shampoing 200 ml,PROD-0431,Bain douche 250 ml thé blanc,PRIX_EQUIVALENT,-1.3,7.8,7.7,OUI,OUI,OUI,OUI,0,même sous-catégorie + même régime alcool + écart de prix ≤ 40 %
PROD-0436,Shampoing 200 ml,PROD-0432,Bain douche 250 ml marine,PRIX_EQUIVALENT,-1.3,7.8,7.7,OUI,OUI,OUI,OUI,0,même sous-catégorie + même régime alcool + écart de prix ≤ 40 %
PROD-0436,Shampoing 200 ml,PROD-0433,Bain douche 250 ml chèvrefeuille,PRIX_EQUIVALENT,-1.3,7.8,7.7,OUI,OUI,OUI,OUI,0,même sous-catégorie + même régime alcool + écart de prix ≤ 40 %
PROD-0437,Crème hydratante 50 ml,PROD-0438,Crème antiride 50 ml,PRIX_SUPERIEUR,13.3,11.3,12.8,OUI,OUI,OUI,OUI,0,même sous-catégorie + même régime alcool + écart de prix ≤ 40 %
PROD-0437,Crème hydratante 50 ml,PROD-0439,Lait corporel 200 ml,PRIX_SUPERIEUR,21.2,11.3,13.7,OUI,OUI,OUI,OUI,0,même sous-catégorie + même régime alcool + écart de prix ≤ 40 %
PROD-0437,Crème hydratante 50 ml,PROD-0420,"Lait démaquillant parfum ""fleur de pommier""",PRIX_INFERIEUR,-24.8,11.3,8.5,OUI,OUI,OUI,OUI,-1,même sous-catégorie + même régime alcool + écart de prix ≤ 40 %
PROD-0437,Crème hydratante 50 ml,PROD-0440,Crème pieds 50 ml,PRIX_INFERIEUR,-25.2,11.3,8.45,OUI,OUI,OUI,OUI,-1,même sous-catégorie + même régime alcool + écart de prix ≤ 40 %
PROD-0437,Crème hydratante 50 ml,PROD-0441,Crème main 50 ml,PRIX_INFERIEUR,-25.2,11.3,8.45,OUI,OUI,OUI,OUI,-1,même sous-catégorie + même régime alcool + écart de prix ≤ 40 %
PROD-0438,Crème antiride 50 ml,PROD-0439,Lait corporel 200 ml,PRIX_SUPERIEUR,7.0,12.8,13.7,OUI,OUI,OUI,OUI,0,même sous-catégorie + même régime alcool + écart de prix ≤ 40 %
PROD-0438,Crème antiride 50 ml,PROD-0437,Crème hydratante 50 ml,PRIX_INFERIEUR,-11.7,12.8,11.3,OUI,OUI,OUI,OUI,0,même sous-catégorie + même régime alcool + écart de prix ≤ 40 %
PROD-0438,Crème antiride 50 ml,PROD-0420,"Lait démaquillant parfum ""fleur de pommier""",PRIX_INFERIEUR,-33.6,12.8,8.5,OUI,OUI,OUI,OUI,-1,même sous-catégorie + même régime alcool + écart de prix ≤ 40 %
PROD-0438,Crème antiride 50 ml,PROD-0440,Crème pieds 50 ml,PRIX_INFERIEUR,-34.0,12.8,8.45,OUI,OUI,OUI,OUI,-1,même sous-catégorie + même régime alcool + écart de prix ≤ 40 %
PROD-0438,Crème antiride 50 ml,PROD-0441,Crème main 50 ml,PRIX_INFERIEUR,-34.0,12.8,8.45,OUI,OUI,OUI,OUI,-1,même sous-catégorie + même régime alcool + écart de prix ≤ 40 %
PROD-0439,Lait corporel 200 ml,PROD-0438,Crème antiride 50 ml,PRIX_INFERIEUR,-6.6,13.7,12.8,OUI,OUI,OUI,OUI,0,même sous-catégorie + même régime alcool + écart de prix ≤ 40 %
PROD-0439,Lait corporel 200 ml,PROD-0437,Crème hydratante 50 ml,PRIX_INFERIEUR,-17.5,13.7,11.3,OUI,OUI,OUI,OUI,0,même sous-catégorie + même régime alcool + écart de prix ≤ 40 %
PROD-0439,Lait corporel 200 ml,PROD-0420,"Lait démaquillant parfum ""fleur de pommier""",PRIX_INFERIEUR,-38.0,13.7,8.5,OUI,OUI,OUI,OUI,-1,même sous-catégorie + même régime alcool + écart de prix ≤ 40 %
PROD-0439,Lait corporel 200 ml,PROD-0440,Crème pieds 50 ml,PRIX_INFERIEUR,-38.3,13.7,8.45,OUI,OUI,OUI,OUI,-1,même sous-catégorie + même régime alcool + écart de prix ≤ 40 %
PROD-0439,Lait corporel 200 ml,PROD-0441,Crème main 50 ml,PRIX_INFERIEUR,-38.3,13.7,8.45,OUI,OUI,OUI,OUI,-1,même sous-catégorie + même régime alcool + écart de prix ≤ 40 %
PROD-0440,Crème pieds 50 ml,PROD-0441,Crème main 50 ml,PRIX_EQUIVALENT,0.0,8.45,8.45,OUI,OUI,OUI,OUI,0,même sous-catégorie + même régime alcool + écart de prix ≤ 40 %
PROD-0440,Crème pieds 50 ml,PROD-0420,"Lait démaquillant parfum ""fleur de pommier""",PRIX_EQUIVALENT,0.6,8.45,8.5,OUI,OUI,OUI,OUI,0,même sous-catégorie + même régime alcool + écart de prix ≤ 40 %
PROD-0440,Crème pieds 50 ml,PROD-0436,Shampoing 200 ml,PRIX_INFERIEUR,-7.7,8.45,7.8,OUI,OUI,OUI,OUI,0,même sous-catégorie + même régime alcool + écart de prix ≤ 40 %
PROD-0440,Crème pieds 50 ml,PROD-0429,Bain douche 250 ml lait,PRIX_INFERIEUR,-8.9,8.45,7.7,OUI,OUI,OUI,OUI,0,même sous-catégorie + même régime alcool + écart de prix ≤ 40 %
PROD-0440,Crème pieds 50 ml,PROD-0430,Bain douche 250 ml amande douce,PRIX_INFERIEUR,-8.9,8.45,7.7,OUI,OUI,OUI,OUI,0,même sous-catégorie + même régime alcool + écart de prix ≤ 40 %
PROD-0441,Crème main 50 ml,PROD-0440,Crème pieds 50 ml,PRIX_EQUIVALENT,0.0,8.45,8.45,OUI,OUI,OUI,OUI,0,même sous-catégorie + même régime alcool + écart de prix ≤ 40 %
PROD-0441,Crème main 50 ml,PROD-0420,"Lait démaquillant parfum ""fleur de pommier""",PRIX_EQUIVALENT,0.6,8.45,8.5,OUI,OUI,OUI,OUI,0,même sous-catégorie + même régime alcool + écart de prix ≤ 40 %
PROD-0441,Crème main 50 ml,PROD-0436,Shampoing 200 ml,PRIX_INFERIEUR,-7.7,8.45,7.8,OUI,OUI,OUI,OUI,0,même sous-catégorie + même régime alcool + écart de prix ≤ 40 %
PROD-0441,Crème main 50 ml,PROD-0429,Bain douche 250 ml lait,PRIX_INFERIEUR,-8.9,8.45,7.7,OUI,OUI,OUI,OUI,0,même sous-catégorie + même régime alcool + écart de prix ≤ 40 %
PROD-0441,Crème main 50 ml,PROD-0430,Bain douche 250 ml amande douce,PRIX_INFERIEUR,-8.9,8.45,7.7,OUI,OUI,OUI,OUI,0,même sous-catégorie + même régime alcool + écart de prix ≤ 40 %
PROD-0442,Miel de Fleurs de Normandie 250gr,PROD-0444,Miel d'Acacia 250gr,PRIX_SUPERIEUR,36.5,4.25,5.8,OUI,OUI,OUI,OUI,1,même sous-catégorie + même régime alcool + écart de prix ≤ 40 %
PROD-0442,Miel de Fleurs de Normandie 250gr,PROD-0446,Miel de Tilleul 250gr,PRIX_SUPERIEUR,36.5,4.25,5.8,OUI,OUI,OUI,OUI,1,même sous-catégorie + même régime alcool + écart de prix ≤ 40 %
PROD-0442,Miel de Fleurs de Normandie 250gr,PROD-0448,Miel de Chataigner 250gr,PRIX_SUPERIEUR,36.5,4.25,5.8,OUI,OUI,OUI,OUI,1,même sous-catégorie + même régime alcool + écart de prix ≤ 40 %
PROD-0442,Miel de Fleurs de Normandie 250gr,PROD-0450,Miel de Foret 250gr,PRIX_SUPERIEUR,36.5,4.25,5.8,OUI,OUI,OUI,OUI,1,même sous-catégorie + même régime alcool + écart de prix ≤ 40 %
PROD-0443,Miel de Fleurs de Normandie 500gr,PROD-0444,Miel d'Acacia 250gr,PRIX_INFERIEUR,-7.9,6.3,5.8,OUI,OUI,OUI,OUI,0,même sous-catégorie + même régime alcool + écart de prix ≤ 40 %
PROD-0443,Miel de Fleurs de Normandie 500gr,PROD-0446,Miel de Tilleul 250gr,PRIX_INFERIEUR,-7.9,6.3,5.8,OUI,OUI,OUI,OUI,0,même sous-catégorie + même régime alcool + écart de prix ≤ 40 %
PROD-0443,Miel de Fleurs de Normandie 500gr,PROD-0448,Miel de Chataigner 250gr,PRIX_INFERIEUR,-7.9,6.3,5.8,OUI,OUI,OUI,OUI,0,même sous-catégorie + même régime alcool + écart de prix ≤ 40 %
PROD-0443,Miel de Fleurs de Normandie 500gr,PROD-0450,Miel de Foret 250gr,PRIX_INFERIEUR,-7.9,6.3,5.8,OUI,OUI,OUI,OUI,0,même sous-catégorie + même régime alcool + écart de prix ≤ 40 %
PROD-0443,Miel de Fleurs de Normandie 500gr,PROD-0442,Miel de Fleurs de Normandie 250gr,PRIX_INFERIEUR,-32.5,6.3,4.25,OUI,OUI,OUI,OUI,-1,même sous-catégorie + même régime alcool + écart de prix ≤ 40 %
PROD-0444,Miel d'Acacia 250gr,PROD-0446,Miel de Tilleul 250gr,PRIX_EQUIVALENT,0.0,5.8,5.8,OUI,OUI,OUI,OUI,0,même sous-catégorie + même régime alcool + écart de prix ≤ 40 %
PROD-0444,Miel d'Acacia 250gr,PROD-0448,Miel de Chataigner 250gr,PRIX_EQUIVALENT,0.0,5.8,5.8,OUI,OUI,OUI,OUI,0,même sous-catégorie + même régime alcool + écart de prix ≤ 40 %
PROD-0444,Miel d'Acacia 250gr,PROD-0450,Miel de Foret 250gr,PRIX_EQUIVALENT,0.0,5.8,5.8,OUI,OUI,OUI,OUI,0,même sous-catégorie + même régime alcool + écart de prix ≤ 40 %
PROD-0444,Miel d'Acacia 250gr,PROD-0443,Miel de Fleurs de Normandie 500gr,PRIX_SUPERIEUR,8.6,5.8,6.3,OUI,OUI,OUI,OUI,0,même sous-catégorie + même régime alcool + écart de prix ≤ 40 %
PROD-0444,Miel d'Acacia 250gr,PROD-0442,Miel de Fleurs de Normandie 250gr,PRIX_INFERIEUR,-26.7,5.8,4.25,OUI,OUI,OUI,OUI,-1,même sous-catégorie + même régime alcool + écart de prix ≤ 40 %
PROD-0445,Miel d'Acacia 500gr,PROD-0447,Miel de Tilleul 500gr,PRIX_EQUIVALENT,0.0,9.4,9.4,OUI,OUI,OUI,OUI,0,même sous-catégorie + même régime alcool + écart de prix ≤ 40 %
PROD-0445,Miel d'Acacia 500gr,PROD-0449,Miel de Chataigner 500gr,PRIX_EQUIVALENT,0.0,9.4,9.4,OUI,OUI,OUI,OUI,0,même sous-catégorie + même régime alcool + écart de prix ≤ 40 %
PROD-0445,Miel d'Acacia 500gr,PROD-0451,Miel de Foret 500gr,PRIX_EQUIVALENT,0.0,9.4,9.4,OUI,OUI,OUI,OUI,0,même sous-catégorie + même régime alcool + écart de prix ≤ 40 %
PROD-0445,Miel d'Acacia 500gr,PROD-0443,Miel de Fleurs de Normandie 500gr,PRIX_INFERIEUR,-33.0,9.4,6.3,OUI,OUI,OUI,OUI,0,même sous-catégorie + même régime alcool + écart de prix ≤ 40 %
PROD-0445,Miel d'Acacia 500gr,PROD-0444,Miel d'Acacia 250gr,PRIX_INFERIEUR,-38.3,9.4,5.8,OUI,OUI,OUI,OUI,0,même sous-catégorie + même régime alcool + écart de prix ≤ 40 %
PROD-0446,Miel de Tilleul 250gr,PROD-0444,Miel d'Acacia 250gr,PRIX_EQUIVALENT,0.0,5.8,5.8,OUI,OUI,OUI,OUI,0,même sous-catégorie + même régime alcool + écart de prix ≤ 40 %
PROD-0446,Miel de Tilleul 250gr,PROD-0448,Miel de Chataigner 250gr,PRIX_EQUIVALENT,0.0,5.8,5.8,OUI,OUI,OUI,OUI,0,même sous-catégorie + même régime alcool + écart de prix ≤ 40 %
PROD-0446,Miel de Tilleul 250gr,PROD-0450,Miel de Foret 250gr,PRIX_EQUIVALENT,0.0,5.8,5.8,OUI,OUI,OUI,OUI,0,même sous-catégorie + même régime alcool + écart de prix ≤ 40 %
PROD-0446,Miel de Tilleul 250gr,PROD-0443,Miel de Fleurs de Normandie 500gr,PRIX_SUPERIEUR,8.6,5.8,6.3,OUI,OUI,OUI,OUI,0,même sous-catégorie + même régime alcool + écart de prix ≤ 40 %
PROD-0446,Miel de Tilleul 250gr,PROD-0442,Miel de Fleurs de Normandie 250gr,PRIX_INFERIEUR,-26.7,5.8,4.25,OUI,OUI,OUI,OUI,-1,même sous-catégorie + même régime alcool + écart de prix ≤ 40 %
PROD-0447,Miel de Tilleul 500gr,PROD-0445,Miel d'Acacia 500gr,PRIX_EQUIVALENT,0.0,9.4,9.4,OUI,OUI,OUI,OUI,0,même sous-catégorie + même régime alcool + écart de prix ≤ 40 %
PROD-0447,Miel de Tilleul 500gr,PROD-0449,Miel de Chataigner 500gr,PRIX_EQUIVALENT,0.0,9.4,9.4,OUI,OUI,OUI,OUI,0,même sous-catégorie + même régime alcool + écart de prix ≤ 40 %
PROD-0447,Miel de Tilleul 500gr,PROD-0451,Miel de Foret 500gr,PRIX_EQUIVALENT,0.0,9.4,9.4,OUI,OUI,OUI,OUI,0,même sous-catégorie + même régime alcool + écart de prix ≤ 40 %
PROD-0447,Miel de Tilleul 500gr,PROD-0443,Miel de Fleurs de Normandie 500gr,PRIX_INFERIEUR,-33.0,9.4,6.3,OUI,OUI,OUI,OUI,0,même sous-catégorie + même régime alcool + écart de prix ≤ 40 %
PROD-0447,Miel de Tilleul 500gr,PROD-0444,Miel d'Acacia 250gr,PRIX_INFERIEUR,-38.3,9.4,5.8,OUI,OUI,OUI,OUI,0,même sous-catégorie + même régime alcool + écart de prix ≤ 40 %
PROD-0448,Miel de Chataigner 250gr,PROD-0444,Miel d'Acacia 250gr,PRIX_EQUIVALENT,0.0,5.8,5.8,OUI,OUI,OUI,OUI,0,même sous-catégorie + même régime alcool + écart de prix ≤ 40 %
PROD-0448,Miel de Chataigner 250gr,PROD-0446,Miel de Tilleul 250gr,PRIX_EQUIVALENT,0.0,5.8,5.8,OUI,OUI,OUI,OUI,0,même sous-catégorie + même régime alcool + écart de prix ≤ 40 %
PROD-0448,Miel de Chataigner 250gr,PROD-0450,Miel de Foret 250gr,PRIX_EQUIVALENT,0.0,5.8,5.8,OUI,OUI,OUI,OUI,0,même sous-catégorie + même régime alcool + écart de prix ≤ 40 %
PROD-0448,Miel de Chataigner 250gr,PROD-0443,Miel de Fleurs de Normandie 500gr,PRIX_SUPERIEUR,8.6,5.8,6.3,OUI,OUI,OUI,OUI,0,même sous-catégorie + même régime alcool + écart de prix ≤ 40 %
PROD-0448,Miel de Chataigner 250gr,PROD-0442,Miel de Fleurs de Normandie 250gr,PRIX_INFERIEUR,-26.7,5.8,4.25,OUI,OUI,OUI,OUI,-1,même sous-catégorie + même régime alcool + écart de prix ≤ 40 %
PROD-0449,Miel de Chataigner 500gr,PROD-0445,Miel d'Acacia 500gr,PRIX_EQUIVALENT,0.0,9.4,9.4,OUI,OUI,OUI,OUI,0,même sous-catégorie + même régime alcool + écart de prix ≤ 40 %
PROD-0449,Miel de Chataigner 500gr,PROD-0447,Miel de Tilleul 500gr,PRIX_EQUIVALENT,0.0,9.4,9.4,OUI,OUI,OUI,OUI,0,même sous-catégorie + même régime alcool + écart de prix ≤ 40 %
PROD-0449,Miel de Chataigner 500gr,PROD-0451,Miel de Foret 500gr,PRIX_EQUIVALENT,0.0,9.4,9.4,OUI,OUI,OUI,OUI,0,même sous-catégorie + même régime alcool + écart de prix ≤ 40 %
PROD-0449,Miel de Chataigner 500gr,PROD-0443,Miel de Fleurs de Normandie 500gr,PRIX_INFERIEUR,-33.0,9.4,6.3,OUI,OUI,OUI,OUI,0,même sous-catégorie + même régime alcool + écart de prix ≤ 40 %
PROD-0449,Miel de Chataigner 500gr,PROD-0444,Miel d'Acacia 250gr,PRIX_INFERIEUR,-38.3,9.4,5.8,OUI,OUI,OUI,OUI,0,même sous-catégorie + même régime alcool + écart de prix ≤ 40 %
PROD-0450,Miel de Foret 250gr,PROD-0444,Miel d'Acacia 250gr,PRIX_EQUIVALENT,0.0,5.8,5.8,OUI,OUI,OUI,OUI,0,même sous-catégorie + même régime alcool + écart de prix ≤ 40 %
PROD-0450,Miel de Foret 250gr,PROD-0446,Miel de Tilleul 250gr,PRIX_EQUIVALENT,0.0,5.8,5.8,OUI,OUI,OUI,OUI,0,même sous-catégorie + même régime alcool + écart de prix ≤ 40 %
PROD-0450,Miel de Foret 250gr,PROD-0448,Miel de Chataigner 250gr,PRIX_EQUIVALENT,0.0,5.8,5.8,OUI,OUI,OUI,OUI,0,même sous-catégorie + même régime alcool + écart de prix ≤ 40 %
PROD-0450,Miel de Foret 250gr,PROD-0443,Miel de Fleurs de Normandie 500gr,PRIX_SUPERIEUR,8.6,5.8,6.3,OUI,OUI,OUI,OUI,0,même sous-catégorie + même régime alcool + écart de prix ≤ 40 %
PROD-0450,Miel de Foret 250gr,PROD-0442,Miel de Fleurs de Normandie 250gr,PRIX_INFERIEUR,-26.7,5.8,4.25,OUI,OUI,OUI,OUI,-1,même sous-catégorie + même régime alcool + écart de prix ≤ 40 %
PROD-0451,Miel de Foret 500gr,PROD-0445,Miel d'Acacia 500gr,PRIX_EQUIVALENT,0.0,9.4,9.4,OUI,OUI,OUI,OUI,0,même sous-catégorie + même régime alcool + écart de prix ≤ 40 %
PROD-0451,Miel de Foret 500gr,PROD-0447,Miel de Tilleul 500gr,PRIX_EQUIVALENT,0.0,9.4,9.4,OUI,OUI,OUI,OUI,0,même sous-catégorie + même régime alcool + écart de prix ≤ 40 %
PROD-0451,Miel de Foret 500gr,PROD-0449,Miel de Chataigner 500gr,PRIX_EQUIVALENT,0.0,9.4,9.4,OUI,OUI,OUI,OUI,0,même sous-catégorie + même régime alcool + écart de prix ≤ 40 %
PROD-0451,Miel de Foret 500gr,PROD-0443,Miel de Fleurs de Normandie 500gr,PRIX_INFERIEUR,-33.0,9.4,6.3,OUI,OUI,OUI,OUI,0,même sous-catégorie + même régime alcool + écart de prix ≤ 40 %
PROD-0451,Miel de Foret 500gr,PROD-0444,Miel d'Acacia 250gr,PRIX_INFERIEUR,-38.3,9.4,5.8,OUI,OUI,OUI,OUI,0,même sous-catégorie + même régime alcool + écart de prix ≤ 40 %
PROD-0452,Pain D'épices Nature 100gr,PROD-0001,Apéro tomate/paprika 100 grs,PRIX_SUPERIEUR,13.2,1.9,2.15,OUI,OUI,NON,NON,0,même sous-catégorie + même régime alcool + écart de prix ≤ 40 %
PROD-0452,Pain D'épices Nature 100gr,PROD-0002,Pailles feuilletées salées 100 grs,PRIX_SUPERIEUR,28.9,1.9,2.45,OUI,OUI,NON,NON,0,même sous-catégorie + même régime alcool + écart de prix ≤ 40 %
PROD-0452,Pain D'épices Nature 100gr,PROD-0009,Coquilles Quinéville 80 grs mini 50 paquets,PRIX_SUPERIEUR,28.9,1.9,2.45,OUI,OUI,NON,NON,0,même sous-catégorie + même régime alcool + écart de prix ≤ 40 %
PROD-0452,Pain D'épices Nature 100gr,PROD-0011,Coquilles trio 80 grs mini 50 paquets,PRIX_SUPERIEUR,28.9,1.9,2.45,OUI,OUI,NON,NON,0,même sous-catégorie + même régime alcool + écart de prix ≤ 40 %
PROD-0452,Pain D'épices Nature 100gr,PROD-0003,Palets Camembert du Cotentin pavot 100 grs,PRIX_SUPERIEUR,31.6,1.9,2.5,OUI,OUI,NON,OUI,1,même sous-catégorie + même régime alcool + écart de prix ≤ 40 %
PROD-0453,Pain D'épices Nature 250gr,PROD-0025,Tuiles pâtissières 150 grs,PRIX_EQUIVALENT,1.3,3.8,3.85,OUI,OUI,NON,NON,0,même sous-catégorie + même régime alcool + écart de prix ≤ 40 %
PROD-0453,Pain D'épices Nature 250gr,PROD-0014,Croquenoisettes 180 grs,PRIX_EQUIVALENT,-1.8,3.8,3.73,OUI,OUI,NON,NON,0,même sous-catégorie + même régime alcool + écart de prix ≤ 40 %
PROD-0453,Pain D'épices Nature 250gr,PROD-0024,Sablés Mamie 220 grs,PRIX_INFERIEUR,-3.9,3.8,3.65,OUI,OUI,NON,NON,0,même sous-catégorie + même régime alcool + écart de prix ≤ 40 %
PROD-0453,Pain D'épices Nature 250gr,PROD-0023,Sablé spéculos 250 grs,PRIX_SUPERIEUR,3.9,3.8,3.95,OUI,OUI,NON,NON,0,même sous-catégorie + même régime alcool + écart de prix ≤ 40 %
PROD-0453,Pain D'épices Nature 250gr,PROD-0454,Pain D'épices aux pépites de Chocolats  250gr,PRIX_SUPERIEUR,3.9,3.8,3.95,OUI,OUI,OUI,OUI,0,même sous-catégorie + même régime alcool + écart de prix ≤ 40 %
PROD-0454,Pain D'épices aux pépites de Chocolats  250gr,PROD-0023,Sablé spéculos 250 grs,PRIX_EQUIVALENT,0.0,3.95,3.95,OUI,OUI,NON,NON,0,même sous-catégorie + même régime alcool + écart de prix ≤ 40 %
PROD-0454,Pain D'épices aux pépites de Chocolats  250gr,PROD-0455,Pain D'épices aux éclats de Noix  250gr,PRIX_EQUIVALENT,0.0,3.95,3.95,OUI,OUI,OUI,OUI,0,même sous-catégorie + même régime alcool + écart de prix ≤ 40 %
PROD-0454,Pain D'épices aux pépites de Chocolats  250gr,PROD-0456,Pain D'épices aux écorces d'Oranges  250gr,PRIX_EQUIVALENT,0.0,3.95,3.95,OUI,OUI,OUI,OUI,0,même sous-catégorie + même régime alcool + écart de prix ≤ 40 %
PROD-0454,Pain D'épices aux pépites de Chocolats  250gr,PROD-0457,Pain D'épices aux Figues 250gr (fin d'année),PRIX_EQUIVALENT,0.0,3.95,3.95,OUI,OUI,OUI,OUI,0,même sous-catégorie + même régime alcool + écart de prix ≤ 40 %
PROD-0454,Pain D'épices aux pépites de Chocolats  250gr,PROD-0025,Tuiles pâtissières 150 grs,PRIX_INFERIEUR,-2.5,3.95,3.85,OUI,OUI,NON,NON,0,même sous-catégorie + même régime alcool + écart de prix ≤ 40 %
PROD-0455,Pain D'épices aux éclats de Noix  250gr,PROD-0023,Sablé spéculos 250 grs,PRIX_EQUIVALENT,0.0,3.95,3.95,OUI,OUI,NON,NON,0,même sous-catégorie + même régime alcool + écart de prix ≤ 40 %
PROD-0455,Pain D'épices aux éclats de Noix  250gr,PROD-0454,Pain D'épices aux pépites de Chocolats  250gr,PRIX_EQUIVALENT,0.0,3.95,3.95,OUI,OUI,OUI,OUI,0,même sous-catégorie + même régime alcool + écart de prix ≤ 40 %
PROD-0455,Pain D'épices aux éclats de Noix  250gr,PROD-0456,Pain D'épices aux écorces d'Oranges  250gr,PRIX_EQUIVALENT,0.0,3.95,3.95,OUI,OUI,OUI,OUI,0,même sous-catégorie + même régime alcool + écart de prix ≤ 40 %
PROD-0455,Pain D'épices aux éclats de Noix  250gr,PROD-0457,Pain D'épices aux Figues 250gr (fin d'année),PRIX_EQUIVALENT,0.0,3.95,3.95,OUI,OUI,OUI,OUI,0,même sous-catégorie + même régime alcool + écart de prix ≤ 40 %
PROD-0455,Pain D'épices aux éclats de Noix  250gr,PROD-0025,Tuiles pâtissières 150 grs,PRIX_INFERIEUR,-2.5,3.95,3.85,OUI,OUI,NON,NON,0,même sous-catégorie + même régime alcool + écart de prix ≤ 40 %
PROD-0456,Pain D'épices aux écorces d'Oranges  250gr,PROD-0023,Sablé spéculos 250 grs,PRIX_EQUIVALENT,0.0,3.95,3.95,OUI,OUI,NON,NON,0,même sous-catégorie + même régime alcool + écart de prix ≤ 40 %
PROD-0456,Pain D'épices aux écorces d'Oranges  250gr,PROD-0454,Pain D'épices aux pépites de Chocolats  250gr,PRIX_EQUIVALENT,0.0,3.95,3.95,OUI,OUI,OUI,OUI,0,même sous-catégorie + même régime alcool + écart de prix ≤ 40 %
PROD-0456,Pain D'épices aux écorces d'Oranges  250gr,PROD-0455,Pain D'épices aux éclats de Noix  250gr,PRIX_EQUIVALENT,0.0,3.95,3.95,OUI,OUI,OUI,OUI,0,même sous-catégorie + même régime alcool + écart de prix ≤ 40 %
PROD-0456,Pain D'épices aux écorces d'Oranges  250gr,PROD-0457,Pain D'épices aux Figues 250gr (fin d'année),PRIX_EQUIVALENT,0.0,3.95,3.95,OUI,OUI,OUI,OUI,0,même sous-catégorie + même régime alcool + écart de prix ≤ 40 %
PROD-0456,Pain D'épices aux écorces d'Oranges  250gr,PROD-0025,Tuiles pâtissières 150 grs,PRIX_INFERIEUR,-2.5,3.95,3.85,OUI,OUI,NON,NON,0,même sous-catégorie + même régime alcool + écart de prix ≤ 40 %
PROD-0457,Pain D'épices aux Figues 250gr (fin d'année),PROD-0023,Sablé spéculos 250 grs,PRIX_EQUIVALENT,0.0,3.95,3.95,OUI,OUI,NON,NON,0,même sous-catégorie + même régime alcool + écart de prix ≤ 40 %
PROD-0457,Pain D'épices aux Figues 250gr (fin d'année),PROD-0454,Pain D'épices aux pépites de Chocolats  250gr,PRIX_EQUIVALENT,0.0,3.95,3.95,OUI,OUI,OUI,OUI,0,même sous-catégorie + même régime alcool + écart de prix ≤ 40 %
PROD-0457,Pain D'épices aux Figues 250gr (fin d'année),PROD-0455,Pain D'épices aux éclats de Noix  250gr,PRIX_EQUIVALENT,0.0,3.95,3.95,OUI,OUI,OUI,OUI,0,même sous-catégorie + même régime alcool + écart de prix ≤ 40 %
PROD-0457,Pain D'épices aux Figues 250gr (fin d'année),PROD-0456,Pain D'épices aux écorces d'Oranges  250gr,PRIX_EQUIVALENT,0.0,3.95,3.95,OUI,OUI,OUI,OUI,0,même sous-catégorie + même régime alcool + écart de prix ≤ 40 %
PROD-0457,Pain D'épices aux Figues 250gr (fin d'année),PROD-0025,Tuiles pâtissières 150 grs,PRIX_INFERIEUR,-2.5,3.95,3.85,OUI,OUI,NON,NON,0,même sous-catégorie + même régime alcool + écart de prix ≤ 40 %
PROD-0460,Bonbons au Miel 250gr,PROD-0461,Bonbons au Miel et Eucalyptus 250gr,PRIX_EQUIVALENT,0.0,3.75,3.75,OUI,OUI,OUI,OUI,0,même sous-catégorie + même régime alcool + écart de prix ≤ 40 %
PROD-0460,Bonbons au Miel 250gr,PROD-0462,Bonbons au Miel et Sève de Pin 250gr,PRIX_EQUIVALENT,0.0,3.75,3.75,OUI,OUI,OUI,OUI,0,même sous-catégorie + même régime alcool + écart de prix ≤ 40 %
PROD-0460,Bonbons au Miel 250gr,PROD-0654,DOYPACK POP CORN,PRIX_EQUIVALENT,-0.8,3.75,3.72,OUI,OUI,NON,OUI,0,même sous-catégorie + même régime alcool + écart de prix ≤ 40 %
PROD-0460,Bonbons au Miel 250gr,PROD-0463,Bonbons Fourrés au Miel 250gr,PRIX_SUPERIEUR,6.7,3.75,4.0,OUI,OUI,OUI,OUI,0,même sous-catégorie + même régime alcool + écart de prix ≤ 40 %
PROD-0460,Bonbons au Miel 250gr,PROD-0465,Nougat tendre Amandes Noisettes 100gr,PRIX_SUPERIEUR,6.7,3.75,4.0,OUI,OUI,OUI,OUI,0,même sous-catégorie + même régime alcool + écart de prix ≤ 40 %
PROD-0461,Bonbons au Miel et Eucalyptus 250gr,PROD-0460,Bonbons au Miel 250gr,PRIX_EQUIVALENT,0.0,3.75,3.75,OUI,OUI,OUI,OUI,0,même sous-catégorie + même régime alcool + écart de prix ≤ 40 %
PROD-0461,Bonbons au Miel et Eucalyptus 250gr,PROD-0462,Bonbons au Miel et Sève de Pin 250gr,PRIX_EQUIVALENT,0.0,3.75,3.75,OUI,OUI,OUI,OUI,0,même sous-catégorie + même régime alcool + écart de prix ≤ 40 %
PROD-0461,Bonbons au Miel et Eucalyptus 250gr,PROD-0654,DOYPACK POP CORN,PRIX_EQUIVALENT,-0.8,3.75,3.72,OUI,OUI,NON,OUI,0,même sous-catégorie + même régime alcool + écart de prix ≤ 40 %
PROD-0461,Bonbons au Miel et Eucalyptus 250gr,PROD-0463,Bonbons Fourrés au Miel 250gr,PRIX_SUPERIEUR,6.7,3.75,4.0,OUI,OUI,OUI,OUI,0,même sous-catégorie + même régime alcool + écart de prix ≤ 40 %
PROD-0461,Bonbons au Miel et Eucalyptus 250gr,PROD-0465,Nougat tendre Amandes Noisettes 100gr,PRIX_SUPERIEUR,6.7,3.75,4.0,OUI,OUI,OUI,OUI,0,même sous-catégorie + même régime alcool + écart de prix ≤ 40 %
PROD-0462,Bonbons au Miel et Sève de Pin 250gr,PROD-0460,Bonbons au Miel 250gr,PRIX_EQUIVALENT,0.0,3.75,3.75,OUI,OUI,OUI,OUI,0,même sous-catégorie + même régime alcool + écart de prix ≤ 40 %
PROD-0462,Bonbons au Miel et Sève de Pin 250gr,PROD-0461,Bonbons au Miel et Eucalyptus 250gr,PRIX_EQUIVALENT,0.0,3.75,3.75,OUI,OUI,OUI,OUI,0,même sous-catégorie + même régime alcool + écart de prix ≤ 40 %
PROD-0462,Bonbons au Miel et Sève de Pin 250gr,PROD-0654,DOYPACK POP CORN,PRIX_EQUIVALENT,-0.8,3.75,3.72,OUI,OUI,NON,OUI,0,même sous-catégorie + même régime alcool + écart de prix ≤ 40 %
PROD-0462,Bonbons au Miel et Sève de Pin 250gr,PROD-0463,Bonbons Fourrés au Miel 250gr,PRIX_SUPERIEUR,6.7,3.75,4.0,OUI,OUI,OUI,OUI,0,même sous-catégorie + même régime alcool + écart de prix ≤ 40 %
PROD-0462,Bonbons au Miel et Sève de Pin 250gr,PROD-0465,Nougat tendre Amandes Noisettes 100gr,PRIX_SUPERIEUR,6.7,3.75,4.0,OUI,OUI,OUI,OUI,0,même sous-catégorie + même régime alcool + écart de prix ≤ 40 %
PROD-0463,Bonbons Fourrés au Miel 250gr,PROD-0465,Nougat tendre Amandes Noisettes 100gr,PRIX_EQUIVALENT,0.0,4.0,4.0,OUI,OUI,OUI,OUI,0,même sous-catégorie + même régime alcool + écart de prix ≤ 40 %
PROD-0463,Bonbons Fourrés au Miel 250gr,PROD-0460,Bonbons au Miel 250gr,PRIX_INFERIEUR,-6.2,4.0,3.75,OUI,OUI,OUI,OUI,0,même sous-catégorie + même régime alcool + écart de prix ≤ 40 %
PROD-0463,Bonbons Fourrés au Miel 250gr,PROD-0461,Bonbons au Miel et Eucalyptus 250gr,PRIX_INFERIEUR,-6.2,4.0,3.75,OUI,OUI,OUI,OUI,0,même sous-catégorie + même régime alcool + écart de prix ≤ 40 %
PROD-0463,Bonbons Fourrés au Miel 250gr,PROD-0462,Bonbons au Miel et Sève de Pin 250gr,PRIX_INFERIEUR,-6.2,4.0,3.75,OUI,OUI,OUI,OUI,0,même sous-catégorie + même régime alcool + écart de prix ≤ 40 %
PROD-0463,Bonbons Fourrés au Miel 250gr,PROD-0654,DOYPACK POP CORN,PRIX_INFERIEUR,-7.0,4.0,3.72,OUI,OUI,NON,OUI,0,même sous-catégorie + même régime alcool + écart de prix ≤ 40 %
PROD-0464,Bonbons berlingot au Miel 150gr,PROD-0654,DOYPACK POP CORN,PRIX_SUPERIEUR,16.2,3.2,3.72,OUI,OUI,NON,OUI,0,même sous-catégorie + même régime alcool + écart de prix ≤ 40 %
PROD-0464,Bonbons berlingot au Miel 150gr,PROD-0460,Bonbons au Miel 250gr,PRIX_SUPERIEUR,17.2,3.2,3.75,OUI,OUI,OUI,OUI,0,même sous-catégorie + même régime alcool + écart de prix ≤ 40 %
PROD-0464,Bonbons berlingot au Miel 150gr,PROD-0461,Bonbons au Miel et Eucalyptus 250gr,PRIX_SUPERIEUR,17.2,3.2,3.75,OUI,OUI,OUI,OUI,0,même sous-catégorie + même régime alcool + écart de prix ≤ 40 %
PROD-0464,Bonbons berlingot au Miel 150gr,PROD-0462,Bonbons au Miel et Sève de Pin 250gr,PRIX_SUPERIEUR,17.2,3.2,3.75,OUI,OUI,OUI,OUI,0,même sous-catégorie + même régime alcool + écart de prix ≤ 40 %
PROD-0464,Bonbons berlingot au Miel 150gr,PROD-0463,Bonbons Fourrés au Miel 250gr,PRIX_SUPERIEUR,25.0,3.2,4.0,OUI,OUI,OUI,OUI,0,même sous-catégorie + même régime alcool + écart de prix ≤ 40 %
PROD-0465,Nougat tendre Amandes Noisettes 100gr,PROD-0463,Bonbons Fourrés au Miel 250gr,PRIX_EQUIVALENT,0.0,4.0,4.0,OUI,OUI,OUI,OUI,0,même sous-catégorie + même régime alcool + écart de prix ≤ 40 %
PROD-0465,Nougat tendre Amandes Noisettes 100gr,PROD-0460,Bonbons au Miel 250gr,PRIX_INFERIEUR,-6.2,4.0,3.75,OUI,OUI,OUI,OUI,0,même sous-catégorie + même régime alcool + écart de prix ≤ 40 %
PROD-0465,Nougat tendre Amandes Noisettes 100gr,PROD-0461,Bonbons au Miel et Eucalyptus 250gr,PRIX_INFERIEUR,-6.2,4.0,3.75,OUI,OUI,OUI,OUI,0,même sous-catégorie + même régime alcool + écart de prix ≤ 40 %
PROD-0465,Nougat tendre Amandes Noisettes 100gr,PROD-0462,Bonbons au Miel et Sève de Pin 250gr,PRIX_INFERIEUR,-6.2,4.0,3.75,OUI,OUI,OUI,OUI,0,même sous-catégorie + même régime alcool + écart de prix ≤ 40 %
PROD-0465,Nougat tendre Amandes Noisettes 100gr,PROD-0654,DOYPACK POP CORN,PRIX_INFERIEUR,-7.0,4.0,3.72,OUI,OUI,NON,OUI,0,même sous-catégorie + même régime alcool + écart de prix ≤ 40 %
PROD-0466,Nougat tendre Amandes Noisettes Pistaches 100gr,PROD-0467,Nougat tendre Amandes Noisettes M&M's 100gr,PRIX_EQUIVALENT,0.0,4.4,4.4,OUI,OUI,OUI,OUI,0,même sous-catégorie + même régime alcool + écart de prix ≤ 40 %
PROD-0466,Nougat tendre Amandes Noisettes Pistaches 100gr,PROD-0468,Nougat tendre Noix de Pécan Caramel beurre salé 100gr,PRIX_EQUIVALENT,0.0,4.4,4.4,OUI,OUI,OUI,OUI,0,même sous-catégorie + même régime alcool + écart de prix ≤ 40 %
PROD-0466,Nougat tendre Amandes Noisettes Pistaches 100gr,PROD-0655,SACHET DE NOUGATS,PRIX_SUPERIEUR,2.3,4.4,4.5,OUI,OUI,NON,OUI,0,même sous-catégorie + même régime alcool + écart de prix ≤ 40 %
PROD-0466,Nougat tendre Amandes Noisettes Pistaches 100gr,PROD-0463,Bonbons Fourrés au Miel 250gr,PRIX_INFERIEUR,-9.1,4.4,4.0,OUI,OUI,OUI,OUI,0,même sous-catégorie + même régime alcool + écart de prix ≤ 40 %
PROD-0466,Nougat tendre Amandes Noisettes Pistaches 100gr,PROD-0465,Nougat tendre Amandes Noisettes 100gr,PRIX_INFERIEUR,-9.1,4.4,4.0,OUI,OUI,OUI,OUI,0,même sous-catégorie + même régime alcool + écart de prix ≤ 40 %
PROD-0467,Nougat tendre Amandes Noisettes M&M's 100gr,PROD-0466,Nougat tendre Amandes Noisettes Pistaches 100gr,PRIX_EQUIVALENT,0.0,4.4,4.4,OUI,OUI,OUI,OUI,0,même sous-catégorie + même régime alcool + écart de prix ≤ 40 %
PROD-0467,Nougat tendre Amandes Noisettes M&M's 100gr,PROD-0468,Nougat tendre Noix de Pécan Caramel beurre salé 100gr,PRIX_EQUIVALENT,0.0,4.4,4.4,OUI,OUI,OUI,OUI,0,même sous-catégorie + même régime alcool + écart de prix ≤ 40 %
PROD-0467,Nougat tendre Amandes Noisettes M&M's 100gr,PROD-0655,SACHET DE NOUGATS,PRIX_SUPERIEUR,2.3,4.4,4.5,OUI,OUI,NON,OUI,0,même sous-catégorie + même régime alcool + écart de prix ≤ 40 %
PROD-0467,Nougat tendre Amandes Noisettes M&M's 100gr,PROD-0463,Bonbons Fourrés au Miel 250gr,PRIX_INFERIEUR,-9.1,4.4,4.0,OUI,OUI,OUI,OUI,0,même sous-catégorie + même régime alcool + écart de prix ≤ 40 %
PROD-0467,Nougat tendre Amandes Noisettes M&M's 100gr,PROD-0465,Nougat tendre Amandes Noisettes 100gr,PRIX_INFERIEUR,-9.1,4.4,4.0,OUI,OUI,OUI,OUI,0,même sous-catégorie + même régime alcool + écart de prix ≤ 40 %
PROD-0468,Nougat tendre Noix de Pécan Caramel beurre salé 100gr,PROD-0466,Nougat tendre Amandes Noisettes Pistaches 100gr,PRIX_EQUIVALENT,0.0,4.4,4.4,OUI,OUI,OUI,OUI,0,même sous-catégorie + même régime alcool + écart de prix ≤ 40 %
PROD-0468,Nougat tendre Noix de Pécan Caramel beurre salé 100gr,PROD-0467,Nougat tendre Amandes Noisettes M&M's 100gr,PRIX_EQUIVALENT,0.0,4.4,4.4,OUI,OUI,OUI,OUI,0,même sous-catégorie + même régime alcool + écart de prix ≤ 40 %
PROD-0468,Nougat tendre Noix de Pécan Caramel beurre salé 100gr,PROD-0655,SACHET DE NOUGATS,PRIX_SUPERIEUR,2.3,4.4,4.5,OUI,OUI,NON,OUI,0,même sous-catégorie + même régime alcool + écart de prix ≤ 40 %
PROD-0468,Nougat tendre Noix de Pécan Caramel beurre salé 100gr,PROD-0463,Bonbons Fourrés au Miel 250gr,PRIX_INFERIEUR,-9.1,4.4,4.0,OUI,OUI,OUI,OUI,0,même sous-catégorie + même régime alcool + écart de prix ≤ 40 %
PROD-0468,Nougat tendre Noix de Pécan Caramel beurre salé 100gr,PROD-0465,Nougat tendre Amandes Noisettes 100gr,PRIX_INFERIEUR,-9.1,4.4,4.0,OUI,OUI,OUI,OUI,0,même sous-catégorie + même régime alcool + écart de prix ≤ 40 %
PROD-0469,Bouchées Nougat tendre 100gr emballage individuel,PROD-0655,SACHET DE NOUGATS,PRIX_INFERIEUR,-8.2,4.9,4.5,OUI,OUI,NON,OUI,0,même sous-catégorie + même régime alcool + écart de prix ≤ 40 %
PROD-0469,Bouchées Nougat tendre 100gr emballage individuel,PROD-0466,Nougat tendre Amandes Noisettes Pistaches 100gr,PRIX_INFERIEUR,-10.2,4.9,4.4,OUI,OUI,OUI,OUI,0,même sous-catégorie + même régime alcool + écart de prix ≤ 40 %
PROD-0469,Bouchées Nougat tendre 100gr emballage individuel,PROD-0467,Nougat tendre Amandes Noisettes M&M's 100gr,PRIX_INFERIEUR,-10.2,4.9,4.4,OUI,OUI,OUI,OUI,0,même sous-catégorie + même régime alcool + écart de prix ≤ 40 %
PROD-0469,Bouchées Nougat tendre 100gr emballage individuel,PROD-0468,Nougat tendre Noix de Pécan Caramel beurre salé 100gr,PRIX_INFERIEUR,-10.2,4.9,4.4,OUI,OUI,OUI,OUI,0,même sous-catégorie + même régime alcool + écart de prix ≤ 40 %
PROD-0469,Bouchées Nougat tendre 100gr emballage individuel,PROD-0496,Petite boite ronde 90gr,PRIX_SUPERIEUR,13.3,4.9,5.55,OUI,OUI,NON,NON,1,même sous-catégorie + même régime alcool + écart de prix ≤ 40 %
PROD-0470,Bouchées Nougat tendre emballage individuel EN VRAC,PROD-0503,Billes chocolatées Vrac,PRIX_SUPERIEUR,5.5,45.5,48.0,OUI,OUI,NON,NON,0,même sous-catégorie + même régime alcool + écart de prix ≤ 40 %
PROD-0470,Bouchées Nougat tendre emballage individuel EN VRAC,PROD-0656,SUCETTES x100,PRIX_INFERIEUR,-27.0,45.5,33.21,OUI,OUI,NON,OUI,1,même sous-catégorie + même régime alcool + écart de prix ≤ 40 %
PROD-0472,"Cidre de Glace 37,5cl 12%",PROD-0687,Cidre de glace,PRIX_SUPERIEUR,18.9,14.3,17.0,OUI,OUI,NON,NON,0,même sous-catégorie + même régime alcool + écart de prix ≤ 40 %
PROD-0473,Saucisson sec nature env 225gr,PROD-0480,Saucisse seche env 175gr,PRIX_EQUIVALENT,1.9,6.35,6.47,OUI,OUI,OUI,OUI,0,même sous-catégorie + même régime alcool + écart de prix ≤ 40 %
PROD-0473,Saucisson sec nature env 225gr,PROD-0475,Chorisson env 225gr,PRIX_SUPERIEUR,18.1,6.35,7.5,OUI,OUI,OUI,OUI,0,même sous-catégorie + même régime alcool + écart de prix ≤ 40 %
PROD-0473,Saucisson sec nature env 225gr,PROD-0476,Cœur de roti (COPPA) env 200gr,PRIX_SUPERIEUR,25.7,6.35,7.98,OUI,OUI,OUI,OUI,0,même sous-catégorie + même régime alcool + écart de prix ≤ 40 %
PROD-0473,Saucisson sec nature env 225gr,PROD-0477,Noix de roti (LONZU) env 200gr,PRIX_SUPERIEUR,25.7,6.35,7.98,OUI,OUI,OUI,OUI,0,même sous-catégorie + même régime alcool + écart de prix ≤ 40 %
PROD-0473,Saucisson sec nature env 225gr,PROD-0479,Gorge de porc séché facon Guanciale env 200gr,PRIX_SUPERIEUR,25.7,6.35,7.98,OUI,OUI,OUI,OUI,0,même sous-catégorie + même régime alcool + écart de prix ≤ 40 %
PROD-0475,Chorisson env 225gr,PROD-0476,Cœur de roti (COPPA) env 200gr,PRIX_SUPERIEUR,6.4,7.5,7.98,OUI,OUI,OUI,OUI,0,même sous-catégorie + même régime alcool + écart de prix ≤ 40 %
PROD-0475,Chorisson env 225gr,PROD-0477,Noix de roti (LONZU) env 200gr,PRIX_SUPERIEUR,6.4,7.5,7.98,OUI,OUI,OUI,OUI,0,même sous-catégorie + même régime alcool + écart de prix ≤ 40 %
PROD-0475,Chorisson env 225gr,PROD-0479,Gorge de porc séché facon Guanciale env 200gr,PRIX_SUPERIEUR,6.4,7.5,7.98,OUI,OUI,OUI,OUI,0,même sous-catégorie + même régime alcool + écart de prix ≤ 40 %
PROD-0475,Chorisson env 225gr,PROD-0480,Saucisse seche env 175gr,PRIX_INFERIEUR,-13.7,7.5,6.47,OUI,OUI,OUI,OUI,0,même sous-catégorie + même régime alcool + écart de prix ≤ 40 %
PROD-0475,Chorisson env 225gr,PROD-0473,Saucisson sec nature env 225gr,PRIX_INFERIEUR,-15.3,7.5,6.35,OUI,OUI,OUI,OUI,0,même sous-catégorie + même régime alcool + écart de prix ≤ 40 %
PROD-0476,Cœur de roti (COPPA) env 200gr,PROD-0477,Noix de roti (LONZU) env 200gr,PRIX_EQUIVALENT,0.0,7.98,7.98,OUI,OUI,OUI,OUI,0,même sous-catégorie + même régime alcool + écart de prix ≤ 40 %
PROD-0476,Cœur de roti (COPPA) env 200gr,PROD-0479,Gorge de porc séché facon Guanciale env 200gr,PRIX_EQUIVALENT,0.0,7.98,7.98,OUI,OUI,OUI,OUI,0,même sous-catégorie + même régime alcool + écart de prix ≤ 40 %
PROD-0476,Cœur de roti (COPPA) env 200gr,PROD-0475,Chorisson env 225gr,PRIX_INFERIEUR,-6.0,7.98,7.5,OUI,OUI,OUI,OUI,0,même sous-catégorie + même régime alcool + écart de prix ≤ 40 %
PROD-0476,Cœur de roti (COPPA) env 200gr,PROD-0480,Saucisse seche env 175gr,PRIX_INFERIEUR,-18.9,7.98,6.47,OUI,OUI,OUI,OUI,0,même sous-catégorie + même régime alcool + écart de prix ≤ 40 %
PROD-0476,Cœur de roti (COPPA) env 200gr,PROD-0473,Saucisson sec nature env 225gr,PRIX_INFERIEUR,-20.4,7.98,6.35,OUI,OUI,OUI,OUI,0,même sous-catégorie + même régime alcool + écart de prix ≤ 40 %
PROD-0477,Noix de roti (LONZU) env 200gr,PROD-0476,Cœur de roti (COPPA) env 200gr,PRIX_EQUIVALENT,0.0,7.98,7.98,OUI,OUI,OUI,OUI,0,même sous-catégorie + même régime alcool + écart de prix ≤ 40 %
PROD-0477,Noix de roti (LONZU) env 200gr,PROD-0479,Gorge de porc séché facon Guanciale env 200gr,PRIX_EQUIVALENT,0.0,7.98,7.98,OUI,OUI,OUI,OUI,0,même sous-catégorie + même régime alcool + écart de prix ≤ 40 %
PROD-0477,Noix de roti (LONZU) env 200gr,PROD-0475,Chorisson env 225gr,PRIX_INFERIEUR,-6.0,7.98,7.5,OUI,OUI,OUI,OUI,0,même sous-catégorie + même régime alcool + écart de prix ≤ 40 %
PROD-0477,Noix de roti (LONZU) env 200gr,PROD-0480,Saucisse seche env 175gr,PRIX_INFERIEUR,-18.9,7.98,6.47,OUI,OUI,OUI,OUI,0,même sous-catégorie + même régime alcool + écart de prix ≤ 40 %
PROD-0477,Noix de roti (LONZU) env 200gr,PROD-0473,Saucisson sec nature env 225gr,PRIX_INFERIEUR,-20.4,7.98,6.35,OUI,OUI,OUI,OUI,0,même sous-catégorie + même régime alcool + écart de prix ≤ 40 %
PROD-0479,Gorge de porc séché facon Guanciale env 200gr,PROD-0476,Cœur de roti (COPPA) env 200gr,PRIX_EQUIVALENT,0.0,7.98,7.98,OUI,OUI,OUI,OUI,0,même sous-catégorie + même régime alcool + écart de prix ≤ 40 %
PROD-0479,Gorge de porc séché facon Guanciale env 200gr,PROD-0477,Noix de roti (LONZU) env 200gr,PRIX_EQUIVALENT,0.0,7.98,7.98,OUI,OUI,OUI,OUI,0,même sous-catégorie + même régime alcool + écart de prix ≤ 40 %
PROD-0479,Gorge de porc séché facon Guanciale env 200gr,PROD-0475,Chorisson env 225gr,PRIX_INFERIEUR,-6.0,7.98,7.5,OUI,OUI,OUI,OUI,0,même sous-catégorie + même régime alcool + écart de prix ≤ 40 %
PROD-0479,Gorge de porc séché facon Guanciale env 200gr,PROD-0480,Saucisse seche env 175gr,PRIX_INFERIEUR,-18.9,7.98,6.47,OUI,OUI,OUI,OUI,0,même sous-catégorie + même régime alcool + écart de prix ≤ 40 %
PROD-0479,Gorge de porc séché facon Guanciale env 200gr,PROD-0473,Saucisson sec nature env 225gr,PRIX_INFERIEUR,-20.4,7.98,6.35,OUI,OUI,OUI,OUI,0,même sous-catégorie + même régime alcool + écart de prix ≤ 40 %
PROD-0480,Saucisse seche env 175gr,PROD-0473,Saucisson sec nature env 225gr,PRIX_EQUIVALENT,-1.9,6.47,6.35,OUI,OUI,OUI,OUI,0,même sous-catégorie + même régime alcool + écart de prix ≤ 40 %
PROD-0480,Saucisse seche env 175gr,PROD-0475,Chorisson env 225gr,PRIX_SUPERIEUR,15.9,6.47,7.5,OUI,OUI,OUI,OUI,0,même sous-catégorie + même régime alcool + écart de prix ≤ 40 %
PROD-0480,Saucisse seche env 175gr,PROD-0476,Cœur de roti (COPPA) env 200gr,PRIX_SUPERIEUR,23.3,6.47,7.98,OUI,OUI,OUI,OUI,0,même sous-catégorie + même régime alcool + écart de prix ≤ 40 %
PROD-0480,Saucisse seche env 175gr,PROD-0477,Noix de roti (LONZU) env 200gr,PRIX_SUPERIEUR,23.3,6.47,7.98,OUI,OUI,OUI,OUI,0,même sous-catégorie + même régime alcool + écart de prix ≤ 40 %
PROD-0480,Saucisse seche env 175gr,PROD-0479,Gorge de porc séché facon Guanciale env 200gr,PRIX_SUPERIEUR,23.3,6.47,7.98,OUI,OUI,OUI,OUI,0,même sous-catégorie + même régime alcool + écart de prix ≤ 40 %
PROD-0482,Beurre de Cacahuètes Nature 300g,PROD-0483,"Beurre de Cacahuètes ""Crunchy"" 300g",PRIX_EQUIVALENT,0.0,4.08,4.08,OUI,OUI,OUI,OUI,0,même sous-catégorie + même régime alcool + écart de prix ≤ 40 %
PROD-0482,Beurre de Cacahuètes Nature 300g,PROD-0484,"Beurre de Cacahuètes ""Chouchou"" 300g",PRIX_EQUIVALENT,0.0,4.08,4.08,OUI,OUI,OUI,OUI,0,même sous-catégorie + même régime alcool + écart de prix ≤ 40 %
PROD-0482,Beurre de Cacahuètes Nature 300g,PROD-0485,Beurre 100% Cacahuetes sans sucre ajouté 300g,PRIX_EQUIVALENT,0.0,4.08,4.08,OUI,OUI,OUI,OUI,0,même sous-catégorie + même régime alcool + écart de prix ≤ 40 %
PROD-0483,"Beurre de Cacahuètes ""Crunchy"" 300g",PROD-0482,Beurre de Cacahuètes Nature 300g,PRIX_EQUIVALENT,0.0,4.08,4.08,OUI,OUI,OUI,OUI,0,même sous-catégorie + même régime alcool + écart de prix ≤ 40 %
PROD-0483,"Beurre de Cacahuètes ""Crunchy"" 300g",PROD-0484,"Beurre de Cacahuètes ""Chouchou"" 300g",PRIX_EQUIVALENT,0.0,4.08,4.08,OUI,OUI,OUI,OUI,0,même sous-catégorie + même régime alcool + écart de prix ≤ 40 %
PROD-0483,"Beurre de Cacahuètes ""Crunchy"" 300g",PROD-0485,Beurre 100% Cacahuetes sans sucre ajouté 300g,PRIX_EQUIVALENT,0.0,4.08,4.08,OUI,OUI,OUI,OUI,0,même sous-catégorie + même régime alcool + écart de prix ≤ 40 %
PROD-0484,"Beurre de Cacahuètes ""Chouchou"" 300g",PROD-0482,Beurre de Cacahuètes Nature 300g,PRIX_EQUIVALENT,0.0,4.08,4.08,OUI,OUI,OUI,OUI,0,même sous-catégorie + même régime alcool + écart de prix ≤ 40 %
PROD-0484,"Beurre de Cacahuètes ""Chouchou"" 300g",PROD-0483,"Beurre de Cacahuètes ""Crunchy"" 300g",PRIX_EQUIVALENT,0.0,4.08,4.08,OUI,OUI,OUI,OUI,0,même sous-catégorie + même régime alcool + écart de prix ≤ 40 %
PROD-0484,"Beurre de Cacahuètes ""Chouchou"" 300g",PROD-0485,Beurre 100% Cacahuetes sans sucre ajouté 300g,PRIX_EQUIVALENT,0.0,4.08,4.08,OUI,OUI,OUI,OUI,0,même sous-catégorie + même régime alcool + écart de prix ≤ 40 %
PROD-0485,Beurre 100% Cacahuetes sans sucre ajouté 300g,PROD-0482,Beurre de Cacahuètes Nature 300g,PRIX_EQUIVALENT,0.0,4.08,4.08,OUI,OUI,OUI,OUI,0,même sous-catégorie + même régime alcool + écart de prix ≤ 40 %
PROD-0485,Beurre 100% Cacahuetes sans sucre ajouté 300g,PROD-0483,"Beurre de Cacahuètes ""Crunchy"" 300g",PRIX_EQUIVALENT,0.0,4.08,4.08,OUI,OUI,OUI,OUI,0,même sous-catégorie + même régime alcool + écart de prix ≤ 40 %
PROD-0485,Beurre 100% Cacahuetes sans sucre ajouté 300g,PROD-0484,"Beurre de Cacahuètes ""Chouchou"" 300g",PRIX_EQUIVALENT,0.0,4.08,4.08,OUI,OUI,OUI,OUI,0,même sous-catégorie + même régime alcool + écart de prix ≤ 40 %
PROD-0486,Moscow Mule 70cl 16%,PROD-0487,Pornstar Martini 70cl 16%,PRIX_EQUIVALENT,0.0,12.6,12.6,OUI,OUI,OUI,OUI,0,même sous-catégorie + même régime alcool + écart de prix ≤ 40 %
PROD-0486,Moscow Mule 70cl 16%,PROD-0488,Espresso Martini 70cl 16%,PRIX_EQUIVALENT,0.0,12.6,12.6,OUI,OUI,OUI,OUI,0,même sous-catégorie + même régime alcool + écart de prix ≤ 40 %
PROD-0486,Moscow Mule 70cl 16%,PROD-0489,Sex on the Beach 70cl 16%,PRIX_EQUIVALENT,0.0,12.6,12.6,OUI,OUI,OUI,OUI,0,même sous-catégorie + même régime alcool + écart de prix ≤ 40 %
PROD-0486,Moscow Mule 70cl 16%,PROD-0490,Cosmopolitan 70cl 16%,PRIX_EQUIVALENT,0.0,12.6,12.6,OUI,OUI,OUI,OUI,0,même sous-catégorie + même régime alcool + écart de prix ≤ 40 %
PROD-0486,Moscow Mule 70cl 16%,PROD-0491,American Plum Sour 70cl 16%,PRIX_EQUIVALENT,0.0,12.6,12.6,OUI,OUI,OUI,OUI,0,même sous-catégorie + même régime alcool + écart de prix ≤ 40 %
PROD-0487,Pornstar Martini 70cl 16%,PROD-0486,Moscow Mule 70cl 16%,PRIX_EQUIVALENT,0.0,12.6,12.6,OUI,OUI,OUI,OUI,0,même sous-catégorie + même régime alcool + écart de prix ≤ 40 %
PROD-0487,Pornstar Martini 70cl 16%,PROD-0488,Espresso Martini 70cl 16%,PRIX_EQUIVALENT,0.0,12.6,12.6,OUI,OUI,OUI,OUI,0,même sous-catégorie + même régime alcool + écart de prix ≤ 40 %
PROD-0487,Pornstar Martini 70cl 16%,PROD-0489,Sex on the Beach 70cl 16%,PRIX_EQUIVALENT,0.0,12.6,12.6,OUI,OUI,OUI,OUI,0,même sous-catégorie + même régime alcool + écart de prix ≤ 40 %
PROD-0487,Pornstar Martini 70cl 16%,PROD-0490,Cosmopolitan 70cl 16%,PRIX_EQUIVALENT,0.0,12.6,12.6,OUI,OUI,OUI,OUI,0,même sous-catégorie + même régime alcool + écart de prix ≤ 40 %
PROD-0487,Pornstar Martini 70cl 16%,PROD-0491,American Plum Sour 70cl 16%,PRIX_EQUIVALENT,0.0,12.6,12.6,OUI,OUI,OUI,OUI,0,même sous-catégorie + même régime alcool + écart de prix ≤ 40 %
PROD-0488,Espresso Martini 70cl 16%,PROD-0486,Moscow Mule 70cl 16%,PRIX_EQUIVALENT,0.0,12.6,12.6,OUI,OUI,OUI,OUI,0,même sous-catégorie + même régime alcool + écart de prix ≤ 40 %
PROD-0488,Espresso Martini 70cl 16%,PROD-0487,Pornstar Martini 70cl 16%,PRIX_EQUIVALENT,0.0,12.6,12.6,OUI,OUI,OUI,OUI,0,même sous-catégorie + même régime alcool + écart de prix ≤ 40 %
PROD-0488,Espresso Martini 70cl 16%,PROD-0489,Sex on the Beach 70cl 16%,PRIX_EQUIVALENT,0.0,12.6,12.6,OUI,OUI,OUI,OUI,0,même sous-catégorie + même régime alcool + écart de prix ≤ 40 %
PROD-0488,Espresso Martini 70cl 16%,PROD-0490,Cosmopolitan 70cl 16%,PRIX_EQUIVALENT,0.0,12.6,12.6,OUI,OUI,OUI,OUI,0,même sous-catégorie + même régime alcool + écart de prix ≤ 40 %
PROD-0488,Espresso Martini 70cl 16%,PROD-0491,American Plum Sour 70cl 16%,PRIX_EQUIVALENT,0.0,12.6,12.6,OUI,OUI,OUI,OUI,0,même sous-catégorie + même régime alcool + écart de prix ≤ 40 %
PROD-0489,Sex on the Beach 70cl 16%,PROD-0486,Moscow Mule 70cl 16%,PRIX_EQUIVALENT,0.0,12.6,12.6,OUI,OUI,OUI,OUI,0,même sous-catégorie + même régime alcool + écart de prix ≤ 40 %
PROD-0489,Sex on the Beach 70cl 16%,PROD-0487,Pornstar Martini 70cl 16%,PRIX_EQUIVALENT,0.0,12.6,12.6,OUI,OUI,OUI,OUI,0,même sous-catégorie + même régime alcool + écart de prix ≤ 40 %
PROD-0489,Sex on the Beach 70cl 16%,PROD-0488,Espresso Martini 70cl 16%,PRIX_EQUIVALENT,0.0,12.6,12.6,OUI,OUI,OUI,OUI,0,même sous-catégorie + même régime alcool + écart de prix ≤ 40 %
PROD-0489,Sex on the Beach 70cl 16%,PROD-0490,Cosmopolitan 70cl 16%,PRIX_EQUIVALENT,0.0,12.6,12.6,OUI,OUI,OUI,OUI,0,même sous-catégorie + même régime alcool + écart de prix ≤ 40 %
PROD-0489,Sex on the Beach 70cl 16%,PROD-0491,American Plum Sour 70cl 16%,PRIX_EQUIVALENT,0.0,12.6,12.6,OUI,OUI,OUI,OUI,0,même sous-catégorie + même régime alcool + écart de prix ≤ 40 %
PROD-0490,Cosmopolitan 70cl 16%,PROD-0486,Moscow Mule 70cl 16%,PRIX_EQUIVALENT,0.0,12.6,12.6,OUI,OUI,OUI,OUI,0,même sous-catégorie + même régime alcool + écart de prix ≤ 40 %
PROD-0490,Cosmopolitan 70cl 16%,PROD-0487,Pornstar Martini 70cl 16%,PRIX_EQUIVALENT,0.0,12.6,12.6,OUI,OUI,OUI,OUI,0,même sous-catégorie + même régime alcool + écart de prix ≤ 40 %
PROD-0490,Cosmopolitan 70cl 16%,PROD-0488,Espresso Martini 70cl 16%,PRIX_EQUIVALENT,0.0,12.6,12.6,OUI,OUI,OUI,OUI,0,même sous-catégorie + même régime alcool + écart de prix ≤ 40 %
PROD-0490,Cosmopolitan 70cl 16%,PROD-0489,Sex on the Beach 70cl 16%,PRIX_EQUIVALENT,0.0,12.6,12.6,OUI,OUI,OUI,OUI,0,même sous-catégorie + même régime alcool + écart de prix ≤ 40 %
PROD-0490,Cosmopolitan 70cl 16%,PROD-0491,American Plum Sour 70cl 16%,PRIX_EQUIVALENT,0.0,12.6,12.6,OUI,OUI,OUI,OUI,0,même sous-catégorie + même régime alcool + écart de prix ≤ 40 %
PROD-0491,American Plum Sour 70cl 16%,PROD-0486,Moscow Mule 70cl 16%,PRIX_EQUIVALENT,0.0,12.6,12.6,OUI,OUI,OUI,OUI,0,même sous-catégorie + même régime alcool + écart de prix ≤ 40 %
PROD-0491,American Plum Sour 70cl 16%,PROD-0487,Pornstar Martini 70cl 16%,PRIX_EQUIVALENT,0.0,12.6,12.6,OUI,OUI,OUI,OUI,0,même sous-catégorie + même régime alcool + écart de prix ≤ 40 %
PROD-0491,American Plum Sour 70cl 16%,PROD-0488,Espresso Martini 70cl 16%,PRIX_EQUIVALENT,0.0,12.6,12.6,OUI,OUI,OUI,OUI,0,même sous-catégorie + même régime alcool + écart de prix ≤ 40 %
PROD-0491,American Plum Sour 70cl 16%,PROD-0489,Sex on the Beach 70cl 16%,PRIX_EQUIVALENT,0.0,12.6,12.6,OUI,OUI,OUI,OUI,0,même sous-catégorie + même régime alcool + écart de prix ≤ 40 %
PROD-0491,American Plum Sour 70cl 16%,PROD-0490,Cosmopolitan 70cl 16%,PRIX_EQUIVALENT,0.0,12.6,12.6,OUI,OUI,OUI,OUI,0,même sous-catégorie + même régime alcool + écart de prix ≤ 40 %
PROD-0492,"Vodka Arrangée Mangue Abricot 70cl 16,2%",PROD-0493,"Vodka Arrangée Romarin Pamplemousse 70cl 16,2%",PRIX_EQUIVALENT,0.0,18.9,18.9,OUI,OUI,OUI,OUI,0,même sous-catégorie + même régime alcool + écart de prix ≤ 40 %
PROD-0492,"Vodka Arrangée Mangue Abricot 70cl 16,2%",PROD-0494,"Vodka Arrangée Rhubarbe Sichuan 70cl 16,2%",PRIX_EQUIVALENT,0.0,18.9,18.9,OUI,OUI,OUI,OUI,0,même sous-catégorie + même régime alcool + écart de prix ≤ 40 %
PROD-0492,"Vodka Arrangée Mangue Abricot 70cl 16,2%",PROD-0495,"Vodka Arrangée Banane Vanille 70cl 16,2%",PRIX_EQUIVALENT,0.0,18.9,18.9,OUI,OUI,OUI,OUI,0,même sous-catégorie + même régime alcool + écart de prix ≤ 40 %
PROD-0492,"Vodka Arrangée Mangue Abricot 70cl 16,2%",PROD-0409,Vodka 40° 70 cl  Echantillon gratuit pour 6 sur demande,PRIX_SUPERIEUR,9.5,18.9,20.7,OUI,OUI,NON,OUI,0,même sous-catégorie + même régime alcool + écart de prix ≤ 40 %
PROD-0492,"Vodka Arrangée Mangue Abricot 70cl 16,2%",PROD-0404,Gin 40° 70 cl   Echantillon gratuit pour 6 sur demande,PRIX_SUPERIEUR,23.0,18.9,23.25,OUI,OUI,NON,OUI,0,même sous-catégorie + même régime alcool + écart de prix ≤ 40 %
PROD-0493,"Vodka Arrangée Romarin Pamplemousse 70cl 16,2%",PROD-0492,"Vodka Arrangée Mangue Abricot 70cl 16,2%",PRIX_EQUIVALENT,0.0,18.9,18.9,OUI,OUI,OUI,OUI,0,même sous-catégorie + même régime alcool + écart de prix ≤ 40 %
PROD-0493,"Vodka Arrangée Romarin Pamplemousse 70cl 16,2%",PROD-0494,"Vodka Arrangée Rhubarbe Sichuan 70cl 16,2%",PRIX_EQUIVALENT,0.0,18.9,18.9,OUI,OUI,OUI,OUI,0,même sous-catégorie + même régime alcool + écart de prix ≤ 40 %
PROD-0493,"Vodka Arrangée Romarin Pamplemousse 70cl 16,2%",PROD-0495,"Vodka Arrangée Banane Vanille 70cl 16,2%",PRIX_EQUIVALENT,0.0,18.9,18.9,OUI,OUI,OUI,OUI,0,même sous-catégorie + même régime alcool + écart de prix ≤ 40 %
PROD-0493,"Vodka Arrangée Romarin Pamplemousse 70cl 16,2%",PROD-0409,Vodka 40° 70 cl  Echantillon gratuit pour 6 sur demande,PRIX_SUPERIEUR,9.5,18.9,20.7,OUI,OUI,NON,OUI,0,même sous-catégorie + même régime alcool + écart de prix ≤ 40 %
PROD-0493,"Vodka Arrangée Romarin Pamplemousse 70cl 16,2%",PROD-0404,Gin 40° 70 cl   Echantillon gratuit pour 6 sur demande,PRIX_SUPERIEUR,23.0,18.9,23.25,OUI,OUI,NON,OUI,0,même sous-catégorie + même régime alcool + écart de prix ≤ 40 %
PROD-0494,"Vodka Arrangée Rhubarbe Sichuan 70cl 16,2%",PROD-0492,"Vodka Arrangée Mangue Abricot 70cl 16,2%",PRIX_EQUIVALENT,0.0,18.9,18.9,OUI,OUI,OUI,OUI,0,même sous-catégorie + même régime alcool + écart de prix ≤ 40 %
PROD-0494,"Vodka Arrangée Rhubarbe Sichuan 70cl 16,2%",PROD-0493,"Vodka Arrangée Romarin Pamplemousse 70cl 16,2%",PRIX_EQUIVALENT,0.0,18.9,18.9,OUI,OUI,OUI,OUI,0,même sous-catégorie + même régime alcool + écart de prix ≤ 40 %
PROD-0494,"Vodka Arrangée Rhubarbe Sichuan 70cl 16,2%",PROD-0495,"Vodka Arrangée Banane Vanille 70cl 16,2%",PRIX_EQUIVALENT,0.0,18.9,18.9,OUI,OUI,OUI,OUI,0,même sous-catégorie + même régime alcool + écart de prix ≤ 40 %
PROD-0494,"Vodka Arrangée Rhubarbe Sichuan 70cl 16,2%",PROD-0409,Vodka 40° 70 cl  Echantillon gratuit pour 6 sur demande,PRIX_SUPERIEUR,9.5,18.9,20.7,OUI,OUI,NON,OUI,0,même sous-catégorie + même régime alcool + écart de prix ≤ 40 %
PROD-0494,"Vodka Arrangée Rhubarbe Sichuan 70cl 16,2%",PROD-0404,Gin 40° 70 cl   Echantillon gratuit pour 6 sur demande,PRIX_SUPERIEUR,23.0,18.9,23.25,OUI,OUI,NON,OUI,0,même sous-catégorie + même régime alcool + écart de prix ≤ 40 %
PROD-0495,"Vodka Arrangée Banane Vanille 70cl 16,2%",PROD-0492,"Vodka Arrangée Mangue Abricot 70cl 16,2%",PRIX_EQUIVALENT,0.0,18.9,18.9,OUI,OUI,OUI,OUI,0,même sous-catégorie + même régime alcool + écart de prix ≤ 40 %
PROD-0495,"Vodka Arrangée Banane Vanille 70cl 16,2%",PROD-0493,"Vodka Arrangée Romarin Pamplemousse 70cl 16,2%",PRIX_EQUIVALENT,0.0,18.9,18.9,OUI,OUI,OUI,OUI,0,même sous-catégorie + même régime alcool + écart de prix ≤ 40 %
PROD-0495,"Vodka Arrangée Banane Vanille 70cl 16,2%",PROD-0494,"Vodka Arrangée Rhubarbe Sichuan 70cl 16,2%",PRIX_EQUIVALENT,0.0,18.9,18.9,OUI,OUI,OUI,OUI,0,même sous-catégorie + même régime alcool + écart de prix ≤ 40 %
PROD-0495,"Vodka Arrangée Banane Vanille 70cl 16,2%",PROD-0409,Vodka 40° 70 cl  Echantillon gratuit pour 6 sur demande,PRIX_SUPERIEUR,9.5,18.9,20.7,OUI,OUI,NON,OUI,0,même sous-catégorie + même régime alcool + écart de prix ≤ 40 %
PROD-0495,"Vodka Arrangée Banane Vanille 70cl 16,2%",PROD-0404,Gin 40° 70 cl   Echantillon gratuit pour 6 sur demande,PRIX_SUPERIEUR,23.0,18.9,23.25,OUI,OUI,NON,OUI,0,même sous-catégorie + même régime alcool + écart de prix ≤ 40 %
PROD-0496,Petite boite ronde 90gr,PROD-0498,Sachet Kraft 100gr,PRIX_EQUIVALENT,0.0,5.55,5.55,OUI,OUI,OUI,OUI,0,même sous-catégorie + même régime alcool + écart de prix ≤ 40 %
PROD-0496,Petite boite ronde 90gr,PROD-0469,Bouchées Nougat tendre 100gr emballage individuel,PRIX_INFERIEUR,-11.7,5.55,4.9,OUI,OUI,NON,NON,-1,même sous-catégorie + même régime alcool + écart de prix ≤ 40 %
PROD-0496,Petite boite ronde 90gr,PROD-0655,SACHET DE NOUGATS,PRIX_INFERIEUR,-18.9,5.55,4.5,OUI,OUI,NON,NON,-1,même sous-catégorie + même régime alcool + écart de prix ≤ 40 %
PROD-0496,Petite boite ronde 90gr,PROD-0466,Nougat tendre Amandes Noisettes Pistaches 100gr,PRIX_INFERIEUR,-20.7,5.55,4.4,OUI,OUI,NON,NON,-1,même sous-catégorie + même régime alcool + écart de prix ≤ 40 %
PROD-0496,Petite boite ronde 90gr,PROD-0467,Nougat tendre Amandes Noisettes M&M's 100gr,PRIX_INFERIEUR,-20.7,5.55,4.4,OUI,OUI,NON,NON,-1,même sous-catégorie + même régime alcool + écart de prix ≤ 40 %
PROD-0497,Grande boite ronde 150gr,PROD-0496,Petite boite ronde 90gr,PRIX_INFERIEUR,-33.5,8.35,5.55,OUI,OUI,OUI,OUI,0,même sous-catégorie + même régime alcool + écart de prix ≤ 40 %
PROD-0497,Grande boite ronde 150gr,PROD-0498,Sachet Kraft 100gr,PRIX_INFERIEUR,-33.5,8.35,5.55,OUI,OUI,OUI,OUI,0,même sous-catégorie + même régime alcool + écart de prix ≤ 40 %
PROD-0498,Sachet Kraft 100gr,PROD-0496,Petite boite ronde 90gr,PRIX_EQUIVALENT,0.0,5.55,5.55,OUI,OUI,OUI,OUI,0,même sous-catégorie + même régime alcool + écart de prix ≤ 40 %
PROD-0498,Sachet Kraft 100gr,PROD-0469,Bouchées Nougat tendre 100gr emballage individuel,PRIX_INFERIEUR,-11.7,5.55,4.9,OUI,OUI,NON,NON,-1,même sous-catégorie + même régime alcool + écart de prix ≤ 40 %
PROD-0498,Sachet Kraft 100gr,PROD-0655,SACHET DE NOUGATS,PRIX_INFERIEUR,-18.9,5.55,4.5,OUI,OUI,NON,NON,-1,même sous-catégorie + même régime alcool + écart de prix ≤ 40 %
PROD-0498,Sachet Kraft 100gr,PROD-0466,Nougat tendre Amandes Noisettes Pistaches 100gr,PRIX_INFERIEUR,-20.7,5.55,4.4,OUI,OUI,NON,NON,-1,même sous-catégorie + même régime alcool + écart de prix ≤ 40 %
PROD-0498,Sachet Kraft 100gr,PROD-0467,Nougat tendre Amandes Noisettes M&M's 100gr,PRIX_INFERIEUR,-20.7,5.55,4.4,OUI,OUI,NON,NON,-1,même sous-catégorie + même régime alcool + écart de prix ≤ 40 %
PROD-0499,Boite prestige 200gr,PROD-0500,Boite prestige 250gr,PRIX_SUPERIEUR,25.1,14.36,17.96,OUI,OUI,OUI,OUI,0,même sous-catégorie + même régime alcool + écart de prix ≤ 40 %
PROD-0500,Boite prestige 250gr,PROD-0499,Boite prestige 200gr,PRIX_INFERIEUR,-20.0,17.96,14.36,OUI,OUI,OUI,OUI,0,même sous-catégorie + même régime alcool + écart de prix ≤ 40 %
PROD-0500,Boite prestige 250gr,PROD-0501,Boite prestige 320gr,PRIX_SUPERIEUR,31.0,17.96,23.52,OUI,OUI,OUI,OUI,0,même sous-catégorie + même régime alcool + écart de prix ≤ 40 %
PROD-0501,Boite prestige 320gr,PROD-0500,Boite prestige 250gr,PRIX_INFERIEUR,-23.6,23.52,17.96,OUI,OUI,OUI,OUI,0,même sous-catégorie + même régime alcool + écart de prix ≤ 40 %
PROD-0501,Boite prestige 320gr,PROD-0499,Boite prestige 200gr,PRIX_INFERIEUR,-38.9,23.52,14.36,OUI,OUI,OUI,OUI,0,même sous-catégorie + même régime alcool + écart de prix ≤ 40 %
PROD-0503,Billes chocolatées Vrac,PROD-0470,Bouchées Nougat tendre emballage individuel EN VRAC,PRIX_INFERIEUR,-5.2,48.0,45.5,OUI,OUI,NON,NON,0,même sous-catégorie + même régime alcool + écart de prix ≤ 40 %
PROD-0503,Billes chocolatées Vrac,PROD-0656,SUCETTES x100,PRIX_INFERIEUR,-30.8,48.0,33.21,OUI,OUI,NON,NON,1,même sous-catégorie + même régime alcool + écart de prix ≤ 40 %
PROD-0504,BOÎTE BOIS RONDE BEURRE SALÉ,PROD-0506,BOÎTE BOIS CARRÉE BEURRE SALÉ,PRIX_EQUIVALENT,0.0,2.85,2.85,OUI,OUI,OUI,OUI,0,même sous-catégorie + même régime alcool + écart de prix ≤ 40 %
PROD-0504,BOÎTE BOIS RONDE BEURRE SALÉ,PROD-0508,BOÎTE BOIS RONDE FONDANT BEURRE SALÉ,PRIX_EQUIVALENT,0.0,2.85,2.85,OUI,OUI,OUI,OUI,0,même sous-catégorie + même régime alcool + écart de prix ≤ 40 %
PROD-0504,BOÎTE BOIS RONDE BEURRE SALÉ,PROD-0510,BOÎTE BOIS CARRÉE FONDANT BEURRE SALÉ,PRIX_EQUIVALENT,0.0,2.85,2.85,OUI,OUI,OUI,OUI,0,même sous-catégorie + même régime alcool + écart de prix ≤ 40 %
PROD-0504,BOÎTE BOIS RONDE BEURRE SALÉ,PROD-0512,BOÎTE BOIS RONDE ASSORTIMENT TRADITION,PRIX_EQUIVALENT,0.0,2.85,2.85,OUI,OUI,OUI,OUI,0,même sous-catégorie + même régime alcool + écart de prix ≤ 40 %
PROD-0504,BOÎTE BOIS RONDE BEURRE SALÉ,PROD-0514,BOÎTE BOIS CARRÉE ASSORTIMENT TRADITION,PRIX_EQUIVALENT,0.0,2.85,2.85,OUI,OUI,OUI,OUI,0,même sous-catégorie + même régime alcool + écart de prix ≤ 40 %
PROD-0505,BOÎTE BOIS RONDE BEURRE SALÉ,PROD-0507,BOÎTE BOIS CARRÉE BEURRE SALÉ,PRIX_EQUIVALENT,0.0,4.25,4.25,OUI,OUI,OUI,OUI,0,même sous-catégorie + même régime alcool + écart de prix ≤ 40 %
PROD-0505,BOÎTE BOIS RONDE BEURRE SALÉ,PROD-0509,BOÎTE BOIS RONDE FONDANT BEURRE SALÉ,PRIX_EQUIVALENT,0.0,4.25,4.25,OUI,OUI,OUI,OUI,0,même sous-catégorie + même régime alcool + écart de prix ≤ 40 %
PROD-0505,BOÎTE BOIS RONDE BEURRE SALÉ,PROD-0511,BOÎTE BOIS CARRÉE FONDANT BEURRE SALÉ,PRIX_EQUIVALENT,0.0,4.25,4.25,OUI,OUI,OUI,OUI,0,même sous-catégorie + même régime alcool + écart de prix ≤ 40 %
PROD-0505,BOÎTE BOIS RONDE BEURRE SALÉ,PROD-0513,BOÎTE BOIS RONDE ASSORTIMENT TRADITION,PRIX_EQUIVALENT,0.0,4.25,4.25,OUI,OUI,OUI,OUI,0,même sous-catégorie + même régime alcool + écart de prix ≤ 40 %
PROD-0505,BOÎTE BOIS RONDE BEURRE SALÉ,PROD-0515,BOÎTE BOIS CARRÉE ASSORTIMENT TRADITION,PRIX_EQUIVALENT,0.0,4.25,4.25,OUI,OUI,OUI,OUI,0,même sous-catégorie + même régime alcool + écart de prix ≤ 40 %
PROD-0506,BOÎTE BOIS CARRÉE BEURRE SALÉ,PROD-0504,BOÎTE BOIS RONDE BEURRE SALÉ,PRIX_EQUIVALENT,0.0,2.85,2.85,OUI,OUI,OUI,OUI,0,même sous-catégorie + même régime alcool + écart de prix ≤ 40 %
PROD-0506,BOÎTE BOIS CARRÉE BEURRE SALÉ,PROD-0508,BOÎTE BOIS RONDE FONDANT BEURRE SALÉ,PRIX_EQUIVALENT,0.0,2.85,2.85,OUI,OUI,OUI,OUI,0,même sous-catégorie + même régime alcool + écart de prix ≤ 40 %
PROD-0506,BOÎTE BOIS CARRÉE BEURRE SALÉ,PROD-0510,BOÎTE BOIS CARRÉE FONDANT BEURRE SALÉ,PRIX_EQUIVALENT,0.0,2.85,2.85,OUI,OUI,OUI,OUI,0,même sous-catégorie + même régime alcool + écart de prix ≤ 40 %
PROD-0506,BOÎTE BOIS CARRÉE BEURRE SALÉ,PROD-0512,BOÎTE BOIS RONDE ASSORTIMENT TRADITION,PRIX_EQUIVALENT,0.0,2.85,2.85,OUI,OUI,OUI,OUI,0,même sous-catégorie + même régime alcool + écart de prix ≤ 40 %
PROD-0506,BOÎTE BOIS CARRÉE BEURRE SALÉ,PROD-0514,BOÎTE BOIS CARRÉE ASSORTIMENT TRADITION,PRIX_EQUIVALENT,0.0,2.85,2.85,OUI,OUI,OUI,OUI,0,même sous-catégorie + même régime alcool + écart de prix ≤ 40 %
PROD-0507,BOÎTE BOIS CARRÉE BEURRE SALÉ,PROD-0505,BOÎTE BOIS RONDE BEURRE SALÉ,PRIX_EQUIVALENT,0.0,4.25,4.25,OUI,OUI,OUI,OUI,0,même sous-catégorie + même régime alcool + écart de prix ≤ 40 %
PROD-0507,BOÎTE BOIS CARRÉE BEURRE SALÉ,PROD-0509,BOÎTE BOIS RONDE FONDANT BEURRE SALÉ,PRIX_EQUIVALENT,0.0,4.25,4.25,OUI,OUI,OUI,OUI,0,même sous-catégorie + même régime alcool + écart de prix ≤ 40 %
PROD-0507,BOÎTE BOIS CARRÉE BEURRE SALÉ,PROD-0511,BOÎTE BOIS CARRÉE FONDANT BEURRE SALÉ,PRIX_EQUIVALENT,0.0,4.25,4.25,OUI,OUI,OUI,OUI,0,même sous-catégorie + même régime alcool + écart de prix ≤ 40 %
PROD-0507,BOÎTE BOIS CARRÉE BEURRE SALÉ,PROD-0513,BOÎTE BOIS RONDE ASSORTIMENT TRADITION,PRIX_EQUIVALENT,0.0,4.25,4.25,OUI,OUI,OUI,OUI,0,même sous-catégorie + même régime alcool + écart de prix ≤ 40 %
PROD-0507,BOÎTE BOIS CARRÉE BEURRE SALÉ,PROD-0515,BOÎTE BOIS CARRÉE ASSORTIMENT TRADITION,PRIX_EQUIVALENT,0.0,4.25,4.25,OUI,OUI,OUI,OUI,0,même sous-catégorie + même régime alcool + écart de prix ≤ 40 %
PROD-0508,BOÎTE BOIS RONDE FONDANT BEURRE SALÉ,PROD-0504,BOÎTE BOIS RONDE BEURRE SALÉ,PRIX_EQUIVALENT,0.0,2.85,2.85,OUI,OUI,OUI,OUI,0,même sous-catégorie + même régime alcool + écart de prix ≤ 40 %
PROD-0508,BOÎTE BOIS RONDE FONDANT BEURRE SALÉ,PROD-0506,BOÎTE BOIS CARRÉE BEURRE SALÉ,PRIX_EQUIVALENT,0.0,2.85,2.85,OUI,OUI,OUI,OUI,0,même sous-catégorie + même régime alcool + écart de prix ≤ 40 %
PROD-0508,BOÎTE BOIS RONDE FONDANT BEURRE SALÉ,PROD-0510,BOÎTE BOIS CARRÉE FONDANT BEURRE SALÉ,PRIX_EQUIVALENT,0.0,2.85,2.85,OUI,OUI,OUI,OUI,0,même sous-catégorie + même régime alcool + écart de prix ≤ 40 %
PROD-0508,BOÎTE BOIS RONDE FONDANT BEURRE SALÉ,PROD-0512,BOÎTE BOIS RONDE ASSORTIMENT TRADITION,PRIX_EQUIVALENT,0.0,2.85,2.85,OUI,OUI,OUI,OUI,0,même sous-catégorie + même régime alcool + écart de prix ≤ 40 %
PROD-0508,BOÎTE BOIS RONDE FONDANT BEURRE SALÉ,PROD-0514,BOÎTE BOIS CARRÉE ASSORTIMENT TRADITION,PRIX_EQUIVALENT,0.0,2.85,2.85,OUI,OUI,OUI,OUI,0,même sous-catégorie + même régime alcool + écart de prix ≤ 40 %
PROD-0509,BOÎTE BOIS RONDE FONDANT BEURRE SALÉ,PROD-0505,BOÎTE BOIS RONDE BEURRE SALÉ,PRIX_EQUIVALENT,0.0,4.25,4.25,OUI,OUI,OUI,OUI,0,même sous-catégorie + même régime alcool + écart de prix ≤ 40 %
PROD-0509,BOÎTE BOIS RONDE FONDANT BEURRE SALÉ,PROD-0507,BOÎTE BOIS CARRÉE BEURRE SALÉ,PRIX_EQUIVALENT,0.0,4.25,4.25,OUI,OUI,OUI,OUI,0,même sous-catégorie + même régime alcool + écart de prix ≤ 40 %
PROD-0509,BOÎTE BOIS RONDE FONDANT BEURRE SALÉ,PROD-0511,BOÎTE BOIS CARRÉE FONDANT BEURRE SALÉ,PRIX_EQUIVALENT,0.0,4.25,4.25,OUI,OUI,OUI,OUI,0,même sous-catégorie + même régime alcool + écart de prix ≤ 40 %
PROD-0509,BOÎTE BOIS RONDE FONDANT BEURRE SALÉ,PROD-0513,BOÎTE BOIS RONDE ASSORTIMENT TRADITION,PRIX_EQUIVALENT,0.0,4.25,4.25,OUI,OUI,OUI,OUI,0,même sous-catégorie + même régime alcool + écart de prix ≤ 40 %
PROD-0509,BOÎTE BOIS RONDE FONDANT BEURRE SALÉ,PROD-0515,BOÎTE BOIS CARRÉE ASSORTIMENT TRADITION,PRIX_EQUIVALENT,0.0,4.25,4.25,OUI,OUI,OUI,OUI,0,même sous-catégorie + même régime alcool + écart de prix ≤ 40 %
PROD-0510,BOÎTE BOIS CARRÉE FONDANT BEURRE SALÉ,PROD-0504,BOÎTE BOIS RONDE BEURRE SALÉ,PRIX_EQUIVALENT,0.0,2.85,2.85,OUI,OUI,OUI,OUI,0,même sous-catégorie + même régime alcool + écart de prix ≤ 40 %
PROD-0510,BOÎTE BOIS CARRÉE FONDANT BEURRE SALÉ,PROD-0506,BOÎTE BOIS CARRÉE BEURRE SALÉ,PRIX_EQUIVALENT,0.0,2.85,2.85,OUI,OUI,OUI,OUI,0,même sous-catégorie + même régime alcool + écart de prix ≤ 40 %
PROD-0510,BOÎTE BOIS CARRÉE FONDANT BEURRE SALÉ,PROD-0508,BOÎTE BOIS RONDE FONDANT BEURRE SALÉ,PRIX_EQUIVALENT,0.0,2.85,2.85,OUI,OUI,OUI,OUI,0,même sous-catégorie + même régime alcool + écart de prix ≤ 40 %
PROD-0510,BOÎTE BOIS CARRÉE FONDANT BEURRE SALÉ,PROD-0512,BOÎTE BOIS RONDE ASSORTIMENT TRADITION,PRIX_EQUIVALENT,0.0,2.85,2.85,OUI,OUI,OUI,OUI,0,même sous-catégorie + même régime alcool + écart de prix ≤ 40 %
PROD-0510,BOÎTE BOIS CARRÉE FONDANT BEURRE SALÉ,PROD-0514,BOÎTE BOIS CARRÉE ASSORTIMENT TRADITION,PRIX_EQUIVALENT,0.0,2.85,2.85,OUI,OUI,OUI,OUI,0,même sous-catégorie + même régime alcool + écart de prix ≤ 40 %
PROD-0511,BOÎTE BOIS CARRÉE FONDANT BEURRE SALÉ,PROD-0505,BOÎTE BOIS RONDE BEURRE SALÉ,PRIX_EQUIVALENT,0.0,4.25,4.25,OUI,OUI,OUI,OUI,0,même sous-catégorie + même régime alcool + écart de prix ≤ 40 %
PROD-0511,BOÎTE BOIS CARRÉE FONDANT BEURRE SALÉ,PROD-0507,BOÎTE BOIS CARRÉE BEURRE SALÉ,PRIX_EQUIVALENT,0.0,4.25,4.25,OUI,OUI,OUI,OUI,0,même sous-catégorie + même régime alcool + écart de prix ≤ 40 %
PROD-0511,BOÎTE BOIS CARRÉE FONDANT BEURRE SALÉ,PROD-0509,BOÎTE BOIS RONDE FONDANT BEURRE SALÉ,PRIX_EQUIVALENT,0.0,4.25,4.25,OUI,OUI,OUI,OUI,0,même sous-catégorie + même régime alcool + écart de prix ≤ 40 %
PROD-0511,BOÎTE BOIS CARRÉE FONDANT BEURRE SALÉ,PROD-0513,BOÎTE BOIS RONDE ASSORTIMENT TRADITION,PRIX_EQUIVALENT,0.0,4.25,4.25,OUI,OUI,OUI,OUI,0,même sous-catégorie + même régime alcool + écart de prix ≤ 40 %
PROD-0511,BOÎTE BOIS CARRÉE FONDANT BEURRE SALÉ,PROD-0515,BOÎTE BOIS CARRÉE ASSORTIMENT TRADITION,PRIX_EQUIVALENT,0.0,4.25,4.25,OUI,OUI,OUI,OUI,0,même sous-catégorie + même régime alcool + écart de prix ≤ 40 %
PROD-0512,BOÎTE BOIS RONDE ASSORTIMENT TRADITION,PROD-0504,BOÎTE BOIS RONDE BEURRE SALÉ,PRIX_EQUIVALENT,0.0,2.85,2.85,OUI,OUI,OUI,OUI,0,même sous-catégorie + même régime alcool + écart de prix ≤ 40 %
PROD-0512,BOÎTE BOIS RONDE ASSORTIMENT TRADITION,PROD-0506,BOÎTE BOIS CARRÉE BEURRE SALÉ,PRIX_EQUIVALENT,0.0,2.85,2.85,OUI,OUI,OUI,OUI,0,même sous-catégorie + même régime alcool + écart de prix ≤ 40 %
PROD-0512,BOÎTE BOIS RONDE ASSORTIMENT TRADITION,PROD-0508,BOÎTE BOIS RONDE FONDANT BEURRE SALÉ,PRIX_EQUIVALENT,0.0,2.85,2.85,OUI,OUI,OUI,OUI,0,même sous-catégorie + même régime alcool + écart de prix ≤ 40 %
PROD-0512,BOÎTE BOIS RONDE ASSORTIMENT TRADITION,PROD-0510,BOÎTE BOIS CARRÉE FONDANT BEURRE SALÉ,PRIX_EQUIVALENT,0.0,2.85,2.85,OUI,OUI,OUI,OUI,0,même sous-catégorie + même régime alcool + écart de prix ≤ 40 %
PROD-0512,BOÎTE BOIS RONDE ASSORTIMENT TRADITION,PROD-0514,BOÎTE BOIS CARRÉE ASSORTIMENT TRADITION,PRIX_EQUIVALENT,0.0,2.85,2.85,OUI,OUI,OUI,OUI,0,même sous-catégorie + même régime alcool + écart de prix ≤ 40 %
PROD-0513,BOÎTE BOIS RONDE ASSORTIMENT TRADITION,PROD-0505,BOÎTE BOIS RONDE BEURRE SALÉ,PRIX_EQUIVALENT,0.0,4.25,4.25,OUI,OUI,OUI,OUI,0,même sous-catégorie + même régime alcool + écart de prix ≤ 40 %
PROD-0513,BOÎTE BOIS RONDE ASSORTIMENT TRADITION,PROD-0507,BOÎTE BOIS CARRÉE BEURRE SALÉ,PRIX_EQUIVALENT,0.0,4.25,4.25,OUI,OUI,OUI,OUI,0,même sous-catégorie + même régime alcool + écart de prix ≤ 40 %
PROD-0513,BOÎTE BOIS RONDE ASSORTIMENT TRADITION,PROD-0509,BOÎTE BOIS RONDE FONDANT BEURRE SALÉ,PRIX_EQUIVALENT,0.0,4.25,4.25,OUI,OUI,OUI,OUI,0,même sous-catégorie + même régime alcool + écart de prix ≤ 40 %
PROD-0513,BOÎTE BOIS RONDE ASSORTIMENT TRADITION,PROD-0511,BOÎTE BOIS CARRÉE FONDANT BEURRE SALÉ,PRIX_EQUIVALENT,0.0,4.25,4.25,OUI,OUI,OUI,OUI,0,même sous-catégorie + même régime alcool + écart de prix ≤ 40 %
PROD-0513,BOÎTE BOIS RONDE ASSORTIMENT TRADITION,PROD-0515,BOÎTE BOIS CARRÉE ASSORTIMENT TRADITION,PRIX_EQUIVALENT,0.0,4.25,4.25,OUI,OUI,OUI,OUI,0,même sous-catégorie + même régime alcool + écart de prix ≤ 40 %
PROD-0514,BOÎTE BOIS CARRÉE ASSORTIMENT TRADITION,PROD-0504,BOÎTE BOIS RONDE BEURRE SALÉ,PRIX_EQUIVALENT,0.0,2.85,2.85,OUI,OUI,OUI,OUI,0,même sous-catégorie + même régime alcool + écart de prix ≤ 40 %
PROD-0514,BOÎTE BOIS CARRÉE ASSORTIMENT TRADITION,PROD-0506,BOÎTE BOIS CARRÉE BEURRE SALÉ,PRIX_EQUIVALENT,0.0,2.85,2.85,OUI,OUI,OUI,OUI,0,même sous-catégorie + même régime alcool + écart de prix ≤ 40 %
PROD-0514,BOÎTE BOIS CARRÉE ASSORTIMENT TRADITION,PROD-0508,BOÎTE BOIS RONDE FONDANT BEURRE SALÉ,PRIX_EQUIVALENT,0.0,2.85,2.85,OUI,OUI,OUI,OUI,0,même sous-catégorie + même régime alcool + écart de prix ≤ 40 %
PROD-0514,BOÎTE BOIS CARRÉE ASSORTIMENT TRADITION,PROD-0510,BOÎTE BOIS CARRÉE FONDANT BEURRE SALÉ,PRIX_EQUIVALENT,0.0,2.85,2.85,OUI,OUI,OUI,OUI,0,même sous-catégorie + même régime alcool + écart de prix ≤ 40 %
PROD-0514,BOÎTE BOIS CARRÉE ASSORTIMENT TRADITION,PROD-0512,BOÎTE BOIS RONDE ASSORTIMENT TRADITION,PRIX_EQUIVALENT,0.0,2.85,2.85,OUI,OUI,OUI,OUI,0,même sous-catégorie + même régime alcool + écart de prix ≤ 40 %
PROD-0515,BOÎTE BOIS CARRÉE ASSORTIMENT TRADITION,PROD-0505,BOÎTE BOIS RONDE BEURRE SALÉ,PRIX_EQUIVALENT,0.0,4.25,4.25,OUI,OUI,OUI,OUI,0,même sous-catégorie + même régime alcool + écart de prix ≤ 40 %
PROD-0515,BOÎTE BOIS CARRÉE ASSORTIMENT TRADITION,PROD-0507,BOÎTE BOIS CARRÉE BEURRE SALÉ,PRIX_EQUIVALENT,0.0,4.25,4.25,OUI,OUI,OUI,OUI,0,même sous-catégorie + même régime alcool + écart de prix ≤ 40 %
PROD-0515,BOÎTE BOIS CARRÉE ASSORTIMENT TRADITION,PROD-0509,BOÎTE BOIS RONDE FONDANT BEURRE SALÉ,PRIX_EQUIVALENT,0.0,4.25,4.25,OUI,OUI,OUI,OUI,0,même sous-catégorie + même régime alcool + écart de prix ≤ 40 %
PROD-0515,BOÎTE BOIS CARRÉE ASSORTIMENT TRADITION,PROD-0511,BOÎTE BOIS CARRÉE FONDANT BEURRE SALÉ,PRIX_EQUIVALENT,0.0,4.25,4.25,OUI,OUI,OUI,OUI,0,même sous-catégorie + même régime alcool + écart de prix ≤ 40 %
PROD-0515,BOÎTE BOIS CARRÉE ASSORTIMENT TRADITION,PROD-0513,BOÎTE BOIS RONDE ASSORTIMENT TRADITION,PRIX_EQUIVALENT,0.0,4.25,4.25,OUI,OUI,OUI,OUI,0,même sous-catégorie + même régime alcool + écart de prix ≤ 40 %
PROD-0516,BOÎTE BOIS RONDE ASSORTIMENT FONDANTS,PROD-0504,BOÎTE BOIS RONDE BEURRE SALÉ,PRIX_EQUIVALENT,0.0,2.85,2.85,OUI,OUI,OUI,OUI,0,même sous-catégorie + même régime alcool + écart de prix ≤ 40 %
PROD-0516,BOÎTE BOIS RONDE ASSORTIMENT FONDANTS,PROD-0506,BOÎTE BOIS CARRÉE BEURRE SALÉ,PRIX_EQUIVALENT,0.0,2.85,2.85,OUI,OUI,OUI,OUI,0,même sous-catégorie + même régime alcool + écart de prix ≤ 40 %
PROD-0516,BOÎTE BOIS RONDE ASSORTIMENT FONDANTS,PROD-0508,BOÎTE BOIS RONDE FONDANT BEURRE SALÉ,PRIX_EQUIVALENT,0.0,2.85,2.85,OUI,OUI,OUI,OUI,0,même sous-catégorie + même régime alcool + écart de prix ≤ 40 %
PROD-0516,BOÎTE BOIS RONDE ASSORTIMENT FONDANTS,PROD-0510,BOÎTE BOIS CARRÉE FONDANT BEURRE SALÉ,PRIX_EQUIVALENT,0.0,2.85,2.85,OUI,OUI,OUI,OUI,0,même sous-catégorie + même régime alcool + écart de prix ≤ 40 %
PROD-0516,BOÎTE BOIS RONDE ASSORTIMENT FONDANTS,PROD-0512,BOÎTE BOIS RONDE ASSORTIMENT TRADITION,PRIX_EQUIVALENT,0.0,2.85,2.85,OUI,OUI,OUI,OUI,0,même sous-catégorie + même régime alcool + écart de prix ≤ 40 %
PROD-0517,BOÎTE BOIS RONDE ASSORTIMENT FONDANTS,PROD-0505,BOÎTE BOIS RONDE BEURRE SALÉ,PRIX_EQUIVALENT,0.0,4.25,4.25,OUI,OUI,OUI,OUI,0,même sous-catégorie + même régime alcool + écart de prix ≤ 40 %
PROD-0517,BOÎTE BOIS RONDE ASSORTIMENT FONDANTS,PROD-0507,BOÎTE BOIS CARRÉE BEURRE SALÉ,PRIX_EQUIVALENT,0.0,4.25,4.25,OUI,OUI,OUI,OUI,0,même sous-catégorie + même régime alcool + écart de prix ≤ 40 %
PROD-0517,BOÎTE BOIS RONDE ASSORTIMENT FONDANTS,PROD-0509,BOÎTE BOIS RONDE FONDANT BEURRE SALÉ,PRIX_EQUIVALENT,0.0,4.25,4.25,OUI,OUI,OUI,OUI,0,même sous-catégorie + même régime alcool + écart de prix ≤ 40 %
PROD-0517,BOÎTE BOIS RONDE ASSORTIMENT FONDANTS,PROD-0511,BOÎTE BOIS CARRÉE FONDANT BEURRE SALÉ,PRIX_EQUIVALENT,0.0,4.25,4.25,OUI,OUI,OUI,OUI,0,même sous-catégorie + même régime alcool + écart de prix ≤ 40 %
PROD-0517,BOÎTE BOIS RONDE ASSORTIMENT FONDANTS,PROD-0513,BOÎTE BOIS RONDE ASSORTIMENT TRADITION,PRIX_EQUIVALENT,0.0,4.25,4.25,OUI,OUI,OUI,OUI,0,même sous-catégorie + même régime alcool + écart de prix ≤ 40 %
PROD-0518,BOÎTE BOIS CARRÉE ASSORTIMENT FONDANTS,PROD-0504,BOÎTE BOIS RONDE BEURRE SALÉ,PRIX_EQUIVALENT,0.0,2.85,2.85,OUI,OUI,OUI,OUI,0,même sous-catégorie + même régime alcool + écart de prix ≤ 40 %
PROD-0518,BOÎTE BOIS CARRÉE ASSORTIMENT FONDANTS,PROD-0506,BOÎTE BOIS CARRÉE BEURRE SALÉ,PRIX_EQUIVALENT,0.0,2.85,2.85,OUI,OUI,OUI,OUI,0,même sous-catégorie + même régime alcool + écart de prix ≤ 40 %
PROD-0518,BOÎTE BOIS CARRÉE ASSORTIMENT FONDANTS,PROD-0508,BOÎTE BOIS RONDE FONDANT BEURRE SALÉ,PRIX_EQUIVALENT,0.0,2.85,2.85,OUI,OUI,OUI,OUI,0,même sous-catégorie + même régime alcool + écart de prix ≤ 40 %
PROD-0518,BOÎTE BOIS CARRÉE ASSORTIMENT FONDANTS,PROD-0510,BOÎTE BOIS CARRÉE FONDANT BEURRE SALÉ,PRIX_EQUIVALENT,0.0,2.85,2.85,OUI,OUI,OUI,OUI,0,même sous-catégorie + même régime alcool + écart de prix ≤ 40 %
PROD-0518,BOÎTE BOIS CARRÉE ASSORTIMENT FONDANTS,PROD-0512,BOÎTE BOIS RONDE ASSORTIMENT TRADITION,PRIX_EQUIVALENT,0.0,2.85,2.85,OUI,OUI,OUI,OUI,0,même sous-catégorie + même régime alcool + écart de prix ≤ 40 %
PROD-0519,BOÎTE BOIS CARRÉE ASSORTIMENT FONDANTS,PROD-0505,BOÎTE BOIS RONDE BEURRE SALÉ,PRIX_EQUIVALENT,0.0,4.25,4.25,OUI,OUI,OUI,OUI,0,même sous-catégorie + même régime alcool + écart de prix ≤ 40 %
PROD-0519,BOÎTE BOIS CARRÉE ASSORTIMENT FONDANTS,PROD-0507,BOÎTE BOIS CARRÉE BEURRE SALÉ,PRIX_EQUIVALENT,0.0,4.25,4.25,OUI,OUI,OUI,OUI,0,même sous-catégorie + même régime alcool + écart de prix ≤ 40 %
PROD-0519,BOÎTE BOIS CARRÉE ASSORTIMENT FONDANTS,PROD-0509,BOÎTE BOIS RONDE FONDANT BEURRE SALÉ,PRIX_EQUIVALENT,0.0,4.25,4.25,OUI,OUI,OUI,OUI,0,même sous-catégorie + même régime alcool + écart de prix ≤ 40 %
PROD-0519,BOÎTE BOIS CARRÉE ASSORTIMENT FONDANTS,PROD-0511,BOÎTE BOIS CARRÉE FONDANT BEURRE SALÉ,PRIX_EQUIVALENT,0.0,4.25,4.25,OUI,OUI,OUI,OUI,0,même sous-catégorie + même régime alcool + écart de prix ≤ 40 %
PROD-0519,BOÎTE BOIS CARRÉE ASSORTIMENT FONDANTS,PROD-0513,BOÎTE BOIS RONDE ASSORTIMENT TRADITION,PRIX_EQUIVALENT,0.0,4.25,4.25,OUI,OUI,OUI,OUI,0,même sous-catégorie + même régime alcool + écart de prix ≤ 40 %
PROD-0520,BOÎTE BOIS RONDE ASSORTIMENT NORMANDIE,PROD-0504,BOÎTE BOIS RONDE BEURRE SALÉ,PRIX_EQUIVALENT,0.0,2.85,2.85,OUI,OUI,OUI,NON,0,même sous-catégorie + même régime alcool + écart de prix ≤ 40 %
PROD-0520,BOÎTE BOIS RONDE ASSORTIMENT NORMANDIE,PROD-0506,BOÎTE BOIS CARRÉE BEURRE SALÉ,PRIX_EQUIVALENT,0.0,2.85,2.85,OUI,OUI,OUI,NON,0,même sous-catégorie + même régime alcool + écart de prix ≤ 40 %
PROD-0520,BOÎTE BOIS RONDE ASSORTIMENT NORMANDIE,PROD-0508,BOÎTE BOIS RONDE FONDANT BEURRE SALÉ,PRIX_EQUIVALENT,0.0,2.85,2.85,OUI,OUI,OUI,NON,0,même sous-catégorie + même régime alcool + écart de prix ≤ 40 %
PROD-0520,BOÎTE BOIS RONDE ASSORTIMENT NORMANDIE,PROD-0510,BOÎTE BOIS CARRÉE FONDANT BEURRE SALÉ,PRIX_EQUIVALENT,0.0,2.85,2.85,OUI,OUI,OUI,NON,0,même sous-catégorie + même régime alcool + écart de prix ≤ 40 %
PROD-0520,BOÎTE BOIS RONDE ASSORTIMENT NORMANDIE,PROD-0512,BOÎTE BOIS RONDE ASSORTIMENT TRADITION,PRIX_EQUIVALENT,0.0,2.85,2.85,OUI,OUI,OUI,NON,0,même sous-catégorie + même régime alcool + écart de prix ≤ 40 %
PROD-0521,BOÎTE BOIS RONDE ASSORTIMENT NORMANDIE,PROD-0505,BOÎTE BOIS RONDE BEURRE SALÉ,PRIX_EQUIVALENT,0.0,4.25,4.25,OUI,OUI,OUI,NON,0,même sous-catégorie + même régime alcool + écart de prix ≤ 40 %
PROD-0521,BOÎTE BOIS RONDE ASSORTIMENT NORMANDIE,PROD-0507,BOÎTE BOIS CARRÉE BEURRE SALÉ,PRIX_EQUIVALENT,0.0,4.25,4.25,OUI,OUI,OUI,NON,0,même sous-catégorie + même régime alcool + écart de prix ≤ 40 %
PROD-0521,BOÎTE BOIS RONDE ASSORTIMENT NORMANDIE,PROD-0509,BOÎTE BOIS RONDE FONDANT BEURRE SALÉ,PRIX_EQUIVALENT,0.0,4.25,4.25,OUI,OUI,OUI,NON,0,même sous-catégorie + même régime alcool + écart de prix ≤ 40 %
PROD-0521,BOÎTE BOIS RONDE ASSORTIMENT NORMANDIE,PROD-0511,BOÎTE BOIS CARRÉE FONDANT BEURRE SALÉ,PRIX_EQUIVALENT,0.0,4.25,4.25,OUI,OUI,OUI,NON,0,même sous-catégorie + même régime alcool + écart de prix ≤ 40 %
PROD-0521,BOÎTE BOIS RONDE ASSORTIMENT NORMANDIE,PROD-0513,BOÎTE BOIS RONDE ASSORTIMENT TRADITION,PRIX_EQUIVALENT,0.0,4.25,4.25,OUI,OUI,OUI,NON,0,même sous-catégorie + même régime alcool + écart de prix ≤ 40 %
PROD-0522,BOÎTE BOIS CARRÉE ASSORTIMENT NORMANDIE,PROD-0504,BOÎTE BOIS RONDE BEURRE SALÉ,PRIX_EQUIVALENT,0.0,2.85,2.85,OUI,OUI,OUI,NON,0,même sous-catégorie + même régime alcool + écart de prix ≤ 40 %
PROD-0522,BOÎTE BOIS CARRÉE ASSORTIMENT NORMANDIE,PROD-0506,BOÎTE BOIS CARRÉE BEURRE SALÉ,PRIX_EQUIVALENT,0.0,2.85,2.85,OUI,OUI,OUI,NON,0,même sous-catégorie + même régime alcool + écart de prix ≤ 40 %
PROD-0522,BOÎTE BOIS CARRÉE ASSORTIMENT NORMANDIE,PROD-0508,BOÎTE BOIS RONDE FONDANT BEURRE SALÉ,PRIX_EQUIVALENT,0.0,2.85,2.85,OUI,OUI,OUI,NON,0,même sous-catégorie + même régime alcool + écart de prix ≤ 40 %
PROD-0522,BOÎTE BOIS CARRÉE ASSORTIMENT NORMANDIE,PROD-0510,BOÎTE BOIS CARRÉE FONDANT BEURRE SALÉ,PRIX_EQUIVALENT,0.0,2.85,2.85,OUI,OUI,OUI,NON,0,même sous-catégorie + même régime alcool + écart de prix ≤ 40 %
PROD-0522,BOÎTE BOIS CARRÉE ASSORTIMENT NORMANDIE,PROD-0512,BOÎTE BOIS RONDE ASSORTIMENT TRADITION,PRIX_EQUIVALENT,0.0,2.85,2.85,OUI,OUI,OUI,NON,0,même sous-catégorie + même régime alcool + écart de prix ≤ 40 %
PROD-0523,BOÎTE BOIS CARRÉE ASSORTIMENT NORMANDIE,PROD-0505,BOÎTE BOIS RONDE BEURRE SALÉ,PRIX_EQUIVALENT,0.0,4.25,4.25,OUI,OUI,OUI,NON,0,même sous-catégorie + même régime alcool + écart de prix ≤ 40 %
PROD-0523,BOÎTE BOIS CARRÉE ASSORTIMENT NORMANDIE,PROD-0507,BOÎTE BOIS CARRÉE BEURRE SALÉ,PRIX_EQUIVALENT,0.0,4.25,4.25,OUI,OUI,OUI,NON,0,même sous-catégorie + même régime alcool + écart de prix ≤ 40 %
PROD-0523,BOÎTE BOIS CARRÉE ASSORTIMENT NORMANDIE,PROD-0509,BOÎTE BOIS RONDE FONDANT BEURRE SALÉ,PRIX_EQUIVALENT,0.0,4.25,4.25,OUI,OUI,OUI,NON,0,même sous-catégorie + même régime alcool + écart de prix ≤ 40 %
PROD-0523,BOÎTE BOIS CARRÉE ASSORTIMENT NORMANDIE,PROD-0511,BOÎTE BOIS CARRÉE FONDANT BEURRE SALÉ,PRIX_EQUIVALENT,0.0,4.25,4.25,OUI,OUI,OUI,NON,0,même sous-catégorie + même régime alcool + écart de prix ≤ 40 %
PROD-0523,BOÎTE BOIS CARRÉE ASSORTIMENT NORMANDIE,PROD-0513,BOÎTE BOIS RONDE ASSORTIMENT TRADITION,PRIX_EQUIVALENT,0.0,4.25,4.25,OUI,OUI,OUI,NON,0,même sous-catégorie + même régime alcool + écart de prix ≤ 40 %
PROD-0524,SACHET FONDANTS BEURRE SALÉ,PROD-0525,SACHET FONDANTS NOISETTE,PRIX_EQUIVALENT,0.0,4.4,4.4,OUI,OUI,OUI,OUI,0,même sous-catégorie + même régime alcool + écart de prix ≤ 40 %
PROD-0524,SACHET FONDANTS BEURRE SALÉ,PROD-0526,SACHET FONDANTS VANILLE,PRIX_EQUIVALENT,0.0,4.4,4.4,OUI,OUI,OUI,OUI,0,même sous-catégorie + même régime alcool + écart de prix ≤ 40 %
PROD-0524,SACHET FONDANTS BEURRE SALÉ,PROD-0527,SACHET FONDANTS VANILLE MARBRÉ CHOCOLAT,PRIX_EQUIVALENT,0.0,4.4,4.4,OUI,OUI,OUI,OUI,0,même sous-catégorie + même régime alcool + écart de prix ≤ 40 %
PROD-0524,SACHET FONDANTS BEURRE SALÉ,PROD-0528,SACHET BEURRE SALÉ,PRIX_EQUIVALENT,0.0,4.4,4.4,OUI,OUI,OUI,OUI,0,même sous-catégorie + même régime alcool + écart de prix ≤ 40 %
PROD-0524,SACHET FONDANTS BEURRE SALÉ,PROD-0529,SACHET BEURRE SALÉ & CRÈME D’ISIGNY AOP,PRIX_EQUIVALENT,0.0,4.4,4.4,OUI,OUI,OUI,NON,0,même sous-catégorie + même régime alcool + écart de prix ≤ 40 %
PROD-0525,SACHET FONDANTS NOISETTE,PROD-0524,SACHET FONDANTS BEURRE SALÉ,PRIX_EQUIVALENT,0.0,4.4,4.4,OUI,OUI,OUI,OUI,0,même sous-catégorie + même régime alcool + écart de prix ≤ 40 %
PROD-0525,SACHET FONDANTS NOISETTE,PROD-0526,SACHET FONDANTS VANILLE,PRIX_EQUIVALENT,0.0,4.4,4.4,OUI,OUI,OUI,OUI,0,même sous-catégorie + même régime alcool + écart de prix ≤ 40 %
PROD-0525,SACHET FONDANTS NOISETTE,PROD-0527,SACHET FONDANTS VANILLE MARBRÉ CHOCOLAT,PRIX_EQUIVALENT,0.0,4.4,4.4,OUI,OUI,OUI,OUI,0,même sous-catégorie + même régime alcool + écart de prix ≤ 40 %
PROD-0525,SACHET FONDANTS NOISETTE,PROD-0528,SACHET BEURRE SALÉ,PRIX_EQUIVALENT,0.0,4.4,4.4,OUI,OUI,OUI,OUI,0,même sous-catégorie + même régime alcool + écart de prix ≤ 40 %
PROD-0525,SACHET FONDANTS NOISETTE,PROD-0529,SACHET BEURRE SALÉ & CRÈME D’ISIGNY AOP,PRIX_EQUIVALENT,0.0,4.4,4.4,OUI,OUI,OUI,NON,0,même sous-catégorie + même régime alcool + écart de prix ≤ 40 %
PROD-0526,SACHET FONDANTS VANILLE,PROD-0524,SACHET FONDANTS BEURRE SALÉ,PRIX_EQUIVALENT,0.0,4.4,4.4,OUI,OUI,OUI,OUI,0,même sous-catégorie + même régime alcool + écart de prix ≤ 40 %
PROD-0526,SACHET FONDANTS VANILLE,PROD-0525,SACHET FONDANTS NOISETTE,PRIX_EQUIVALENT,0.0,4.4,4.4,OUI,OUI,OUI,OUI,0,même sous-catégorie + même régime alcool + écart de prix ≤ 40 %
PROD-0526,SACHET FONDANTS VANILLE,PROD-0527,SACHET FONDANTS VANILLE MARBRÉ CHOCOLAT,PRIX_EQUIVALENT,0.0,4.4,4.4,OUI,OUI,OUI,OUI,0,même sous-catégorie + même régime alcool + écart de prix ≤ 40 %
PROD-0526,SACHET FONDANTS VANILLE,PROD-0528,SACHET BEURRE SALÉ,PRIX_EQUIVALENT,0.0,4.4,4.4,OUI,OUI,OUI,OUI,0,même sous-catégorie + même régime alcool + écart de prix ≤ 40 %
PROD-0526,SACHET FONDANTS VANILLE,PROD-0529,SACHET BEURRE SALÉ & CRÈME D’ISIGNY AOP,PRIX_EQUIVALENT,0.0,4.4,4.4,OUI,OUI,OUI,NON,0,même sous-catégorie + même régime alcool + écart de prix ≤ 40 %
PROD-0527,SACHET FONDANTS VANILLE MARBRÉ CHOCOLAT,PROD-0524,SACHET FONDANTS BEURRE SALÉ,PRIX_EQUIVALENT,0.0,4.4,4.4,OUI,OUI,OUI,OUI,0,même sous-catégorie + même régime alcool + écart de prix ≤ 40 %
PROD-0527,SACHET FONDANTS VANILLE MARBRÉ CHOCOLAT,PROD-0525,SACHET FONDANTS NOISETTE,PRIX_EQUIVALENT,0.0,4.4,4.4,OUI,OUI,OUI,OUI,0,même sous-catégorie + même régime alcool + écart de prix ≤ 40 %
PROD-0527,SACHET FONDANTS VANILLE MARBRÉ CHOCOLAT,PROD-0526,SACHET FONDANTS VANILLE,PRIX_EQUIVALENT,0.0,4.4,4.4,OUI,OUI,OUI,OUI,0,même sous-catégorie + même régime alcool + écart de prix ≤ 40 %
PROD-0527,SACHET FONDANTS VANILLE MARBRÉ CHOCOLAT,PROD-0528,SACHET BEURRE SALÉ,PRIX_EQUIVALENT,0.0,4.4,4.4,OUI,OUI,OUI,OUI,0,même sous-catégorie + même régime alcool + écart de prix ≤ 40 %
PROD-0527,SACHET FONDANTS VANILLE MARBRÉ CHOCOLAT,PROD-0529,SACHET BEURRE SALÉ & CRÈME D’ISIGNY AOP,PRIX_EQUIVALENT,0.0,4.4,4.4,OUI,OUI,OUI,NON,0,même sous-catégorie + même régime alcool + écart de prix ≤ 40 %
PROD-0528,SACHET BEURRE SALÉ,PROD-0524,SACHET FONDANTS BEURRE SALÉ,PRIX_EQUIVALENT,0.0,4.4,4.4,OUI,OUI,OUI,OUI,0,même sous-catégorie + même régime alcool + écart de prix ≤ 40 %
PROD-0528,SACHET BEURRE SALÉ,PROD-0525,SACHET FONDANTS NOISETTE,PRIX_EQUIVALENT,0.0,4.4,4.4,OUI,OUI,OUI,OUI,0,même sous-catégorie + même régime alcool + écart de prix ≤ 40 %
PROD-0528,SACHET BEURRE SALÉ,PROD-0526,SACHET FONDANTS VANILLE,PRIX_EQUIVALENT,0.0,4.4,4.4,OUI,OUI,OUI,OUI,0,même sous-catégorie + même régime alcool + écart de prix ≤ 40 %
PROD-0528,SACHET BEURRE SALÉ,PROD-0527,SACHET FONDANTS VANILLE MARBRÉ CHOCOLAT,PRIX_EQUIVALENT,0.0,4.4,4.4,OUI,OUI,OUI,OUI,0,même sous-catégorie + même régime alcool + écart de prix ≤ 40 %
PROD-0528,SACHET BEURRE SALÉ,PROD-0529,SACHET BEURRE SALÉ & CRÈME D’ISIGNY AOP,PRIX_EQUIVALENT,0.0,4.4,4.4,OUI,OUI,OUI,NON,0,même sous-catégorie + même régime alcool + écart de prix ≤ 40 %
PROD-0529,SACHET BEURRE SALÉ & CRÈME D’ISIGNY AOP,PROD-0524,SACHET FONDANTS BEURRE SALÉ,PRIX_EQUIVALENT,0.0,4.4,4.4,OUI,OUI,OUI,NON,0,même sous-catégorie + même régime alcool + écart de prix ≤ 40 %
PROD-0529,SACHET BEURRE SALÉ & CRÈME D’ISIGNY AOP,PROD-0525,SACHET FONDANTS NOISETTE,PRIX_EQUIVALENT,0.0,4.4,4.4,OUI,OUI,OUI,NON,0,même sous-catégorie + même régime alcool + écart de prix ≤ 40 %
PROD-0529,SACHET BEURRE SALÉ & CRÈME D’ISIGNY AOP,PROD-0526,SACHET FONDANTS VANILLE,PRIX_EQUIVALENT,0.0,4.4,4.4,OUI,OUI,OUI,NON,0,même sous-catégorie + même régime alcool + écart de prix ≤ 40 %
PROD-0529,SACHET BEURRE SALÉ & CRÈME D’ISIGNY AOP,PROD-0527,SACHET FONDANTS VANILLE MARBRÉ CHOCOLAT,PRIX_EQUIVALENT,0.0,4.4,4.4,OUI,OUI,OUI,NON,0,même sous-catégorie + même régime alcool + écart de prix ≤ 40 %
PROD-0529,SACHET BEURRE SALÉ & CRÈME D’ISIGNY AOP,PROD-0528,SACHET BEURRE SALÉ,PRIX_EQUIVALENT,0.0,4.4,4.4,OUI,OUI,OUI,NON,0,même sous-catégorie + même régime alcool + écart de prix ≤ 40 %
PROD-0530,SACHET BEURRE DOUX D’ISIGNY AOP,PROD-0524,SACHET FONDANTS BEURRE SALÉ,PRIX_EQUIVALENT,0.0,4.4,4.4,OUI,OUI,OUI,NON,0,même sous-catégorie + même régime alcool + écart de prix ≤ 40 %
PROD-0530,SACHET BEURRE DOUX D’ISIGNY AOP,PROD-0525,SACHET FONDANTS NOISETTE,PRIX_EQUIVALENT,0.0,4.4,4.4,OUI,OUI,OUI,NON,0,même sous-catégorie + même régime alcool + écart de prix ≤ 40 %
PROD-0530,SACHET BEURRE DOUX D’ISIGNY AOP,PROD-0526,SACHET FONDANTS VANILLE,PRIX_EQUIVALENT,0.0,4.4,4.4,OUI,OUI,OUI,NON,0,même sous-catégorie + même régime alcool + écart de prix ≤ 40 %
PROD-0530,SACHET BEURRE DOUX D’ISIGNY AOP,PROD-0527,SACHET FONDANTS VANILLE MARBRÉ CHOCOLAT,PRIX_EQUIVALENT,0.0,4.4,4.4,OUI,OUI,OUI,NON,0,même sous-catégorie + même régime alcool + écart de prix ≤ 40 %
PROD-0530,SACHET BEURRE DOUX D’ISIGNY AOP,PROD-0528,SACHET BEURRE SALÉ,PRIX_EQUIVALENT,0.0,4.4,4.4,OUI,OUI,OUI,NON,0,même sous-catégorie + même régime alcool + écart de prix ≤ 40 %
PROD-0531,SACHET CRÈME D’ISIGNY AOP,PROD-0524,SACHET FONDANTS BEURRE SALÉ,PRIX_EQUIVALENT,0.0,4.4,4.4,OUI,OUI,OUI,NON,0,même sous-catégorie + même régime alcool + écart de prix ≤ 40 %
PROD-0531,SACHET CRÈME D’ISIGNY AOP,PROD-0525,SACHET FONDANTS NOISETTE,PRIX_EQUIVALENT,0.0,4.4,4.4,OUI,OUI,OUI,NON,0,même sous-catégorie + même régime alcool + écart de prix ≤ 40 %
PROD-0531,SACHET CRÈME D’ISIGNY AOP,PROD-0526,SACHET FONDANTS VANILLE,PRIX_EQUIVALENT,0.0,4.4,4.4,OUI,OUI,OUI,NON,0,même sous-catégorie + même régime alcool + écart de prix ≤ 40 %
PROD-0531,SACHET CRÈME D’ISIGNY AOP,PROD-0527,SACHET FONDANTS VANILLE MARBRÉ CHOCOLAT,PRIX_EQUIVALENT,0.0,4.4,4.4,OUI,OUI,OUI,NON,0,même sous-catégorie + même régime alcool + écart de prix ≤ 40 %
PROD-0531,SACHET CRÈME D’ISIGNY AOP,PROD-0528,SACHET BEURRE SALÉ,PRIX_EQUIVALENT,0.0,4.4,4.4,OUI,OUI,OUI,NON,0,même sous-catégorie + même régime alcool + écart de prix ≤ 40 %
PROD-0532,SACHET ASSORTIMENT FONDANTS,PROD-0524,SACHET FONDANTS BEURRE SALÉ,PRIX_EQUIVALENT,0.0,4.4,4.4,OUI,OUI,OUI,OUI,0,même sous-catégorie + même régime alcool + écart de prix ≤ 40 %
PROD-0532,SACHET ASSORTIMENT FONDANTS,PROD-0525,SACHET FONDANTS NOISETTE,PRIX_EQUIVALENT,0.0,4.4,4.4,OUI,OUI,OUI,OUI,0,même sous-catégorie + même régime alcool + écart de prix ≤ 40 %
PROD-0532,SACHET ASSORTIMENT FONDANTS,PROD-0526,SACHET FONDANTS VANILLE,PRIX_EQUIVALENT,0.0,4.4,4.4,OUI,OUI,OUI,OUI,0,même sous-catégorie + même régime alcool + écart de prix ≤ 40 %
PROD-0532,SACHET ASSORTIMENT FONDANTS,PROD-0527,SACHET FONDANTS VANILLE MARBRÉ CHOCOLAT,PRIX_EQUIVALENT,0.0,4.4,4.4,OUI,OUI,OUI,OUI,0,même sous-catégorie + même régime alcool + écart de prix ≤ 40 %
PROD-0532,SACHET ASSORTIMENT FONDANTS,PROD-0528,SACHET BEURRE SALÉ,PRIX_EQUIVALENT,0.0,4.4,4.4,OUI,OUI,OUI,OUI,0,même sous-catégorie + même régime alcool + écart de prix ≤ 40 %
PROD-0533,SACHET ASSORTIMENT TRADITION,PROD-0524,SACHET FONDANTS BEURRE SALÉ,PRIX_EQUIVALENT,0.0,4.4,4.4,OUI,OUI,OUI,OUI,0,même sous-catégorie + même régime alcool + écart de prix ≤ 40 %
PROD-0533,SACHET ASSORTIMENT TRADITION,PROD-0525,SACHET FONDANTS NOISETTE,PRIX_EQUIVALENT,0.0,4.4,4.4,OUI,OUI,OUI,OUI,0,même sous-catégorie + même régime alcool + écart de prix ≤ 40 %
PROD-0533,SACHET ASSORTIMENT TRADITION,PROD-0526,SACHET FONDANTS VANILLE,PRIX_EQUIVALENT,0.0,4.4,4.4,OUI,OUI,OUI,OUI,0,même sous-catégorie + même régime alcool + écart de prix ≤ 40 %
PROD-0533,SACHET ASSORTIMENT TRADITION,PROD-0527,SACHET FONDANTS VANILLE MARBRÉ CHOCOLAT,PRIX_EQUIVALENT,0.0,4.4,4.4,OUI,OUI,OUI,OUI,0,même sous-catégorie + même régime alcool + écart de prix ≤ 40 %
PROD-0533,SACHET ASSORTIMENT TRADITION,PROD-0528,SACHET BEURRE SALÉ,PRIX_EQUIVALENT,0.0,4.4,4.4,OUI,OUI,OUI,OUI,0,même sous-catégorie + même régime alcool + écart de prix ≤ 40 %
PROD-0534,SACHET ASSORTIMENT NORMANDIE,PROD-0524,SACHET FONDANTS BEURRE SALÉ,PRIX_EQUIVALENT,0.0,4.4,4.4,OUI,OUI,OUI,NON,0,même sous-catégorie + même régime alcool + écart de prix ≤ 40 %
PROD-0534,SACHET ASSORTIMENT NORMANDIE,PROD-0525,SACHET FONDANTS NOISETTE,PRIX_EQUIVALENT,0.0,4.4,4.4,OUI,OUI,OUI,NON,0,même sous-catégorie + même régime alcool + écart de prix ≤ 40 %
PROD-0534,SACHET ASSORTIMENT NORMANDIE,PROD-0526,SACHET FONDANTS VANILLE,PRIX_EQUIVALENT,0.0,4.4,4.4,OUI,OUI,OUI,NON,0,même sous-catégorie + même régime alcool + écart de prix ≤ 40 %
PROD-0534,SACHET ASSORTIMENT NORMANDIE,PROD-0527,SACHET FONDANTS VANILLE MARBRÉ CHOCOLAT,PRIX_EQUIVALENT,0.0,4.4,4.4,OUI,OUI,OUI,NON,0,même sous-catégorie + même régime alcool + écart de prix ≤ 40 %
PROD-0534,SACHET ASSORTIMENT NORMANDIE,PROD-0528,SACHET BEURRE SALÉ,PRIX_EQUIVALENT,0.0,4.4,4.4,OUI,OUI,OUI,NON,0,même sous-catégorie + même régime alcool + écart de prix ≤ 40 %
PROD-0535,"BOÎTE MÉTAL À FENÊTRE ""GOÛT TATIN""",PROD-0278,CARAMELS d'Isigny Fondant beurre salé 150 g Caen,PRIX_EQUIVALENT,-0.8,5.15,5.11,OUI,OUI,NON,NON,0,même sous-catégorie + même régime alcool + écart de prix ≤ 40 %
PROD-0535,"BOÎTE MÉTAL À FENÊTRE ""GOÛT TATIN""",PROD-0279,CARAMELS d'Isigny beurre salé 150 g Deauville,PRIX_EQUIVALENT,-0.8,5.15,5.11,OUI,OUI,NON,NON,0,même sous-catégorie + même régime alcool + écart de prix ≤ 40 %
PROD-0535,"BOÎTE MÉTAL À FENÊTRE ""GOÛT TATIN""",PROD-0280,CARAMELS d'Isigny 150 g Assortiment Normand Vache,PRIX_EQUIVALENT,-0.8,5.15,5.11,OUI,OUI,NON,NON,0,même sous-catégorie + même régime alcool + écart de prix ≤ 40 %
PROD-0535,"BOÎTE MÉTAL À FENÊTRE ""GOÛT TATIN""",PROD-0291,Caramels d'Isigny beurre salé 150 g  D-DAY drapeau,PRIX_EQUIVALENT,-0.8,5.15,5.11,OUI,OUI,NON,NON,0,même sous-catégorie + même régime alcool + écart de prix ≤ 40 %
PROD-0535,"BOÎTE MÉTAL À FENÊTRE ""GOÛT TATIN""",PROD-0557,"BOÎTE FER ""NOËL""",PRIX_EQUIVALENT,-1.0,5.15,5.1,OUI,OUI,OUI,OUI,0,même sous-catégorie + même régime alcool + écart de prix ≤ 40 %
PROD-0536,"SACHET NŒUD ""GOÛT TATIN""",PROD-0567,ASSORTIMENT TRADITION,PRIX_SUPERIEUR,7.8,3.85,4.15,OUI,OUI,OUI,OUI,0,même sous-catégorie + même régime alcool + écart de prix ≤ 40 %
PROD-0536,"SACHET NŒUD ""GOÛT TATIN""",PROD-0568,ASSORTIMENT NORMANDIE,PRIX_SUPERIEUR,7.8,3.85,4.15,OUI,OUI,OUI,NON,0,même sous-catégorie + même régime alcool + écart de prix ≤ 40 %
PROD-0536,"SACHET NŒUD ""GOÛT TATIN""",PROD-0569,ASSORTIMENT 5 FRUITS,PRIX_SUPERIEUR,7.8,3.85,4.15,OUI,OUI,OUI,OUI,0,même sous-catégorie + même régime alcool + écart de prix ≤ 40 %
PROD-0536,"SACHET NŒUD ""GOÛT TATIN""",PROD-0570,BEURRE SALÉ,PRIX_SUPERIEUR,7.8,3.85,4.15,OUI,OUI,OUI,OUI,0,même sous-catégorie + même régime alcool + écart de prix ≤ 40 %
PROD-0536,"SACHET NŒUD ""GOÛT TATIN""",PROD-0571,ASSORTIMENT FONDANTS,PRIX_SUPERIEUR,7.8,3.85,4.15,OUI,OUI,OUI,OUI,0,même sous-catégorie + même régime alcool + écart de prix ≤ 40 %
PROD-0537,BOÎTE CUBE BEURRE SALÉ,PROD-0538,BOÎTE CUBE FONDANTS BEURRE SALÉ,PRIX_EQUIVALENT,0.0,3.4,3.4,OUI,OUI,OUI,OUI,0,même sous-catégorie + même régime alcool + écart de prix ≤ 40 %
PROD-0537,BOÎTE CUBE BEURRE SALÉ,PROD-0539,BOÎTE CUBE ASSORTIMENT TRADITION,PRIX_EQUIVALENT,0.0,3.4,3.4,OUI,OUI,OUI,OUI,0,même sous-catégorie + même régime alcool + écart de prix ≤ 40 %
PROD-0537,BOÎTE CUBE BEURRE SALÉ,PROD-0540,BOÎTE CUBE ASSORTIMENT NORMANDIE,PRIX_EQUIVALENT,0.0,3.4,3.4,OUI,OUI,OUI,NON,0,même sous-catégorie + même régime alcool + écart de prix ≤ 40 %
PROD-0537,BOÎTE CUBE BEURRE SALÉ,PROD-0143,Poulet caramel beurre salé 90 grs,PRIX_INFERIEUR,-7.1,3.4,3.16,OUI,OUI,NON,OUI,0,même sous-catégorie + même régime alcool + écart de prix ≤ 40 %
PROD-0537,BOÎTE CUBE BEURRE SALÉ,PROD-0536,"SACHET NŒUD ""GOÛT TATIN""",PRIX_SUPERIEUR,13.2,3.4,3.85,OUI,OUI,OUI,OUI,0,même sous-catégorie + même régime alcool + écart de prix ≤ 40 %
PROD-0538,BOÎTE CUBE FONDANTS BEURRE SALÉ,PROD-0537,BOÎTE CUBE BEURRE SALÉ,PRIX_EQUIVALENT,0.0,3.4,3.4,OUI,OUI,OUI,OUI,0,même sous-catégorie + même régime alcool + écart de prix ≤ 40 %
PROD-0538,BOÎTE CUBE FONDANTS BEURRE SALÉ,PROD-0539,BOÎTE CUBE ASSORTIMENT TRADITION,PRIX_EQUIVALENT,0.0,3.4,3.4,OUI,OUI,OUI,OUI,0,même sous-catégorie + même régime alcool + écart de prix ≤ 40 %
PROD-0538,BOÎTE CUBE FONDANTS BEURRE SALÉ,PROD-0540,BOÎTE CUBE ASSORTIMENT NORMANDIE,PRIX_EQUIVALENT,0.0,3.4,3.4,OUI,OUI,OUI,NON,0,même sous-catégorie + même régime alcool + écart de prix ≤ 40 %
PROD-0538,BOÎTE CUBE FONDANTS BEURRE SALÉ,PROD-0143,Poulet caramel beurre salé 90 grs,PRIX_INFERIEUR,-7.1,3.4,3.16,OUI,OUI,NON,OUI,0,même sous-catégorie + même régime alcool + écart de prix ≤ 40 %
PROD-0538,BOÎTE CUBE FONDANTS BEURRE SALÉ,PROD-0536,"SACHET NŒUD ""GOÛT TATIN""",PRIX_SUPERIEUR,13.2,3.4,3.85,OUI,OUI,OUI,OUI,0,même sous-catégorie + même régime alcool + écart de prix ≤ 40 %
PROD-0539,BOÎTE CUBE ASSORTIMENT TRADITION,PROD-0537,BOÎTE CUBE BEURRE SALÉ,PRIX_EQUIVALENT,0.0,3.4,3.4,OUI,OUI,OUI,OUI,0,même sous-catégorie + même régime alcool + écart de prix ≤ 40 %
PROD-0539,BOÎTE CUBE ASSORTIMENT TRADITION,PROD-0538,BOÎTE CUBE FONDANTS BEURRE SALÉ,PRIX_EQUIVALENT,0.0,3.4,3.4,OUI,OUI,OUI,OUI,0,même sous-catégorie + même régime alcool + écart de prix ≤ 40 %
PROD-0539,BOÎTE CUBE ASSORTIMENT TRADITION,PROD-0540,BOÎTE CUBE ASSORTIMENT NORMANDIE,PRIX_EQUIVALENT,0.0,3.4,3.4,OUI,OUI,OUI,NON,0,même sous-catégorie + même régime alcool + écart de prix ≤ 40 %
PROD-0539,BOÎTE CUBE ASSORTIMENT TRADITION,PROD-0143,Poulet caramel beurre salé 90 grs,PRIX_INFERIEUR,-7.1,3.4,3.16,OUI,OUI,NON,OUI,0,même sous-catégorie + même régime alcool + écart de prix ≤ 40 %
PROD-0539,BOÎTE CUBE ASSORTIMENT TRADITION,PROD-0536,"SACHET NŒUD ""GOÛT TATIN""",PRIX_SUPERIEUR,13.2,3.4,3.85,OUI,OUI,OUI,OUI,0,même sous-catégorie + même régime alcool + écart de prix ≤ 40 %
PROD-0540,BOÎTE CUBE ASSORTIMENT NORMANDIE,PROD-0537,BOÎTE CUBE BEURRE SALÉ,PRIX_EQUIVALENT,0.0,3.4,3.4,OUI,OUI,OUI,NON,0,même sous-catégorie + même régime alcool + écart de prix ≤ 40 %
PROD-0540,BOÎTE CUBE ASSORTIMENT NORMANDIE,PROD-0538,BOÎTE CUBE FONDANTS BEURRE SALÉ,PRIX_EQUIVALENT,0.0,3.4,3.4,OUI,OUI,OUI,NON,0,même sous-catégorie + même régime alcool + écart de prix ≤ 40 %
PROD-0540,BOÎTE CUBE ASSORTIMENT NORMANDIE,PROD-0539,BOÎTE CUBE ASSORTIMENT TRADITION,PRIX_EQUIVALENT,0.0,3.4,3.4,OUI,OUI,OUI,NON,0,même sous-catégorie + même régime alcool + écart de prix ≤ 40 %
PROD-0540,BOÎTE CUBE ASSORTIMENT NORMANDIE,PROD-0143,Poulet caramel beurre salé 90 grs,PRIX_INFERIEUR,-7.1,3.4,3.16,OUI,OUI,NON,NON,0,même sous-catégorie + même régime alcool + écart de prix ≤ 40 %
PROD-0540,BOÎTE CUBE ASSORTIMENT NORMANDIE,PROD-0536,"SACHET NŒUD ""GOÛT TATIN""",PRIX_SUPERIEUR,13.2,3.4,3.85,OUI,OUI,OUI,NON,0,même sous-catégorie + même régime alcool + écart de prix ≤ 40 %
PROD-0541,BOÎTE FER FONDANTS,PROD-0505,BOÎTE BOIS RONDE BEURRE SALÉ,PRIX_EQUIVALENT,0.0,4.25,4.25,OUI,OUI,OUI,OUI,0,même sous-catégorie + même régime alcool + écart de prix ≤ 40 %
PROD-0541,BOÎTE FER FONDANTS,PROD-0507,BOÎTE BOIS CARRÉE BEURRE SALÉ,PRIX_EQUIVALENT,0.0,4.25,4.25,OUI,OUI,OUI,OUI,0,même sous-catégorie + même régime alcool + écart de prix ≤ 40 %
PROD-0541,BOÎTE FER FONDANTS,PROD-0509,BOÎTE BOIS RONDE FONDANT BEURRE SALÉ,PRIX_EQUIVALENT,0.0,4.25,4.25,OUI,OUI,OUI,OUI,0,même sous-catégorie + même régime alcool + écart de prix ≤ 40 %
PROD-0541,BOÎTE FER FONDANTS,PROD-0511,BOÎTE BOIS CARRÉE FONDANT BEURRE SALÉ,PRIX_EQUIVALENT,0.0,4.25,4.25,OUI,OUI,OUI,OUI,0,même sous-catégorie + même régime alcool + écart de prix ≤ 40 %
PROD-0541,BOÎTE FER FONDANTS,PROD-0513,BOÎTE BOIS RONDE ASSORTIMENT TRADITION,PRIX_EQUIVALENT,0.0,4.25,4.25,OUI,OUI,OUI,OUI,0,même sous-catégorie + même régime alcool + écart de prix ≤ 40 %
PROD-0542,BOÎTE FER BEURRE SALÉ,PROD-0505,BOÎTE BOIS RONDE BEURRE SALÉ,PRIX_EQUIVALENT,0.0,4.25,4.25,OUI,OUI,OUI,OUI,0,même sous-catégorie + même régime alcool + écart de prix ≤ 40 %
PROD-0542,BOÎTE FER BEURRE SALÉ,PROD-0507,BOÎTE BOIS CARRÉE BEURRE SALÉ,PRIX_EQUIVALENT,0.0,4.25,4.25,OUI,OUI,OUI,OUI,0,même sous-catégorie + même régime alcool + écart de prix ≤ 40 %
PROD-0542,BOÎTE FER BEURRE SALÉ,PROD-0509,BOÎTE BOIS RONDE FONDANT BEURRE SALÉ,PRIX_EQUIVALENT,0.0,4.25,4.25,OUI,OUI,OUI,OUI,0,même sous-catégorie + même régime alcool + écart de prix ≤ 40 %
PROD-0542,BOÎTE FER BEURRE SALÉ,PROD-0511,BOÎTE BOIS CARRÉE FONDANT BEURRE SALÉ,PRIX_EQUIVALENT,0.0,4.25,4.25,OUI,OUI,OUI,OUI,0,même sous-catégorie + même régime alcool + écart de prix ≤ 40 %
PROD-0542,BOÎTE FER BEURRE SALÉ,PROD-0513,BOÎTE BOIS RONDE ASSORTIMENT TRADITION,PRIX_EQUIVALENT,0.0,4.25,4.25,OUI,OUI,OUI,OUI,0,même sous-catégorie + même régime alcool + écart de prix ≤ 40 %
PROD-0543,BOÎTE FER ASSORTIMENT NORMANDIE,PROD-0505,BOÎTE BOIS RONDE BEURRE SALÉ,PRIX_EQUIVALENT,0.0,4.25,4.25,OUI,OUI,OUI,NON,0,même sous-catégorie + même régime alcool + écart de prix ≤ 40 %
PROD-0543,BOÎTE FER ASSORTIMENT NORMANDIE,PROD-0507,BOÎTE BOIS CARRÉE BEURRE SALÉ,PRIX_EQUIVALENT,0.0,4.25,4.25,OUI,OUI,OUI,NON,0,même sous-catégorie + même régime alcool + écart de prix ≤ 40 %
PROD-0543,BOÎTE FER ASSORTIMENT NORMANDIE,PROD-0509,BOÎTE BOIS RONDE FONDANT BEURRE SALÉ,PRIX_EQUIVALENT,0.0,4.25,4.25,OUI,OUI,OUI,NON,0,même sous-catégorie + même régime alcool + écart de prix ≤ 40 %
PROD-0543,BOÎTE FER ASSORTIMENT NORMANDIE,PROD-0511,BOÎTE BOIS CARRÉE FONDANT BEURRE SALÉ,PRIX_EQUIVALENT,0.0,4.25,4.25,OUI,OUI,OUI,NON,0,même sous-catégorie + même régime alcool + écart de prix ≤ 40 %
PROD-0543,BOÎTE FER ASSORTIMENT NORMANDIE,PROD-0513,BOÎTE BOIS RONDE ASSORTIMENT TRADITION,PRIX_EQUIVALENT,0.0,4.25,4.25,OUI,OUI,OUI,NON,0,même sous-catégorie + même régime alcool + écart de prix ≤ 40 %
PROD-0544,POT À LAIT,PROD-0524,SACHET FONDANTS BEURRE SALÉ,PRIX_INFERIEUR,-2.2,4.5,4.4,OUI,OUI,OUI,NON,0,même sous-catégorie + même régime alcool + écart de prix ≤ 40 %
PROD-0544,POT À LAIT,PROD-0525,SACHET FONDANTS NOISETTE,PRIX_INFERIEUR,-2.2,4.5,4.4,OUI,OUI,OUI,NON,0,même sous-catégorie + même régime alcool + écart de prix ≤ 40 %
PROD-0544,POT À LAIT,PROD-0526,SACHET FONDANTS VANILLE,PRIX_INFERIEUR,-2.2,4.5,4.4,OUI,OUI,OUI,NON,0,même sous-catégorie + même régime alcool + écart de prix ≤ 40 %
PROD-0544,POT À LAIT,PROD-0527,SACHET FONDANTS VANILLE MARBRÉ CHOCOLAT,PRIX_INFERIEUR,-2.2,4.5,4.4,OUI,OUI,OUI,NON,0,même sous-catégorie + même régime alcool + écart de prix ≤ 40 %
PROD-0544,POT À LAIT,PROD-0528,SACHET BEURRE SALÉ,PRIX_INFERIEUR,-2.2,4.5,4.4,OUI,OUI,OUI,NON,0,même sous-catégorie + même régime alcool + écart de prix ≤ 40 %
PROD-0545,BOÎTE CIGARE,PROD-0551,BOÎTE CIGARE,PRIX_EQUIVALENT,0.0,5.5,5.5,OUI,OUI,OUI,NON,0,même sous-catégorie + même régime alcool + écart de prix ≤ 40 %
PROD-0545,BOÎTE CIGARE,PROD-0535,"BOÎTE MÉTAL À FENÊTRE ""GOÛT TATIN""",PRIX_INFERIEUR,-6.4,5.5,5.15,OUI,OUI,OUI,NON,0,même sous-catégorie + même régime alcool + écart de prix ≤ 40 %
PROD-0545,BOÎTE CIGARE,PROD-0278,CARAMELS d'Isigny Fondant beurre salé 150 g Caen,PRIX_INFERIEUR,-7.1,5.5,5.11,OUI,OUI,NON,OUI,0,même sous-catégorie + même régime alcool + écart de prix ≤ 40 %
PROD-0545,BOÎTE CIGARE,PROD-0279,CARAMELS d'Isigny beurre salé 150 g Deauville,PRIX_INFERIEUR,-7.1,5.5,5.11,OUI,OUI,NON,OUI,0,même sous-catégorie + même régime alcool + écart de prix ≤ 40 %
PROD-0545,BOÎTE CIGARE,PROD-0280,CARAMELS d'Isigny 150 g Assortiment Normand Vache,PRIX_INFERIEUR,-7.1,5.5,5.11,OUI,OUI,NON,OUI,0,même sous-catégorie + même régime alcool + écart de prix ≤ 40 %
PROD-0546,2 CV FOURGONNETTE,PROD-0558,"CITROËN 2CV ""NOËL""",PRIX_EQUIVALENT,0.0,9.5,9.5,OUI,OUI,OUI,NON,0,même sous-catégorie + même régime alcool + écart de prix ≤ 40 %
PROD-0546,2 CV FOURGONNETTE,PROD-0553,FOLKLORE NORMAND,PRIX_INFERIEUR,-2.6,9.5,9.25,OUI,OUI,OUI,OUI,0,même sous-catégorie + même régime alcool + écart de prix ≤ 40 %
PROD-0546,2 CV FOURGONNETTE,PROD-0554,CARROUSEL,PRIX_INFERIEUR,-2.6,9.5,9.25,OUI,OUI,OUI,NON,0,même sous-catégorie + même régime alcool + écart de prix ≤ 40 %
PROD-0546,2 CV FOURGONNETTE,PROD-0555,"BOÎTE ""PRESTIGE""",PRIX_INFERIEUR,-16.8,9.5,7.9,OUI,OUI,OUI,NON,0,même sous-catégorie + même régime alcool + écart de prix ≤ 40 %
PROD-0546,2 CV FOURGONNETTE,PROD-0556,"BOÎTE ""SOUVENIRS D’ENFANCE""",PRIX_INFERIEUR,-16.8,9.5,7.9,OUI,OUI,OUI,NON,0,même sous-catégorie + même régime alcool + écart de prix ≤ 40 %
PROD-0547,ASSORTIMENT NORMANDIE,PROD-0548,BEURRE SALÉ,PRIX_EQUIVALENT,0.0,29.5,29.5,OUI,OUI,OUI,NON,0,même sous-catégorie + même régime alcool + écart de prix ≤ 40 %
PROD-0547,ASSORTIMENT NORMANDIE,PROD-0549,FONDANT BEURRE SALÉ,PRIX_EQUIVALENT,0.0,29.5,29.5,OUI,OUI,OUI,NON,0,même sous-catégorie + même régime alcool + écart de prix ≤ 40 %
PROD-0547,ASSORTIMENT NORMANDIE,PROD-0550,ASSORTIMENT FONDANTS,PRIX_EQUIVALENT,0.0,29.5,29.5,OUI,OUI,OUI,NON,0,même sous-catégorie + même régime alcool + écart de prix ≤ 40 %
PROD-0548,BEURRE SALÉ,PROD-0547,ASSORTIMENT NORMANDIE,PRIX_EQUIVALENT,0.0,29.5,29.5,OUI,OUI,OUI,NON,0,même sous-catégorie + même régime alcool + écart de prix ≤ 40 %
PROD-0548,BEURRE SALÉ,PROD-0549,FONDANT BEURRE SALÉ,PRIX_EQUIVALENT,0.0,29.5,29.5,OUI,OUI,OUI,OUI,0,même sous-catégorie + même régime alcool + écart de prix ≤ 40 %
PROD-0548,BEURRE SALÉ,PROD-0550,ASSORTIMENT FONDANTS,PRIX_EQUIVALENT,0.0,29.5,29.5,OUI,OUI,OUI,OUI,0,même sous-catégorie + même régime alcool + écart de prix ≤ 40 %
PROD-0549,FONDANT BEURRE SALÉ,PROD-0547,ASSORTIMENT NORMANDIE,PRIX_EQUIVALENT,0.0,29.5,29.5,OUI,OUI,OUI,NON,0,même sous-catégorie + même régime alcool + écart de prix ≤ 40 %
PROD-0549,FONDANT BEURRE SALÉ,PROD-0548,BEURRE SALÉ,PRIX_EQUIVALENT,0.0,29.5,29.5,OUI,OUI,OUI,OUI,0,même sous-catégorie + même régime alcool + écart de prix ≤ 40 %
PROD-0549,FONDANT BEURRE SALÉ,PROD-0550,ASSORTIMENT FONDANTS,PRIX_EQUIVALENT,0.0,29.5,29.5,OUI,OUI,OUI,OUI,0,même sous-catégorie + même régime alcool + écart de prix ≤ 40 %
PROD-0550,ASSORTIMENT FONDANTS,PROD-0547,ASSORTIMENT NORMANDIE,PRIX_EQUIVALENT,0.0,29.5,29.5,OUI,OUI,OUI,NON,0,même sous-catégorie + même régime alcool + écart de prix ≤ 40 %
PROD-0550,ASSORTIMENT FONDANTS,PROD-0548,BEURRE SALÉ,PRIX_EQUIVALENT,0.0,29.5,29.5,OUI,OUI,OUI,OUI,0,même sous-catégorie + même régime alcool + écart de prix ≤ 40 %
PROD-0550,ASSORTIMENT FONDANTS,PROD-0549,FONDANT BEURRE SALÉ,PRIX_EQUIVALENT,0.0,29.5,29.5,OUI,OUI,OUI,OUI,0,même sous-catégorie + même régime alcool + écart de prix ≤ 40 %
PROD-0551,BOÎTE CIGARE,PROD-0545,BOÎTE CIGARE,PRIX_EQUIVALENT,0.0,5.5,5.5,OUI,OUI,OUI,NON,0,même sous-catégorie + même régime alcool + écart de prix ≤ 40 %
PROD-0551,BOÎTE CIGARE,PROD-0535,"BOÎTE MÉTAL À FENÊTRE ""GOÛT TATIN""",PRIX_INFERIEUR,-6.4,5.5,5.15,OUI,OUI,OUI,OUI,0,même sous-catégorie + même régime alcool + écart de prix ≤ 40 %
PROD-0551,BOÎTE CIGARE,PROD-0278,CARAMELS d'Isigny Fondant beurre salé 150 g Caen,PRIX_INFERIEUR,-7.1,5.5,5.11,OUI,OUI,NON,NON,0,même sous-catégorie + même régime alcool + écart de prix ≤ 40 %
PROD-0551,BOÎTE CIGARE,PROD-0279,CARAMELS d'Isigny beurre salé 150 g Deauville,PRIX_INFERIEUR,-7.1,5.5,5.11,OUI,OUI,NON,NON,0,même sous-catégorie + même régime alcool + écart de prix ≤ 40 %
PROD-0551,BOÎTE CIGARE,PROD-0280,CARAMELS d'Isigny 150 g Assortiment Normand Vache,PRIX_INFERIEUR,-7.1,5.5,5.11,OUI,OUI,NON,NON,0,même sous-catégorie + même régime alcool + écart de prix ≤ 40 %
PROD-0552,BOÎTE BOIS DEBARQUEMENT,PROD-0504,BOÎTE BOIS RONDE BEURRE SALÉ,PRIX_EQUIVALENT,0.0,2.85,2.85,OUI,OUI,OUI,OUI,0,même sous-catégorie + même régime alcool + écart de prix ≤ 40 %
PROD-0552,BOÎTE BOIS DEBARQUEMENT,PROD-0506,BOÎTE BOIS CARRÉE BEURRE SALÉ,PRIX_EQUIVALENT,0.0,2.85,2.85,OUI,OUI,OUI,OUI,0,même sous-catégorie + même régime alcool + écart de prix ≤ 40 %
PROD-0552,BOÎTE BOIS DEBARQUEMENT,PROD-0508,BOÎTE BOIS RONDE FONDANT BEURRE SALÉ,PRIX_EQUIVALENT,0.0,2.85,2.85,OUI,OUI,OUI,OUI,0,même sous-catégorie + même régime alcool + écart de prix ≤ 40 %
PROD-0552,BOÎTE BOIS DEBARQUEMENT,PROD-0510,BOÎTE BOIS CARRÉE FONDANT BEURRE SALÉ,PRIX_EQUIVALENT,0.0,2.85,2.85,OUI,OUI,OUI,OUI,0,même sous-catégorie + même régime alcool + écart de prix ≤ 40 %
PROD-0552,BOÎTE BOIS DEBARQUEMENT,PROD-0512,BOÎTE BOIS RONDE ASSORTIMENT TRADITION,PRIX_EQUIVALENT,0.0,2.85,2.85,OUI,OUI,OUI,OUI,0,même sous-catégorie + même régime alcool + écart de prix ≤ 40 %
PROD-0553,FOLKLORE NORMAND,PROD-0554,CARROUSEL,PRIX_EQUIVALENT,0.0,9.25,9.25,OUI,OUI,OUI,NON,0,même sous-catégorie + même régime alcool + écart de prix ≤ 40 %
PROD-0553,FOLKLORE NORMAND,PROD-0546,2 CV FOURGONNETTE,PRIX_SUPERIEUR,2.7,9.25,9.5,OUI,OUI,OUI,OUI,0,même sous-catégorie + même régime alcool + écart de prix ≤ 40 %
PROD-0553,FOLKLORE NORMAND,PROD-0558,"CITROËN 2CV ""NOËL""",PRIX_SUPERIEUR,2.7,9.25,9.5,OUI,OUI,OUI,NON,0,même sous-catégorie + même régime alcool + écart de prix ≤ 40 %
PROD-0553,FOLKLORE NORMAND,PROD-0555,"BOÎTE ""PRESTIGE""",PRIX_INFERIEUR,-14.6,9.25,7.9,OUI,OUI,OUI,NON,0,même sous-catégorie + même régime alcool + écart de prix ≤ 40 %
PROD-0553,FOLKLORE NORMAND,PROD-0556,"BOÎTE ""SOUVENIRS D’ENFANCE""",PRIX_INFERIEUR,-14.6,9.25,7.9,OUI,OUI,OUI,NON,0,même sous-catégorie + même régime alcool + écart de prix ≤ 40 %
PROD-0554,CARROUSEL,PROD-0553,FOLKLORE NORMAND,PRIX_EQUIVALENT,0.0,9.25,9.25,OUI,OUI,OUI,NON,0,même sous-catégorie + même régime alcool + écart de prix ≤ 40 %
PROD-0554,CARROUSEL,PROD-0546,2 CV FOURGONNETTE,PRIX_SUPERIEUR,2.7,9.25,9.5,OUI,OUI,OUI,NON,0,même sous-catégorie + même régime alcool + écart de prix ≤ 40 %
PROD-0554,CARROUSEL,PROD-0558,"CITROËN 2CV ""NOËL""",PRIX_SUPERIEUR,2.7,9.25,9.5,OUI,OUI,OUI,OUI,0,même sous-catégorie + même régime alcool + écart de prix ≤ 40 %
PROD-0554,CARROUSEL,PROD-0555,"BOÎTE ""PRESTIGE""",PRIX_INFERIEUR,-14.6,9.25,7.9,OUI,OUI,OUI,OUI,0,même sous-catégorie + même régime alcool + écart de prix ≤ 40 %
PROD-0554,CARROUSEL,PROD-0556,"BOÎTE ""SOUVENIRS D’ENFANCE""",PRIX_INFERIEUR,-14.6,9.25,7.9,OUI,OUI,OUI,OUI,0,même sous-catégorie + même régime alcool + écart de prix ≤ 40 %
PROD-0555,"BOÎTE ""PRESTIGE""",PROD-0556,"BOÎTE ""SOUVENIRS D’ENFANCE""",PRIX_EQUIVALENT,0.0,7.9,7.9,OUI,OUI,OUI,OUI,0,même sous-catégorie + même régime alcool + écart de prix ≤ 40 %
PROD-0555,"BOÎTE ""PRESTIGE""",PROD-0281,CARAMELS d'Isigny 200 g Assortiment Normand,PRIX_INFERIEUR,-5.1,7.9,7.5,OUI,OUI,NON,NON,0,même sous-catégorie + même régime alcool + écart de prix ≤ 40 %
PROD-0555,"BOÎTE ""PRESTIGE""",PROD-0553,FOLKLORE NORMAND,PRIX_SUPERIEUR,17.1,7.9,9.25,OUI,OUI,OUI,NON,0,même sous-catégorie + même régime alcool + écart de prix ≤ 40 %
PROD-0555,"BOÎTE ""PRESTIGE""",PROD-0554,CARROUSEL,PRIX_SUPERIEUR,17.1,7.9,9.25,OUI,OUI,OUI,OUI,0,même sous-catégorie + même régime alcool + écart de prix ≤ 40 %
PROD-0555,"BOÎTE ""PRESTIGE""",PROD-0546,2 CV FOURGONNETTE,PRIX_SUPERIEUR,20.3,7.9,9.5,OUI,OUI,OUI,NON,0,même sous-catégorie + même régime alcool + écart de prix ≤ 40 %
PROD-0556,"BOÎTE ""SOUVENIRS D’ENFANCE""",PROD-0555,"BOÎTE ""PRESTIGE""",PRIX_EQUIVALENT,0.0,7.9,7.9,OUI,OUI,OUI,OUI,0,même sous-catégorie + même régime alcool + écart de prix ≤ 40 %
PROD-0556,"BOÎTE ""SOUVENIRS D’ENFANCE""",PROD-0281,CARAMELS d'Isigny 200 g Assortiment Normand,PRIX_INFERIEUR,-5.1,7.9,7.5,OUI,OUI,NON,NON,0,même sous-catégorie + même régime alcool + écart de prix ≤ 40 %
PROD-0556,"BOÎTE ""SOUVENIRS D’ENFANCE""",PROD-0553,FOLKLORE NORMAND,PRIX_SUPERIEUR,17.1,7.9,9.25,OUI,OUI,OUI,NON,0,même sous-catégorie + même régime alcool + écart de prix ≤ 40 %
PROD-0556,"BOÎTE ""SOUVENIRS D’ENFANCE""",PROD-0554,CARROUSEL,PRIX_SUPERIEUR,17.1,7.9,9.25,OUI,OUI,OUI,OUI,0,même sous-catégorie + même régime alcool + écart de prix ≤ 40 %
PROD-0556,"BOÎTE ""SOUVENIRS D’ENFANCE""",PROD-0546,2 CV FOURGONNETTE,PRIX_SUPERIEUR,20.3,7.9,9.5,OUI,OUI,OUI,NON,0,même sous-catégorie + même régime alcool + écart de prix ≤ 40 %
PROD-0557,"BOÎTE FER ""NOËL""",PROD-0278,CARAMELS d'Isigny Fondant beurre salé 150 g Caen,PRIX_EQUIVALENT,0.2,5.1,5.11,OUI,OUI,NON,NON,0,même sous-catégorie + même régime alcool + écart de prix ≤ 40 %
PROD-0557,"BOÎTE FER ""NOËL""",PROD-0279,CARAMELS d'Isigny beurre salé 150 g Deauville,PRIX_EQUIVALENT,0.2,5.1,5.11,OUI,OUI,NON,NON,0,même sous-catégorie + même régime alcool + écart de prix ≤ 40 %
PROD-0557,"BOÎTE FER ""NOËL""",PROD-0280,CARAMELS d'Isigny 150 g Assortiment Normand Vache,PRIX_EQUIVALENT,0.2,5.1,5.11,OUI,OUI,NON,NON,0,même sous-catégorie + même régime alcool + écart de prix ≤ 40 %
PROD-0557,"BOÎTE FER ""NOËL""",PROD-0291,Caramels d'Isigny beurre salé 150 g  D-DAY drapeau,PRIX_EQUIVALENT,0.2,5.1,5.11,OUI,OUI,NON,NON,0,même sous-catégorie + même régime alcool + écart de prix ≤ 40 %
PROD-0557,"BOÎTE FER ""NOËL""",PROD-0535,"BOÎTE MÉTAL À FENÊTRE ""GOÛT TATIN""",PRIX_EQUIVALENT,1.0,5.1,5.15,OUI,OUI,OUI,OUI,0,même sous-catégorie + même régime alcool + écart de prix ≤ 40 %
PROD-0558,"CITROËN 2CV ""NOËL""",PROD-0546,2 CV FOURGONNETTE,PRIX_EQUIVALENT,0.0,9.5,9.5,OUI,OUI,OUI,NON,0,même sous-catégorie + même régime alcool + écart de prix ≤ 40 %
PROD-0558,"CITROËN 2CV ""NOËL""",PROD-0553,FOLKLORE NORMAND,PRIX_INFERIEUR,-2.6,9.5,9.25,OUI,OUI,OUI,NON,0,même sous-catégorie + même régime alcool + écart de prix ≤ 40 %
PROD-0558,"CITROËN 2CV ""NOËL""",PROD-0554,CARROUSEL,PRIX_INFERIEUR,-2.6,9.5,9.25,OUI,OUI,OUI,OUI,0,même sous-catégorie + même régime alcool + écart de prix ≤ 40 %
PROD-0558,"CITROËN 2CV ""NOËL""",PROD-0555,"BOÎTE ""PRESTIGE""",PRIX_INFERIEUR,-16.8,9.5,7.9,OUI,OUI,OUI,OUI,0,même sous-catégorie + même régime alcool + écart de prix ≤ 40 %
PROD-0558,"CITROËN 2CV ""NOËL""",PROD-0556,"BOÎTE ""SOUVENIRS D’ENFANCE""",PRIX_INFERIEUR,-16.8,9.5,7.9,OUI,OUI,OUI,OUI,0,même sous-catégorie + même régime alcool + écart de prix ≤ 40 %
PROD-0559,"BOÎTE ""JOYEUSES FÊTES""",PROD-0504,BOÎTE BOIS RONDE BEURRE SALÉ,PRIX_EQUIVALENT,0.0,2.85,2.85,OUI,OUI,OUI,OUI,0,même sous-catégorie + même régime alcool + écart de prix ≤ 40 %
PROD-0559,"BOÎTE ""JOYEUSES FÊTES""",PROD-0506,BOÎTE BOIS CARRÉE BEURRE SALÉ,PRIX_EQUIVALENT,0.0,2.85,2.85,OUI,OUI,OUI,OUI,0,même sous-catégorie + même régime alcool + écart de prix ≤ 40 %
PROD-0559,"BOÎTE ""JOYEUSES FÊTES""",PROD-0508,BOÎTE BOIS RONDE FONDANT BEURRE SALÉ,PRIX_EQUIVALENT,0.0,2.85,2.85,OUI,OUI,OUI,OUI,0,même sous-catégorie + même régime alcool + écart de prix ≤ 40 %
PROD-0559,"BOÎTE ""JOYEUSES FÊTES""",PROD-0510,BOÎTE BOIS CARRÉE FONDANT BEURRE SALÉ,PRIX_EQUIVALENT,0.0,2.85,2.85,OUI,OUI,OUI,OUI,0,même sous-catégorie + même régime alcool + écart de prix ≤ 40 %
PROD-0559,"BOÎTE ""JOYEUSES FÊTES""",PROD-0512,BOÎTE BOIS RONDE ASSORTIMENT TRADITION,PRIX_EQUIVALENT,0.0,2.85,2.85,OUI,OUI,OUI,OUI,0,même sous-catégorie + même régime alcool + écart de prix ≤ 40 %
PROD-0560,CALENDRIER DE L'AVENT (Décor 09/2026),PROD-0561,BEURRE SALÉ,PRIX_SUPERIEUR,25.6,13.3,16.7,OUI,OUI,OUI,OUI,0,même sous-catégorie + même régime alcool + écart de prix ≤ 40 %
PROD-0560,CALENDRIER DE L'AVENT (Décor 09/2026),PROD-0562,FONDANTS BEURRE SALÉ,PRIX_SUPERIEUR,25.6,13.3,16.7,OUI,OUI,OUI,OUI,0,même sous-catégorie + même régime alcool + écart de prix ≤ 40 %
PROD-0560,CALENDRIER DE L'AVENT (Décor 09/2026),PROD-0563,ASSORTIMENT FONDANTS,PRIX_SUPERIEUR,25.6,13.3,16.7,OUI,OUI,OUI,OUI,0,même sous-catégorie + même régime alcool + écart de prix ≤ 40 %
PROD-0560,CALENDRIER DE L'AVENT (Décor 09/2026),PROD-0564,ASSORTIMENT NORMANDIE,PRIX_SUPERIEUR,25.6,13.3,16.7,OUI,OUI,OUI,NON,0,même sous-catégorie + même régime alcool + écart de prix ≤ 40 %
PROD-0560,CALENDRIER DE L'AVENT (Décor 09/2026),PROD-0565,ASSORTIMENT 9 FRUITS,PRIX_SUPERIEUR,25.6,13.3,16.7,OUI,OUI,OUI,OUI,0,même sous-catégorie + même régime alcool + écart de prix ≤ 40 %
PROD-0561,BEURRE SALÉ,PROD-0562,FONDANTS BEURRE SALÉ,PRIX_EQUIVALENT,0.0,16.7,16.7,OUI,OUI,OUI,OUI,0,même sous-catégorie + même régime alcool + écart de prix ≤ 40 %
PROD-0561,BEURRE SALÉ,PROD-0563,ASSORTIMENT FONDANTS,PRIX_EQUIVALENT,0.0,16.7,16.7,OUI,OUI,OUI,OUI,0,même sous-catégorie + même régime alcool + écart de prix ≤ 40 %
PROD-0561,BEURRE SALÉ,PROD-0564,ASSORTIMENT NORMANDIE,PRIX_EQUIVALENT,0.0,16.7,16.7,OUI,OUI,OUI,NON,0,même sous-catégorie + même régime alcool + écart de prix ≤ 40 %
PROD-0561,BEURRE SALÉ,PROD-0565,ASSORTIMENT 9 FRUITS,PRIX_EQUIVALENT,0.0,16.7,16.7,OUI,OUI,OUI,OUI,0,même sous-catégorie + même régime alcool + écart de prix ≤ 40 %
PROD-0561,BEURRE SALÉ,PROD-0566,ASSORTIMENT TRADITION,PRIX_EQUIVALENT,0.0,16.7,16.7,OUI,OUI,OUI,OUI,0,même sous-catégorie + même régime alcool + écart de prix ≤ 40 %
PROD-0562,FONDANTS BEURRE SALÉ,PROD-0561,BEURRE SALÉ,PRIX_EQUIVALENT,0.0,16.7,16.7,OUI,OUI,OUI,OUI,0,même sous-catégorie + même régime alcool + écart de prix ≤ 40 %
PROD-0562,FONDANTS BEURRE SALÉ,PROD-0563,ASSORTIMENT FONDANTS,PRIX_EQUIVALENT,0.0,16.7,16.7,OUI,OUI,OUI,OUI,0,même sous-catégorie + même régime alcool + écart de prix ≤ 40 %
PROD-0562,FONDANTS BEURRE SALÉ,PROD-0564,ASSORTIMENT NORMANDIE,PRIX_EQUIVALENT,0.0,16.7,16.7,OUI,OUI,OUI,NON,0,même sous-catégorie + même régime alcool + écart de prix ≤ 40 %
PROD-0562,FONDANTS BEURRE SALÉ,PROD-0565,ASSORTIMENT 9 FRUITS,PRIX_EQUIVALENT,0.0,16.7,16.7,OUI,OUI,OUI,OUI,0,même sous-catégorie + même régime alcool + écart de prix ≤ 40 %
PROD-0562,FONDANTS BEURRE SALÉ,PROD-0566,ASSORTIMENT TRADITION,PRIX_EQUIVALENT,0.0,16.7,16.7,OUI,OUI,OUI,OUI,0,même sous-catégorie + même régime alcool + écart de prix ≤ 40 %
PROD-0563,ASSORTIMENT FONDANTS,PROD-0561,BEURRE SALÉ,PRIX_EQUIVALENT,0.0,16.7,16.7,OUI,OUI,OUI,OUI,0,même sous-catégorie + même régime alcool + écart de prix ≤ 40 %
PROD-0563,ASSORTIMENT FONDANTS,PROD-0562,FONDANTS BEURRE SALÉ,PRIX_EQUIVALENT,0.0,16.7,16.7,OUI,OUI,OUI,OUI,0,même sous-catégorie + même régime alcool + écart de prix ≤ 40 %
PROD-0563,ASSORTIMENT FONDANTS,PROD-0564,ASSORTIMENT NORMANDIE,PRIX_EQUIVALENT,0.0,16.7,16.7,OUI,OUI,OUI,NON,0,même sous-catégorie + même régime alcool + écart de prix ≤ 40 %
PROD-0563,ASSORTIMENT FONDANTS,PROD-0565,ASSORTIMENT 9 FRUITS,PRIX_EQUIVALENT,0.0,16.7,16.7,OUI,OUI,OUI,OUI,0,même sous-catégorie + même régime alcool + écart de prix ≤ 40 %
PROD-0563,ASSORTIMENT FONDANTS,PROD-0566,ASSORTIMENT TRADITION,PRIX_EQUIVALENT,0.0,16.7,16.7,OUI,OUI,OUI,OUI,0,même sous-catégorie + même régime alcool + écart de prix ≤ 40 %
PROD-0564,ASSORTIMENT NORMANDIE,PROD-0561,BEURRE SALÉ,PRIX_EQUIVALENT,0.0,16.7,16.7,OUI,OUI,OUI,NON,0,même sous-catégorie + même régime alcool + écart de prix ≤ 40 %
PROD-0564,ASSORTIMENT NORMANDIE,PROD-0562,FONDANTS BEURRE SALÉ,PRIX_EQUIVALENT,0.0,16.7,16.7,OUI,OUI,OUI,NON,0,même sous-catégorie + même régime alcool + écart de prix ≤ 40 %
PROD-0564,ASSORTIMENT NORMANDIE,PROD-0563,ASSORTIMENT FONDANTS,PRIX_EQUIVALENT,0.0,16.7,16.7,OUI,OUI,OUI,NON,0,même sous-catégorie + même régime alcool + écart de prix ≤ 40 %
PROD-0564,ASSORTIMENT NORMANDIE,PROD-0565,ASSORTIMENT 9 FRUITS,PRIX_EQUIVALENT,0.0,16.7,16.7,OUI,OUI,OUI,NON,0,même sous-catégorie + même régime alcool + écart de prix ≤ 40 %
PROD-0564,ASSORTIMENT NORMANDIE,PROD-0566,ASSORTIMENT TRADITION,PRIX_EQUIVALENT,0.0,16.7,16.7,OUI,OUI,OUI,NON,0,même sous-catégorie + même régime alcool + écart de prix ≤ 40 %
PROD-0565,ASSORTIMENT 9 FRUITS,PROD-0561,BEURRE SALÉ,PRIX_EQUIVALENT,0.0,16.7,16.7,OUI,OUI,OUI,OUI,0,même sous-catégorie + même régime alcool + écart de prix ≤ 40 %
PROD-0565,ASSORTIMENT 9 FRUITS,PROD-0562,FONDANTS BEURRE SALÉ,PRIX_EQUIVALENT,0.0,16.7,16.7,OUI,OUI,OUI,OUI,0,même sous-catégorie + même régime alcool + écart de prix ≤ 40 %
PROD-0565,ASSORTIMENT 9 FRUITS,PROD-0563,ASSORTIMENT FONDANTS,PRIX_EQUIVALENT,0.0,16.7,16.7,OUI,OUI,OUI,OUI,0,même sous-catégorie + même régime alcool + écart de prix ≤ 40 %
PROD-0565,ASSORTIMENT 9 FRUITS,PROD-0564,ASSORTIMENT NORMANDIE,PRIX_EQUIVALENT,0.0,16.7,16.7,OUI,OUI,OUI,NON,0,même sous-catégorie + même régime alcool + écart de prix ≤ 40 %
PROD-0565,ASSORTIMENT 9 FRUITS,PROD-0566,ASSORTIMENT TRADITION,PRIX_EQUIVALENT,0.0,16.7,16.7,OUI,OUI,OUI,OUI,0,même sous-catégorie + même régime alcool + écart de prix ≤ 40 %
PROD-0566,ASSORTIMENT TRADITION,PROD-0561,BEURRE SALÉ,PRIX_EQUIVALENT,0.0,16.7,16.7,OUI,OUI,OUI,OUI,0,même sous-catégorie + même régime alcool + écart de prix ≤ 40 %
PROD-0566,ASSORTIMENT TRADITION,PROD-0562,FONDANTS BEURRE SALÉ,PRIX_EQUIVALENT,0.0,16.7,16.7,OUI,OUI,OUI,OUI,0,même sous-catégorie + même régime alcool + écart de prix ≤ 40 %
PROD-0566,ASSORTIMENT TRADITION,PROD-0563,ASSORTIMENT FONDANTS,PRIX_EQUIVALENT,0.0,16.7,16.7,OUI,OUI,OUI,OUI,0,même sous-catégorie + même régime alcool + écart de prix ≤ 40 %
PROD-0566,ASSORTIMENT TRADITION,PROD-0564,ASSORTIMENT NORMANDIE,PRIX_EQUIVALENT,0.0,16.7,16.7,OUI,OUI,OUI,NON,0,même sous-catégorie + même régime alcool + écart de prix ≤ 40 %
PROD-0566,ASSORTIMENT TRADITION,PROD-0565,ASSORTIMENT 9 FRUITS,PRIX_EQUIVALENT,0.0,16.7,16.7,OUI,OUI,OUI,OUI,0,même sous-catégorie + même régime alcool + écart de prix ≤ 40 %
PROD-0567,ASSORTIMENT TRADITION,PROD-0568,ASSORTIMENT NORMANDIE,PRIX_EQUIVALENT,0.0,4.15,4.15,OUI,OUI,OUI,NON,0,même sous-catégorie + même régime alcool + écart de prix ≤ 40 %
PROD-0567,ASSORTIMENT TRADITION,PROD-0569,ASSORTIMENT 5 FRUITS,PRIX_EQUIVALENT,0.0,4.15,4.15,OUI,OUI,OUI,OUI,0,même sous-catégorie + même régime alcool + écart de prix ≤ 40 %
PROD-0567,ASSORTIMENT TRADITION,PROD-0570,BEURRE SALÉ,PRIX_EQUIVALENT,0.0,4.15,4.15,OUI,OUI,OUI,OUI,0,même sous-catégorie + même régime alcool + écart de prix ≤ 40 %
PROD-0567,ASSORTIMENT TRADITION,PROD-0571,ASSORTIMENT FONDANTS,PRIX_EQUIVALENT,0.0,4.15,4.15,OUI,OUI,OUI,OUI,0,même sous-catégorie + même régime alcool + écart de prix ≤ 40 %
PROD-0567,ASSORTIMENT TRADITION,PROD-0505,BOÎTE BOIS RONDE BEURRE SALÉ,PRIX_SUPERIEUR,2.4,4.15,4.25,OUI,OUI,OUI,OUI,0,même sous-catégorie + même régime alcool + écart de prix ≤ 40 %
PROD-0568,ASSORTIMENT NORMANDIE,PROD-0567,ASSORTIMENT TRADITION,PRIX_EQUIVALENT,0.0,4.15,4.15,OUI,OUI,OUI,NON,0,même sous-catégorie + même régime alcool + écart de prix ≤ 40 %
PROD-0568,ASSORTIMENT NORMANDIE,PROD-0569,ASSORTIMENT 5 FRUITS,PRIX_EQUIVALENT,0.0,4.15,4.15,OUI,OUI,OUI,NON,0,même sous-catégorie + même régime alcool + écart de prix ≤ 40 %
PROD-0568,ASSORTIMENT NORMANDIE,PROD-0570,BEURRE SALÉ,PRIX_EQUIVALENT,0.0,4.15,4.15,OUI,OUI,OUI,NON,0,même sous-catégorie + même régime alcool + écart de prix ≤ 40 %
PROD-0568,ASSORTIMENT NORMANDIE,PROD-0571,ASSORTIMENT FONDANTS,PRIX_EQUIVALENT,0.0,4.15,4.15,OUI,OUI,OUI,NON,0,même sous-catégorie + même régime alcool + écart de prix ≤ 40 %
PROD-0568,ASSORTIMENT NORMANDIE,PROD-0505,BOÎTE BOIS RONDE BEURRE SALÉ,PRIX_SUPERIEUR,2.4,4.15,4.25,OUI,OUI,OUI,NON,0,même sous-catégorie + même régime alcool + écart de prix ≤ 40 %
PROD-0569,ASSORTIMENT 5 FRUITS,PROD-0567,ASSORTIMENT TRADITION,PRIX_EQUIVALENT,0.0,4.15,4.15,OUI,OUI,OUI,OUI,0,même sous-catégorie + même régime alcool + écart de prix ≤ 40 %
PROD-0569,ASSORTIMENT 5 FRUITS,PROD-0568,ASSORTIMENT NORMANDIE,PRIX_EQUIVALENT,0.0,4.15,4.15,OUI,OUI,OUI,NON,0,même sous-catégorie + même régime alcool + écart de prix ≤ 40 %
PROD-0569,ASSORTIMENT 5 FRUITS,PROD-0570,BEURRE SALÉ,PRIX_EQUIVALENT,0.0,4.15,4.15,OUI,OUI,OUI,OUI,0,même sous-catégorie + même régime alcool + écart de prix ≤ 40 %
PROD-0569,ASSORTIMENT 5 FRUITS,PROD-0571,ASSORTIMENT FONDANTS,PRIX_EQUIVALENT,0.0,4.15,4.15,OUI,OUI,OUI,OUI,0,même sous-catégorie + même régime alcool + écart de prix ≤ 40 %
PROD-0569,ASSORTIMENT 5 FRUITS,PROD-0505,BOÎTE BOIS RONDE BEURRE SALÉ,PRIX_SUPERIEUR,2.4,4.15,4.25,OUI,OUI,OUI,OUI,0,même sous-catégorie + même régime alcool + écart de prix ≤ 40 %
PROD-0570,BEURRE SALÉ,PROD-0567,ASSORTIMENT TRADITION,PRIX_EQUIVALENT,0.0,4.15,4.15,OUI,OUI,OUI,OUI,0,même sous-catégorie + même régime alcool + écart de prix ≤ 40 %
PROD-0570,BEURRE SALÉ,PROD-0568,ASSORTIMENT NORMANDIE,PRIX_EQUIVALENT,0.0,4.15,4.15,OUI,OUI,OUI,NON,0,même sous-catégorie + même régime alcool + écart de prix ≤ 40 %
PROD-0570,BEURRE SALÉ,PROD-0569,ASSORTIMENT 5 FRUITS,PRIX_EQUIVALENT,0.0,4.15,4.15,OUI,OUI,OUI,OUI,0,même sous-catégorie + même régime alcool + écart de prix ≤ 40 %
PROD-0570,BEURRE SALÉ,PROD-0571,ASSORTIMENT FONDANTS,PRIX_EQUIVALENT,0.0,4.15,4.15,OUI,OUI,OUI,OUI,0,même sous-catégorie + même régime alcool + écart de prix ≤ 40 %
PROD-0570,BEURRE SALÉ,PROD-0505,BOÎTE BOIS RONDE BEURRE SALÉ,PRIX_SUPERIEUR,2.4,4.15,4.25,OUI,OUI,OUI,OUI,0,même sous-catégorie + même régime alcool + écart de prix ≤ 40 %
PROD-0571,ASSORTIMENT FONDANTS,PROD-0567,ASSORTIMENT TRADITION,PRIX_EQUIVALENT,0.0,4.15,4.15,OUI,OUI,OUI,OUI,0,même sous-catégorie + même régime alcool + écart de prix ≤ 40 %
PROD-0571,ASSORTIMENT FONDANTS,PROD-0568,ASSORTIMENT NORMANDIE,PRIX_EQUIVALENT,0.0,4.15,4.15,OUI,OUI,OUI,NON,0,même sous-catégorie + même régime alcool + écart de prix ≤ 40 %
PROD-0571,ASSORTIMENT FONDANTS,PROD-0569,ASSORTIMENT 5 FRUITS,PRIX_EQUIVALENT,0.0,4.15,4.15,OUI,OUI,OUI,OUI,0,même sous-catégorie + même régime alcool + écart de prix ≤ 40 %
PROD-0571,ASSORTIMENT FONDANTS,PROD-0570,BEURRE SALÉ,PRIX_EQUIVALENT,0.0,4.15,4.15,OUI,OUI,OUI,OUI,0,même sous-catégorie + même régime alcool + écart de prix ≤ 40 %
PROD-0571,ASSORTIMENT FONDANTS,PROD-0505,BOÎTE BOIS RONDE BEURRE SALÉ,PRIX_SUPERIEUR,2.4,4.15,4.25,OUI,OUI,OUI,OUI,0,même sous-catégorie + même régime alcool + écart de prix ≤ 40 %
PROD-0572,BOÎTE 2KG BEURRE SALÉ D’ISIGNY AOP,PROD-0573,BOÎTE 2KG NOISETTE,PRIX_EQUIVALENT,0.0,32.2,32.2,OUI,OUI,OUI,NON,0,même sous-catégorie + même régime alcool + écart de prix ≤ 40 %
PROD-0572,BOÎTE 2KG BEURRE SALÉ D’ISIGNY AOP,PROD-0574,BOÎTE 2KG VANILLE,PRIX_EQUIVALENT,0.0,32.2,32.2,OUI,OUI,OUI,NON,0,même sous-catégorie + même régime alcool + écart de prix ≤ 40 %
PROD-0572,BOÎTE 2KG BEURRE SALÉ D’ISIGNY AOP,PROD-0575,BOÎTE 2KG VANILLE MARBRÉ CHOCOLAT,PRIX_EQUIVALENT,0.0,32.2,32.2,OUI,OUI,OUI,NON,0,même sous-catégorie + même régime alcool + écart de prix ≤ 40 %
PROD-0572,BOÎTE 2KG BEURRE SALÉ D’ISIGNY AOP,PROD-0598,BOÎTE 2KG CRÈME D’ISIGNY AOP,PRIX_EQUIVALENT,0.0,32.2,32.2,OUI,OUI,OUI,OUI,0,même sous-catégorie + même régime alcool + écart de prix ≤ 40 %
PROD-0572,BOÎTE 2KG BEURRE SALÉ D’ISIGNY AOP,PROD-0599,BOÎTE 2KG BEURRE SALÉ D’ISIGNY AOP,PRIX_EQUIVALENT,0.0,32.2,32.2,OUI,OUI,OUI,OUI,0,même sous-catégorie + même régime alcool + écart de prix ≤ 40 %
PROD-0573,BOÎTE 2KG NOISETTE,PROD-0572,BOÎTE 2KG BEURRE SALÉ D’ISIGNY AOP,PRIX_EQUIVALENT,0.0,32.2,32.2,OUI,OUI,OUI,NON,0,même sous-catégorie + même régime alcool + écart de prix ≤ 40 %
PROD-0573,BOÎTE 2KG NOISETTE,PROD-0574,BOÎTE 2KG VANILLE,PRIX_EQUIVALENT,0.0,32.2,32.2,OUI,OUI,OUI,OUI,0,même sous-catégorie + même régime alcool + écart de prix ≤ 40 %
PROD-0573,BOÎTE 2KG NOISETTE,PROD-0575,BOÎTE 2KG VANILLE MARBRÉ CHOCOLAT,PRIX_EQUIVALENT,0.0,32.2,32.2,OUI,OUI,OUI,OUI,0,même sous-catégorie + même régime alcool + écart de prix ≤ 40 %
PROD-0573,BOÎTE 2KG NOISETTE,PROD-0598,BOÎTE 2KG CRÈME D’ISIGNY AOP,PRIX_EQUIVALENT,0.0,32.2,32.2,OUI,OUI,OUI,NON,0,même sous-catégorie + même régime alcool + écart de prix ≤ 40 %
PROD-0573,BOÎTE 2KG NOISETTE,PROD-0599,BOÎTE 2KG BEURRE SALÉ D’ISIGNY AOP,PRIX_EQUIVALENT,0.0,32.2,32.2,OUI,OUI,OUI,NON,0,même sous-catégorie + même régime alcool + écart de prix ≤ 40 %
PROD-0574,BOÎTE 2KG VANILLE,PROD-0572,BOÎTE 2KG BEURRE SALÉ D’ISIGNY AOP,PRIX_EQUIVALENT,0.0,32.2,32.2,OUI,OUI,OUI,NON,0,même sous-catégorie + même régime alcool + écart de prix ≤ 40 %
PROD-0574,BOÎTE 2KG VANILLE,PROD-0573,BOÎTE 2KG NOISETTE,PRIX_EQUIVALENT,0.0,32.2,32.2,OUI,OUI,OUI,OUI,0,même sous-catégorie + même régime alcool + écart de prix ≤ 40 %
PROD-0574,BOÎTE 2KG VANILLE,PROD-0575,BOÎTE 2KG VANILLE MARBRÉ CHOCOLAT,PRIX_EQUIVALENT,0.0,32.2,32.2,OUI,OUI,OUI,OUI,0,même sous-catégorie + même régime alcool + écart de prix ≤ 40 %
PROD-0574,BOÎTE 2KG VANILLE,PROD-0598,BOÎTE 2KG CRÈME D’ISIGNY AOP,PRIX_EQUIVALENT,0.0,32.2,32.2,OUI,OUI,OUI,NON,0,même sous-catégorie + même régime alcool + écart de prix ≤ 40 %
PROD-0574,BOÎTE 2KG VANILLE,PROD-0599,BOÎTE 2KG BEURRE SALÉ D’ISIGNY AOP,PRIX_EQUIVALENT,0.0,32.2,32.2,OUI,OUI,OUI,NON,0,même sous-catégorie + même régime alcool + écart de prix ≤ 40 %
PROD-0575,BOÎTE 2KG VANILLE MARBRÉ CHOCOLAT,PROD-0572,BOÎTE 2KG BEURRE SALÉ D’ISIGNY AOP,PRIX_EQUIVALENT,0.0,32.2,32.2,OUI,OUI,OUI,NON,0,même sous-catégorie + même régime alcool + écart de prix ≤ 40 %
PROD-0575,BOÎTE 2KG VANILLE MARBRÉ CHOCOLAT,PROD-0573,BOÎTE 2KG NOISETTE,PRIX_EQUIVALENT,0.0,32.2,32.2,OUI,OUI,OUI,OUI,0,même sous-catégorie + même régime alcool + écart de prix ≤ 40 %
PROD-0575,BOÎTE 2KG VANILLE MARBRÉ CHOCOLAT,PROD-0574,BOÎTE 2KG VANILLE,PRIX_EQUIVALENT,0.0,32.2,32.2,OUI,OUI,OUI,OUI,0,même sous-catégorie + même régime alcool + écart de prix ≤ 40 %
PROD-0575,BOÎTE 2KG VANILLE MARBRÉ CHOCOLAT,PROD-0598,BOÎTE 2KG CRÈME D’ISIGNY AOP,PRIX_EQUIVALENT,0.0,32.2,32.2,OUI,OUI,OUI,NON,0,même sous-catégorie + même régime alcool + écart de prix ≤ 40 %
PROD-0575,BOÎTE 2KG VANILLE MARBRÉ CHOCOLAT,PROD-0599,BOÎTE 2KG BEURRE SALÉ D’ISIGNY AOP,PRIX_EQUIVALENT,0.0,32.2,32.2,OUI,OUI,OUI,NON,0,même sous-catégorie + même régime alcool + écart de prix ≤ 40 %
PROD-0576,VRAC BEURRE SALÉ D’ISIGNY AOP,PROD-0577,VRAC NOISETTE,PRIX_EQUIVALENT,0.0,13.65,13.65,OUI,OUI,OUI,NON,0,même sous-catégorie + même régime alcool + écart de prix ≤ 40 %
PROD-0576,VRAC BEURRE SALÉ D’ISIGNY AOP,PROD-0578,VRAC VANILLE,PRIX_EQUIVALENT,0.0,13.65,13.65,OUI,OUI,OUI,NON,0,même sous-catégorie + même régime alcool + écart de prix ≤ 40 %
PROD-0576,VRAC BEURRE SALÉ D’ISIGNY AOP,PROD-0579,VRAC VANILLE MARBRÉ CHOCOLAT,PRIX_EQUIVALENT,0.0,13.65,13.65,OUI,OUI,OUI,NON,0,même sous-catégorie + même régime alcool + écart de prix ≤ 40 %
PROD-0576,VRAC BEURRE SALÉ D’ISIGNY AOP,PROD-0582,VRAC BEURRE SALÉ D’ISIGNY AOP,PRIX_EQUIVALENT,0.0,13.65,13.65,OUI,OUI,OUI,OUI,0,même sous-catégorie + même régime alcool + écart de prix ≤ 40 %
PROD-0576,VRAC BEURRE SALÉ D’ISIGNY AOP,PROD-0583,VRAC BEURRE DOUX D’ISIGNY AOP,PRIX_EQUIVALENT,0.0,13.65,13.65,OUI,OUI,OUI,OUI,0,même sous-catégorie + même régime alcool + écart de prix ≤ 40 %
PROD-0577,VRAC NOISETTE,PROD-0576,VRAC BEURRE SALÉ D’ISIGNY AOP,PRIX_EQUIVALENT,0.0,13.65,13.65,OUI,OUI,OUI,NON,0,même sous-catégorie + même régime alcool + écart de prix ≤ 40 %
PROD-0577,VRAC NOISETTE,PROD-0578,VRAC VANILLE,PRIX_EQUIVALENT,0.0,13.65,13.65,OUI,OUI,OUI,OUI,0,même sous-catégorie + même régime alcool + écart de prix ≤ 40 %
PROD-0577,VRAC NOISETTE,PROD-0579,VRAC VANILLE MARBRÉ CHOCOLAT,PRIX_EQUIVALENT,0.0,13.65,13.65,OUI,OUI,OUI,OUI,0,même sous-catégorie + même régime alcool + écart de prix ≤ 40 %
PROD-0577,VRAC NOISETTE,PROD-0582,VRAC BEURRE SALÉ D’ISIGNY AOP,PRIX_EQUIVALENT,0.0,13.65,13.65,OUI,OUI,OUI,NON,0,même sous-catégorie + même régime alcool + écart de prix ≤ 40 %
PROD-0577,VRAC NOISETTE,PROD-0583,VRAC BEURRE DOUX D’ISIGNY AOP,PRIX_EQUIVALENT,0.0,13.65,13.65,OUI,OUI,OUI,NON,0,même sous-catégorie + même régime alcool + écart de prix ≤ 40 %
PROD-0578,VRAC VANILLE,PROD-0576,VRAC BEURRE SALÉ D’ISIGNY AOP,PRIX_EQUIVALENT,0.0,13.65,13.65,OUI,OUI,OUI,NON,0,même sous-catégorie + même régime alcool + écart de prix ≤ 40 %
PROD-0578,VRAC VANILLE,PROD-0577,VRAC NOISETTE,PRIX_EQUIVALENT,0.0,13.65,13.65,OUI,OUI,OUI,OUI,0,même sous-catégorie + même régime alcool + écart de prix ≤ 40 %
PROD-0578,VRAC VANILLE,PROD-0579,VRAC VANILLE MARBRÉ CHOCOLAT,PRIX_EQUIVALENT,0.0,13.65,13.65,OUI,OUI,OUI,OUI,0,même sous-catégorie + même régime alcool + écart de prix ≤ 40 %
PROD-0578,VRAC VANILLE,PROD-0582,VRAC BEURRE SALÉ D’ISIGNY AOP,PRIX_EQUIVALENT,0.0,13.65,13.65,OUI,OUI,OUI,NON,0,même sous-catégorie + même régime alcool + écart de prix ≤ 40 %
PROD-0578,VRAC VANILLE,PROD-0583,VRAC BEURRE DOUX D’ISIGNY AOP,PRIX_EQUIVALENT,0.0,13.65,13.65,OUI,OUI,OUI,NON,0,même sous-catégorie + même régime alcool + écart de prix ≤ 40 %
PROD-0579,VRAC VANILLE MARBRÉ CHOCOLAT,PROD-0576,VRAC BEURRE SALÉ D’ISIGNY AOP,PRIX_EQUIVALENT,0.0,13.65,13.65,OUI,OUI,OUI,NON,0,même sous-catégorie + même régime alcool + écart de prix ≤ 40 %
PROD-0579,VRAC VANILLE MARBRÉ CHOCOLAT,PROD-0577,VRAC NOISETTE,PRIX_EQUIVALENT,0.0,13.65,13.65,OUI,OUI,OUI,OUI,0,même sous-catégorie + même régime alcool + écart de prix ≤ 40 %
PROD-0579,VRAC VANILLE MARBRÉ CHOCOLAT,PROD-0578,VRAC VANILLE,PRIX_EQUIVALENT,0.0,13.65,13.65,OUI,OUI,OUI,OUI,0,même sous-catégorie + même régime alcool + écart de prix ≤ 40 %
PROD-0579,VRAC VANILLE MARBRÉ CHOCOLAT,PROD-0582,VRAC BEURRE SALÉ D’ISIGNY AOP,PRIX_EQUIVALENT,0.0,13.65,13.65,OUI,OUI,OUI,NON,0,même sous-catégorie + même régime alcool + écart de prix ≤ 40 %
PROD-0579,VRAC VANILLE MARBRÉ CHOCOLAT,PROD-0583,VRAC BEURRE DOUX D’ISIGNY AOP,PRIX_EQUIVALENT,0.0,13.65,13.65,OUI,OUI,OUI,NON,0,même sous-catégorie + même régime alcool + écart de prix ≤ 40 %
PROD-0581,VRAC BEURRE SALÉ D’ISIGNY AOP,PROD-0594,VRAC BEURRE DOUX D’ISIGNY AOP,PRIX_EQUIVALENT,0.0,13.0,13.0,OUI,OUI,OUI,OUI,0,même sous-catégorie + même régime alcool + écart de prix ≤ 40 %
PROD-0581,VRAC BEURRE SALÉ D’ISIGNY AOP,PROD-0595,VRAC CAFÉ,PRIX_EQUIVALENT,0.0,13.0,13.0,OUI,OUI,OUI,NON,0,même sous-catégorie + même régime alcool + écart de prix ≤ 40 %
PROD-0581,VRAC BEURRE SALÉ D’ISIGNY AOP,PROD-0596,VRAC CHOCOLAT,PRIX_EQUIVALENT,0.0,13.0,13.0,OUI,OUI,OUI,NON,0,même sous-catégorie + même régime alcool + écart de prix ≤ 40 %
PROD-0581,VRAC BEURRE SALÉ D’ISIGNY AOP,PROD-0597,VRAC NOISETTE,PRIX_EQUIVALENT,0.0,13.0,13.0,OUI,OUI,OUI,NON,0,même sous-catégorie + même régime alcool + écart de prix ≤ 40 %
PROD-0581,VRAC BEURRE SALÉ D’ISIGNY AOP,PROD-0576,VRAC BEURRE SALÉ D’ISIGNY AOP,PRIX_SUPERIEUR,5.0,13.0,13.65,OUI,OUI,OUI,OUI,0,même sous-catégorie + même régime alcool + écart de prix ≤ 40 %
PROD-0582,VRAC BEURRE SALÉ D’ISIGNY AOP,PROD-0576,VRAC BEURRE SALÉ D’ISIGNY AOP,PRIX_EQUIVALENT,0.0,13.65,13.65,OUI,OUI,OUI,OUI,0,même sous-catégorie + même régime alcool + écart de prix ≤ 40 %
PROD-0582,VRAC BEURRE SALÉ D’ISIGNY AOP,PROD-0577,VRAC NOISETTE,PRIX_EQUIVALENT,0.0,13.65,13.65,OUI,OUI,OUI,NON,0,même sous-catégorie + même régime alcool + écart de prix ≤ 40 %
PROD-0582,VRAC BEURRE SALÉ D’ISIGNY AOP,PROD-0578,VRAC VANILLE,PRIX_EQUIVALENT,0.0,13.65,13.65,OUI,OUI,OUI,NON,0,même sous-catégorie + même régime alcool + écart de prix ≤ 40 %
PROD-0582,VRAC BEURRE SALÉ D’ISIGNY AOP,PROD-0579,VRAC VANILLE MARBRÉ CHOCOLAT,PRIX_EQUIVALENT,0.0,13.65,13.65,OUI,OUI,OUI,NON,0,même sous-catégorie + même régime alcool + écart de prix ≤ 40 %
PROD-0582,VRAC BEURRE SALÉ D’ISIGNY AOP,PROD-0583,VRAC BEURRE DOUX D’ISIGNY AOP,PRIX_EQUIVALENT,0.0,13.65,13.65,OUI,OUI,OUI,OUI,0,même sous-catégorie + même régime alcool + écart de prix ≤ 40 %
PROD-0583,VRAC BEURRE DOUX D’ISIGNY AOP,PROD-0576,VRAC BEURRE SALÉ D’ISIGNY AOP,PRIX_EQUIVALENT,0.0,13.65,13.65,OUI,OUI,OUI,OUI,0,même sous-catégorie + même régime alcool + écart de prix ≤ 40 %
PROD-0583,VRAC BEURRE DOUX D’ISIGNY AOP,PROD-0577,VRAC NOISETTE,PRIX_EQUIVALENT,0.0,13.65,13.65,OUI,OUI,OUI,NON,0,même sous-catégorie + même régime alcool + écart de prix ≤ 40 %
PROD-0583,VRAC BEURRE DOUX D’ISIGNY AOP,PROD-0578,VRAC VANILLE,PRIX_EQUIVALENT,0.0,13.65,13.65,OUI,OUI,OUI,NON,0,même sous-catégorie + même régime alcool + écart de prix ≤ 40 %
PROD-0583,VRAC BEURRE DOUX D’ISIGNY AOP,PROD-0579,VRAC VANILLE MARBRÉ CHOCOLAT,PRIX_EQUIVALENT,0.0,13.65,13.65,OUI,OUI,OUI,NON,0,même sous-catégorie + même régime alcool + écart de prix ≤ 40 %
PROD-0583,VRAC BEURRE DOUX D’ISIGNY AOP,PROD-0582,VRAC BEURRE SALÉ D’ISIGNY AOP,PRIX_EQUIVALENT,0.0,13.65,13.65,OUI,OUI,OUI,OUI,0,même sous-catégorie + même régime alcool + écart de prix ≤ 40 %
PROD-0584,VRAC CRÈME D’ISIGNY AOP,PROD-0576,VRAC BEURRE SALÉ D’ISIGNY AOP,PRIX_EQUIVALENT,0.0,13.65,13.65,OUI,OUI,OUI,OUI,0,même sous-catégorie + même régime alcool + écart de prix ≤ 40 %
PROD-0584,VRAC CRÈME D’ISIGNY AOP,PROD-0577,VRAC NOISETTE,PRIX_EQUIVALENT,0.0,13.65,13.65,OUI,OUI,OUI,NON,0,même sous-catégorie + même régime alcool + écart de prix ≤ 40 %
PROD-0584,VRAC CRÈME D’ISIGNY AOP,PROD-0578,VRAC VANILLE,PRIX_EQUIVALENT,0.0,13.65,13.65,OUI,OUI,OUI,NON,0,même sous-catégorie + même régime alcool + écart de prix ≤ 40 %
PROD-0584,VRAC CRÈME D’ISIGNY AOP,PROD-0579,VRAC VANILLE MARBRÉ CHOCOLAT,PRIX_EQUIVALENT,0.0,13.65,13.65,OUI,OUI,OUI,NON,0,même sous-catégorie + même régime alcool + écart de prix ≤ 40 %
PROD-0584,VRAC CRÈME D’ISIGNY AOP,PROD-0582,VRAC BEURRE SALÉ D’ISIGNY AOP,PRIX_EQUIVALENT,0.0,13.65,13.65,OUI,OUI,OUI,OUI,0,même sous-catégorie + même régime alcool + écart de prix ≤ 40 %
PROD-0585,VRAC BEURRE SALÉ ET CRÈME D’ISIGNY AOP,PROD-0576,VRAC BEURRE SALÉ D’ISIGNY AOP,PRIX_EQUIVALENT,0.0,13.65,13.65,OUI,OUI,OUI,OUI,0,même sous-catégorie + même régime alcool + écart de prix ≤ 40 %
PROD-0585,VRAC BEURRE SALÉ ET CRÈME D’ISIGNY AOP,PROD-0577,VRAC NOISETTE,PRIX_EQUIVALENT,0.0,13.65,13.65,OUI,OUI,OUI,NON,0,même sous-catégorie + même régime alcool + écart de prix ≤ 40 %
PROD-0585,VRAC BEURRE SALÉ ET CRÈME D’ISIGNY AOP,PROD-0578,VRAC VANILLE,PRIX_EQUIVALENT,0.0,13.65,13.65,OUI,OUI,OUI,NON,0,même sous-catégorie + même régime alcool + écart de prix ≤ 40 %
PROD-0585,VRAC BEURRE SALÉ ET CRÈME D’ISIGNY AOP,PROD-0579,VRAC VANILLE MARBRÉ CHOCOLAT,PRIX_EQUIVALENT,0.0,13.65,13.65,OUI,OUI,OUI,NON,0,même sous-catégorie + même régime alcool + écart de prix ≤ 40 %
PROD-0585,VRAC BEURRE SALÉ ET CRÈME D’ISIGNY AOP,PROD-0582,VRAC BEURRE SALÉ D’ISIGNY AOP,PRIX_EQUIVALENT,0.0,13.65,13.65,OUI,OUI,OUI,OUI,0,même sous-catégorie + même régime alcool + écart de prix ≤ 40 %
PROD-0586,VRAC GOÛT TATIN,PROD-0576,VRAC BEURRE SALÉ D’ISIGNY AOP,PRIX_EQUIVALENT,0.0,13.65,13.65,OUI,OUI,OUI,NON,0,même sous-catégorie + même régime alcool + écart de prix ≤ 40 %
PROD-0586,VRAC GOÛT TATIN,PROD-0577,VRAC NOISETTE,PRIX_EQUIVALENT,0.0,13.65,13.65,OUI,OUI,OUI,OUI,0,même sous-catégorie + même régime alcool + écart de prix ≤ 40 %
PROD-0586,VRAC GOÛT TATIN,PROD-0578,VRAC VANILLE,PRIX_EQUIVALENT,0.0,13.65,13.65,OUI,OUI,OUI,OUI,0,même sous-catégorie + même régime alcool + écart de prix ≤ 40 %
PROD-0586,VRAC GOÛT TATIN,PROD-0579,VRAC VANILLE MARBRÉ CHOCOLAT,PRIX_EQUIVALENT,0.0,13.65,13.65,OUI,OUI,OUI,OUI,0,même sous-catégorie + même régime alcool + écart de prix ≤ 40 %
PROD-0586,VRAC GOÛT TATIN,PROD-0582,VRAC BEURRE SALÉ D’ISIGNY AOP,PRIX_EQUIVALENT,0.0,13.65,13.65,OUI,OUI,OUI,NON,0,même sous-catégorie + même régime alcool + écart de prix ≤ 40 %
PROD-0587,VRAC CHOCOLAT,PROD-0576,VRAC BEURRE SALÉ D’ISIGNY AOP,PRIX_EQUIVALENT,0.0,13.65,13.65,OUI,OUI,OUI,NON,0,même sous-catégorie + même régime alcool + écart de prix ≤ 40 %
PROD-0587,VRAC CHOCOLAT,PROD-0577,VRAC NOISETTE,PRIX_EQUIVALENT,0.0,13.65,13.65,OUI,OUI,OUI,OUI,0,même sous-catégorie + même régime alcool + écart de prix ≤ 40 %
PROD-0587,VRAC CHOCOLAT,PROD-0578,VRAC VANILLE,PRIX_EQUIVALENT,0.0,13.65,13.65,OUI,OUI,OUI,OUI,0,même sous-catégorie + même régime alcool + écart de prix ≤ 40 %
PROD-0587,VRAC CHOCOLAT,PROD-0579,VRAC VANILLE MARBRÉ CHOCOLAT,PRIX_EQUIVALENT,0.0,13.65,13.65,OUI,OUI,OUI,OUI,0,même sous-catégorie + même régime alcool + écart de prix ≤ 40 %
PROD-0587,VRAC CHOCOLAT,PROD-0582,VRAC BEURRE SALÉ D’ISIGNY AOP,PRIX_EQUIVALENT,0.0,13.65,13.65,OUI,OUI,OUI,NON,0,même sous-catégorie + même régime alcool + écart de prix ≤ 40 %
PROD-0588,VRAC NOISETTE,PROD-0576,VRAC BEURRE SALÉ D’ISIGNY AOP,PRIX_EQUIVALENT,0.0,13.65,13.65,OUI,OUI,OUI,NON,0,même sous-catégorie + même régime alcool + écart de prix ≤ 40 %
PROD-0588,VRAC NOISETTE,PROD-0577,VRAC NOISETTE,PRIX_EQUIVALENT,0.0,13.65,13.65,OUI,OUI,OUI,OUI,0,même sous-catégorie + même régime alcool + écart de prix ≤ 40 %
PROD-0588,VRAC NOISETTE,PROD-0578,VRAC VANILLE,PRIX_EQUIVALENT,0.0,13.65,13.65,OUI,OUI,OUI,OUI,0,même sous-catégorie + même régime alcool + écart de prix ≤ 40 %
PROD-0588,VRAC NOISETTE,PROD-0579,VRAC VANILLE MARBRÉ CHOCOLAT,PRIX_EQUIVALENT,0.0,13.65,13.65,OUI,OUI,OUI,OUI,0,même sous-catégorie + même régime alcool + écart de prix ≤ 40 %
PROD-0588,VRAC NOISETTE,PROD-0582,VRAC BEURRE SALÉ D’ISIGNY AOP,PRIX_EQUIVALENT,0.0,13.65,13.65,OUI,OUI,OUI,NON,0,même sous-catégorie + même régime alcool + écart de prix ≤ 40 %
PROD-0589,VRAC CAFÉ,PROD-0576,VRAC BEURRE SALÉ D’ISIGNY AOP,PRIX_EQUIVALENT,0.0,13.65,13.65,OUI,OUI,OUI,NON,0,même sous-catégorie + même régime alcool + écart de prix ≤ 40 %
PROD-0589,VRAC CAFÉ,PROD-0577,VRAC NOISETTE,PRIX_EQUIVALENT,0.0,13.65,13.65,OUI,OUI,OUI,OUI,0,même sous-catégorie + même régime alcool + écart de prix ≤ 40 %
PROD-0589,VRAC CAFÉ,PROD-0578,VRAC VANILLE,PRIX_EQUIVALENT,0.0,13.65,13.65,OUI,OUI,OUI,OUI,0,même sous-catégorie + même régime alcool + écart de prix ≤ 40 %
PROD-0589,VRAC CAFÉ,PROD-0579,VRAC VANILLE MARBRÉ CHOCOLAT,PRIX_EQUIVALENT,0.0,13.65,13.65,OUI,OUI,OUI,OUI,0,même sous-catégorie + même régime alcool + écart de prix ≤ 40 %
PROD-0589,VRAC CAFÉ,PROD-0582,VRAC BEURRE SALÉ D’ISIGNY AOP,PRIX_EQUIVALENT,0.0,13.65,13.65,OUI,OUI,OUI,NON,0,même sous-catégorie + même régime alcool + écart de prix ≤ 40 %
PROD-0591,VRAC POMME,PROD-0576,VRAC BEURRE SALÉ D’ISIGNY AOP,PRIX_EQUIVALENT,0.0,13.65,13.65,OUI,OUI,OUI,NON,0,même sous-catégorie + même régime alcool + écart de prix ≤ 40 %
PROD-0591,VRAC POMME,PROD-0577,VRAC NOISETTE,PRIX_EQUIVALENT,0.0,13.65,13.65,OUI,OUI,OUI,OUI,0,même sous-catégorie + même régime alcool + écart de prix ≤ 40 %
PROD-0591,VRAC POMME,PROD-0578,VRAC VANILLE,PRIX_EQUIVALENT,0.0,13.65,13.65,OUI,OUI,OUI,OUI,0,même sous-catégorie + même régime alcool + écart de prix ≤ 40 %
PROD-0591,VRAC POMME,PROD-0579,VRAC VANILLE MARBRÉ CHOCOLAT,PRIX_EQUIVALENT,0.0,13.65,13.65,OUI,OUI,OUI,OUI,0,même sous-catégorie + même régime alcool + écart de prix ≤ 40 %
PROD-0591,VRAC POMME,PROD-0582,VRAC BEURRE SALÉ D’ISIGNY AOP,PRIX_EQUIVALENT,0.0,13.65,13.65,OUI,OUI,OUI,NON,0,même sous-catégorie + même régime alcool + écart de prix ≤ 40 %
PROD-0592,VRAC ASSORTIMENT TRADITION,PROD-0576,VRAC BEURRE SALÉ D’ISIGNY AOP,PRIX_EQUIVALENT,0.0,13.65,13.65,OUI,OUI,OUI,NON,0,même sous-catégorie + même régime alcool + écart de prix ≤ 40 %
PROD-0592,VRAC ASSORTIMENT TRADITION,PROD-0577,VRAC NOISETTE,PRIX_EQUIVALENT,0.0,13.65,13.65,OUI,OUI,OUI,OUI,0,même sous-catégorie + même régime alcool + écart de prix ≤ 40 %
PROD-0592,VRAC ASSORTIMENT TRADITION,PROD-0578,VRAC VANILLE,PRIX_EQUIVALENT,0.0,13.65,13.65,OUI,OUI,OUI,OUI,0,même sous-catégorie + même régime alcool + écart de prix ≤ 40 %
PROD-0592,VRAC ASSORTIMENT TRADITION,PROD-0579,VRAC VANILLE MARBRÉ CHOCOLAT,PRIX_EQUIVALENT,0.0,13.65,13.65,OUI,OUI,OUI,OUI,0,même sous-catégorie + même régime alcool + écart de prix ≤ 40 %
PROD-0592,VRAC ASSORTIMENT TRADITION,PROD-0582,VRAC BEURRE SALÉ D’ISIGNY AOP,PRIX_EQUIVALENT,0.0,13.65,13.65,OUI,OUI,OUI,NON,0,même sous-catégorie + même régime alcool + écart de prix ≤ 40 %
PROD-0593,VRAC ASSORTIMENT NORMANDIE,PROD-0576,VRAC BEURRE SALÉ D’ISIGNY AOP,PRIX_EQUIVALENT,0.0,13.65,13.65,OUI,OUI,OUI,OUI,0,même sous-catégorie + même régime alcool + écart de prix ≤ 40 %
PROD-0593,VRAC ASSORTIMENT NORMANDIE,PROD-0577,VRAC NOISETTE,PRIX_EQUIVALENT,0.0,13.65,13.65,OUI,OUI,OUI,NON,0,même sous-catégorie + même régime alcool + écart de prix ≤ 40 %
PROD-0593,VRAC ASSORTIMENT NORMANDIE,PROD-0578,VRAC VANILLE,PRIX_EQUIVALENT,0.0,13.65,13.65,OUI,OUI,OUI,NON,0,même sous-catégorie + même régime alcool + écart de prix ≤ 40 %
PROD-0593,VRAC ASSORTIMENT NORMANDIE,PROD-0579,VRAC VANILLE MARBRÉ CHOCOLAT,PRIX_EQUIVALENT,0.0,13.65,13.65,OUI,OUI,OUI,NON,0,même sous-catégorie + même régime alcool + écart de prix ≤ 40 %
PROD-0593,VRAC ASSORTIMENT NORMANDIE,PROD-0582,VRAC BEURRE SALÉ D’ISIGNY AOP,PRIX_EQUIVALENT,0.0,13.65,13.65,OUI,OUI,OUI,OUI,0,même sous-catégorie + même régime alcool + écart de prix ≤ 40 %
PROD-0594,VRAC BEURRE DOUX D’ISIGNY AOP,PROD-0581,VRAC BEURRE SALÉ D’ISIGNY AOP,PRIX_EQUIVALENT,0.0,13.0,13.0,OUI,OUI,OUI,OUI,0,même sous-catégorie + même régime alcool + écart de prix ≤ 40 %
PROD-0594,VRAC BEURRE DOUX D’ISIGNY AOP,PROD-0595,VRAC CAFÉ,PRIX_EQUIVALENT,0.0,13.0,13.0,OUI,OUI,OUI,NON,0,même sous-catégorie + même régime alcool + écart de prix ≤ 40 %
PROD-0594,VRAC BEURRE DOUX D’ISIGNY AOP,PROD-0596,VRAC CHOCOLAT,PRIX_EQUIVALENT,0.0,13.0,13.0,OUI,OUI,OUI,NON,0,même sous-catégorie + même régime alcool + écart de prix ≤ 40 %
PROD-0594,VRAC BEURRE DOUX D’ISIGNY AOP,PROD-0597,VRAC NOISETTE,PRIX_EQUIVALENT,0.0,13.0,13.0,OUI,OUI,OUI,NON,0,même sous-catégorie + même régime alcool + écart de prix ≤ 40 %
PROD-0594,VRAC BEURRE DOUX D’ISIGNY AOP,PROD-0576,VRAC BEURRE SALÉ D’ISIGNY AOP,PRIX_SUPERIEUR,5.0,13.0,13.65,OUI,OUI,OUI,OUI,0,même sous-catégorie + même régime alcool + écart de prix ≤ 40 %
PROD-0595,VRAC CAFÉ,PROD-0581,VRAC BEURRE SALÉ D’ISIGNY AOP,PRIX_EQUIVALENT,0.0,13.0,13.0,OUI,OUI,OUI,NON,0,même sous-catégorie + même régime alcool + écart de prix ≤ 40 %
PROD-0595,VRAC CAFÉ,PROD-0594,VRAC BEURRE DOUX D’ISIGNY AOP,PRIX_EQUIVALENT,0.0,13.0,13.0,OUI,OUI,OUI,NON,0,même sous-catégorie + même régime alcool + écart de prix ≤ 40 %
PROD-0595,VRAC CAFÉ,PROD-0596,VRAC CHOCOLAT,PRIX_EQUIVALENT,0.0,13.0,13.0,OUI,OUI,OUI,OUI,0,même sous-catégorie + même régime alcool + écart de prix ≤ 40 %
PROD-0595,VRAC CAFÉ,PROD-0597,VRAC NOISETTE,PRIX_EQUIVALENT,0.0,13.0,13.0,OUI,OUI,OUI,OUI,0,même sous-catégorie + même régime alcool + écart de prix ≤ 40 %
PROD-0595,VRAC CAFÉ,PROD-0576,VRAC BEURRE SALÉ D’ISIGNY AOP,PRIX_SUPERIEUR,5.0,13.0,13.65,OUI,OUI,OUI,NON,0,même sous-catégorie + même régime alcool + écart de prix ≤ 40 %
PROD-0596,VRAC CHOCOLAT,PROD-0581,VRAC BEURRE SALÉ D’ISIGNY AOP,PRIX_EQUIVALENT,0.0,13.0,13.0,OUI,OUI,OUI,NON,0,même sous-catégorie + même régime alcool + écart de prix ≤ 40 %
PROD-0596,VRAC CHOCOLAT,PROD-0594,VRAC BEURRE DOUX D’ISIGNY AOP,PRIX_EQUIVALENT,0.0,13.0,13.0,OUI,OUI,OUI,NON,0,même sous-catégorie + même régime alcool + écart de prix ≤ 40 %
PROD-0596,VRAC CHOCOLAT,PROD-0595,VRAC CAFÉ,PRIX_EQUIVALENT,0.0,13.0,13.0,OUI,OUI,OUI,OUI,0,même sous-catégorie + même régime alcool + écart de prix ≤ 40 %
PROD-0596,VRAC CHOCOLAT,PROD-0597,VRAC NOISETTE,PRIX_EQUIVALENT,0.0,13.0,13.0,OUI,OUI,OUI,OUI,0,même sous-catégorie + même régime alcool + écart de prix ≤ 40 %
PROD-0596,VRAC CHOCOLAT,PROD-0576,VRAC BEURRE SALÉ D’ISIGNY AOP,PRIX_SUPERIEUR,5.0,13.0,13.65,OUI,OUI,OUI,NON,0,même sous-catégorie + même régime alcool + écart de prix ≤ 40 %
PROD-0597,VRAC NOISETTE,PROD-0581,VRAC BEURRE SALÉ D’ISIGNY AOP,PRIX_EQUIVALENT,0.0,13.0,13.0,OUI,OUI,OUI,NON,0,même sous-catégorie + même régime alcool + écart de prix ≤ 40 %
PROD-0597,VRAC NOISETTE,PROD-0594,VRAC BEURRE DOUX D’ISIGNY AOP,PRIX_EQUIVALENT,0.0,13.0,13.0,OUI,OUI,OUI,NON,0,même sous-catégorie + même régime alcool + écart de prix ≤ 40 %
PROD-0597,VRAC NOISETTE,PROD-0595,VRAC CAFÉ,PRIX_EQUIVALENT,0.0,13.0,13.0,OUI,OUI,OUI,OUI,0,même sous-catégorie + même régime alcool + écart de prix ≤ 40 %
PROD-0597,VRAC NOISETTE,PROD-0596,VRAC CHOCOLAT,PRIX_EQUIVALENT,0.0,13.0,13.0,OUI,OUI,OUI,OUI,0,même sous-catégorie + même régime alcool + écart de prix ≤ 40 %
PROD-0597,VRAC NOISETTE,PROD-0576,VRAC BEURRE SALÉ D’ISIGNY AOP,PRIX_SUPERIEUR,5.0,13.0,13.65,OUI,OUI,OUI,NON,0,même sous-catégorie + même régime alcool + écart de prix ≤ 40 %
PROD-0598,BOÎTE 2KG CRÈME D’ISIGNY AOP,PROD-0572,BOÎTE 2KG BEURRE SALÉ D’ISIGNY AOP,PRIX_EQUIVALENT,0.0,32.2,32.2,OUI,OUI,OUI,OUI,0,même sous-catégorie + même régime alcool + écart de prix ≤ 40 %
PROD-0598,BOÎTE 2KG CRÈME D’ISIGNY AOP,PROD-0573,BOÎTE 2KG NOISETTE,PRIX_EQUIVALENT,0.0,32.2,32.2,OUI,OUI,OUI,NON,0,même sous-catégorie + même régime alcool + écart de prix ≤ 40 %
PROD-0598,BOÎTE 2KG CRÈME D’ISIGNY AOP,PROD-0574,BOÎTE 2KG VANILLE,PRIX_EQUIVALENT,0.0,32.2,32.2,OUI,OUI,OUI,NON,0,même sous-catégorie + même régime alcool + écart de prix ≤ 40 %
PROD-0598,BOÎTE 2KG CRÈME D’ISIGNY AOP,PROD-0575,BOÎTE 2KG VANILLE MARBRÉ CHOCOLAT,PRIX_EQUIVALENT,0.0,32.2,32.2,OUI,OUI,OUI,NON,0,même sous-catégorie + même régime alcool + écart de prix ≤ 40 %
PROD-0598,BOÎTE 2KG CRÈME D’ISIGNY AOP,PROD-0599,BOÎTE 2KG BEURRE SALÉ D’ISIGNY AOP,PRIX_EQUIVALENT,0.0,32.2,32.2,OUI,OUI,OUI,OUI,0,même sous-catégorie + même régime alcool + écart de prix ≤ 40 %
PROD-0599,BOÎTE 2KG BEURRE SALÉ D’ISIGNY AOP,PROD-0572,BOÎTE 2KG BEURRE SALÉ D’ISIGNY AOP,PRIX_EQUIVALENT,0.0,32.2,32.2,OUI,OUI,OUI,OUI,0,même sous-catégorie + même régime alcool + écart de prix ≤ 40 %
PROD-0599,BOÎTE 2KG BEURRE SALÉ D’ISIGNY AOP,PROD-0573,BOÎTE 2KG NOISETTE,PRIX_EQUIVALENT,0.0,32.2,32.2,OUI,OUI,OUI,NON,0,même sous-catégorie + même régime alcool + écart de prix ≤ 40 %
PROD-0599,BOÎTE 2KG BEURRE SALÉ D’ISIGNY AOP,PROD-0574,BOÎTE 2KG VANILLE,PRIX_EQUIVALENT,0.0,32.2,32.2,OUI,OUI,OUI,NON,0,même sous-catégorie + même régime alcool + écart de prix ≤ 40 %
PROD-0599,BOÎTE 2KG BEURRE SALÉ D’ISIGNY AOP,PROD-0575,BOÎTE 2KG VANILLE MARBRÉ CHOCOLAT,PRIX_EQUIVALENT,0.0,32.2,32.2,OUI,OUI,OUI,NON,0,même sous-catégorie + même régime alcool + écart de prix ≤ 40 %
PROD-0599,BOÎTE 2KG BEURRE SALÉ D’ISIGNY AOP,PROD-0598,BOÎTE 2KG CRÈME D’ISIGNY AOP,PRIX_EQUIVALENT,0.0,32.2,32.2,OUI,OUI,OUI,OUI,0,même sous-catégorie + même régime alcool + écart de prix ≤ 40 %
PROD-0600,BOÎTE 2KG BEURRE DOUX D’ISIGNY AOP,PROD-0572,BOÎTE 2KG BEURRE SALÉ D’ISIGNY AOP,PRIX_EQUIVALENT,0.0,32.2,32.2,OUI,OUI,OUI,OUI,0,même sous-catégorie + même régime alcool + écart de prix ≤ 40 %
PROD-0600,BOÎTE 2KG BEURRE DOUX D’ISIGNY AOP,PROD-0573,BOÎTE 2KG NOISETTE,PRIX_EQUIVALENT,0.0,32.2,32.2,OUI,OUI,OUI,NON,0,même sous-catégorie + même régime alcool + écart de prix ≤ 40 %
PROD-0600,BOÎTE 2KG BEURRE DOUX D’ISIGNY AOP,PROD-0574,BOÎTE 2KG VANILLE,PRIX_EQUIVALENT,0.0,32.2,32.2,OUI,OUI,OUI,NON,0,même sous-catégorie + même régime alcool + écart de prix ≤ 40 %
PROD-0600,BOÎTE 2KG BEURRE DOUX D’ISIGNY AOP,PROD-0575,BOÎTE 2KG VANILLE MARBRÉ CHOCOLAT,PRIX_EQUIVALENT,0.0,32.2,32.2,OUI,OUI,OUI,NON,0,même sous-catégorie + même régime alcool + écart de prix ≤ 40 %
PROD-0600,BOÎTE 2KG BEURRE DOUX D’ISIGNY AOP,PROD-0598,BOÎTE 2KG CRÈME D’ISIGNY AOP,PRIX_EQUIVALENT,0.0,32.2,32.2,OUI,OUI,OUI,OUI,0,même sous-catégorie + même régime alcool + écart de prix ≤ 40 %
PROD-0602,BOÎTE 2KG GOÛT TATIN,PROD-0572,BOÎTE 2KG BEURRE SALÉ D’ISIGNY AOP,PRIX_EQUIVALENT,0.0,32.2,32.2,OUI,OUI,OUI,NON,0,même sous-catégorie + même régime alcool + écart de prix ≤ 40 %
PROD-0602,BOÎTE 2KG GOÛT TATIN,PROD-0573,BOÎTE 2KG NOISETTE,PRIX_EQUIVALENT,0.0,32.2,32.2,OUI,OUI,OUI,OUI,0,même sous-catégorie + même régime alcool + écart de prix ≤ 40 %
PROD-0602,BOÎTE 2KG GOÛT TATIN,PROD-0574,BOÎTE 2KG VANILLE,PRIX_EQUIVALENT,0.0,32.2,32.2,OUI,OUI,OUI,OUI,0,même sous-catégorie + même régime alcool + écart de prix ≤ 40 %
PROD-0602,BOÎTE 2KG GOÛT TATIN,PROD-0575,BOÎTE 2KG VANILLE MARBRÉ CHOCOLAT,PRIX_EQUIVALENT,0.0,32.2,32.2,OUI,OUI,OUI,OUI,0,même sous-catégorie + même régime alcool + écart de prix ≤ 40 %
PROD-0602,BOÎTE 2KG GOÛT TATIN,PROD-0598,BOÎTE 2KG CRÈME D’ISIGNY AOP,PRIX_EQUIVALENT,0.0,32.2,32.2,OUI,OUI,OUI,NON,0,même sous-catégorie + même régime alcool + écart de prix ≤ 40 %
PROD-0603,BOÎTE 2KG POMME,PROD-0572,BOÎTE 2KG BEURRE SALÉ D’ISIGNY AOP,PRIX_EQUIVALENT,0.0,32.2,32.2,OUI,OUI,OUI,NON,0,même sous-catégorie + même régime alcool + écart de prix ≤ 40 %
PROD-0603,BOÎTE 2KG POMME,PROD-0573,BOÎTE 2KG NOISETTE,PRIX_EQUIVALENT,0.0,32.2,32.2,OUI,OUI,OUI,OUI,0,même sous-catégorie + même régime alcool + écart de prix ≤ 40 %
PROD-0603,BOÎTE 2KG POMME,PROD-0574,BOÎTE 2KG VANILLE,PRIX_EQUIVALENT,0.0,32.2,32.2,OUI,OUI,OUI,OUI,0,même sous-catégorie + même régime alcool + écart de prix ≤ 40 %
PROD-0603,BOÎTE 2KG POMME,PROD-0575,BOÎTE 2KG VANILLE MARBRÉ CHOCOLAT,PRIX_EQUIVALENT,0.0,32.2,32.2,OUI,OUI,OUI,OUI,0,même sous-catégorie + même régime alcool + écart de prix ≤ 40 %
PROD-0603,BOÎTE 2KG POMME,PROD-0598,BOÎTE 2KG CRÈME D’ISIGNY AOP,PRIX_EQUIVALENT,0.0,32.2,32.2,OUI,OUI,OUI,NON,0,même sous-catégorie + même régime alcool + écart de prix ≤ 40 %
PROD-0604,BOÎTE 2KG GOÛT CONFITURE DE LAIT,PROD-0572,BOÎTE 2KG BEURRE SALÉ D’ISIGNY AOP,PRIX_EQUIVALENT,0.0,32.2,32.2,OUI,OUI,OUI,NON,0,même sous-catégorie + même régime alcool + écart de prix ≤ 40 %
PROD-0604,BOÎTE 2KG GOÛT CONFITURE DE LAIT,PROD-0573,BOÎTE 2KG NOISETTE,PRIX_EQUIVALENT,0.0,32.2,32.2,OUI,OUI,OUI,OUI,0,même sous-catégorie + même régime alcool + écart de prix ≤ 40 %
PROD-0604,BOÎTE 2KG GOÛT CONFITURE DE LAIT,PROD-0574,BOÎTE 2KG VANILLE,PRIX_EQUIVALENT,0.0,32.2,32.2,OUI,OUI,OUI,OUI,0,même sous-catégorie + même régime alcool + écart de prix ≤ 40 %
PROD-0604,BOÎTE 2KG GOÛT CONFITURE DE LAIT,PROD-0575,BOÎTE 2KG VANILLE MARBRÉ CHOCOLAT,PRIX_EQUIVALENT,0.0,32.2,32.2,OUI,OUI,OUI,OUI,0,même sous-catégorie + même régime alcool + écart de prix ≤ 40 %
PROD-0604,BOÎTE 2KG GOÛT CONFITURE DE LAIT,PROD-0598,BOÎTE 2KG CRÈME D’ISIGNY AOP,PRIX_EQUIVALENT,0.0,32.2,32.2,OUI,OUI,OUI,NON,0,même sous-catégorie + même régime alcool + écart de prix ≤ 40 %
PROD-0605,BOÎTE 2KG MENTHE,PROD-0572,BOÎTE 2KG BEURRE SALÉ D’ISIGNY AOP,PRIX_EQUIVALENT,0.0,32.2,32.2,OUI,OUI,OUI,NON,0,même sous-catégorie + même régime alcool + écart de prix ≤ 40 %
PROD-0605,BOÎTE 2KG MENTHE,PROD-0573,BOÎTE 2KG NOISETTE,PRIX_EQUIVALENT,0.0,32.2,32.2,OUI,OUI,OUI,OUI,0,même sous-catégorie + même régime alcool + écart de prix ≤ 40 %
PROD-0605,BOÎTE 2KG MENTHE,PROD-0574,BOÎTE 2KG VANILLE,PRIX_EQUIVALENT,0.0,32.2,32.2,OUI,OUI,OUI,OUI,0,même sous-catégorie + même régime alcool + écart de prix ≤ 40 %
PROD-0605,BOÎTE 2KG MENTHE,PROD-0575,BOÎTE 2KG VANILLE MARBRÉ CHOCOLAT,PRIX_EQUIVALENT,0.0,32.2,32.2,OUI,OUI,OUI,OUI,0,même sous-catégorie + même régime alcool + écart de prix ≤ 40 %
PROD-0605,BOÎTE 2KG MENTHE,PROD-0598,BOÎTE 2KG CRÈME D’ISIGNY AOP,PRIX_EQUIVALENT,0.0,32.2,32.2,OUI,OUI,OUI,NON,0,même sous-catégorie + même régime alcool + écart de prix ≤ 40 %
PROD-0606,BOÎTE 2KG PRUNEAU,PROD-0572,BOÎTE 2KG BEURRE SALÉ D’ISIGNY AOP,PRIX_EQUIVALENT,0.0,32.2,32.2,OUI,OUI,OUI,NON,0,même sous-catégorie + même régime alcool + écart de prix ≤ 40 %
PROD-0606,BOÎTE 2KG PRUNEAU,PROD-0573,BOÎTE 2KG NOISETTE,PRIX_EQUIVALENT,0.0,32.2,32.2,OUI,OUI,OUI,OUI,0,même sous-catégorie + même régime alcool + écart de prix ≤ 40 %
PROD-0606,BOÎTE 2KG PRUNEAU,PROD-0574,BOÎTE 2KG VANILLE,PRIX_EQUIVALENT,0.0,32.2,32.2,OUI,OUI,OUI,OUI,0,même sous-catégorie + même régime alcool + écart de prix ≤ 40 %
PROD-0606,BOÎTE 2KG PRUNEAU,PROD-0575,BOÎTE 2KG VANILLE MARBRÉ CHOCOLAT,PRIX_EQUIVALENT,0.0,32.2,32.2,OUI,OUI,OUI,OUI,0,même sous-catégorie + même régime alcool + écart de prix ≤ 40 %
PROD-0606,BOÎTE 2KG PRUNEAU,PROD-0598,BOÎTE 2KG CRÈME D’ISIGNY AOP,PRIX_EQUIVALENT,0.0,32.2,32.2,OUI,OUI,OUI,NON,0,même sous-catégorie + même régime alcool + écart de prix ≤ 40 %
PROD-0607,BOÎTE 2KG MARRON,PROD-0572,BOÎTE 2KG BEURRE SALÉ D’ISIGNY AOP,PRIX_EQUIVALENT,0.0,32.2,32.2,OUI,OUI,OUI,NON,0,même sous-catégorie + même régime alcool + écart de prix ≤ 40 %
PROD-0607,BOÎTE 2KG MARRON,PROD-0573,BOÎTE 2KG NOISETTE,PRIX_EQUIVALENT,0.0,32.2,32.2,OUI,OUI,OUI,OUI,0,même sous-catégorie + même régime alcool + écart de prix ≤ 40 %
PROD-0607,BOÎTE 2KG MARRON,PROD-0574,BOÎTE 2KG VANILLE,PRIX_EQUIVALENT,0.0,32.2,32.2,OUI,OUI,OUI,OUI,0,même sous-catégorie + même régime alcool + écart de prix ≤ 40 %
PROD-0607,BOÎTE 2KG MARRON,PROD-0575,BOÎTE 2KG VANILLE MARBRÉ CHOCOLAT,PRIX_EQUIVALENT,0.0,32.2,32.2,OUI,OUI,OUI,OUI,0,même sous-catégorie + même régime alcool + écart de prix ≤ 40 %
PROD-0607,BOÎTE 2KG MARRON,PROD-0598,BOÎTE 2KG CRÈME D’ISIGNY AOP,PRIX_EQUIVALENT,0.0,32.2,32.2,OUI,OUI,OUI,NON,0,même sous-catégorie + même régime alcool + écart de prix ≤ 40 %
PROD-0608,BOÎTE 2KG NOIX,PROD-0572,BOÎTE 2KG BEURRE SALÉ D’ISIGNY AOP,PRIX_EQUIVALENT,0.0,32.2,32.2,OUI,OUI,OUI,NON,0,même sous-catégorie + même régime alcool + écart de prix ≤ 40 %
PROD-0608,BOÎTE 2KG NOIX,PROD-0573,BOÎTE 2KG NOISETTE,PRIX_EQUIVALENT,0.0,32.2,32.2,OUI,OUI,OUI,OUI,0,même sous-catégorie + même régime alcool + écart de prix ≤ 40 %
PROD-0608,BOÎTE 2KG NOIX,PROD-0574,BOÎTE 2KG VANILLE,PRIX_EQUIVALENT,0.0,32.2,32.2,OUI,OUI,OUI,OUI,0,même sous-catégorie + même régime alcool + écart de prix ≤ 40 %
PROD-0608,BOÎTE 2KG NOIX,PROD-0575,BOÎTE 2KG VANILLE MARBRÉ CHOCOLAT,PRIX_EQUIVALENT,0.0,32.2,32.2,OUI,OUI,OUI,OUI,0,même sous-catégorie + même régime alcool + écart de prix ≤ 40 %
PROD-0608,BOÎTE 2KG NOIX,PROD-0598,BOÎTE 2KG CRÈME D’ISIGNY AOP,PRIX_EQUIVALENT,0.0,32.2,32.2,OUI,OUI,OUI,NON,0,même sous-catégorie + même régime alcool + écart de prix ≤ 40 %
PROD-0609,BOÎTE 2KG MIEL,PROD-0572,BOÎTE 2KG BEURRE SALÉ D’ISIGNY AOP,PRIX_EQUIVALENT,0.0,32.2,32.2,OUI,OUI,OUI,NON,0,même sous-catégorie + même régime alcool + écart de prix ≤ 40 %
PROD-0609,BOÎTE 2KG MIEL,PROD-0573,BOÎTE 2KG NOISETTE,PRIX_EQUIVALENT,0.0,32.2,32.2,OUI,OUI,OUI,OUI,0,même sous-catégorie + même régime alcool + écart de prix ≤ 40 %
PROD-0609,BOÎTE 2KG MIEL,PROD-0574,BOÎTE 2KG VANILLE,PRIX_EQUIVALENT,0.0,32.2,32.2,OUI,OUI,OUI,OUI,0,même sous-catégorie + même régime alcool + écart de prix ≤ 40 %
PROD-0609,BOÎTE 2KG MIEL,PROD-0575,BOÎTE 2KG VANILLE MARBRÉ CHOCOLAT,PRIX_EQUIVALENT,0.0,32.2,32.2,OUI,OUI,OUI,OUI,0,même sous-catégorie + même régime alcool + écart de prix ≤ 40 %
PROD-0609,BOÎTE 2KG MIEL,PROD-0598,BOÎTE 2KG CRÈME D’ISIGNY AOP,PRIX_EQUIVALENT,0.0,32.2,32.2,OUI,OUI,OUI,NON,0,même sous-catégorie + même régime alcool + écart de prix ≤ 40 %
PROD-0610,BOÎTE 2KG CHOCOLAT,PROD-0572,BOÎTE 2KG BEURRE SALÉ D’ISIGNY AOP,PRIX_EQUIVALENT,0.0,32.2,32.2,OUI,OUI,OUI,NON,0,même sous-catégorie + même régime alcool + écart de prix ≤ 40 %
PROD-0610,BOÎTE 2KG CHOCOLAT,PROD-0573,BOÎTE 2KG NOISETTE,PRIX_EQUIVALENT,0.0,32.2,32.2,OUI,OUI,OUI,OUI,0,même sous-catégorie + même régime alcool + écart de prix ≤ 40 %
PROD-0610,BOÎTE 2KG CHOCOLAT,PROD-0574,BOÎTE 2KG VANILLE,PRIX_EQUIVALENT,0.0,32.2,32.2,OUI,OUI,OUI,OUI,0,même sous-catégorie + même régime alcool + écart de prix ≤ 40 %
PROD-0610,BOÎTE 2KG CHOCOLAT,PROD-0575,BOÎTE 2KG VANILLE MARBRÉ CHOCOLAT,PRIX_EQUIVALENT,0.0,32.2,32.2,OUI,OUI,OUI,OUI,0,même sous-catégorie + même régime alcool + écart de prix ≤ 40 %
PROD-0610,BOÎTE 2KG CHOCOLAT,PROD-0598,BOÎTE 2KG CRÈME D’ISIGNY AOP,PRIX_EQUIVALENT,0.0,32.2,32.2,OUI,OUI,OUI,NON,0,même sous-catégorie + même régime alcool + écart de prix ≤ 40 %
PROD-0611,BOÎTE 2KG CAFÉ,PROD-0572,BOÎTE 2KG BEURRE SALÉ D’ISIGNY AOP,PRIX_EQUIVALENT,0.0,32.2,32.2,OUI,OUI,OUI,NON,0,même sous-catégorie + même régime alcool + écart de prix ≤ 40 %
PROD-0611,BOÎTE 2KG CAFÉ,PROD-0573,BOÎTE 2KG NOISETTE,PRIX_EQUIVALENT,0.0,32.2,32.2,OUI,OUI,OUI,OUI,0,même sous-catégorie + même régime alcool + écart de prix ≤ 40 %
PROD-0611,BOÎTE 2KG CAFÉ,PROD-0574,BOÎTE 2KG VANILLE,PRIX_EQUIVALENT,0.0,32.2,32.2,OUI,OUI,OUI,OUI,0,même sous-catégorie + même régime alcool + écart de prix ≤ 40 %
PROD-0611,BOÎTE 2KG CAFÉ,PROD-0575,BOÎTE 2KG VANILLE MARBRÉ CHOCOLAT,PRIX_EQUIVALENT,0.0,32.2,32.2,OUI,OUI,OUI,OUI,0,même sous-catégorie + même régime alcool + écart de prix ≤ 40 %
PROD-0611,BOÎTE 2KG CAFÉ,PROD-0598,BOÎTE 2KG CRÈME D’ISIGNY AOP,PRIX_EQUIVALENT,0.0,32.2,32.2,OUI,OUI,OUI,NON,0,même sous-catégorie + même régime alcool + écart de prix ≤ 40 %
PROD-0612,BOÎTE 2KG NOISETTE,PROD-0572,BOÎTE 2KG BEURRE SALÉ D’ISIGNY AOP,PRIX_EQUIVALENT,0.0,32.2,32.2,OUI,OUI,OUI,NON,0,même sous-catégorie + même régime alcool + écart de prix ≤ 40 %
PROD-0612,BOÎTE 2KG NOISETTE,PROD-0573,BOÎTE 2KG NOISETTE,PRIX_EQUIVALENT,0.0,32.2,32.2,OUI,OUI,OUI,OUI,0,même sous-catégorie + même régime alcool + écart de prix ≤ 40 %
PROD-0612,BOÎTE 2KG NOISETTE,PROD-0574,BOÎTE 2KG VANILLE,PRIX_EQUIVALENT,0.0,32.2,32.2,OUI,OUI,OUI,OUI,0,même sous-catégorie + même régime alcool + écart de prix ≤ 40 %
PROD-0612,BOÎTE 2KG NOISETTE,PROD-0575,BOÎTE 2KG VANILLE MARBRÉ CHOCOLAT,PRIX_EQUIVALENT,0.0,32.2,32.2,OUI,OUI,OUI,OUI,0,même sous-catégorie + même régime alcool + écart de prix ≤ 40 %
PROD-0612,BOÎTE 2KG NOISETTE,PROD-0598,BOÎTE 2KG CRÈME D’ISIGNY AOP,PRIX_EQUIVALENT,0.0,32.2,32.2,OUI,OUI,OUI,NON,0,même sous-catégorie + même régime alcool + écart de prix ≤ 40 %
PROD-0613,BOÎTE 2KG MYRTILLE,PROD-0572,BOÎTE 2KG BEURRE SALÉ D’ISIGNY AOP,PRIX_EQUIVALENT,0.0,32.2,32.2,OUI,OUI,OUI,NON,0,même sous-catégorie + même régime alcool + écart de prix ≤ 40 %
PROD-0613,BOÎTE 2KG MYRTILLE,PROD-0573,BOÎTE 2KG NOISETTE,PRIX_EQUIVALENT,0.0,32.2,32.2,OUI,OUI,OUI,OUI,0,même sous-catégorie + même régime alcool + écart de prix ≤ 40 %
PROD-0613,BOÎTE 2KG MYRTILLE,PROD-0574,BOÎTE 2KG VANILLE,PRIX_EQUIVALENT,0.0,32.2,32.2,OUI,OUI,OUI,OUI,0,même sous-catégorie + même régime alcool + écart de prix ≤ 40 %
PROD-0613,BOÎTE 2KG MYRTILLE,PROD-0575,BOÎTE 2KG VANILLE MARBRÉ CHOCOLAT,PRIX_EQUIVALENT,0.0,32.2,32.2,OUI,OUI,OUI,OUI,0,même sous-catégorie + même régime alcool + écart de prix ≤ 40 %
PROD-0613,BOÎTE 2KG MYRTILLE,PROD-0598,BOÎTE 2KG CRÈME D’ISIGNY AOP,PRIX_EQUIVALENT,0.0,32.2,32.2,OUI,OUI,OUI,NON,0,même sous-catégorie + même régime alcool + écart de prix ≤ 40 %
PROD-0614,BOÎTE 2KG CASSIS,PROD-0572,BOÎTE 2KG BEURRE SALÉ D’ISIGNY AOP,PRIX_EQUIVALENT,0.0,32.2,32.2,OUI,OUI,OUI,NON,0,même sous-catégorie + même régime alcool + écart de prix ≤ 40 %
PROD-0614,BOÎTE 2KG CASSIS,PROD-0573,BOÎTE 2KG NOISETTE,PRIX_EQUIVALENT,0.0,32.2,32.2,OUI,OUI,OUI,OUI,0,même sous-catégorie + même régime alcool + écart de prix ≤ 40 %
PROD-0614,BOÎTE 2KG CASSIS,PROD-0574,BOÎTE 2KG VANILLE,PRIX_EQUIVALENT,0.0,32.2,32.2,OUI,OUI,OUI,OUI,0,même sous-catégorie + même régime alcool + écart de prix ≤ 40 %
PROD-0614,BOÎTE 2KG CASSIS,PROD-0575,BOÎTE 2KG VANILLE MARBRÉ CHOCOLAT,PRIX_EQUIVALENT,0.0,32.2,32.2,OUI,OUI,OUI,OUI,0,même sous-catégorie + même régime alcool + écart de prix ≤ 40 %
PROD-0614,BOÎTE 2KG CASSIS,PROD-0598,BOÎTE 2KG CRÈME D’ISIGNY AOP,PRIX_EQUIVALENT,0.0,32.2,32.2,OUI,OUI,OUI,NON,0,même sous-catégorie + même régime alcool + écart de prix ≤ 40 %
PROD-0615,BOÎTE 2KG FRAISE,PROD-0572,BOÎTE 2KG BEURRE SALÉ D’ISIGNY AOP,PRIX_EQUIVALENT,0.0,32.2,32.2,OUI,OUI,OUI,NON,0,même sous-catégorie + même régime alcool + écart de prix ≤ 40 %
PROD-0615,BOÎTE 2KG FRAISE,PROD-0573,BOÎTE 2KG NOISETTE,PRIX_EQUIVALENT,0.0,32.2,32.2,OUI,OUI,OUI,OUI,0,même sous-catégorie + même régime alcool + écart de prix ≤ 40 %
PROD-0615,BOÎTE 2KG FRAISE,PROD-0574,BOÎTE 2KG VANILLE,PRIX_EQUIVALENT,0.0,32.2,32.2,OUI,OUI,OUI,OUI,0,même sous-catégorie + même régime alcool + écart de prix ≤ 40 %
PROD-0615,BOÎTE 2KG FRAISE,PROD-0575,BOÎTE 2KG VANILLE MARBRÉ CHOCOLAT,PRIX_EQUIVALENT,0.0,32.2,32.2,OUI,OUI,OUI,OUI,0,même sous-catégorie + même régime alcool + écart de prix ≤ 40 %
PROD-0615,BOÎTE 2KG FRAISE,PROD-0598,BOÎTE 2KG CRÈME D’ISIGNY AOP,PRIX_EQUIVALENT,0.0,32.2,32.2,OUI,OUI,OUI,NON,0,même sous-catégorie + même régime alcool + écart de prix ≤ 40 %
PROD-0616,BOÎTE 2KG MIRABELLE,PROD-0572,BOÎTE 2KG BEURRE SALÉ D’ISIGNY AOP,PRIX_EQUIVALENT,0.0,32.2,32.2,OUI,OUI,OUI,NON,0,même sous-catégorie + même régime alcool + écart de prix ≤ 40 %
PROD-0616,BOÎTE 2KG MIRABELLE,PROD-0573,BOÎTE 2KG NOISETTE,PRIX_EQUIVALENT,0.0,32.2,32.2,OUI,OUI,OUI,OUI,0,même sous-catégorie + même régime alcool + écart de prix ≤ 40 %
PROD-0616,BOÎTE 2KG MIRABELLE,PROD-0574,BOÎTE 2KG VANILLE,PRIX_EQUIVALENT,0.0,32.2,32.2,OUI,OUI,OUI,OUI,0,même sous-catégorie + même régime alcool + écart de prix ≤ 40 %
PROD-0616,BOÎTE 2KG MIRABELLE,PROD-0575,BOÎTE 2KG VANILLE MARBRÉ CHOCOLAT,PRIX_EQUIVALENT,0.0,32.2,32.2,OUI,OUI,OUI,OUI,0,même sous-catégorie + même régime alcool + écart de prix ≤ 40 %
PROD-0616,BOÎTE 2KG MIRABELLE,PROD-0598,BOÎTE 2KG CRÈME D’ISIGNY AOP,PRIX_EQUIVALENT,0.0,32.2,32.2,OUI,OUI,OUI,NON,0,même sous-catégorie + même régime alcool + écart de prix ≤ 40 %
PROD-0617,BOÎTE 2KG BEURRE SALÉ D’ISIGNY AOP,PROD-0618,BOÎTE 2KG BEURRE DOUX D’ISIGNY AOP,PRIX_EQUIVALENT,0.0,31.6,31.6,OUI,OUI,OUI,OUI,0,même sous-catégorie + même régime alcool + écart de prix ≤ 40 %
PROD-0617,BOÎTE 2KG BEURRE SALÉ D’ISIGNY AOP,PROD-0619,BOÎTE 2KG CAFÉ,PRIX_EQUIVALENT,0.0,31.6,31.6,OUI,OUI,OUI,NON,0,même sous-catégorie + même régime alcool + écart de prix ≤ 40 %
PROD-0617,BOÎTE 2KG BEURRE SALÉ D’ISIGNY AOP,PROD-0620,BOÎTE 2KG CHOCOLAT,PRIX_EQUIVALENT,0.0,31.6,31.6,OUI,OUI,OUI,NON,0,même sous-catégorie + même régime alcool + écart de prix ≤ 40 %
PROD-0617,BOÎTE 2KG BEURRE SALÉ D’ISIGNY AOP,PROD-0621,BOÎTE 2KG NOISETTE,PRIX_EQUIVALENT,0.0,31.6,31.6,OUI,OUI,OUI,NON,0,même sous-catégorie + même régime alcool + écart de prix ≤ 40 %
PROD-0617,BOÎTE 2KG BEURRE SALÉ D’ISIGNY AOP,PROD-0572,BOÎTE 2KG BEURRE SALÉ D’ISIGNY AOP,PRIX_EQUIVALENT,1.9,31.6,32.2,OUI,OUI,OUI,OUI,0,même sous-catégorie + même régime alcool + écart de prix ≤ 40 %
PROD-0618,BOÎTE 2KG BEURRE DOUX D’ISIGNY AOP,PROD-0617,BOÎTE 2KG BEURRE SALÉ D’ISIGNY AOP,PRIX_EQUIVALENT,0.0,31.6,31.6,OUI,OUI,OUI,OUI,0,même sous-catégorie + même régime alcool + écart de prix ≤ 40 %
PROD-0618,BOÎTE 2KG BEURRE DOUX D’ISIGNY AOP,PROD-0619,BOÎTE 2KG CAFÉ,PRIX_EQUIVALENT,0.0,31.6,31.6,OUI,OUI,OUI,NON,0,même sous-catégorie + même régime alcool + écart de prix ≤ 40 %
PROD-0618,BOÎTE 2KG BEURRE DOUX D’ISIGNY AOP,PROD-0620,BOÎTE 2KG CHOCOLAT,PRIX_EQUIVALENT,0.0,31.6,31.6,OUI,OUI,OUI,NON,0,même sous-catégorie + même régime alcool + écart de prix ≤ 40 %
PROD-0618,BOÎTE 2KG BEURRE DOUX D’ISIGNY AOP,PROD-0621,BOÎTE 2KG NOISETTE,PRIX_EQUIVALENT,0.0,31.6,31.6,OUI,OUI,OUI,NON,0,même sous-catégorie + même régime alcool + écart de prix ≤ 40 %
PROD-0618,BOÎTE 2KG BEURRE DOUX D’ISIGNY AOP,PROD-0572,BOÎTE 2KG BEURRE SALÉ D’ISIGNY AOP,PRIX_EQUIVALENT,1.9,31.6,32.2,OUI,OUI,OUI,OUI,0,même sous-catégorie + même régime alcool + écart de prix ≤ 40 %
PROD-0619,BOÎTE 2KG CAFÉ,PROD-0617,BOÎTE 2KG BEURRE SALÉ D’ISIGNY AOP,PRIX_EQUIVALENT,0.0,31.6,31.6,OUI,OUI,OUI,NON,0,même sous-catégorie + même régime alcool + écart de prix ≤ 40 %
PROD-0619,BOÎTE 2KG CAFÉ,PROD-0618,BOÎTE 2KG BEURRE DOUX D’ISIGNY AOP,PRIX_EQUIVALENT,0.0,31.6,31.6,OUI,OUI,OUI,NON,0,même sous-catégorie + même régime alcool + écart de prix ≤ 40 %
PROD-0619,BOÎTE 2KG CAFÉ,PROD-0620,BOÎTE 2KG CHOCOLAT,PRIX_EQUIVALENT,0.0,31.6,31.6,OUI,OUI,OUI,OUI,0,même sous-catégorie + même régime alcool + écart de prix ≤ 40 %
PROD-0619,BOÎTE 2KG CAFÉ,PROD-0621,BOÎTE 2KG NOISETTE,PRIX_EQUIVALENT,0.0,31.6,31.6,OUI,OUI,OUI,OUI,0,même sous-catégorie + même régime alcool + écart de prix ≤ 40 %
PROD-0619,BOÎTE 2KG CAFÉ,PROD-0572,BOÎTE 2KG BEURRE SALÉ D’ISIGNY AOP,PRIX_EQUIVALENT,1.9,31.6,32.2,OUI,OUI,OUI,NON,0,même sous-catégorie + même régime alcool + écart de prix ≤ 40 %
PROD-0620,BOÎTE 2KG CHOCOLAT,PROD-0617,BOÎTE 2KG BEURRE SALÉ D’ISIGNY AOP,PRIX_EQUIVALENT,0.0,31.6,31.6,OUI,OUI,OUI,NON,0,même sous-catégorie + même régime alcool + écart de prix ≤ 40 %
PROD-0620,BOÎTE 2KG CHOCOLAT,PROD-0618,BOÎTE 2KG BEURRE DOUX D’ISIGNY AOP,PRIX_EQUIVALENT,0.0,31.6,31.6,OUI,OUI,OUI,NON,0,même sous-catégorie + même régime alcool + écart de prix ≤ 40 %
PROD-0620,BOÎTE 2KG CHOCOLAT,PROD-0619,BOÎTE 2KG CAFÉ,PRIX_EQUIVALENT,0.0,31.6,31.6,OUI,OUI,OUI,OUI,0,même sous-catégorie + même régime alcool + écart de prix ≤ 40 %
PROD-0620,BOÎTE 2KG CHOCOLAT,PROD-0621,BOÎTE 2KG NOISETTE,PRIX_EQUIVALENT,0.0,31.6,31.6,OUI,OUI,OUI,OUI,0,même sous-catégorie + même régime alcool + écart de prix ≤ 40 %
PROD-0620,BOÎTE 2KG CHOCOLAT,PROD-0572,BOÎTE 2KG BEURRE SALÉ D’ISIGNY AOP,PRIX_EQUIVALENT,1.9,31.6,32.2,OUI,OUI,OUI,NON,0,même sous-catégorie + même régime alcool + écart de prix ≤ 40 %
PROD-0621,BOÎTE 2KG NOISETTE,PROD-0617,BOÎTE 2KG BEURRE SALÉ D’ISIGNY AOP,PRIX_EQUIVALENT,0.0,31.6,31.6,OUI,OUI,OUI,NON,0,même sous-catégorie + même régime alcool + écart de prix ≤ 40 %
PROD-0621,BOÎTE 2KG NOISETTE,PROD-0618,BOÎTE 2KG BEURRE DOUX D’ISIGNY AOP,PRIX_EQUIVALENT,0.0,31.6,31.6,OUI,OUI,OUI,NON,0,même sous-catégorie + même régime alcool + écart de prix ≤ 40 %
PROD-0621,BOÎTE 2KG NOISETTE,PROD-0619,BOÎTE 2KG CAFÉ,PRIX_EQUIVALENT,0.0,31.6,31.6,OUI,OUI,OUI,OUI,0,même sous-catégorie + même régime alcool + écart de prix ≤ 40 %
PROD-0621,BOÎTE 2KG NOISETTE,PROD-0620,BOÎTE 2KG CHOCOLAT,PRIX_EQUIVALENT,0.0,31.6,31.6,OUI,OUI,OUI,OUI,0,même sous-catégorie + même régime alcool + écart de prix ≤ 40 %
PROD-0621,BOÎTE 2KG NOISETTE,PROD-0572,BOÎTE 2KG BEURRE SALÉ D’ISIGNY AOP,PRIX_EQUIVALENT,1.9,31.6,32.2,OUI,OUI,OUI,NON,0,même sous-catégorie + même régime alcool + écart de prix ≤ 40 %
PROD-0622,CARAMEL À TARTINER AU BEURRE SALÉ,PROD-0624,CARAMEL À TARTINER VANILLE,PRIX_EQUIVALENT,0.0,3.9,3.9,OUI,OUI,OUI,OUI,0,même sous-catégorie + même régime alcool + écart de prix ≤ 40 %
PROD-0622,CARAMEL À TARTINER AU BEURRE SALÉ,PROD-0625,CARAMEL À TARTINER SAVEUR NOISETTE,PRIX_EQUIVALENT,0.0,3.9,3.9,OUI,OUI,OUI,OUI,0,même sous-catégorie + même régime alcool + écart de prix ≤ 40 %
PROD-0622,CARAMEL À TARTINER AU BEURRE SALÉ,PROD-0626,CARAMEL À TARTINER CHOCOLAT,PRIX_EQUIVALENT,0.0,3.9,3.9,OUI,OUI,OUI,OUI,0,même sous-catégorie + même régime alcool + écart de prix ≤ 40 %
PROD-0622,CARAMEL À TARTINER AU BEURRE SALÉ,PROD-0629,CARAMEL BLOND,PRIX_SUPERIEUR,5.1,3.9,4.1,OUI,OUI,OUI,OUI,0,même sous-catégorie + même régime alcool + écart de prix ≤ 40 %
PROD-0622,CARAMEL À TARTINER AU BEURRE SALÉ,PROD-0630,COULIS DE CARAMEL À LA VANILLE,PRIX_SUPERIEUR,23.3,3.9,4.81,OUI,OUI,OUI,OUI,0,même sous-catégorie + même régime alcool + écart de prix ≤ 40 %
PROD-0623,CARAMEL À TARTINER AU BEURRE SALÉ,PROD-0630,COULIS DE CARAMEL À LA VANILLE,PRIX_INFERIEUR,-11.7,5.45,4.81,OUI,OUI,OUI,OUI,-1,même sous-catégorie + même régime alcool + écart de prix ≤ 40 %
PROD-0623,CARAMEL À TARTINER AU BEURRE SALÉ,PROD-0631,COULIS DE CARAMEL AU CHOCOLAT,PRIX_INFERIEUR,-11.7,5.45,4.81,OUI,OUI,OUI,OUI,-1,même sous-catégorie + même régime alcool + écart de prix ≤ 40 %
PROD-0623,CARAMEL À TARTINER AU BEURRE SALÉ,PROD-0632,COULIS DE CARAMEL AU BEURRE SALÉ,PRIX_INFERIEUR,-11.7,5.45,4.81,OUI,OUI,OUI,OUI,-1,même sous-catégorie + même régime alcool + écart de prix ≤ 40 %
PROD-0623,CARAMEL À TARTINER AU BEURRE SALÉ,PROD-0629,CARAMEL BLOND,PRIX_INFERIEUR,-24.8,5.45,4.1,OUI,OUI,OUI,OUI,-1,même sous-catégorie + même régime alcool + écart de prix ≤ 40 %
PROD-0623,CARAMEL À TARTINER AU BEURRE SALÉ,PROD-0622,CARAMEL À TARTINER AU BEURRE SALÉ,PRIX_INFERIEUR,-28.4,5.45,3.9,OUI,OUI,OUI,OUI,-1,même sous-catégorie + même régime alcool + écart de prix ≤ 40 %
PROD-0624,CARAMEL À TARTINER VANILLE,PROD-0622,CARAMEL À TARTINER AU BEURRE SALÉ,PRIX_EQUIVALENT,0.0,3.9,3.9,OUI,OUI,OUI,OUI,0,même sous-catégorie + même régime alcool + écart de prix ≤ 40 %
PROD-0624,CARAMEL À TARTINER VANILLE,PROD-0625,CARAMEL À TARTINER SAVEUR NOISETTE,PRIX_EQUIVALENT,0.0,3.9,3.9,OUI,OUI,OUI,OUI,0,même sous-catégorie + même régime alcool + écart de prix ≤ 40 %
PROD-0624,CARAMEL À TARTINER VANILLE,PROD-0626,CARAMEL À TARTINER CHOCOLAT,PRIX_EQUIVALENT,0.0,3.9,3.9,OUI,OUI,OUI,OUI,0,même sous-catégorie + même régime alcool + écart de prix ≤ 40 %
PROD-0624,CARAMEL À TARTINER VANILLE,PROD-0629,CARAMEL BLOND,PRIX_SUPERIEUR,5.1,3.9,4.1,OUI,OUI,OUI,OUI,0,même sous-catégorie + même régime alcool + écart de prix ≤ 40 %
PROD-0624,CARAMEL À TARTINER VANILLE,PROD-0630,COULIS DE CARAMEL À LA VANILLE,PRIX_SUPERIEUR,23.3,3.9,4.81,OUI,OUI,OUI,OUI,0,même sous-catégorie + même régime alcool + écart de prix ≤ 40 %
PROD-0625,CARAMEL À TARTINER SAVEUR NOISETTE,PROD-0622,CARAMEL À TARTINER AU BEURRE SALÉ,PRIX_EQUIVALENT,0.0,3.9,3.9,OUI,OUI,OUI,OUI,0,même sous-catégorie + même régime alcool + écart de prix ≤ 40 %
PROD-0625,CARAMEL À TARTINER SAVEUR NOISETTE,PROD-0624,CARAMEL À TARTINER VANILLE,PRIX_EQUIVALENT,0.0,3.9,3.9,OUI,OUI,OUI,OUI,0,même sous-catégorie + même régime alcool + écart de prix ≤ 40 %
PROD-0625,CARAMEL À TARTINER SAVEUR NOISETTE,PROD-0626,CARAMEL À TARTINER CHOCOLAT,PRIX_EQUIVALENT,0.0,3.9,3.9,OUI,OUI,OUI,OUI,0,même sous-catégorie + même régime alcool + écart de prix ≤ 40 %
PROD-0625,CARAMEL À TARTINER SAVEUR NOISETTE,PROD-0629,CARAMEL BLOND,PRIX_SUPERIEUR,5.1,3.9,4.1,OUI,OUI,OUI,OUI,0,même sous-catégorie + même régime alcool + écart de prix ≤ 40 %
PROD-0625,CARAMEL À TARTINER SAVEUR NOISETTE,PROD-0630,COULIS DE CARAMEL À LA VANILLE,PRIX_SUPERIEUR,23.3,3.9,4.81,OUI,OUI,OUI,OUI,0,même sous-catégorie + même régime alcool + écart de prix ≤ 40 %
PROD-0626,CARAMEL À TARTINER CHOCOLAT,PROD-0622,CARAMEL À TARTINER AU BEURRE SALÉ,PRIX_EQUIVALENT,0.0,3.9,3.9,OUI,OUI,OUI,OUI,0,même sous-catégorie + même régime alcool + écart de prix ≤ 40 %
PROD-0626,CARAMEL À TARTINER CHOCOLAT,PROD-0624,CARAMEL À TARTINER VANILLE,PRIX_EQUIVALENT,0.0,3.9,3.9,OUI,OUI,OUI,OUI,0,même sous-catégorie + même régime alcool + écart de prix ≤ 40 %
PROD-0626,CARAMEL À TARTINER CHOCOLAT,PROD-0625,CARAMEL À TARTINER SAVEUR NOISETTE,PRIX_EQUIVALENT,0.0,3.9,3.9,OUI,OUI,OUI,OUI,0,même sous-catégorie + même régime alcool + écart de prix ≤ 40 %
PROD-0626,CARAMEL À TARTINER CHOCOLAT,PROD-0629,CARAMEL BLOND,PRIX_SUPERIEUR,5.1,3.9,4.1,OUI,OUI,OUI,OUI,0,même sous-catégorie + même régime alcool + écart de prix ≤ 40 %
PROD-0626,CARAMEL À TARTINER CHOCOLAT,PROD-0630,COULIS DE CARAMEL À LA VANILLE,PRIX_SUPERIEUR,23.3,3.9,4.81,OUI,OUI,OUI,OUI,0,même sous-catégorie + même régime alcool + écart de prix ≤ 40 %
PROD-0628,ASSORTIMENT DE 5 MINI CARAMELS À TARTINER,PROD-0623,CARAMEL À TARTINER AU BEURRE SALÉ,PRIX_INFERIEUR,-30.6,7.85,5.45,OUI,OUI,OUI,OUI,0,même sous-catégorie + même régime alcool + écart de prix ≤ 40 %
PROD-0628,ASSORTIMENT DE 5 MINI CARAMELS À TARTINER,PROD-0630,COULIS DE CARAMEL À LA VANILLE,PRIX_INFERIEUR,-38.7,7.85,4.81,OUI,OUI,OUI,OUI,-1,même sous-catégorie + même régime alcool + écart de prix ≤ 40 %
PROD-0628,ASSORTIMENT DE 5 MINI CARAMELS À TARTINER,PROD-0631,COULIS DE CARAMEL AU CHOCOLAT,PRIX_INFERIEUR,-38.7,7.85,4.81,OUI,OUI,OUI,OUI,-1,même sous-catégorie + même régime alcool + écart de prix ≤ 40 %
PROD-0628,ASSORTIMENT DE 5 MINI CARAMELS À TARTINER,PROD-0632,COULIS DE CARAMEL AU BEURRE SALÉ,PRIX_INFERIEUR,-38.7,7.85,4.81,OUI,OUI,OUI,OUI,-1,même sous-catégorie + même régime alcool + écart de prix ≤ 40 %
PROD-0629,CARAMEL BLOND,PROD-0622,CARAMEL À TARTINER AU BEURRE SALÉ,PRIX_INFERIEUR,-4.9,4.1,3.9,OUI,OUI,OUI,OUI,0,même sous-catégorie + même régime alcool + écart de prix ≤ 40 %
PROD-0629,CARAMEL BLOND,PROD-0624,CARAMEL À TARTINER VANILLE,PRIX_INFERIEUR,-4.9,4.1,3.9,OUI,OUI,OUI,OUI,0,même sous-catégorie + même régime alcool + écart de prix ≤ 40 %
PROD-0629,CARAMEL BLOND,PROD-0625,CARAMEL À TARTINER SAVEUR NOISETTE,PRIX_INFERIEUR,-4.9,4.1,3.9,OUI,OUI,OUI,OUI,0,même sous-catégorie + même régime alcool + écart de prix ≤ 40 %
PROD-0629,CARAMEL BLOND,PROD-0626,CARAMEL À TARTINER CHOCOLAT,PRIX_INFERIEUR,-4.9,4.1,3.9,OUI,OUI,OUI,OUI,0,même sous-catégorie + même régime alcool + écart de prix ≤ 40 %
PROD-0629,CARAMEL BLOND,PROD-0630,COULIS DE CARAMEL À LA VANILLE,PRIX_SUPERIEUR,17.3,4.1,4.81,OUI,OUI,OUI,OUI,0,même sous-catégorie + même régime alcool + écart de prix ≤ 40 %
PROD-0630,COULIS DE CARAMEL À LA VANILLE,PROD-0631,COULIS DE CARAMEL AU CHOCOLAT,PRIX_EQUIVALENT,0.0,4.81,4.81,OUI,OUI,OUI,OUI,0,même sous-catégorie + même régime alcool + écart de prix ≤ 40 %
PROD-0630,COULIS DE CARAMEL À LA VANILLE,PROD-0632,COULIS DE CARAMEL AU BEURRE SALÉ,PRIX_EQUIVALENT,0.0,4.81,4.81,OUI,OUI,OUI,OUI,0,même sous-catégorie + même régime alcool + écart de prix ≤ 40 %
PROD-0630,COULIS DE CARAMEL À LA VANILLE,PROD-0623,CARAMEL À TARTINER AU BEURRE SALÉ,PRIX_SUPERIEUR,13.3,4.81,5.45,OUI,OUI,OUI,OUI,1,même sous-catégorie + même régime alcool + écart de prix ≤ 40 %
PROD-0630,COULIS DE CARAMEL À LA VANILLE,PROD-0629,CARAMEL BLOND,PRIX_INFERIEUR,-14.8,4.81,4.1,OUI,OUI,OUI,OUI,0,même sous-catégorie + même régime alcool + écart de prix ≤ 40 %
PROD-0630,COULIS DE CARAMEL À LA VANILLE,PROD-0622,CARAMEL À TARTINER AU BEURRE SALÉ,PRIX_INFERIEUR,-18.9,4.81,3.9,OUI,OUI,OUI,OUI,0,même sous-catégorie + même régime alcool + écart de prix ≤ 40 %
PROD-0631,COULIS DE CARAMEL AU CHOCOLAT,PROD-0630,COULIS DE CARAMEL À LA VANILLE,PRIX_EQUIVALENT,0.0,4.81,4.81,OUI,OUI,OUI,OUI,0,même sous-catégorie + même régime alcool + écart de prix ≤ 40 %
PROD-0631,COULIS DE CARAMEL AU CHOCOLAT,PROD-0632,COULIS DE CARAMEL AU BEURRE SALÉ,PRIX_EQUIVALENT,0.0,4.81,4.81,OUI,OUI,OUI,OUI,0,même sous-catégorie + même régime alcool + écart de prix ≤ 40 %
PROD-0631,COULIS DE CARAMEL AU CHOCOLAT,PROD-0623,CARAMEL À TARTINER AU BEURRE SALÉ,PRIX_SUPERIEUR,13.3,4.81,5.45,OUI,OUI,OUI,OUI,1,même sous-catégorie + même régime alcool + écart de prix ≤ 40 %
PROD-0631,COULIS DE CARAMEL AU CHOCOLAT,PROD-0629,CARAMEL BLOND,PRIX_INFERIEUR,-14.8,4.81,4.1,OUI,OUI,OUI,OUI,0,même sous-catégorie + même régime alcool + écart de prix ≤ 40 %
PROD-0631,COULIS DE CARAMEL AU CHOCOLAT,PROD-0622,CARAMEL À TARTINER AU BEURRE SALÉ,PRIX_INFERIEUR,-18.9,4.81,3.9,OUI,OUI,OUI,OUI,0,même sous-catégorie + même régime alcool + écart de prix ≤ 40 %
PROD-0632,COULIS DE CARAMEL AU BEURRE SALÉ,PROD-0630,COULIS DE CARAMEL À LA VANILLE,PRIX_EQUIVALENT,0.0,4.81,4.81,OUI,OUI,OUI,OUI,0,même sous-catégorie + même régime alcool + écart de prix ≤ 40 %
PROD-0632,COULIS DE CARAMEL AU BEURRE SALÉ,PROD-0631,COULIS DE CARAMEL AU CHOCOLAT,PRIX_EQUIVALENT,0.0,4.81,4.81,OUI,OUI,OUI,OUI,0,même sous-catégorie + même régime alcool + écart de prix ≤ 40 %
PROD-0632,COULIS DE CARAMEL AU BEURRE SALÉ,PROD-0623,CARAMEL À TARTINER AU BEURRE SALÉ,PRIX_SUPERIEUR,13.3,4.81,5.45,OUI,OUI,OUI,OUI,1,même sous-catégorie + même régime alcool + écart de prix ≤ 40 %
PROD-0632,COULIS DE CARAMEL AU BEURRE SALÉ,PROD-0629,CARAMEL BLOND,PRIX_INFERIEUR,-14.8,4.81,4.1,OUI,OUI,OUI,OUI,0,même sous-catégorie + même régime alcool + écart de prix ≤ 40 %
PROD-0632,COULIS DE CARAMEL AU BEURRE SALÉ,PROD-0622,CARAMEL À TARTINER AU BEURRE SALÉ,PRIX_INFERIEUR,-18.9,4.81,3.9,OUI,OUI,OUI,OUI,0,même sous-catégorie + même régime alcool + écart de prix ≤ 40 %
PROD-0654,DOYPACK POP CORN,PROD-0460,Bonbons au Miel 250gr,PRIX_EQUIVALENT,0.8,3.72,3.75,OUI,OUI,NON,OUI,0,même sous-catégorie + même régime alcool + écart de prix ≤ 40 %
PROD-0654,DOYPACK POP CORN,PROD-0461,Bonbons au Miel et Eucalyptus 250gr,PRIX_EQUIVALENT,0.8,3.72,3.75,OUI,OUI,NON,OUI,0,même sous-catégorie + même régime alcool + écart de prix ≤ 40 %
PROD-0654,DOYPACK POP CORN,PROD-0462,Bonbons au Miel et Sève de Pin 250gr,PRIX_EQUIVALENT,0.8,3.72,3.75,OUI,OUI,NON,OUI,0,même sous-catégorie + même régime alcool + écart de prix ≤ 40 %
PROD-0654,DOYPACK POP CORN,PROD-0463,Bonbons Fourrés au Miel 250gr,PRIX_SUPERIEUR,7.5,3.72,4.0,OUI,OUI,NON,OUI,0,même sous-catégorie + même régime alcool + écart de prix ≤ 40 %
PROD-0654,DOYPACK POP CORN,PROD-0465,Nougat tendre Amandes Noisettes 100gr,PRIX_SUPERIEUR,7.5,3.72,4.0,OUI,OUI,NON,OUI,0,même sous-catégorie + même régime alcool + écart de prix ≤ 40 %
PROD-0655,SACHET DE NOUGATS,PROD-0466,Nougat tendre Amandes Noisettes Pistaches 100gr,PRIX_INFERIEUR,-2.2,4.5,4.4,OUI,OUI,NON,OUI,0,même sous-catégorie + même régime alcool + écart de prix ≤ 40 %
PROD-0655,SACHET DE NOUGATS,PROD-0467,Nougat tendre Amandes Noisettes M&M's 100gr,PRIX_INFERIEUR,-2.2,4.5,4.4,OUI,OUI,NON,OUI,0,même sous-catégorie + même régime alcool + écart de prix ≤ 40 %
PROD-0655,SACHET DE NOUGATS,PROD-0468,Nougat tendre Noix de Pécan Caramel beurre salé 100gr,PRIX_INFERIEUR,-2.2,4.5,4.4,OUI,OUI,NON,OUI,0,même sous-catégorie + même régime alcool + écart de prix ≤ 40 %
PROD-0655,SACHET DE NOUGATS,PROD-0469,Bouchées Nougat tendre 100gr emballage individuel,PRIX_SUPERIEUR,8.9,4.5,4.9,OUI,OUI,NON,OUI,0,même sous-catégorie + même régime alcool + écart de prix ≤ 40 %
PROD-0655,SACHET DE NOUGATS,PROD-0463,Bonbons Fourrés au Miel 250gr,PRIX_INFERIEUR,-11.1,4.5,4.0,OUI,OUI,NON,OUI,0,même sous-catégorie + même régime alcool + écart de prix ≤ 40 %
PROD-0656,SUCETTES x100,PROD-0501,Boite prestige 320gr,PRIX_INFERIEUR,-29.2,33.21,23.52,OUI,OUI,NON,NON,-1,même sous-catégorie + même régime alcool + écart de prix ≤ 40 %
PROD-0656,SUCETTES x100,PROD-0470,Bouchées Nougat tendre emballage individuel EN VRAC,PRIX_SUPERIEUR,37.0,33.21,45.5,OUI,OUI,NON,OUI,-1,même sous-catégorie + même régime alcool + écart de prix ≤ 40 %
PROD-0658,COOKIES AUX ÉCLATS DE CARAMEL,PROD-0012,Croquant aux amandes 125 grs,PRIX_SUPERIEUR,3.4,4.16,4.3,OUI,OUI,NON,NON,0,même sous-catégorie + même régime alcool + écart de prix ≤ 40 %
PROD-0658,COOKIES AUX ÉCLATS DE CARAMEL,PROD-0008,Coquilles Quinéville 165 grs,PRIX_SUPERIEUR,5.0,4.16,4.37,OUI,OUI,NON,NON,0,même sous-catégorie + même régime alcool + écart de prix ≤ 40 %
PROD-0658,COOKIES AUX ÉCLATS DE CARAMEL,PROD-0010,Coquilles de Quinéville trio 165 grs,PRIX_SUPERIEUR,5.0,4.16,4.37,OUI,OUI,NON,NON,0,même sous-catégorie + même régime alcool + écart de prix ≤ 40 %
PROD-0658,COOKIES AUX ÉCLATS DE CARAMEL,PROD-0023,Sablé spéculos 250 grs,PRIX_INFERIEUR,-5.0,4.16,3.95,OUI,OUI,NON,NON,0,même sous-catégorie + même régime alcool + écart de prix ≤ 40 %
PROD-0658,COOKIES AUX ÉCLATS DE CARAMEL,PROD-0454,Pain D'épices aux pépites de Chocolats  250gr,PRIX_INFERIEUR,-5.0,4.16,3.95,OUI,OUI,NON,OUI,0,même sous-catégorie + même régime alcool + écart de prix ≤ 40 %
PROD-0659,Cidre Corsé,PROD-0660,Cidre Fruité,PRIX_EQUIVALENT,0.0,3.36,3.36,OUI,OUI,OUI,OUI,0,même sous-catégorie + même régime alcool + écart de prix ≤ 40 %
PROD-0659,Cidre Corsé,PROD-0355,Cidre Cotentin doux 75 cl,PRIX_SUPERIEUR,7.1,3.36,3.6,OUI,OUI,NON,NON,0,même sous-catégorie + même régime alcool + écart de prix ≤ 40 %
PROD-0659,Cidre Corsé,PROD-0661,Cidre Fraîcheur,PRIX_SUPERIEUR,8.6,3.36,3.65,OUI,OUI,OUI,OUI,0,même sous-catégorie + même régime alcool + écart de prix ≤ 40 %
PROD-0659,Cidre Corsé,PROD-0350,Cidre Cotentin extra brut 75 cl,PRIX_SUPERIEUR,13.1,3.36,3.8,OUI,OUI,NON,NON,0,même sous-catégorie + même régime alcool + écart de prix ≤ 40 %
PROD-0659,Cidre Corsé,PROD-0352,Cidre Cotentin brut 75 cl,PRIX_SUPERIEUR,13.1,3.36,3.8,OUI,OUI,NON,NON,0,même sous-catégorie + même régime alcool + écart de prix ≤ 40 %
PROD-0660,Cidre Fruité,PROD-0659,Cidre Corsé,PRIX_EQUIVALENT,0.0,3.36,3.36,OUI,OUI,OUI,OUI,0,même sous-catégorie + même régime alcool + écart de prix ≤ 40 %
PROD-0660,Cidre Fruité,PROD-0355,Cidre Cotentin doux 75 cl,PRIX_SUPERIEUR,7.1,3.36,3.6,OUI,OUI,NON,NON,0,même sous-catégorie + même régime alcool + écart de prix ≤ 40 %
PROD-0660,Cidre Fruité,PROD-0661,Cidre Fraîcheur,PRIX_SUPERIEUR,8.6,3.36,3.65,OUI,OUI,OUI,OUI,0,même sous-catégorie + même régime alcool + écart de prix ≤ 40 %
PROD-0660,Cidre Fruité,PROD-0350,Cidre Cotentin extra brut 75 cl,PRIX_SUPERIEUR,13.1,3.36,3.8,OUI,OUI,NON,NON,0,même sous-catégorie + même régime alcool + écart de prix ≤ 40 %
PROD-0660,Cidre Fruité,PROD-0352,Cidre Cotentin brut 75 cl,PRIX_SUPERIEUR,13.1,3.36,3.8,OUI,OUI,NON,NON,0,même sous-catégorie + même régime alcool + écart de prix ≤ 40 %
PROD-0661,Cidre Fraîcheur,PROD-0355,Cidre Cotentin doux 75 cl,PRIX_EQUIVALENT,-1.4,3.65,3.6,OUI,OUI,NON,NON,0,même sous-catégorie + même régime alcool + écart de prix ≤ 40 %
PROD-0661,Cidre Fraîcheur,PROD-0350,Cidre Cotentin extra brut 75 cl,PRIX_SUPERIEUR,4.1,3.65,3.8,OUI,OUI,NON,NON,0,même sous-catégorie + même régime alcool + écart de prix ≤ 40 %
PROD-0661,Cidre Fraîcheur,PROD-0352,Cidre Cotentin brut 75 cl,PRIX_SUPERIEUR,4.1,3.65,3.8,OUI,OUI,NON,NON,0,même sous-catégorie + même régime alcool + écart de prix ≤ 40 %
PROD-0661,Cidre Fraîcheur,PROD-0324,Amour d'Hérout brut 75 cl cidre IGP,PRIX_SUPERIEUR,5.5,3.65,3.85,OUI,OUI,NON,NON,0,même sous-catégorie + même régime alcool + écart de prix ≤ 40 %
PROD-0661,Cidre Fraîcheur,PROD-0659,Cidre Corsé,PRIX_INFERIEUR,-7.9,3.65,3.36,OUI,OUI,OUI,OUI,0,même sous-catégorie + même régime alcool + écart de prix ≤ 40 %
PROD-0662,Cidre Tonique,PROD-0663,Cidre Sauvage,PRIX_INFERIEUR,-2.2,4.5,4.4,OUI,OUI,OUI,OUI,0,même sous-catégorie + même régime alcool + écart de prix ≤ 40 %
PROD-0662,Cidre Tonique,PROD-0312,Cidre bio Cotentin AOC brut  75 cl,PRIX_SUPERIEUR,2.7,4.5,4.62,OUI,OUI,NON,OUI,1,même sous-catégorie + même régime alcool + écart de prix ≤ 40 %
PROD-0662,Cidre Tonique,PROD-0354,Cidre Cotentin demi-sec 75 cl,PRIX_INFERIEUR,-4.0,4.5,4.32,OUI,OUI,NON,NON,0,même sous-catégorie + même régime alcool + écart de prix ≤ 40 %
PROD-0662,Cidre Tonique,PROD-0316,Cidre bio cuvée gourmande demi sec 75 cl,PRIX_INFERIEUR,-4.7,4.5,4.29,OUI,OUI,NON,NON,0,même sous-catégorie + même régime alcool + écart de prix ≤ 40 %
PROD-0662,Cidre Tonique,PROD-0324,Amour d'Hérout brut 75 cl cidre IGP,PRIX_INFERIEUR,-14.4,4.5,3.85,OUI,OUI,NON,NON,0,même sous-catégorie + même régime alcool + écart de prix ≤ 40 %
PROD-0663,Cidre Sauvage,PROD-0354,Cidre Cotentin demi-sec 75 cl,PRIX_EQUIVALENT,-1.8,4.4,4.32,OUI,OUI,NON,NON,0,même sous-catégorie + même régime alcool + écart de prix ≤ 40 %
PROD-0663,Cidre Sauvage,PROD-0662,Cidre Tonique,PRIX_SUPERIEUR,2.3,4.4,4.5,OUI,OUI,OUI,OUI,0,même sous-catégorie + même régime alcool + écart de prix ≤ 40 %
PROD-0663,Cidre Sauvage,PROD-0316,Cidre bio cuvée gourmande demi sec 75 cl,PRIX_INFERIEUR,-2.5,4.4,4.29,OUI,OUI,NON,NON,0,même sous-catégorie + même régime alcool + écart de prix ≤ 40 %
PROD-0663,Cidre Sauvage,PROD-0312,Cidre bio Cotentin AOC brut  75 cl,PRIX_SUPERIEUR,5.0,4.4,4.62,OUI,OUI,NON,OUI,1,même sous-catégorie + même régime alcool + écart de prix ≤ 40 %
PROD-0663,Cidre Sauvage,PROD-0324,Amour d'Hérout brut 75 cl cidre IGP,PRIX_INFERIEUR,-12.5,4.4,3.85,OUI,OUI,NON,NON,0,même sous-catégorie + même régime alcool + écart de prix ≤ 40 %
PROD-0664,Terroir Chic,PROD-0665,Cidre Fruité,PRIX_SUPERIEUR,2.3,1.71,1.75,OUI,OUI,OUI,OUI,0,même sous-catégorie + même régime alcool + écart de prix ≤ 40 %
PROD-0664,Terroir Chic,PROD-0666,Cidre Fraîcheur,PRIX_SUPERIEUR,2.3,1.71,1.75,OUI,OUI,OUI,OUI,0,même sous-catégorie + même régime alcool + écart de prix ≤ 40 %
PROD-0664,Terroir Chic,PROD-0667,Cidre Tonique,PRIX_SUPERIEUR,2.3,1.71,1.75,OUI,OUI,OUI,OUI,0,même sous-catégorie + même régime alcool + écart de prix ≤ 40 %
PROD-0664,Terroir Chic,PROD-0323,Amour d'Hérout brut 33 cl cidre IGP,PRIX_SUPERIEUR,12.9,1.71,1.93,OUI,OUI,NON,NON,0,même sous-catégorie + même régime alcool + écart de prix ≤ 40 %
PROD-0664,Terroir Chic,PROD-0325,Amour d'Hérout doux 33 cl cidre IGP,PRIX_SUPERIEUR,12.9,1.71,1.93,OUI,OUI,NON,NON,0,même sous-catégorie + même régime alcool + écart de prix ≤ 40 %
PROD-0665,Cidre Fruité,PROD-0666,Cidre Fraîcheur,PRIX_EQUIVALENT,0.0,1.75,1.75,OUI,OUI,OUI,OUI,0,même sous-catégorie + même régime alcool + écart de prix ≤ 40 %
PROD-0665,Cidre Fruité,PROD-0667,Cidre Tonique,PRIX_EQUIVALENT,0.0,1.75,1.75,OUI,OUI,OUI,OUI,0,même sous-catégorie + même régime alcool + écart de prix ≤ 40 %
PROD-0665,Cidre Fruité,PROD-0664,Terroir Chic,PRIX_INFERIEUR,-2.3,1.75,1.71,OUI,OUI,OUI,OUI,0,même sous-catégorie + même régime alcool + écart de prix ≤ 40 %
PROD-0665,Cidre Fruité,PROD-0323,Amour d'Hérout brut 33 cl cidre IGP,PRIX_SUPERIEUR,10.3,1.75,1.93,OUI,OUI,NON,NON,0,même sous-catégorie + même régime alcool + écart de prix ≤ 40 %
PROD-0665,Cidre Fruité,PROD-0325,Amour d'Hérout doux 33 cl cidre IGP,PRIX_SUPERIEUR,10.3,1.75,1.93,OUI,OUI,NON,NON,0,même sous-catégorie + même régime alcool + écart de prix ≤ 40 %
PROD-0666,Cidre Fraîcheur,PROD-0665,Cidre Fruité,PRIX_EQUIVALENT,0.0,1.75,1.75,OUI,OUI,OUI,OUI,0,même sous-catégorie + même régime alcool + écart de prix ≤ 40 %
PROD-0666,Cidre Fraîcheur,PROD-0667,Cidre Tonique,PRIX_EQUIVALENT,0.0,1.75,1.75,OUI,OUI,OUI,OUI,0,même sous-catégorie + même régime alcool + écart de prix ≤ 40 %
PROD-0666,Cidre Fraîcheur,PROD-0664,Terroir Chic,PRIX_INFERIEUR,-2.3,1.75,1.71,OUI,OUI,OUI,OUI,0,même sous-catégorie + même régime alcool + écart de prix ≤ 40 %
PROD-0666,Cidre Fraîcheur,PROD-0323,Amour d'Hérout brut 33 cl cidre IGP,PRIX_SUPERIEUR,10.3,1.75,1.93,OUI,OUI,NON,NON,0,même sous-catégorie + même régime alcool + écart de prix ≤ 40 %
PROD-0666,Cidre Fraîcheur,PROD-0325,Amour d'Hérout doux 33 cl cidre IGP,PRIX_SUPERIEUR,10.3,1.75,1.93,OUI,OUI,NON,NON,0,même sous-catégorie + même régime alcool + écart de prix ≤ 40 %
PROD-0667,Cidre Tonique,PROD-0665,Cidre Fruité,PRIX_EQUIVALENT,0.0,1.75,1.75,OUI,OUI,OUI,OUI,0,même sous-catégorie + même régime alcool + écart de prix ≤ 40 %
PROD-0667,Cidre Tonique,PROD-0666,Cidre Fraîcheur,PRIX_EQUIVALENT,0.0,1.75,1.75,OUI,OUI,OUI,OUI,0,même sous-catégorie + même régime alcool + écart de prix ≤ 40 %
PROD-0667,Cidre Tonique,PROD-0664,Terroir Chic,PRIX_INFERIEUR,-2.3,1.75,1.71,OUI,OUI,OUI,OUI,0,même sous-catégorie + même régime alcool + écart de prix ≤ 40 %
PROD-0667,Cidre Tonique,PROD-0323,Amour d'Hérout brut 33 cl cidre IGP,PRIX_SUPERIEUR,10.3,1.75,1.93,OUI,OUI,NON,NON,0,même sous-catégorie + même régime alcool + écart de prix ≤ 40 %
PROD-0667,Cidre Tonique,PROD-0325,Amour d'Hérout doux 33 cl cidre IGP,PRIX_SUPERIEUR,10.3,1.75,1.93,OUI,OUI,NON,NON,0,même sous-catégorie + même régime alcool + écart de prix ≤ 40 %
PROD-0668,Fût Corsé,PROD-0669,Fût Fraicheur,PRIX_SUPERIEUR,7.6,79.0,85.0,OUI,OUI,OUI,OUI,0,même sous-catégorie + même régime alcool + écart de prix ≤ 40 %
PROD-0669,Fût Fraicheur,PROD-0668,Fût Corsé,PRIX_INFERIEUR,-7.1,85.0,79.0,OUI,OUI,OUI,OUI,0,même sous-catégorie + même régime alcool + écart de prix ≤ 40 %
PROD-0671,Vinaigre de Cidre,PROD-0369,Aigrette de Claids (vinaigre de cidre) 50 cl,PRIX_SUPERIEUR,37.0,2.3,3.15,OUI,OUI,NON,NON,1,même sous-catégorie + même régime alcool + écart de prix ≤ 40 %
PROD-0672,Jus de pomme,PROD-0673,Jus de pomme fraicheur,PRIX_SUPERIEUR,5.5,2.75,2.9,OUI,OUI,OUI,OUI,0,même sous-catégorie + même régime alcool + écart de prix ≤ 40 %
PROD-0672,Jus de pomme,PROD-0674,Jus pétillant,PRIX_SUPERIEUR,10.9,2.75,3.05,OUI,OUI,OUI,OUI,0,même sous-catégorie + même régime alcool + écart de prix ≤ 40 %
PROD-0672,Jus de pomme,PROD-0367,Jus de pomme 100 cl,PRIX_SUPERIEUR,20.0,2.75,3.3,OUI,OUI,NON,NON,0,même sous-catégorie + même régime alcool + écart de prix ≤ 40 %
PROD-0672,Jus de pomme,PROD-0683,Pomme Basilic,PRIX_SUPERIEUR,20.0,2.75,3.3,OUI,OUI,OUI,OUI,0,même sous-catégorie + même régime alcool + écart de prix ≤ 40 %
PROD-0672,Jus de pomme,PROD-0684,Pomme Menthe,PRIX_SUPERIEUR,20.0,2.75,3.3,OUI,OUI,OUI,OUI,0,même sous-catégorie + même régime alcool + écart de prix ≤ 40 %
PROD-0673,Jus de pomme fraicheur,PROD-0672,Jus de pomme,PRIX_INFERIEUR,-5.2,2.9,2.75,OUI,OUI,OUI,OUI,0,même sous-catégorie + même régime alcool + écart de prix ≤ 40 %
PROD-0673,Jus de pomme fraicheur,PROD-0674,Jus pétillant,PRIX_SUPERIEUR,5.2,2.9,3.05,OUI,OUI,OUI,OUI,0,même sous-catégorie + même régime alcool + écart de prix ≤ 40 %
PROD-0673,Jus de pomme fraicheur,PROD-0367,Jus de pomme 100 cl,PRIX_SUPERIEUR,13.8,2.9,3.3,OUI,OUI,NON,NON,0,même sous-catégorie + même régime alcool + écart de prix ≤ 40 %
PROD-0673,Jus de pomme fraicheur,PROD-0683,Pomme Basilic,PRIX_SUPERIEUR,13.8,2.9,3.3,OUI,OUI,OUI,OUI,0,même sous-catégorie + même régime alcool + écart de prix ≤ 40 %
PROD-0673,Jus de pomme fraicheur,PROD-0684,Pomme Menthe,PRIX_SUPERIEUR,13.8,2.9,3.3,OUI,OUI,OUI,OUI,0,même sous-catégorie + même régime alcool + écart de prix ≤ 40 %
PROD-0674,Jus pétillant,PROD-0673,Jus de pomme fraicheur,PRIX_INFERIEUR,-4.9,3.05,2.9,OUI,OUI,OUI,OUI,0,même sous-catégorie + même régime alcool + écart de prix ≤ 40 %
PROD-0674,Jus pétillant,PROD-0367,Jus de pomme 100 cl,PRIX_SUPERIEUR,8.2,3.05,3.3,OUI,OUI,NON,NON,0,même sous-catégorie + même régime alcool + écart de prix ≤ 40 %
PROD-0674,Jus pétillant,PROD-0683,Pomme Basilic,PRIX_SUPERIEUR,8.2,3.05,3.3,OUI,OUI,OUI,OUI,0,même sous-catégorie + même régime alcool + écart de prix ≤ 40 %
PROD-0674,Jus pétillant,PROD-0684,Pomme Menthe,PRIX_SUPERIEUR,8.2,3.05,3.3,OUI,OUI,OUI,OUI,0,même sous-catégorie + même régime alcool + écart de prix ≤ 40 %
PROD-0674,Jus pétillant,PROD-0685,Pomme Framboise,PRIX_SUPERIEUR,8.2,3.05,3.3,OUI,OUI,OUI,OUI,0,même sous-catégorie + même régime alcool + écart de prix ≤ 40 %
PROD-0675,BIB Jus de pomme,PROD-0346,jus de pomme bio 300 cl bib,PRIX_INFERIEUR,-21.1,12.27,9.68,OUI,OUI,NON,NON,-1,même sous-catégorie + même régime alcool + écart de prix ≤ 40 %
PROD-0676,Pomme Amour,PROD-0677,Pomme Pétillant,PRIX_SUPERIEUR,8.5,1.65,1.79,OUI,OUI,OUI,OUI,0,même sous-catégorie + même régime alcool + écart de prix ≤ 40 %
PROD-0676,Pomme Amour,PROD-0680,Pomme Framboise,PRIX_SUPERIEUR,14.5,1.65,1.89,OUI,OUI,OUI,OUI,0,même sous-catégorie + même régime alcool + écart de prix ≤ 40 %
PROD-0676,Pomme Amour,PROD-0681,Pomme Myrtille,PRIX_SUPERIEUR,14.5,1.65,1.89,OUI,OUI,OUI,OUI,0,même sous-catégorie + même régime alcool + écart de prix ≤ 40 %
PROD-0676,Pomme Amour,PROD-0682,Pomme Rhubarbe,PRIX_SUPERIEUR,14.5,1.65,1.89,OUI,OUI,OUI,OUI,0,même sous-catégorie + même régime alcool + écart de prix ≤ 40 %
PROD-0676,Pomme Amour,PROD-0368,Jus de pomme 25 cl,PRIX_SUPERIEUR,15.2,1.65,1.9,OUI,OUI,NON,NON,0,même sous-catégorie + même régime alcool + écart de prix ≤ 40 %
PROD-0677,Pomme Pétillant,PROD-0680,Pomme Framboise,PRIX_SUPERIEUR,5.6,1.79,1.89,OUI,OUI,OUI,OUI,0,même sous-catégorie + même régime alcool + écart de prix ≤ 40 %
PROD-0677,Pomme Pétillant,PROD-0681,Pomme Myrtille,PRIX_SUPERIEUR,5.6,1.79,1.89,OUI,OUI,OUI,OUI,0,même sous-catégorie + même régime alcool + écart de prix ≤ 40 %
PROD-0677,Pomme Pétillant,PROD-0682,Pomme Rhubarbe,PRIX_SUPERIEUR,5.6,1.79,1.89,OUI,OUI,OUI,OUI,0,même sous-catégorie + même régime alcool + écart de prix ≤ 40 %
PROD-0677,Pomme Pétillant,PROD-0368,Jus de pomme 25 cl,PRIX_SUPERIEUR,6.1,1.79,1.9,OUI,OUI,NON,NON,0,même sous-catégorie + même régime alcool + écart de prix ≤ 40 %
PROD-0677,Pomme Pétillant,PROD-0676,Pomme Amour,PRIX_INFERIEUR,-7.8,1.79,1.65,OUI,OUI,OUI,OUI,0,même sous-catégorie + même régime alcool + écart de prix ≤ 40 %
PROD-0678,Pomme Basilic,PROD-0679,Pomme Menthe,PRIX_EQUIVALENT,0.0,1.96,1.96,OUI,OUI,OUI,OUI,0,même sous-catégorie + même régime alcool + écart de prix ≤ 40 %
PROD-0678,Pomme Basilic,PROD-0344,Jus de pomme bio 25 cl,PRIX_EQUIVALENT,1.0,1.96,1.98,OUI,OUI,NON,NON,0,même sous-catégorie + même régime alcool + écart de prix ≤ 40 %
PROD-0678,Pomme Basilic,PROD-0368,Jus de pomme 25 cl,PRIX_INFERIEUR,-3.1,1.96,1.9,OUI,OUI,NON,NON,0,même sous-catégorie + même régime alcool + écart de prix ≤ 40 %
PROD-0678,Pomme Basilic,PROD-0680,Pomme Framboise,PRIX_INFERIEUR,-3.6,1.96,1.89,OUI,OUI,OUI,OUI,0,même sous-catégorie + même régime alcool + écart de prix ≤ 40 %
PROD-0678,Pomme Basilic,PROD-0681,Pomme Myrtille,PRIX_INFERIEUR,-3.6,1.96,1.89,OUI,OUI,OUI,OUI,0,même sous-catégorie + même régime alcool + écart de prix ≤ 40 %
PROD-0679,Pomme Menthe,PROD-0678,Pomme Basilic,PRIX_EQUIVALENT,0.0,1.96,1.96,OUI,OUI,OUI,OUI,0,même sous-catégorie + même régime alcool + écart de prix ≤ 40 %
PROD-0679,Pomme Menthe,PROD-0344,Jus de pomme bio 25 cl,PRIX_EQUIVALENT,1.0,1.96,1.98,OUI,OUI,NON,NON,0,même sous-catégorie + même régime alcool + écart de prix ≤ 40 %
PROD-0679,Pomme Menthe,PROD-0368,Jus de pomme 25 cl,PRIX_INFERIEUR,-3.1,1.96,1.9,OUI,OUI,NON,NON,0,même sous-catégorie + même régime alcool + écart de prix ≤ 40 %
PROD-0679,Pomme Menthe,PROD-0680,Pomme Framboise,PRIX_INFERIEUR,-3.6,1.96,1.89,OUI,OUI,OUI,OUI,0,même sous-catégorie + même régime alcool + écart de prix ≤ 40 %
PROD-0679,Pomme Menthe,PROD-0681,Pomme Myrtille,PRIX_INFERIEUR,-3.6,1.96,1.89,OUI,OUI,OUI,OUI,0,même sous-catégorie + même régime alcool + écart de prix ≤ 40 %
PROD-0680,Pomme Framboise,PROD-0681,Pomme Myrtille,PRIX_EQUIVALENT,0.0,1.89,1.89,OUI,OUI,OUI,OUI,0,même sous-catégorie + même régime alcool + écart de prix ≤ 40 %
PROD-0680,Pomme Framboise,PROD-0682,Pomme Rhubarbe,PRIX_EQUIVALENT,0.0,1.89,1.89,OUI,OUI,OUI,OUI,0,même sous-catégorie + même régime alcool + écart de prix ≤ 40 %
PROD-0680,Pomme Framboise,PROD-0368,Jus de pomme 25 cl,PRIX_EQUIVALENT,0.5,1.89,1.9,OUI,OUI,NON,NON,0,même sous-catégorie + même régime alcool + écart de prix ≤ 40 %
PROD-0680,Pomme Framboise,PROD-0678,Pomme Basilic,PRIX_SUPERIEUR,3.7,1.89,1.96,OUI,OUI,OUI,OUI,0,même sous-catégorie + même régime alcool + écart de prix ≤ 40 %
PROD-0680,Pomme Framboise,PROD-0679,Pomme Menthe,PRIX_SUPERIEUR,3.7,1.89,1.96,OUI,OUI,OUI,OUI,0,même sous-catégorie + même régime alcool + écart de prix ≤ 40 %
PROD-0681,Pomme Myrtille,PROD-0680,Pomme Framboise,PRIX_EQUIVALENT,0.0,1.89,1.89,OUI,OUI,OUI,OUI,0,même sous-catégorie + même régime alcool + écart de prix ≤ 40 %
PROD-0681,Pomme Myrtille,PROD-0682,Pomme Rhubarbe,PRIX_EQUIVALENT,0.0,1.89,1.89,OUI,OUI,OUI,OUI,0,même sous-catégorie + même régime alcool + écart de prix ≤ 40 %
PROD-0681,Pomme Myrtille,PROD-0368,Jus de pomme 25 cl,PRIX_EQUIVALENT,0.5,1.89,1.9,OUI,OUI,NON,NON,0,même sous-catégorie + même régime alcool + écart de prix ≤ 40 %
PROD-0681,Pomme Myrtille,PROD-0678,Pomme Basilic,PRIX_SUPERIEUR,3.7,1.89,1.96,OUI,OUI,OUI,OUI,0,même sous-catégorie + même régime alcool + écart de prix ≤ 40 %
PROD-0681,Pomme Myrtille,PROD-0679,Pomme Menthe,PRIX_SUPERIEUR,3.7,1.89,1.96,OUI,OUI,OUI,OUI,0,même sous-catégorie + même régime alcool + écart de prix ≤ 40 %
PROD-0682,Pomme Rhubarbe,PROD-0680,Pomme Framboise,PRIX_EQUIVALENT,0.0,1.89,1.89,OUI,OUI,OUI,OUI,0,même sous-catégorie + même régime alcool + écart de prix ≤ 40 %
PROD-0682,Pomme Rhubarbe,PROD-0681,Pomme Myrtille,PRIX_EQUIVALENT,0.0,1.89,1.89,OUI,OUI,OUI,OUI,0,même sous-catégorie + même régime alcool + écart de prix ≤ 40 %
PROD-0682,Pomme Rhubarbe,PROD-0368,Jus de pomme 25 cl,PRIX_EQUIVALENT,0.5,1.89,1.9,OUI,OUI,NON,NON,0,même sous-catégorie + même régime alcool + écart de prix ≤ 40 %
PROD-0682,Pomme Rhubarbe,PROD-0678,Pomme Basilic,PRIX_SUPERIEUR,3.7,1.89,1.96,OUI,OUI,OUI,OUI,0,même sous-catégorie + même régime alcool + écart de prix ≤ 40 %
PROD-0682,Pomme Rhubarbe,PROD-0679,Pomme Menthe,PRIX_SUPERIEUR,3.7,1.89,1.96,OUI,OUI,OUI,OUI,0,même sous-catégorie + même régime alcool + écart de prix ≤ 40 %
PROD-0683,Pomme Basilic,PROD-0367,Jus de pomme 100 cl,PRIX_EQUIVALENT,0.0,3.3,3.3,OUI,OUI,NON,NON,0,même sous-catégorie + même régime alcool + écart de prix ≤ 40 %
PROD-0683,Pomme Basilic,PROD-0684,Pomme Menthe,PRIX_EQUIVALENT,0.0,3.3,3.3,OUI,OUI,OUI,OUI,0,même sous-catégorie + même régime alcool + écart de prix ≤ 40 %
PROD-0683,Pomme Basilic,PROD-0685,Pomme Framboise,PRIX_EQUIVALENT,0.0,3.3,3.3,OUI,OUI,OUI,OUI,0,même sous-catégorie + même régime alcool + écart de prix ≤ 40 %
PROD-0683,Pomme Basilic,PROD-0686,Pomme Myrtille,PRIX_EQUIVALENT,0.0,3.3,3.3,OUI,OUI,OUI,OUI,0,même sous-catégorie + même régime alcool + écart de prix ≤ 40 %
PROD-0683,Pomme Basilic,PROD-0349,"Jus de pomme Pétillant bio ""Prout"" 75cl NOUVEAU",PRIX_SUPERIEUR,6.7,3.3,3.52,OUI,OUI,NON,NON,0,même sous-catégorie + même régime alcool + écart de prix ≤ 40 %
PROD-0684,Pomme Menthe,PROD-0367,Jus de pomme 100 cl,PRIX_EQUIVALENT,0.0,3.3,3.3,OUI,OUI,NON,NON,0,même sous-catégorie + même régime alcool + écart de prix ≤ 40 %
PROD-0684,Pomme Menthe,PROD-0683,Pomme Basilic,PRIX_EQUIVALENT,0.0,3.3,3.3,OUI,OUI,OUI,OUI,0,même sous-catégorie + même régime alcool + écart de prix ≤ 40 %
PROD-0684,Pomme Menthe,PROD-0685,Pomme Framboise,PRIX_EQUIVALENT,0.0,3.3,3.3,OUI,OUI,OUI,OUI,0,même sous-catégorie + même régime alcool + écart de prix ≤ 40 %
PROD-0684,Pomme Menthe,PROD-0686,Pomme Myrtille,PRIX_EQUIVALENT,0.0,3.3,3.3,OUI,OUI,OUI,OUI,0,même sous-catégorie + même régime alcool + écart de prix ≤ 40 %
PROD-0684,Pomme Menthe,PROD-0349,"Jus de pomme Pétillant bio ""Prout"" 75cl NOUVEAU",PRIX_SUPERIEUR,6.7,3.3,3.52,OUI,OUI,NON,NON,0,même sous-catégorie + même régime alcool + écart de prix ≤ 40 %
PROD-0685,Pomme Framboise,PROD-0367,Jus de pomme 100 cl,PRIX_EQUIVALENT,0.0,3.3,3.3,OUI,OUI,NON,NON,0,même sous-catégorie + même régime alcool + écart de prix ≤ 40 %
PROD-0685,Pomme Framboise,PROD-0683,Pomme Basilic,PRIX_EQUIVALENT,0.0,3.3,3.3,OUI,OUI,OUI,OUI,0,même sous-catégorie + même régime alcool + écart de prix ≤ 40 %
PROD-0685,Pomme Framboise,PROD-0684,Pomme Menthe,PRIX_EQUIVALENT,0.0,3.3,3.3,OUI,OUI,OUI,OUI,0,même sous-catégorie + même régime alcool + écart de prix ≤ 40 %
PROD-0685,Pomme Framboise,PROD-0686,Pomme Myrtille,PRIX_EQUIVALENT,0.0,3.3,3.3,OUI,OUI,OUI,OUI,0,même sous-catégorie + même régime alcool + écart de prix ≤ 40 %
PROD-0685,Pomme Framboise,PROD-0349,"Jus de pomme Pétillant bio ""Prout"" 75cl NOUVEAU",PRIX_SUPERIEUR,6.7,3.3,3.52,OUI,OUI,NON,NON,0,même sous-catégorie + même régime alcool + écart de prix ≤ 40 %
PROD-0686,Pomme Myrtille,PROD-0367,Jus de pomme 100 cl,PRIX_EQUIVALENT,0.0,3.3,3.3,OUI,OUI,NON,NON,0,même sous-catégorie + même régime alcool + écart de prix ≤ 40 %
PROD-0686,Pomme Myrtille,PROD-0683,Pomme Basilic,PRIX_EQUIVALENT,0.0,3.3,3.3,OUI,OUI,OUI,OUI,0,même sous-catégorie + même régime alcool + écart de prix ≤ 40 %
PROD-0686,Pomme Myrtille,PROD-0684,Pomme Menthe,PRIX_EQUIVALENT,0.0,3.3,3.3,OUI,OUI,OUI,OUI,0,même sous-catégorie + même régime alcool + écart de prix ≤ 40 %
PROD-0686,Pomme Myrtille,PROD-0685,Pomme Framboise,PRIX_EQUIVALENT,0.0,3.3,3.3,OUI,OUI,OUI,OUI,0,même sous-catégorie + même régime alcool + écart de prix ≤ 40 %
PROD-0686,Pomme Myrtille,PROD-0349,"Jus de pomme Pétillant bio ""Prout"" 75cl NOUVEAU",PRIX_SUPERIEUR,6.7,3.3,3.52,OUI,OUI,NON,NON,0,même sous-catégorie + même régime alcool + écart de prix ≤ 40 %
PROD-0687,Cidre de glace,PROD-0472,"Cidre de Glace 37,5cl 12%",PRIX_INFERIEUR,-15.9,17.0,14.3,OUI,OUI,NON,NON,0,même sous-catégorie + même régime alcool + écart de prix ≤ 40 %
PROD-0689,Pommeau de Normandie,PROD-0363,Apéro Claids 70 cl 12°,PRIX_SUPERIEUR,3.8,9.97,10.35,OUI,OUI,NON,NON,-1,même sous-catégorie + même régime alcool + écart de prix ≤ 40 %
PROD-0689,Pommeau de Normandie,PROD-0290,POMMEAU 35cl Pique-nique sous les pommiers,PRIX_INFERIEUR,-9.7,9.97,9.0,OUI,OUI,NON,NON,-1,même sous-catégorie + même régime alcool + écart de prix ≤ 40 %
PROD-0689,Pommeau de Normandie,PROD-0362,Pommeau de Normandie 70 cl 17°,PRIX_SUPERIEUR,13.8,9.97,11.35,OUI,OUI,NON,OUI,0,même sous-catégorie + même régime alcool + écart de prix ≤ 40 %
PROD-0689,Pommeau de Normandie,PROD-0361,Pommeau de Normandie 35 cl 17°,PRIX_INFERIEUR,-27.3,9.97,7.25,OUI,OUI,NON,OUI,0,même sous-catégorie + même régime alcool + écart de prix ≤ 40 %
PROD-0689,Pommeau de Normandie,PROD-0343,pommeau bio 20 cl,PRIX_INFERIEUR,-37.1,9.97,6.27,OUI,OUI,NON,NON,-1,même sous-catégorie + même régime alcool + écart de prix ≤ 40 %
PROD-0690,Pommeau de Normandie,PROD-0343,pommeau bio 20 cl,PRIX_SUPERIEUR,2.5,6.12,6.27,OUI,OUI,NON,NON,-1,même sous-catégorie + même régime alcool + écart de prix ≤ 40 %
PROD-0690,Pommeau de Normandie,PROD-0361,Pommeau de Normandie 35 cl 17°,PRIX_SUPERIEUR,18.5,6.12,7.25,OUI,OUI,NON,OUI,0,même sous-catégorie + même régime alcool + écart de prix ≤ 40 %
PROD-0691,Esprit de Billy,PROD-0330,Calvados AOC-XO hors d'âge 6 ans 20 cl,PRIX_EQUIVALENT,0.0,13.53,13.53,OUI,OUI,NON,OUI,1,même sous-catégorie + même régime alcool + écart de prix ≤ 40 %
PROD-0691,Esprit de Billy,PROD-0695,CALVADOS - HORS D'ÂGE,PRIX_INFERIEUR,-14.8,13.53,11.53,OUI,OUI,OUI,OUI,1,même sous-catégorie + même régime alcool + écart de prix ≤ 40 %
PROD-0691,Esprit de Billy,PROD-0334,Calvados AOC-VSOP vielle réserve 4 ans 20 cl,PRIX_INFERIEUR,-16.3,13.53,11.33,OUI,OUI,NON,OUI,1,même sous-catégorie + même régime alcool + écart de prix ≤ 40 %
PROD-0691,Esprit de Billy,PROD-0326,Calvados Héritage 12 ans d'âge 20 cl,PRIX_SUPERIEUR,18.7,13.53,16.06,OUI,OUI,NON,OUI,1,même sous-catégorie + même régime alcool + écart de prix ≤ 40 %
PROD-0691,Esprit de Billy,PROD-0338,Calvados VS 2 ans 20 cl,PRIX_INFERIEUR,-29.3,13.53,9.57,OUI,OUI,NON,OUI,1,même sous-catégorie + même régime alcool + écart de prix ≤ 40 %
PROD-0692,CALVADOS - 20 ANS,PROD-0328,Calvados Héritage 12 ans d'âge 70 cl,PRIX_EQUIVALENT,0.4,43.16,43.34,OUI,OUI,NON,OUI,0,même sous-catégorie + même régime alcool + écart de prix ≤ 40 %
PROD-0692,CALVADOS - 20 ANS,PROD-0366,"""Keys' Claids"" 70 cl 41°",PRIX_INFERIEUR,-11.2,43.16,38.33,OUI,OUI,NON,NON,0,même sous-catégorie + même régime alcool + écart de prix ≤ 40 %
PROD-0692,CALVADOS - 20 ANS,PROD-0332,Calvados AOC-XO hors d'âge 6 ans 70 cl,PRIX_INFERIEUR,-15.4,43.16,36.52,OUI,OUI,NON,OUI,0,même sous-catégorie + même régime alcool + écart de prix ≤ 40 %
PROD-0692,CALVADOS - 20 ANS,PROD-0693,CALVADOS - 12 ANS,PRIX_INFERIEUR,-18.5,43.16,35.16,OUI,OUI,OUI,OUI,0,même sous-catégorie + même régime alcool + écart de prix ≤ 40 %
PROD-0692,CALVADOS - 20 ANS,PROD-0336,Calvados AOC-VSOP vielle réserve 4 ans 70 cl,PRIX_INFERIEUR,-28.9,43.16,30.7,OUI,OUI,NON,OUI,0,même sous-catégorie + même régime alcool + écart de prix ≤ 40 %
PROD-0693,CALVADOS - 12 ANS,PROD-0332,Calvados AOC-XO hors d'âge 6 ans 70 cl,PRIX_SUPERIEUR,3.9,35.16,36.52,OUI,OUI,NON,OUI,0,même sous-catégorie + même régime alcool + écart de prix ≤ 40 %
PROD-0693,CALVADOS - 12 ANS,PROD-0366,"""Keys' Claids"" 70 cl 41°",PRIX_SUPERIEUR,9.0,35.16,38.33,OUI,OUI,NON,NON,0,même sous-catégorie + même régime alcool + écart de prix ≤ 40 %
PROD-0693,CALVADOS - 12 ANS,PROD-0336,Calvados AOC-VSOP vielle réserve 4 ans 70 cl,PRIX_INFERIEUR,-12.7,35.16,30.7,OUI,OUI,NON,OUI,0,même sous-catégorie + même régime alcool + écart de prix ≤ 40 %
PROD-0693,CALVADOS - 12 ANS,PROD-0360,Fine de Claids 70 cl 40°,PRIX_INFERIEUR,-14.1,35.16,30.2,OUI,OUI,NON,NON,0,même sous-catégorie + même régime alcool + écart de prix ≤ 40 %
PROD-0693,CALVADOS - 12 ANS,PROD-0694,CALVADOS - HORS D'ÂGE,PRIX_INFERIEUR,-17.1,35.16,29.16,OUI,OUI,OUI,OUI,0,même sous-catégorie + même régime alcool + écart de prix ≤ 40 %
PROD-0694,CALVADOS - HORS D'ÂGE,PROD-0359,Calvados 7 ans 70cl,PRIX_INFERIEUR,-2.3,29.16,28.5,OUI,OUI,NON,OUI,0,même sous-catégorie + même régime alcool + écart de prix ≤ 40 %
PROD-0694,CALVADOS - HORS D'ÂGE,PROD-0360,Fine de Claids 70 cl 40°,PRIX_SUPERIEUR,3.6,29.16,30.2,OUI,OUI,NON,NON,0,même sous-catégorie + même régime alcool + écart de prix ≤ 40 %
PROD-0694,CALVADOS - HORS D'ÂGE,PROD-0336,Calvados AOC-VSOP vielle réserve 4 ans 70 cl,PRIX_SUPERIEUR,5.3,29.16,30.7,OUI,OUI,NON,OUI,0,même sous-catégorie + même régime alcool + écart de prix ≤ 40 %
PROD-0694,CALVADOS - HORS D'ÂGE,PROD-0358,Calvados 5 ans 70cl,PRIX_INFERIEUR,-7.4,29.16,27.0,OUI,OUI,NON,OUI,0,même sous-catégorie + même régime alcool + écart de prix ≤ 40 %
PROD-0694,CALVADOS - HORS D'ÂGE,PROD-0339,Calvados VS 2 ans 70 cl,PRIX_INFERIEUR,-12.9,29.16,25.41,OUI,OUI,NON,OUI,0,même sous-catégorie + même régime alcool + écart de prix ≤ 40 %
PROD-0695,CALVADOS - HORS D'ÂGE,PROD-0334,Calvados AOC-VSOP vielle réserve 4 ans 20 cl,PRIX_EQUIVALENT,-1.7,11.53,11.33,OUI,OUI,NON,OUI,0,même sous-catégorie + même régime alcool + écart de prix ≤ 40 %
PROD-0695,CALVADOS - HORS D'ÂGE,PROD-0338,Calvados VS 2 ans 20 cl,PRIX_INFERIEUR,-17.0,11.53,9.57,OUI,OUI,NON,OUI,0,même sous-catégorie + même régime alcool + écart de prix ≤ 40 %
PROD-0695,CALVADOS - HORS D'ÂGE,PROD-0330,Calvados AOC-XO hors d'âge 6 ans 20 cl,PRIX_SUPERIEUR,17.3,11.53,13.53,OUI,OUI,NON,OUI,0,même sous-catégorie + même régime alcool + écart de prix ≤ 40 %
PROD-0695,CALVADOS - HORS D'ÂGE,PROD-0691,Esprit de Billy,PRIX_SUPERIEUR,17.3,11.53,13.53,OUI,OUI,OUI,OUI,-1,même sous-catégorie + même régime alcool + écart de prix ≤ 40 %
PROD-0695,CALVADOS - HORS D'ÂGE,PROD-0308,Calvados Arrangé Pomme Vanille 20 cl,PRIX_INFERIEUR,-21.1,11.53,9.1,OUI,OUI,NON,NON,-1,même sous-catégorie + même régime alcool + écart de prix ≤ 40 %
PROD-0696,CALVADOS - V.S.O.P.,PROD-0340,BLANCHE d'alambic bio 70 cl,PRIX_SUPERIEUR,3.3,22.9,23.65,OUI,OUI,NON,NON,0,même sous-catégorie + même régime alcool + écart de prix ≤ 40 %
PROD-0696,CALVADOS - V.S.O.P.,PROD-0331,Calvados AOC-XO hors d'âge 6 ans 35 cl,PRIX_INFERIEUR,-7.3,22.9,21.23,OUI,OUI,NON,OUI,0,même sous-catégorie + même régime alcool + écart de prix ≤ 40 %
PROD-0696,CALVADOS - V.S.O.P.,PROD-0296,Calvados Arrangé Pomme Vanille 70 cl,PRIX_INFERIEUR,-8.7,22.9,20.9,OUI,OUI,NON,NON,0,même sous-catégorie + même régime alcool + écart de prix ≤ 40 %
PROD-0696,CALVADOS - V.S.O.P.,PROD-0298,Calvados Arrangé Banane Vanille 70 cl,PRIX_INFERIEUR,-8.7,22.9,20.9,OUI,OUI,NON,NON,0,même sous-catégorie + même régime alcool + écart de prix ≤ 40 %
PROD-0696,CALVADOS - V.S.O.P.,PROD-0300,Calvados Arrangé Fraise Poivre de Sichuan 70 cl,PRIX_INFERIEUR,-8.7,22.9,20.9,OUI,OUI,NON,NON,0,même sous-catégorie + même régime alcool + écart de prix ≤ 40 %
PROD-0697,CALVADOS - FINE,PROD-0296,Calvados Arrangé Pomme Vanille 70 cl,PRIX_SUPERIEUR,2.5,20.4,20.9,OUI,OUI,NON,NON,0,même sous-catégorie + même régime alcool + écart de prix ≤ 40 %
PROD-0697,CALVADOS - FINE,PROD-0298,Calvados Arrangé Banane Vanille 70 cl,PRIX_SUPERIEUR,2.5,20.4,20.9,OUI,OUI,NON,NON,0,même sous-catégorie + même régime alcool + écart de prix ≤ 40 %
PROD-0697,CALVADOS - FINE,PROD-0300,Calvados Arrangé Fraise Poivre de Sichuan 70 cl,PRIX_SUPERIEUR,2.5,20.4,20.9,OUI,OUI,NON,NON,0,même sous-catégorie + même régime alcool + écart de prix ≤ 40 %
PROD-0697,CALVADOS - FINE,PROD-0301,Calvados Arrangé Epices de Noël Clémentine 70 cl,PRIX_SUPERIEUR,2.5,20.4,20.9,OUI,OUI,NON,NON,0,même sous-catégorie + même régime alcool + écart de prix ≤ 40 %
PROD-0697,CALVADOS - FINE,PROD-0302,Calvados Arrangé Pomme Menthe 70 cl,PRIX_SUPERIEUR,2.5,20.4,20.9,OUI,OUI,NON,NON,0,même sous-catégorie + même régime alcool + écart de prix ≤ 40 %
PROD-0700,Le Blanc Marin 75 cl btlle,PROD-0703,Les Hougues 75cl btlle,PRIX_EQUIVALENT,0.0,10.9,10.9,OUI,OUI,OUI,OUI,0,même sous-catégorie + même régime alcool + écart de prix ≤ 40 %
PROD-0700,Le Blanc Marin 75 cl btlle,PROD-0701,Le Rosé Marin 75cl btlle,PRIX_INFERIEUR,-12.8,10.9,9.5,OUI,OUI,OUI,OUI,-1,même sous-catégorie + même régime alcool + écart de prix ≤ 40 %
PROD-0700,Le Blanc Marin 75 cl btlle,PROD-0399,PINOT NOIR 50 CL rouge 12 ° en coffret de 6,PRIX_INFERIEUR,-19.3,10.9,8.8,OUI,OUI,NON,NON,-1,même sous-catégorie + même régime alcool + écart de prix ≤ 40 %
PROD-0700,Le Blanc Marin 75 cl btlle,PROD-0402,PINOT Gris 50 CL en coffret de 6,PRIX_INFERIEUR,-19.3,10.9,8.8,OUI,OUI,NON,NON,-1,même sous-catégorie + même régime alcool + écart de prix ≤ 40 %
PROD-0700,Le Blanc Marin 75 cl btlle,PROD-0702,Les Trois Flèches 75 cl btlle,PRIX_SUPERIEUR,19.3,10.9,13.0,OUI,OUI,OUI,OUI,0,même sous-catégorie + même régime alcool + écart de prix ≤ 40 %
PROD-0701,Le Rosé Marin 75cl btlle,PROD-0399,PINOT NOIR 50 CL rouge 12 ° en coffret de 6,PRIX_INFERIEUR,-7.4,9.5,8.8,OUI,OUI,NON,NON,0,même sous-catégorie + même régime alcool + écart de prix ≤ 40 %
PROD-0701,Le Rosé Marin 75cl btlle,PROD-0402,PINOT Gris 50 CL en coffret de 6,PRIX_INFERIEUR,-7.4,9.5,8.8,OUI,OUI,NON,NON,0,même sous-catégorie + même régime alcool + écart de prix ≤ 40 %
PROD-0701,Le Rosé Marin 75cl btlle,PROD-0700,Le Blanc Marin 75 cl btlle,PRIX_SUPERIEUR,14.7,9.5,10.9,OUI,OUI,OUI,OUI,1,même sous-catégorie + même régime alcool + écart de prix ≤ 40 %
PROD-0701,Le Rosé Marin 75cl btlle,PROD-0703,Les Hougues 75cl btlle,PRIX_SUPERIEUR,14.7,9.5,10.9,OUI,OUI,OUI,OUI,1,même sous-catégorie + même régime alcool + écart de prix ≤ 40 %
PROD-0701,Le Rosé Marin 75cl btlle,PROD-0401,AUXERROIS 50 CL blanc 12 °  en coffret de 6,PRIX_INFERIEUR,-28.9,9.5,6.75,OUI,OUI,NON,NON,0,même sous-catégorie + même régime alcool + écart de prix ≤ 40 %
PROD-0702,Les Trois Flèches 75 cl btlle,PROD-0700,Le Blanc Marin 75 cl btlle,PRIX_INFERIEUR,-16.2,13.0,10.9,OUI,OUI,OUI,OUI,0,même sous-catégorie + même régime alcool + écart de prix ≤ 40 %
PROD-0702,Les Trois Flèches 75 cl btlle,PROD-0703,Les Hougues 75cl btlle,PRIX_INFERIEUR,-16.2,13.0,10.9,OUI,OUI,OUI,OUI,0,même sous-catégorie + même régime alcool + écart de prix ≤ 40 %
PROD-0702,Les Trois Flèches 75 cl btlle,PROD-0398,CONNIVENCE BLANC 75 cl  14° en coffret de 6,PRIX_SUPERIEUR,22.3,13.0,15.9,OUI,OUI,NON,NON,0,même sous-catégorie + même régime alcool + écart de prix ≤ 40 %
PROD-0702,Les Trois Flèches 75 cl btlle,PROD-0701,Le Rosé Marin 75cl btlle,PRIX_INFERIEUR,-26.9,13.0,9.5,OUI,OUI,OUI,OUI,-1,même sous-catégorie + même régime alcool + écart de prix ≤ 40 %
PROD-0702,Les Trois Flèches 75 cl btlle,PROD-0399,PINOT NOIR 50 CL rouge 12 ° en coffret de 6,PRIX_INFERIEUR,-32.3,13.0,8.8,OUI,OUI,NON,NON,-1,même sous-catégorie + même régime alcool + écart de prix ≤ 40 %
PROD-0703,Les Hougues 75cl btlle,PROD-0700,Le Blanc Marin 75 cl btlle,PRIX_EQUIVALENT,0.0,10.9,10.9,OUI,OUI,OUI,OUI,0,même sous-catégorie + même régime alcool + écart de prix ≤ 40 %
PROD-0703,Les Hougues 75cl btlle,PROD-0701,Le Rosé Marin 75cl btlle,PRIX_INFERIEUR,-12.8,10.9,9.5,OUI,OUI,OUI,OUI,-1,même sous-catégorie + même régime alcool + écart de prix ≤ 40 %
PROD-0703,Les Hougues 75cl btlle,PROD-0399,PINOT NOIR 50 CL rouge 12 ° en coffret de 6,PRIX_INFERIEUR,-19.3,10.9,8.8,OUI,OUI,NON,NON,-1,même sous-catégorie + même régime alcool + écart de prix ≤ 40 %
PROD-0703,Les Hougues 75cl btlle,PROD-0402,PINOT Gris 50 CL en coffret de 6,PRIX_INFERIEUR,-19.3,10.9,8.8,OUI,OUI,NON,NON,-1,même sous-catégorie + même régime alcool + écart de prix ≤ 40 %
PROD-0703,Les Hougues 75cl btlle,PROD-0702,Les Trois Flèches 75 cl btlle,PRIX_SUPERIEUR,19.3,10.9,13.0,OUI,OUI,OUI,OUI,0,même sous-catégorie + même régime alcool + écart de prix ≤ 40 %
