id_produit,nom_produit,score_noblesse,score_valeur_percue,score_local,score_noel,score_logistique,score_personnalisation,score_qualite,score_marge,score_upsell,score_marge_commentaire,score_qualite_commentaire,statut,base_de_calcul
PROD-0001,Apéro tomate/paprika 100 grs,1,1,,,5,,,,,NON CALCULABLE (donnée absente des documents) : aucun prix de vente n'existe encore,NON CALCULABLE (donnée absente des documents) : à saisir en back-office,PROPOSITION AUTOMATIQUE – À VALIDER EN BACK-OFFICE,palier de prix d'achat (2.15 € HT) → 1
PROD-0002,Pailles feuilletées salées 100 grs,1,1,,,5,,,,,NON CALCULABLE (donnée absente des documents) : aucun prix de vente n'existe encore,NON CALCULABLE (donnée absente des documents) : à saisir en back-office,PROPOSITION AUTOMATIQUE – À VALIDER EN BACK-OFFICE,palier de prix d'achat (2.45 € HT) → 1
PROD-0003,Palets Camembert du Cotentin pavot 100 grs,2,2,3,,5,,,,,NON CALCULABLE (donnée absente des documents) : aucun prix de vente n'existe encore,NON CALCULABLE (donnée absente des documents) : à saisir en back-office,PROPOSITION AUTOMATIQUE – À VALIDER EN BACK-OFFICE,palier de prix d'achat (2.50 € HT) → 2
PROD-0004,Biscuits assortiment 250 grs,3,3,,,5,,,,,NON CALCULABLE (donnée absente des documents) : aucun prix de vente n'existe encore,NON CALCULABLE (donnée absente des documents) : à saisir en back-office,PROPOSITION AUTOMATIQUE – À VALIDER EN BACK-OFFICE,palier de prix d'achat (5.90 € HT) → 3
PROD-0005,Boutons de la Manche 250 grs moins de 12,2,2,3,,5,,,,,NON CALCULABLE (donnée absente des documents) : aucun prix de vente n'existe encore,NON CALCULABLE (donnée absente des documents) : à saisir en back-office,PROPOSITION AUTOMATIQUE – À VALIDER EN BACK-OFFICE,palier de prix d'achat (3.60 € HT) → 2
PROD-0006,Boutons de la Manche 250 grs/ carton de 12,2,2,3,,5,,,,,NON CALCULABLE (donnée absente des documents) : aucun prix de vente n'existe encore,NON CALCULABLE (donnée absente des documents) : à saisir en back-office,PROPOSITION AUTOMATIQUE – À VALIDER EN BACK-OFFICE,palier de prix d'achat (3.45 € HT) → 2
PROD-0007,Cookies pépite de chocolat 220 grs,2,2,,,5,,,,,NON CALCULABLE (donnée absente des documents) : aucun prix de vente n'existe encore,NON CALCULABLE (donnée absente des documents) : à saisir en back-office,PROPOSITION AUTOMATIQUE – À VALIDER EN BACK-OFFICE,palier de prix d'achat (3.60 € HT) → 2
PROD-0008,Coquilles Quinéville 165 grs,2,2,,,5,,,,,NON CALCULABLE (donnée absente des documents) : aucun prix de vente n'existe encore,NON CALCULABLE (donnée absente des documents) : à saisir en back-office,PROPOSITION AUTOMATIQUE – À VALIDER EN BACK-OFFICE,palier de prix d'achat (4.37 € HT) → 2
PROD-0009,Coquilles Quinéville 80 grs mini 50 paquets,1,1,,,5,,,,,NON CALCULABLE (donnée absente des documents) : aucun prix de vente n'existe encore,NON CALCULABLE (donnée absente des documents) : à saisir en back-office,PROPOSITION AUTOMATIQUE – À VALIDER EN BACK-OFFICE,palier de prix d'achat (2.45 € HT) → 1
PROD-0010,Coquilles de Quinéville trio 165 grs,2,2,,,5,,,,,NON CALCULABLE (donnée absente des documents) : aucun prix de vente n'existe encore,NON CALCULABLE (donnée absente des documents) : à saisir en back-office,PROPOSITION AUTOMATIQUE – À VALIDER EN BACK-OFFICE,palier de prix d'achat (4.37 € HT) → 2
PROD-0011,Coquilles trio 80 grs mini 50 paquets,1,1,,,5,,,,,NON CALCULABLE (donnée absente des documents) : aucun prix de vente n'existe encore,NON CALCULABLE (donnée absente des documents) : à saisir en back-office,PROPOSITION AUTOMATIQUE – À VALIDER EN BACK-OFFICE,palier de prix d'achat (2.45 € HT) → 1
PROD-0012,Croquant aux amandes 125 grs,2,2,,,5,,,,,NON CALCULABLE (donnée absente des documents) : aucun prix de vente n'existe encore,NON CALCULABLE (donnée absente des documents) : à saisir en back-office,PROPOSITION AUTOMATIQUE – À VALIDER EN BACK-OFFICE,palier de prix d'achat (4.30 € HT) → 2
PROD-0013,Croquenoisette chocolat 180 grs,2,2,,,5,,,,,NON CALCULABLE (donnée absente des documents) : aucun prix de vente n'existe encore,NON CALCULABLE (donnée absente des documents) : à saisir en back-office,PROPOSITION AUTOMATIQUE – À VALIDER EN BACK-OFFICE,palier de prix d'achat (4.55 € HT) → 2
PROD-0014,Croquenoisettes 180 grs,2,2,,,5,,,,,NON CALCULABLE (donnée absente des documents) : aucun prix de vente n'existe encore,NON CALCULABLE (donnée absente des documents) : à saisir en back-office,PROPOSITION AUTOMATIQUE – À VALIDER EN BACK-OFFICE,palier de prix d'achat (3.73 € HT) → 2
PROD-0015,Croquentin 220 grs,2,2,,,5,,,,,NON CALCULABLE (donnée absente des documents) : aucun prix de vente n'existe encore,NON CALCULABLE (donnée absente des documents) : à saisir en back-office,PROPOSITION AUTOMATIQUE – À VALIDER EN BACK-OFFICE,palier de prix d'achat (3.50 € HT) → 2
PROD-0016,Croquet Calvados 180 grs,2,2,,,5,,,,,NON CALCULABLE (donnée absente des documents) : aucun prix de vente n'existe encore,NON CALCULABLE (donnée absente des documents) : à saisir en back-office,PROPOSITION AUTOMATIQUE – À VALIDER EN BACK-OFFICE,palier de prix d'achat (3.55 € HT) → 2
PROD-0017,Financier sachet 180 grs,2,2,,,5,,,,,NON CALCULABLE (donnée absente des documents) : aucun prix de vente n'existe encore,NON CALCULABLE (donnée absente des documents) : à saisir en back-office,PROPOSITION AUTOMATIQUE – À VALIDER EN BACK-OFFICE,palier de prix d'achat (3.25 € HT) → 2
PROD-0018,Financiers boite 250 grs,2,2,,,5,,,,,NON CALCULABLE (donnée absente des documents) : aucun prix de vente n'existe encore,NON CALCULABLE (donnée absente des documents) : à saisir en back-office,PROPOSITION AUTOMATIQUE – À VALIDER EN BACK-OFFICE,palier de prix d'achat (4.90 € HT) → 2
PROD-0019,Pailles feuilletées au sucre 150 grs,2,2,,,5,,,,,NON CALCULABLE (donnée absente des documents) : aucun prix de vente n'existe encore,NON CALCULABLE (donnée absente des documents) : à saisir en back-office,PROPOSITION AUTOMATIQUE – À VALIDER EN BACK-OFFICE,palier de prix d'achat (3.45 € HT) → 2
PROD-0020,Sablé chocolat enrobage chocolat lait 180 grs,2,2,,,5,,,,,NON CALCULABLE (donnée absente des documents) : aucun prix de vente n'existe encore,NON CALCULABLE (donnée absente des documents) : à saisir en back-office,PROPOSITION AUTOMATIQUE – À VALIDER EN BACK-OFFICE,palier de prix d'achat (4.50 € HT) → 2
PROD-0021,Sablé éclats de caramel 180 grs,2,2,,,5,,,,,NON CALCULABLE (donnée absente des documents) : aucun prix de vente n'existe encore,NON CALCULABLE (donnée absente des documents) : à saisir en back-office,PROPOSITION AUTOMATIQUE – À VALIDER EN BACK-OFFICE,palier de prix d'achat (3.56 € HT) → 2
PROD-0022,Sablé éclats caramel 110 grs mini 50 paquets,2,2,,,5,,,,,NON CALCULABLE (donnée absente des documents) : aucun prix de vente n'existe encore,NON CALCULABLE (donnée absente des documents) : à saisir en back-office,PROPOSITION AUTOMATIQUE – À VALIDER EN BACK-OFFICE,palier de prix d'achat (2.50 € HT) → 2
PROD-0023,Sablé spéculos 250 grs,2,2,,,5,,,,,NON CALCULABLE (donnée absente des documents) : aucun prix de vente n'existe encore,NON CALCULABLE (donnée absente des documents) : à saisir en back-office,PROPOSITION AUTOMATIQUE – À VALIDER EN BACK-OFFICE,palier de prix d'achat (3.95 € HT) → 2
PROD-0024,Sablés Mamie 220 grs,2,2,,,5,,,,,NON CALCULABLE (donnée absente des documents) : aucun prix de vente n'existe encore,NON CALCULABLE (donnée absente des documents) : à saisir en back-office,PROPOSITION AUTOMATIQUE – À VALIDER EN BACK-OFFICE,palier de prix d'achat (3.65 € HT) → 2
PROD-0025,Tuiles pâtissières 150 grs,2,2,,,5,,,,,NON CALCULABLE (donnée absente des documents) : aucun prix de vente n'existe encore,NON CALCULABLE (donnée absente des documents) : à saisir en back-office,PROPOSITION AUTOMATIQUE – À VALIDER EN BACK-OFFICE,palier de prix d'achat (3.85 € HT) → 2
PROD-0026,Sablette mendiante chocolat 130 grs,2,2,,,5,,,,,NON CALCULABLE (donnée absente des documents) : aucun prix de vente n'existe encore,NON CALCULABLE (donnée absente des documents) : à saisir en back-office,PROPOSITION AUTOMATIQUE – À VALIDER EN BACK-OFFICE,palier de prix d'achat (3.00 € HT) → 2
PROD-0027,Tuiles chocolat noir 150gr,3,3,,,5,,,,,NON CALCULABLE (donnée absente des documents) : aucun prix de vente n'existe encore,NON CALCULABLE (donnée absente des documents) : à saisir en back-office,PROPOSITION AUTOMATIQUE – À VALIDER EN BACK-OFFICE,palier de prix d'achat (6.60 € HT) → 3
PROD-0028,Tuiles chocolat lacté 150gr,3,3,,,5,,,,,NON CALCULABLE (donnée absente des documents) : aucun prix de vente n'existe encore,NON CALCULABLE (donnée absente des documents) : à saisir en back-office,PROPOSITION AUTOMATIQUE – À VALIDER EN BACK-OFFICE,palier de prix d'achat (6.60 € HT) → 3
PROD-0029,Tuiles chocolat noir et lacté 200gr,3,3,,,5,,,,,NON CALCULABLE (donnée absente des documents) : aucun prix de vente n'existe encore,NON CALCULABLE (donnée absente des documents) : à saisir en back-office,PROPOSITION AUTOMATIQUE – À VALIDER EN BACK-OFFICE,palier de prix d'achat (8.30 € HT) → 3
PROD-0030,Pâte de pommes 300 grs,2,2,,,5,,,,,NON CALCULABLE (donnée absente des documents) : aucun prix de vente n'existe encore,NON CALCULABLE (donnée absente des documents) : à saisir en back-office,PROPOSITION AUTOMATIQUE – À VALIDER EN BACK-OFFICE,palier de prix d'achat (4.80 € HT) → 2
PROD-0031,Batonnet feuilleté noir 200 grs,3,3,,,5,,,,,NON CALCULABLE (donnée absente des documents) : aucun prix de vente n'existe encore,NON CALCULABLE (donnée absente des documents) : à saisir en back-office,PROPOSITION AUTOMATIQUE – À VALIDER EN BACK-OFFICE,palier de prix d'achat (6.95 € HT) → 3
PROD-0032,Grignotines amandes noisettes 200 grs,3,3,,,5,,,,,NON CALCULABLE (donnée absente des documents) : aucun prix de vente n'existe encore,NON CALCULABLE (donnée absente des documents) : à saisir en back-office,PROPOSITION AUTOMATIQUE – À VALIDER EN BACK-OFFICE,palier de prix d'achat (7.40 € HT) → 3
PROD-0033,Teurgoule nature 280 g,2,2,,,5,,,,,NON CALCULABLE (donnée absente des documents) : aucun prix de vente n'existe encore,NON CALCULABLE (donnée absente des documents) : à saisir en back-office,PROPOSITION AUTOMATIQUE – À VALIDER EN BACK-OFFICE,palier de prix d'achat (3.82 € HT) → 2
PROD-0034,Teurgoule nature 500 g,3,3,,,3,,,,,NON CALCULABLE (donnée absente des documents) : aucun prix de vente n'existe encore,NON CALCULABLE (donnée absente des documents) : à saisir en back-office,PROPOSITION AUTOMATIQUE – À VALIDER EN BACK-OFFICE,palier de prix d'achat (6.34 € HT) → 3
PROD-0035,Teurgoule nature 740 g,3,3,,,3,,,,,NON CALCULABLE (donnée absente des documents) : aucun prix de vente n'existe encore,NON CALCULABLE (donnée absente des documents) : à saisir en back-office,PROPOSITION AUTOMATIQUE – À VALIDER EN BACK-OFFICE,palier de prix d'achat (8.50 € HT) → 3
PROD-0036,Teurgoule cannelle 280 g,2,2,,,5,,,,,NON CALCULABLE (donnée absente des documents) : aucun prix de vente n'existe encore,NON CALCULABLE (donnée absente des documents) : à saisir en back-office,PROPOSITION AUTOMATIQUE – À VALIDER EN BACK-OFFICE,palier de prix d'achat (3.82 € HT) → 2
PROD-0037,Teurgoule cannelle 500 g,3,3,,,3,,,,,NON CALCULABLE (donnée absente des documents) : aucun prix de vente n'existe encore,NON CALCULABLE (donnée absente des documents) : à saisir en back-office,PROPOSITION AUTOMATIQUE – À VALIDER EN BACK-OFFICE,palier de prix d'achat (6.34 € HT) → 3
PROD-0038,Teurgoule cannelle 740 g,3,3,,,3,,,,,NON CALCULABLE (donnée absente des documents) : aucun prix de vente n'existe encore,NON CALCULABLE (donnée absente des documents) : à saisir en back-office,PROPOSITION AUTOMATIQUE – À VALIDER EN BACK-OFFICE,palier de prix d'achat (8.50 € HT) → 3
PROD-0039,Confiture de lait nature 250 g,2,2,,,5,,,,,NON CALCULABLE (donnée absente des documents) : aucun prix de vente n'existe encore,NON CALCULABLE (donnée absente des documents) : à saisir en back-office,PROPOSITION AUTOMATIQUE – À VALIDER EN BACK-OFFICE,palier de prix d'achat (3.05 € HT) → 2
PROD-0040,Confiture de lait éclats de pralin 250 g,2,2,,,5,,,,,NON CALCULABLE (donnée absente des documents) : aucun prix de vente n'existe encore,NON CALCULABLE (donnée absente des documents) : à saisir en back-office,PROPOSITION AUTOMATIQUE – À VALIDER EN BACK-OFFICE,palier de prix d'achat (3.42 € HT) → 2
PROD-0041,Confiture de lait chocolat 250 g / 20 P,2,2,,,5,,,,,NON CALCULABLE (donnée absente des documents) : aucun prix de vente n'existe encore,NON CALCULABLE (donnée absente des documents) : à saisir en back-office,PROPOSITION AUTOMATIQUE – À VALIDER EN BACK-OFFICE,palier de prix d'achat (3.42 € HT) → 2
PROD-0042,Confiture de lait fleur sel Guérande 250 g / 20 P,2,2,,,5,,,,,NON CALCULABLE (donnée absente des documents) : aucun prix de vente n'existe encore,NON CALCULABLE (donnée absente des documents) : à saisir en back-office,PROPOSITION AUTOMATIQUE – À VALIDER EN BACK-OFFICE,palier de prix d'achat (3.42 € HT) → 2
PROD-0043,Confiture figue 280 grs,2,2,,,5,,,,,NON CALCULABLE (donnée absente des documents) : aucun prix de vente n'existe encore,NON CALCULABLE (donnée absente des documents) : à saisir en back-office,PROPOSITION AUTOMATIQUE – À VALIDER EN BACK-OFFICE,palier de prix d'achat (3.10 € HT) → 2
PROD-0044,Confiture orange 280 grs,2,2,,,5,,,,,NON CALCULABLE (donnée absente des documents) : aucun prix de vente n'existe encore,NON CALCULABLE (donnée absente des documents) : à saisir en back-office,PROPOSITION AUTOMATIQUE – À VALIDER EN BACK-OFFICE,palier de prix d'achat (3.10 € HT) → 2
PROD-0045,Confiture framboise 280 grs,2,2,,,5,,,,,NON CALCULABLE (donnée absente des documents) : aucun prix de vente n'existe encore,NON CALCULABLE (donnée absente des documents) : à saisir en back-office,PROPOSITION AUTOMATIQUE – À VALIDER EN BACK-OFFICE,palier de prix d'achat (3.10 € HT) → 2
PROD-0046,Confiture mure 280 grs,2,2,,,5,,,,,NON CALCULABLE (donnée absente des documents) : aucun prix de vente n'existe encore,NON CALCULABLE (donnée absente des documents) : à saisir en back-office,PROPOSITION AUTOMATIQUE – À VALIDER EN BACK-OFFICE,palier de prix d'achat (3.10 € HT) → 2
PROD-0047,Confiture fraise 280 grs,2,2,,,5,,,,,NON CALCULABLE (donnée absente des documents) : aucun prix de vente n'existe encore,NON CALCULABLE (donnée absente des documents) : à saisir en back-office,PROPOSITION AUTOMATIQUE – À VALIDER EN BACK-OFFICE,palier de prix d'achat (3.10 € HT) → 2
PROD-0048,Confiture abricot 280 grs,2,2,,,5,,,,,NON CALCULABLE (donnée absente des documents) : aucun prix de vente n'existe encore,NON CALCULABLE (donnée absente des documents) : à saisir en back-office,PROPOSITION AUTOMATIQUE – À VALIDER EN BACK-OFFICE,palier de prix d'achat (3.10 € HT) → 2
PROD-0049,Confiture de rhubarbe 280 grs,2,2,,,5,,,,,NON CALCULABLE (donnée absente des documents) : aucun prix de vente n'existe encore,NON CALCULABLE (donnée absente des documents) : à saisir en back-office,PROPOSITION AUTOMATIQUE – À VALIDER EN BACK-OFFICE,palier de prix d'achat (3.10 € HT) → 2
PROD-0050,Confiture de Myrtilles 280 grs NOUVEAU,2,2,,,5,,,,,NON CALCULABLE (donnée absente des documents) : aucun prix de vente n'existe encore,NON CALCULABLE (donnée absente des documents) : à saisir en back-office,PROPOSITION AUTOMATIQUE – À VALIDER EN BACK-OFFICE,palier de prix d'achat (3.10 € HT) → 2
PROD-0051,Confiture de Fraise Ananas 280 grs NOUVEAU,2,2,,,5,,,,,NON CALCULABLE (donnée absente des documents) : aucun prix de vente n'existe encore,NON CALCULABLE (donnée absente des documents) : à saisir en back-office,PROPOSITION AUTOMATIQUE – À VALIDER EN BACK-OFFICE,palier de prix d'achat (3.10 € HT) → 2
PROD-0052,Confiture pomme au cidre 280 grs,2,2,,,5,,,,,NON CALCULABLE (donnée absente des documents) : aucun prix de vente n'existe encore,NON CALCULABLE (donnée absente des documents) : à saisir en back-office,PROPOSITION AUTOMATIQUE – À VALIDER EN BACK-OFFICE,palier de prix d'achat (3.10 € HT) → 2
PROD-0053,Confiture pomme caramel 280 grs,2,2,,,5,,,,,NON CALCULABLE (donnée absente des documents) : aucun prix de vente n'existe encore,NON CALCULABLE (donnée absente des documents) : à saisir en back-office,PROPOSITION AUTOMATIQUE – À VALIDER EN BACK-OFFICE,palier de prix d'achat (3.10 € HT) → 2
PROD-0054,Confiture pomme rhubarbe 280 grs,2,2,,,5,,,,,NON CALCULABLE (donnée absente des documents) : aucun prix de vente n'existe encore,NON CALCULABLE (donnée absente des documents) : à saisir en back-office,PROPOSITION AUTOMATIQUE – À VALIDER EN BACK-OFFICE,palier de prix d'achat (3.10 € HT) → 2
PROD-0055,Confiture fraise rhubarbe 280 grs,2,2,,,5,,,,,NON CALCULABLE (donnée absente des documents) : aucun prix de vente n'existe encore,NON CALCULABLE (donnée absente des documents) : à saisir en back-office,PROPOSITION AUTOMATIQUE – À VALIDER EN BACK-OFFICE,palier de prix d'achat (3.10 € HT) → 2
PROD-0056,Confiture fruits rouges 280 grs,2,2,,,5,,,,,NON CALCULABLE (donnée absente des documents) : aucun prix de vente n'existe encore,NON CALCULABLE (donnée absente des documents) : à saisir en back-office,PROPOSITION AUTOMATIQUE – À VALIDER EN BACK-OFFICE,palier de prix d'achat (3.10 € HT) → 2
PROD-0057,Confit de cidre 100 gr,1,1,,,5,,,,,NON CALCULABLE (donnée absente des documents) : aucun prix de vente n'existe encore,NON CALCULABLE (donnée absente des documents) : à saisir en back-office,PROPOSITION AUTOMATIQUE – À VALIDER EN BACK-OFFICE,palier de prix d'achat (1.98 € HT) → 1
PROD-0058,Confit de poiré 100 gr,1,1,,,5,,,,,NON CALCULABLE (donnée absente des documents) : aucun prix de vente n'existe encore,NON CALCULABLE (donnée absente des documents) : à saisir en back-office,PROPOSITION AUTOMATIQUE – À VALIDER EN BACK-OFFICE,palier de prix d'achat (1.98 € HT) → 1
PROD-0059,Moutarde pommeau 100 gr,2,2,,,5,,,,,NON CALCULABLE (donnée absente des documents) : aucun prix de vente n'existe encore,NON CALCULABLE (donnée absente des documents) : à saisir en back-office,PROPOSITION AUTOMATIQUE – À VALIDER EN BACK-OFFICE,palier de prix d'achat (2.60 € HT) → 2
PROD-0060,Moutarde Calvados 100 gr,2,2,,,5,,,,,NON CALCULABLE (donnée absente des documents) : aucun prix de vente n'existe encore,NON CALCULABLE (donnée absente des documents) : à saisir en back-office,PROPOSITION AUTOMATIQUE – À VALIDER EN BACK-OFFICE,palier de prix d'achat (2.60 € HT) → 2
PROD-0061,Moutarde pomme 100 gr,2,2,,,5,,,,,NON CALCULABLE (donnée absente des documents) : aucun prix de vente n'existe encore,NON CALCULABLE (donnée absente des documents) : à saisir en back-office,PROPOSITION AUTOMATIQUE – À VALIDER EN BACK-OFFICE,palier de prix d'achat (2.60 € HT) → 2
PROD-0062,Moutarde framboise 100 gr,2,2,,,5,,,,,NON CALCULABLE (donnée absente des documents) : aucun prix de vente n'existe encore,NON CALCULABLE (donnée absente des documents) : à saisir en back-office,PROPOSITION AUTOMATIQUE – À VALIDER EN BACK-OFFICE,palier de prix d'achat (2.60 € HT) → 2
PROD-0063,Confit d'oignons 100 gr,2,2,,,5,,,,,NON CALCULABLE (donnée absente des documents) : aucun prix de vente n'existe encore,NON CALCULABLE (donnée absente des documents) : à saisir en back-office,PROPOSITION AUTOMATIQUE – À VALIDER EN BACK-OFFICE,palier de prix d'achat (3.02 € HT) → 2
PROD-0064,Chutney de figue 100 gr,2,2,,,5,,,,,NON CALCULABLE (donnée absente des documents) : aucun prix de vente n'existe encore,NON CALCULABLE (donnée absente des documents) : à saisir en back-office,PROPOSITION AUTOMATIQUE – À VALIDER EN BACK-OFFICE,palier de prix d'achat (3.02 € HT) → 2
PROD-0065,Chutney de pomme 100 gr,2,2,,,5,,,,,NON CALCULABLE (donnée absente des documents) : aucun prix de vente n'existe encore,NON CALCULABLE (donnée absente des documents) : à saisir en back-office,PROPOSITION AUTOMATIQUE – À VALIDER EN BACK-OFFICE,palier de prix d'achat (3.02 € HT) → 2
PROD-0066,Riz au lait de Normandie 180 gr,1,1,3,,5,,,,,NON CALCULABLE (donnée absente des documents) : aucun prix de vente n'existe encore,NON CALCULABLE (donnée absente des documents) : à saisir en back-office,PROPOSITION AUTOMATIQUE – À VALIDER EN BACK-OFFICE,palier de prix d'achat (2.25 € HT) → 1
PROD-0067,Riz au lait de Normandie Eclats caramel d'Isigny 180 gr,1,1,3,,5,,,,,NON CALCULABLE (donnée absente des documents) : aucun prix de vente n'existe encore,NON CALCULABLE (donnée absente des documents) : à saisir en back-office,PROPOSITION AUTOMATIQUE – À VALIDER EN BACK-OFFICE,palier de prix d'achat (2.25 € HT) → 1
PROD-0068,Riz au lait de Normandie 120 gr,1,1,3,,5,,,,,NON CALCULABLE (donnée absente des documents) : aucun prix de vente n'existe encore,NON CALCULABLE (donnée absente des documents) : à saisir en back-office,PROPOSITION AUTOMATIQUE – À VALIDER EN BACK-OFFICE,palier de prix d'achat (1.77 € HT) → 1
PROD-0069,Riz au lait de Normandie Eclats caramel d'Isigny 120 gr,1,1,3,,5,,,,,NON CALCULABLE (donnée absente des documents) : aucun prix de vente n'existe encore,NON CALCULABLE (donnée absente des documents) : à saisir en back-office,PROPOSITION AUTOMATIQUE – À VALIDER EN BACK-OFFICE,palier de prix d'achat (1.77 € HT) → 1
PROD-0070,Crème aux œufs à la crème d'Isigny 180 gr,1,1,3,,5,,,,,NON CALCULABLE (donnée absente des documents) : aucun prix de vente n'existe encore,NON CALCULABLE (donnée absente des documents) : à saisir en back-office,PROPOSITION AUTOMATIQUE – À VALIDER EN BACK-OFFICE,palier de prix d'achat (2.25 € HT) → 1
PROD-0071,Crème aux œufs aux éclats de caramel d'Isigny 180 gr,1,1,3,,5,,,,,NON CALCULABLE (donnée absente des documents) : aucun prix de vente n'existe encore,NON CALCULABLE (donnée absente des documents) : à saisir en back-office,PROPOSITION AUTOMATIQUE – À VALIDER EN BACK-OFFICE,palier de prix d'achat (2.25 € HT) → 1 ; produit vrac / usage professionnel → -1
PROD-0072,Crème aux œufs à la crème d'Isigny 120 gr,1,1,3,,5,,,,,NON CALCULABLE (donnée absente des documents) : aucun prix de vente n'existe encore,NON CALCULABLE (donnée absente des documents) : à saisir en back-office,PROPOSITION AUTOMATIQUE – À VALIDER EN BACK-OFFICE,palier de prix d'achat (1.77 € HT) → 1
PROD-0073,Crème aux œufs aux éclats de caramel d'Isigny 120 gr,1,1,3,,5,,,,,NON CALCULABLE (donnée absente des documents) : aucun prix de vente n'existe encore,NON CALCULABLE (donnée absente des documents) : à saisir en back-office,PROPOSITION AUTOMATIQUE – À VALIDER EN BACK-OFFICE,palier de prix d'achat (1.77 € HT) → 1 ; produit vrac / usage professionnel → -1
PROD-0074,Boudin campagnard aux pomme 90 grs,1,1,,,5,,,,,NON CALCULABLE (donnée absente des documents) : aucun prix de vente n'existe encore,NON CALCULABLE (donnée absente des documents) : à saisir en back-office,PROPOSITION AUTOMATIQUE – À VALIDER EN BACK-OFFICE,palier de prix d'achat (2.18 € HT) → 1
PROD-0075,Terrine de faisan au Calvados 90 grs,2,2,,,5,,,,,NON CALCULABLE (donnée absente des documents) : aucun prix de vente n'existe encore,NON CALCULABLE (donnée absente des documents) : à saisir en back-office,PROPOSITION AUTOMATIQUE – À VALIDER EN BACK-OFFICE,palier de prix d'achat (2.60 € HT) → 2
PROD-0076,Terrine de lièvre au Calvados 90 grs,2,2,,,5,,,,,NON CALCULABLE (donnée absente des documents) : aucun prix de vente n'existe encore,NON CALCULABLE (donnée absente des documents) : à saisir en back-office,PROPOSITION AUTOMATIQUE – À VALIDER EN BACK-OFFICE,palier de prix d'achat (2.60 € HT) → 2
PROD-0077,Terrine pomme porc andouille 90 grs,2,2,,,5,,,,,NON CALCULABLE (donnée absente des documents) : aucun prix de vente n'existe encore,NON CALCULABLE (donnée absente des documents) : à saisir en back-office,PROPOSITION AUTOMATIQUE – À VALIDER EN BACK-OFFICE,palier de prix d'achat (2.60 € HT) → 2
PROD-0078,Terrine de lapin au pommeau 90 grs,2,2,,,5,,,,,NON CALCULABLE (donnée absente des documents) : aucun prix de vente n'existe encore,NON CALCULABLE (donnée absente des documents) : à saisir en back-office,PROPOSITION AUTOMATIQUE – À VALIDER EN BACK-OFFICE,palier de prix d'achat (2.60 € HT) → 2
PROD-0079,Terrine de canard aux pommes 90 grs,2,2,,,5,,,,,NON CALCULABLE (donnée absente des documents) : aucun prix de vente n'existe encore,NON CALCULABLE (donnée absente des documents) : à saisir en back-office,PROPOSITION AUTOMATIQUE – À VALIDER EN BACK-OFFICE,palier de prix d'achat (2.60 € HT) → 2
PROD-0080,Terrine de campagne 90 grs,2,2,,,5,,,,,NON CALCULABLE (donnée absente des documents) : aucun prix de vente n'existe encore,NON CALCULABLE (donnée absente des documents) : à saisir en back-office,PROPOSITION AUTOMATIQUE – À VALIDER EN BACK-OFFICE,palier de prix d'achat (2.60 € HT) → 2
PROD-0081,Terrine de campagne au cidre 90 grs,2,2,,,5,,,,,NON CALCULABLE (donnée absente des documents) : aucun prix de vente n'existe encore,NON CALCULABLE (donnée absente des documents) : à saisir en back-office,PROPOSITION AUTOMATIQUE – À VALIDER EN BACK-OFFICE,palier de prix d'achat (2.60 € HT) → 2
PROD-0082,Terrine porc Livarot 90 grs,2,2,,,5,,,,,NON CALCULABLE (donnée absente des documents) : aucun prix de vente n'existe encore,NON CALCULABLE (donnée absente des documents) : à saisir en back-office,PROPOSITION AUTOMATIQUE – À VALIDER EN BACK-OFFICE,palier de prix d'achat (2.60 € HT) → 2
PROD-0083,Terrine porc camembert 90 grs,2,2,,,5,,,,,NON CALCULABLE (donnée absente des documents) : aucun prix de vente n'existe encore,NON CALCULABLE (donnée absente des documents) : à saisir en back-office,PROPOSITION AUTOMATIQUE – À VALIDER EN BACK-OFFICE,palier de prix d'achat (2.60 € HT) → 2
PROD-0084,Rillettes de porc à l'anciènne 90 grs,2,2,,,5,,,,,NON CALCULABLE (donnée absente des documents) : aucun prix de vente n'existe encore,NON CALCULABLE (donnée absente des documents) : à saisir en back-office,PROPOSITION AUTOMATIQUE – À VALIDER EN BACK-OFFICE,palier de prix d'achat (2.60 € HT) → 2
PROD-0085,Rillettes de porc fumé 90 grs,2,2,,,5,,,,,NON CALCULABLE (donnée absente des documents) : aucun prix de vente n'existe encore,NON CALCULABLE (donnée absente des documents) : à saisir en back-office,PROPOSITION AUTOMATIQUE – À VALIDER EN BACK-OFFICE,palier de prix d'achat (2.60 € HT) → 2
PROD-0086,Terrine campagne pomme foie gras 90 grs,2,2,,5,5,,,,,NON CALCULABLE (donnée absente des documents) : aucun prix de vente n'existe encore,NON CALCULABLE (donnée absente des documents) : à saisir en back-office,PROPOSITION AUTOMATIQUE – À VALIDER EN BACK-OFFICE,palier de prix d'achat (2.60 € HT) → 2
PROD-0087,Pâté de foie aux pommes calva 90 grs,2,2,,,5,,,,,NON CALCULABLE (donnée absente des documents) : aucun prix de vente n'existe encore,NON CALCULABLE (donnée absente des documents) : à saisir en back-office,PROPOSITION AUTOMATIQUE – À VALIDER EN BACK-OFFICE,palier de prix d'achat (2.60 € HT) → 2
PROD-0088,Rillettes du Cotentin 90 grs,2,2,3,,5,,,,,NON CALCULABLE (donnée absente des documents) : aucun prix de vente n'existe encore,NON CALCULABLE (donnée absente des documents) : à saisir en back-office,PROPOSITION AUTOMATIQUE – À VALIDER EN BACK-OFFICE,palier de prix d'achat (2.60 € HT) → 2
PROD-0089,Rillettes de poulet au poivre vert 90 grs,2,2,,,5,,,,,NON CALCULABLE (donnée absente des documents) : aucun prix de vente n'existe encore,NON CALCULABLE (donnée absente des documents) : à saisir en back-office,PROPOSITION AUTOMATIQUE – À VALIDER EN BACK-OFFICE,palier de prix d'achat (2.60 € HT) → 2
PROD-0090,Rillettes de poulet citron confit 90 grs,2,2,,,5,,,,,NON CALCULABLE (donnée absente des documents) : aucun prix de vente n'existe encore,NON CALCULABLE (donnée absente des documents) : à saisir en back-office,PROPOSITION AUTOMATIQUE – À VALIDER EN BACK-OFFICE,palier de prix d'achat (2.60 € HT) → 2
PROD-0091,Rilletes de poulet au piment d'Espelette 90 grs,2,2,,,5,,,,,NON CALCULABLE (donnée absente des documents) : aucun prix de vente n'existe encore,NON CALCULABLE (donnée absente des documents) : à saisir en back-office,PROPOSITION AUTOMATIQUE – À VALIDER EN BACK-OFFICE,palier de prix d'achat (2.60 € HT) → 2
PROD-0092,Rillettes de canard au foie gras 90 grs,2,2,,5,5,,,,,NON CALCULABLE (donnée absente des documents) : aucun prix de vente n'existe encore,NON CALCULABLE (donnée absente des documents) : à saisir en back-office,PROPOSITION AUTOMATIQUE – À VALIDER EN BACK-OFFICE,palier de prix d'achat (2.88 € HT) → 2
PROD-0093,Boudin campagnard aux pommes 180 grs,2,2,,,5,,,,,NON CALCULABLE (donnée absente des documents) : aucun prix de vente n'existe encore,NON CALCULABLE (donnée absente des documents) : à saisir en back-office,PROPOSITION AUTOMATIQUE – À VALIDER EN BACK-OFFICE,palier de prix d'achat (3.55 € HT) → 2
PROD-0094,Pâté de foie aux pommes calva 180 grs,2,2,,,5,,,,,NON CALCULABLE (donnée absente des documents) : aucun prix de vente n'existe encore,NON CALCULABLE (donnée absente des documents) : à saisir en back-office,PROPOSITION AUTOMATIQUE – À VALIDER EN BACK-OFFICE,palier de prix d'achat (3.98 € HT) → 2
PROD-0095,Terrine de campagne 180 grs,2,2,,,5,,,,,NON CALCULABLE (donnée absente des documents) : aucun prix de vente n'existe encore,NON CALCULABLE (donnée absente des documents) : à saisir en back-office,PROPOSITION AUTOMATIQUE – À VALIDER EN BACK-OFFICE,palier de prix d'achat (3.98 € HT) → 2
PROD-0096,Rillettes de porc fumé 180 grs,2,2,,,5,,,,,NON CALCULABLE (donnée absente des documents) : aucun prix de vente n'existe encore,NON CALCULABLE (donnée absente des documents) : à saisir en back-office,PROPOSITION AUTOMATIQUE – À VALIDER EN BACK-OFFICE,palier de prix d'achat (3.98 € HT) → 2
PROD-0097,Rillettes de porc à l'anciènne 180 grs,2,2,,,5,,,,,NON CALCULABLE (donnée absente des documents) : aucun prix de vente n'existe encore,NON CALCULABLE (donnée absente des documents) : à saisir en back-office,PROPOSITION AUTOMATIQUE – À VALIDER EN BACK-OFFICE,palier de prix d'achat (3.98 € HT) → 2
PROD-0098,Rillettes du Cotentin 180 grs,2,2,3,,5,,,,,NON CALCULABLE (donnée absente des documents) : aucun prix de vente n'existe encore,NON CALCULABLE (donnée absente des documents) : à saisir en back-office,PROPOSITION AUTOMATIQUE – À VALIDER EN BACK-OFFICE,palier de prix d'achat (3.98 € HT) → 2
PROD-0099,Terrine de canard aux pommes 180 grs,2,2,,,5,,,,,NON CALCULABLE (donnée absente des documents) : aucun prix de vente n'existe encore,NON CALCULABLE (donnée absente des documents) : à saisir en back-office,PROPOSITION AUTOMATIQUE – À VALIDER EN BACK-OFFICE,palier de prix d'achat (3.98 € HT) → 2
PROD-0100,Terrine de lapin au pommeau 180 grs,2,2,,,5,,,,,NON CALCULABLE (donnée absente des documents) : aucun prix de vente n'existe encore,NON CALCULABLE (donnée absente des documents) : à saisir en back-office,PROPOSITION AUTOMATIQUE – À VALIDER EN BACK-OFFICE,palier de prix d'achat (3.98 € HT) → 2
PROD-0101,Terrine porc livarot 180 grs,2,2,,,5,,,,,NON CALCULABLE (donnée absente des documents) : aucun prix de vente n'existe encore,NON CALCULABLE (donnée absente des documents) : à saisir en back-office,PROPOSITION AUTOMATIQUE – À VALIDER EN BACK-OFFICE,palier de prix d'achat (3.98 € HT) → 2
PROD-0102,Terrine porc camembert 180 grs,2,2,,,5,,,,,NON CALCULABLE (donnée absente des documents) : aucun prix de vente n'existe encore,NON CALCULABLE (donnée absente des documents) : à saisir en back-office,PROPOSITION AUTOMATIQUE – À VALIDER EN BACK-OFFICE,palier de prix d'achat (3.98 € HT) → 2
PROD-0103,Terrine campagne au cidre 180 grs,2,2,,,5,,,,,NON CALCULABLE (donnée absente des documents) : aucun prix de vente n'existe encore,NON CALCULABLE (donnée absente des documents) : à saisir en back-office,PROPOSITION AUTOMATIQUE – À VALIDER EN BACK-OFFICE,palier de prix d'achat (3.98 € HT) → 2
PROD-0104,Terrine campagne pomme foie gras 180 g,2,2,,5,5,,,,,NON CALCULABLE (donnée absente des documents) : aucun prix de vente n'existe encore,NON CALCULABLE (donnée absente des documents) : à saisir en back-office,PROPOSITION AUTOMATIQUE – À VALIDER EN BACK-OFFICE,palier de prix d'achat (3.98 € HT) → 2
PROD-0105,Terrine de lièvre au Calvados 180 grs,2,2,,,5,,,,,NON CALCULABLE (donnée absente des documents) : aucun prix de vente n'existe encore,NON CALCULABLE (donnée absente des documents) : à saisir en back-office,PROPOSITION AUTOMATIQUE – À VALIDER EN BACK-OFFICE,palier de prix d'achat (3.98 € HT) → 2
PROD-0106,Terrine de faisan au Calvados 180 grs,2,2,,,5,,,,,NON CALCULABLE (donnée absente des documents) : aucun prix de vente n'existe encore,NON CALCULABLE (donnée absente des documents) : à saisir en back-office,PROPOSITION AUTOMATIQUE – À VALIDER EN BACK-OFFICE,palier de prix d'achat (3.98 € HT) → 2
PROD-0107,Terrine pomme porc andouille 180 grs,2,2,,,5,,,,,NON CALCULABLE (donnée absente des documents) : aucun prix de vente n'existe encore,NON CALCULABLE (donnée absente des documents) : à saisir en back-office,PROPOSITION AUTOMATIQUE – À VALIDER EN BACK-OFFICE,palier de prix d'achat (3.98 € HT) → 2
PROD-0108,Rillettes de poulet citron confit 180 grs,2,2,,,5,,,,,NON CALCULABLE (donnée absente des documents) : aucun prix de vente n'existe encore,NON CALCULABLE (donnée absente des documents) : à saisir en back-office,PROPOSITION AUTOMATIQUE – À VALIDER EN BACK-OFFICE,palier de prix d'achat (3.98 € HT) → 2
PROD-0109,Rillettes de poulet piment d'Espelette 180 grs,2,2,,,5,,,,,NON CALCULABLE (donnée absente des documents) : aucun prix de vente n'existe encore,NON CALCULABLE (donnée absente des documents) : à saisir en back-office,PROPOSITION AUTOMATIQUE – À VALIDER EN BACK-OFFICE,palier de prix d'achat (3.98 € HT) → 2
PROD-0110,Rillettes de poulet poivre vert 180 grs,2,2,,,5,,,,,NON CALCULABLE (donnée absente des documents) : aucun prix de vente n'existe encore,NON CALCULABLE (donnée absente des documents) : à saisir en back-office,PROPOSITION AUTOMATIQUE – À VALIDER EN BACK-OFFICE,palier de prix d'achat (3.98 € HT) → 2
PROD-0111,Rillettes de canard au foie gras 180 grs,2,2,,5,5,,,,,NON CALCULABLE (donnée absente des documents) : aucun prix de vente n'existe encore,NON CALCULABLE (donnée absente des documents) : à saisir en back-office,PROPOSITION AUTOMATIQUE – À VALIDER EN BACK-OFFICE,palier de prix d'achat (3.98 € HT) → 2
PROD-0112,Foie gras de canard pot le parfait 120 grs,4,4,,5,3,,,,,NON CALCULABLE (donnée absente des documents) : aucun prix de vente n'existe encore,NON CALCULABLE (donnée absente des documents) : à saisir en back-office,PROPOSITION AUTOMATIQUE – À VALIDER EN BACK-OFFICE,palier de prix d'achat (14.65 € HT) → 4
PROD-0113,Foie gras de canard pot le parfait 180 grs,4,4,,5,3,,,,,NON CALCULABLE (donnée absente des documents) : aucun prix de vente n'existe encore,NON CALCULABLE (donnée absente des documents) : à saisir en back-office,PROPOSITION AUTOMATIQUE – À VALIDER EN BACK-OFFICE,palier de prix d'achat (20.60 € HT) → 4
PROD-0114,Sauté de porc forestier 400grs,3,3,,,3,,,,,NON CALCULABLE (donnée absente des documents) : aucun prix de vente n'existe encore,NON CALCULABLE (donnée absente des documents) : à saisir en back-office,PROPOSITION AUTOMATIQUE – À VALIDER EN BACK-OFFICE,palier de prix d'achat (5.42 € HT) → 3
PROD-0115,Boeuf au cidre 400 grs,3,3,,,3,,,,,NON CALCULABLE (donnée absente des documents) : aucun prix de vente n'existe encore,NON CALCULABLE (donnée absente des documents) : à saisir en back-office,PROPOSITION AUTOMATIQUE – À VALIDER EN BACK-OFFICE,palier de prix d'achat (5.42 € HT) → 3
PROD-0116,Blanquette de veau 400 grs,3,3,,,3,,,,,NON CALCULABLE (donnée absente des documents) : aucun prix de vente n'existe encore,NON CALCULABLE (donnée absente des documents) : à saisir en back-office,PROPOSITION AUTOMATIQUE – À VALIDER EN BACK-OFFICE,palier de prix d'achat (5.42 € HT) → 3
PROD-0117,Veau aux chaloignons des bois 400grs,3,3,,,3,,,,,NON CALCULABLE (donnée absente des documents) : aucun prix de vente n'existe encore,NON CALCULABLE (donnée absente des documents) : à saisir en back-office,PROPOSITION AUTOMATIQUE – À VALIDER EN BACK-OFFICE,palier de prix d'achat (5.42 € HT) → 3
PROD-0118,Tripes au cidre 400 grs,3,3,,,3,,,,,NON CALCULABLE (donnée absente des documents) : aucun prix de vente n'existe encore,NON CALCULABLE (donnée absente des documents) : à saisir en back-office,PROPOSITION AUTOMATIQUE – À VALIDER EN BACK-OFFICE,palier de prix d'achat (5.42 € HT) → 3
PROD-0119,Poulet valée d'Auge 400 grs,3,3,,,3,,,,,NON CALCULABLE (donnée absente des documents) : aucun prix de vente n'existe encore,NON CALCULABLE (donnée absente des documents) : à saisir en back-office,PROPOSITION AUTOMATIQUE – À VALIDER EN BACK-OFFICE,palier de prix d'achat (5.42 € HT) → 3
PROD-0120,Sauté de porc au caramel de porc 400 grs,3,3,,,3,,,,,NON CALCULABLE (donnée absente des documents) : aucun prix de vente n'existe encore,NON CALCULABLE (donnée absente des documents) : à saisir en back-office,PROPOSITION AUTOMATIQUE – À VALIDER EN BACK-OFFICE,palier de prix d'achat (5.42 € HT) → 3
PROD-0121,Chili con carne de porc 400 grs,3,3,,,3,,,,,NON CALCULABLE (donnée absente des documents) : aucun prix de vente n'existe encore,NON CALCULABLE (donnée absente des documents) : à saisir en back-office,PROPOSITION AUTOMATIQUE – À VALIDER EN BACK-OFFICE,palier de prix d'achat (5.42 € HT) → 3
PROD-0122,Paupiettes de porc forestières 400 grs,3,3,,,3,,,,,NON CALCULABLE (donnée absente des documents) : aucun prix de vente n'existe encore,NON CALCULABLE (donnée absente des documents) : à saisir en back-office,PROPOSITION AUTOMATIQUE – À VALIDER EN BACK-OFFICE,palier de prix d'achat (5.42 € HT) → 3
PROD-0123,Blanquette de la mer au petits légumes 400 grs,3,3,,,3,,,,,NON CALCULABLE (donnée absente des documents) : aucun prix de vente n'existe encore,NON CALCULABLE (donnée absente des documents) : à saisir en back-office,PROPOSITION AUTOMATIQUE – À VALIDER EN BACK-OFFICE,palier de prix d'achat (5.42 € HT) → 3
PROD-0124,Soupe de poisson 1 litre,2,2,,,,,,,,NON CALCULABLE (donnée absente des documents) : aucun prix de vente n'existe encore,NON CALCULABLE (donnée absente des documents) : à saisir en back-office,PROPOSITION AUTOMATIQUE – À VALIDER EN BACK-OFFICE,palier de prix d'achat (3.40 € HT) → 2
PROD-0125,Soupe de poisson 50 cl,1,1,,,,,,,,NON CALCULABLE (donnée absente des documents) : aucun prix de vente n'existe encore,NON CALCULABLE (donnée absente des documents) : à saisir en back-office,PROPOSITION AUTOMATIQUE – À VALIDER EN BACK-OFFICE,palier de prix d'achat (2.05 € HT) → 1
PROD-0126,Velouté de homard 1 litre,3,3,,,,,,,,NON CALCULABLE (donnée absente des documents) : aucun prix de vente n'existe encore,NON CALCULABLE (donnée absente des documents) : à saisir en back-office,PROPOSITION AUTOMATIQUE – À VALIDER EN BACK-OFFICE,palier de prix d'achat (5.95 € HT) → 3
PROD-0127,Velouté de homard 50 cl,2,2,,,,,,,,NON CALCULABLE (donnée absente des documents) : aucun prix de vente n'existe encore,NON CALCULABLE (donnée absente des documents) : à saisir en back-office,PROPOSITION AUTOMATIQUE – À VALIDER EN BACK-OFFICE,palier de prix d'achat (3.68 € HT) → 2
PROD-0128,Soupe d'étrilles 1 litre,2,2,,,,,,,,NON CALCULABLE (donnée absente des documents) : aucun prix de vente n'existe encore,NON CALCULABLE (donnée absente des documents) : à saisir en back-office,PROPOSITION AUTOMATIQUE – À VALIDER EN BACK-OFFICE,palier de prix d'achat (4.05 € HT) → 2
PROD-0129,Soupe d'étrilles 50 cl,1,1,,,,,,,,NON CALCULABLE (donnée absente des documents) : aucun prix de vente n'existe encore,NON CALCULABLE (donnée absente des documents) : à saisir en back-office,PROPOSITION AUTOMATIQUE – À VALIDER EN BACK-OFFICE,palier de prix d'achat (2.31 € HT) → 1
PROD-0130,Soupe de langoustines 1 litre,2,2,,,,,,,,NON CALCULABLE (donnée absente des documents) : aucun prix de vente n'existe encore,NON CALCULABLE (donnée absente des documents) : à saisir en back-office,PROPOSITION AUTOMATIQUE – À VALIDER EN BACK-OFFICE,palier de prix d'achat (4.05 € HT) → 2
PROD-0131,Soupe de langoustines 50 cl,1,1,,,,,,,,NON CALCULABLE (donnée absente des documents) : aucun prix de vente n'existe encore,NON CALCULABLE (donnée absente des documents) : à saisir en back-office,PROPOSITION AUTOMATIQUE – À VALIDER EN BACK-OFFICE,palier de prix d'achat (2.31 € HT) → 1
PROD-0132,Thon ail et fines herbes 90 g,2,2,,,5,,,,,NON CALCULABLE (donnée absente des documents) : aucun prix de vente n'existe encore,NON CALCULABLE (donnée absente des documents) : à saisir en back-office,PROPOSITION AUTOMATIQUE – À VALIDER EN BACK-OFFICE,palier de prix d'achat (3.25 € HT) → 2
PROD-0133,Deux saumon et basilic 90 g  NOUVEAU,2,2,,,5,,,,,NON CALCULABLE (donnée absente des documents) : aucun prix de vente n'existe encore,NON CALCULABLE (donnée absente des documents) : à saisir en back-office,PROPOSITION AUTOMATIQUE – À VALIDER EN BACK-OFFICE,palier de prix d'achat (3.25 € HT) → 2
PROD-0134,St jacques éclats de porc fumés 90 grs,2,2,,,5,,,,,NON CALCULABLE (donnée absente des documents) : aucun prix de vente n'existe encore,NON CALCULABLE (donnée absente des documents) : à saisir en back-office,PROPOSITION AUTOMATIQUE – À VALIDER EN BACK-OFFICE,palier de prix d'achat (3.25 € HT) → 2
PROD-0135,St jacques algues 90 grs,2,2,,,5,,,,,NON CALCULABLE (donnée absente des documents) : aucun prix de vente n'existe encore,NON CALCULABLE (donnée absente des documents) : à saisir en back-office,PROPOSITION AUTOMATIQUE – À VALIDER EN BACK-OFFICE,palier de prix d'achat (3.25 € HT) → 2
PROD-0136,St jacques chorizo 90 grs,2,2,,,5,,,,,NON CALCULABLE (donnée absente des documents) : aucun prix de vente n'existe encore,NON CALCULABLE (donnée absente des documents) : à saisir en back-office,PROPOSITION AUTOMATIQUE – À VALIDER EN BACK-OFFICE,palier de prix d'achat (3.25 € HT) → 2
PROD-0137,Sardine piment d'Espelette 90 grs,2,2,,,5,,,,,NON CALCULABLE (donnée absente des documents) : aucun prix de vente n'existe encore,NON CALCULABLE (donnée absente des documents) : à saisir en back-office,PROPOSITION AUTOMATIQUE – À VALIDER EN BACK-OFFICE,palier de prix d'achat (3.25 € HT) → 2
PROD-0138,Rouget poireau 90 grs,2,2,,,5,,,,,NON CALCULABLE (donnée absente des documents) : aucun prix de vente n'existe encore,NON CALCULABLE (donnée absente des documents) : à saisir en back-office,PROPOSITION AUTOMATIQUE – À VALIDER EN BACK-OFFICE,palier de prix d'achat (3.25 € HT) → 2
PROD-0139,Maquereaux en rillettes 90 grs,2,2,,,5,,,,,NON CALCULABLE (donnée absente des documents) : aucun prix de vente n'existe encore,NON CALCULABLE (donnée absente des documents) : à saisir en back-office,PROPOSITION AUTOMATIQUE – À VALIDER EN BACK-OFFICE,palier de prix d'achat (3.25 € HT) → 2
PROD-0140,Crevette mangue 90 grs,2,2,,,5,,,,,NON CALCULABLE (donnée absente des documents) : aucun prix de vente n'existe encore,NON CALCULABLE (donnée absente des documents) : à saisir en back-office,PROPOSITION AUTOMATIQUE – À VALIDER EN BACK-OFFICE,palier de prix d'achat (3.25 € HT) → 2
PROD-0141,Cabillaud fumé 90 grs,2,2,,,5,,,,,NON CALCULABLE (donnée absente des documents) : aucun prix de vente n'existe encore,NON CALCULABLE (donnée absente des documents) : à saisir en back-office,PROPOSITION AUTOMATIQUE – À VALIDER EN BACK-OFFICE,palier de prix d'achat (3.25 € HT) → 2
PROD-0142,Boudin gelée de pomme 90 grs,2,2,,,5,,,,,NON CALCULABLE (donnée absente des documents) : aucun prix de vente n'existe encore,NON CALCULABLE (donnée absente des documents) : à saisir en back-office,PROPOSITION AUTOMATIQUE – À VALIDER EN BACK-OFFICE,palier de prix d'achat (3.16 € HT) → 2
PROD-0143,Poulet caramel beurre salé 90 grs,2,2,,,5,,,,,NON CALCULABLE (donnée absente des documents) : aucun prix de vente n'existe encore,NON CALCULABLE (donnée absente des documents) : à saisir en back-office,PROPOSITION AUTOMATIQUE – À VALIDER EN BACK-OFFICE,palier de prix d'achat (3.16 € HT) → 2
PROD-0144,Andouille pommeau 90 grs,2,2,,,5,,,,,NON CALCULABLE (donnée absente des documents) : aucun prix de vente n'existe encore,NON CALCULABLE (donnée absente des documents) : à saisir en back-office,PROPOSITION AUTOMATIQUE – À VALIDER EN BACK-OFFICE,palier de prix d'achat (3.16 € HT) → 2
PROD-0145,Rillette au Chorizo 90 grs,2,2,,,5,,,,,NON CALCULABLE (donnée absente des documents) : aucun prix de vente n'existe encore,NON CALCULABLE (donnée absente des documents) : à saisir en back-office,PROPOSITION AUTOMATIQUE – À VALIDER EN BACK-OFFICE,palier de prix d'achat (3.16 € HT) → 2
PROD-0146,Camembert au chorizo 90 grs,2,2,,,5,,,,,NON CALCULABLE (donnée absente des documents) : aucun prix de vente n'existe encore,NON CALCULABLE (donnée absente des documents) : à saisir en back-office,PROPOSITION AUTOMATIQUE – À VALIDER EN BACK-OFFICE,palier de prix d'achat (3.16 € HT) → 2
PROD-0147,Brie de Meaux cernaux de noix 90 grs,2,2,,,5,,,,,NON CALCULABLE (donnée absente des documents) : aucun prix de vente n'existe encore,NON CALCULABLE (donnée absente des documents) : à saisir en back-office,PROPOSITION AUTOMATIQUE – À VALIDER EN BACK-OFFICE,palier de prix d'achat (3.16 € HT) → 2
PROD-0148,Livarot Calvados 90 grs,2,2,,,5,,,,,NON CALCULABLE (donnée absente des documents) : aucun prix de vente n'existe encore,NON CALCULABLE (donnée absente des documents) : à saisir en back-office,PROPOSITION AUTOMATIQUE – À VALIDER EN BACK-OFFICE,palier de prix d'achat (3.16 € HT) → 2
PROD-0149,Pont l'évêque échalote 90 grs,2,2,,,5,,,,,NON CALCULABLE (donnée absente des documents) : aucun prix de vente n'existe encore,NON CALCULABLE (donnée absente des documents) : à saisir en back-office,PROPOSITION AUTOMATIQUE – À VALIDER EN BACK-OFFICE,palier de prix d'achat (3.16 € HT) → 2
PROD-0150,Chèvre confit de figue 90 grs,2,2,,,5,,,,,NON CALCULABLE (donnée absente des documents) : aucun prix de vente n'existe encore,NON CALCULABLE (donnée absente des documents) : à saisir en back-office,PROPOSITION AUTOMATIQUE – À VALIDER EN BACK-OFFICE,palier de prix d'achat (3.16 € HT) → 2
PROD-0151,Bleu tomates confites 90 grs,2,2,,,5,,,,,NON CALCULABLE (donnée absente des documents) : aucun prix de vente n'existe encore,NON CALCULABLE (donnée absente des documents) : à saisir en back-office,PROPOSITION AUTOMATIQUE – À VALIDER EN BACK-OFFICE,palier de prix d'achat (3.16 € HT) → 2
PROD-0152,Neufchâtel cramberries 90 grs,2,2,,,5,,,,,NON CALCULABLE (donnée absente des documents) : aucun prix de vente n'existe encore,NON CALCULABLE (donnée absente des documents) : à saisir en back-office,PROPOSITION AUTOMATIQUE – À VALIDER EN BACK-OFFICE,palier de prix d'achat (3.16 € HT) → 2
PROD-0153,St jacques foie gras 90 grs,2,2,,5,5,,,,,NON CALCULABLE (donnée absente des documents) : aucun prix de vente n'existe encore,NON CALCULABLE (donnée absente des documents) : à saisir en back-office,PROPOSITION AUTOMATIQUE – À VALIDER EN BACK-OFFICE,palier de prix d'achat (4.00 € HT) → 2
PROD-0154,Ris de veau cèpes 90 grs,2,2,,,5,,,,,NON CALCULABLE (donnée absente des documents) : aucun prix de vente n'existe encore,NON CALCULABLE (donnée absente des documents) : à saisir en back-office,PROPOSITION AUTOMATIQUE – À VALIDER EN BACK-OFFICE,palier de prix d'achat (4.00 € HT) → 2
PROD-0155,Saumon  oseille 90 grs,2,2,,,5,,,,,NON CALCULABLE (donnée absente des documents) : aucun prix de vente n'existe encore,NON CALCULABLE (donnée absente des documents) : à saisir en back-office,PROPOSITION AUTOMATIQUE – À VALIDER EN BACK-OFFICE,palier de prix d'achat (4.00 € HT) → 2
PROD-0156,Lotte jambon fumé 90 grs,2,2,,,5,,,,,NON CALCULABLE (donnée absente des documents) : aucun prix de vente n'existe encore,NON CALCULABLE (donnée absente des documents) : à saisir en back-office,PROPOSITION AUTOMATIQUE – À VALIDER EN BACK-OFFICE,palier de prix d'achat (4.00 € HT) → 2
PROD-0157,Bisque de homard 480 ml,3,3,,,,,,,,NON CALCULABLE (donnée absente des documents) : aucun prix de vente n'existe encore,NON CALCULABLE (donnée absente des documents) : à saisir en back-office,PROPOSITION AUTOMATIQUE – À VALIDER EN BACK-OFFICE,palier de prix d'achat (5.90 € HT) → 3
PROD-0158,Bisque de langoustines 480 ml,3,3,,,,,,,,NON CALCULABLE (donnée absente des documents) : aucun prix de vente n'existe encore,NON CALCULABLE (donnée absente des documents) : à saisir en back-office,PROPOSITION AUTOMATIQUE – À VALIDER EN BACK-OFFICE,palier de prix d'achat (5.90 € HT) → 3
PROD-0159,Terrine de haddock fumé 150 grs,3,3,,,5,,,,,NON CALCULABLE (donnée absente des documents) : aucun prix de vente n'existe encore,NON CALCULABLE (donnée absente des documents) : à saisir en back-office,PROPOSITION AUTOMATIQUE – À VALIDER EN BACK-OFFICE,palier de prix d'achat (5.20 € HT) → 3
PROD-0160,Terrine saumon fumé 180 grs,3,3,,,5,,,,,NON CALCULABLE (donnée absente des documents) : aucun prix de vente n'existe encore,NON CALCULABLE (donnée absente des documents) : à saisir en back-office,PROPOSITION AUTOMATIQUE – À VALIDER EN BACK-OFFICE,palier de prix d'achat (5.20 € HT) → 3
PROD-0161,Bisque d'étrille 480 ml,2,2,,,,,,,,NON CALCULABLE (donnée absente des documents) : aucun prix de vente n'existe encore,NON CALCULABLE (donnée absente des documents) : à saisir en back-office,PROPOSITION AUTOMATIQUE – À VALIDER EN BACK-OFFICE,palier de prix d'achat (4.90 € HT) → 2
PROD-0162,Choucroute de la mer 320 grs,2,2,,,3,,,,,NON CALCULABLE (donnée absente des documents) : aucun prix de vente n'existe encore,NON CALCULABLE (donnée absente des documents) : à saisir en back-office,PROPOSITION AUTOMATIQUE – À VALIDER EN BACK-OFFICE,palier de prix d'achat (4.20 € HT) → 2
PROD-0163,Maquereaux marinés 320 g vin blanc,2,2,,,3,,,,,NON CALCULABLE (donnée absente des documents) : aucun prix de vente n'existe encore,NON CALCULABLE (donnée absente des documents) : à saisir en back-office,PROPOSITION AUTOMATIQUE – À VALIDER EN BACK-OFFICE,palier de prix d'achat (4.20 € HT) → 2
PROD-0164,Maquereaux marinés 320 grs moutarde,2,2,,,3,,,,,NON CALCULABLE (donnée absente des documents) : aucun prix de vente n'existe encore,NON CALCULABLE (donnée absente des documents) : à saisir en back-office,PROPOSITION AUTOMATIQUE – À VALIDER EN BACK-OFFICE,palier de prix d'achat (4.20 € HT) → 2
PROD-0165,Maquereaux marinés 320g curry,2,2,,,3,,,,,NON CALCULABLE (donnée absente des documents) : aucun prix de vente n'existe encore,NON CALCULABLE (donnée absente des documents) : à saisir en back-office,PROPOSITION AUTOMATIQUE – À VALIDER EN BACK-OFFICE,palier de prix d'achat (4.20 € HT) → 2
PROD-0166,Maquereaux marinés 320g tomate,2,2,,,3,,,,,NON CALCULABLE (donnée absente des documents) : aucun prix de vente n'existe encore,NON CALCULABLE (donnée absente des documents) : à saisir en back-office,PROPOSITION AUTOMATIQUE – À VALIDER EN BACK-OFFICE,palier de prix d'achat (4.20 € HT) → 2
PROD-0167,Soupe de saumon fumé 740 ml,2,2,,,,,,,,NON CALCULABLE (donnée absente des documents) : aucun prix de vente n'existe encore,NON CALCULABLE (donnée absente des documents) : à saisir en back-office,PROPOSITION AUTOMATIQUE – À VALIDER EN BACK-OFFICE,palier de prix d'achat (4.20 € HT) → 2
PROD-0168,Soupe de truite fumée 740 ml,2,2,,,,,,,,NON CALCULABLE (donnée absente des documents) : aucun prix de vente n'existe encore,NON CALCULABLE (donnée absente des documents) : à saisir en back-office,PROPOSITION AUTOMATIQUE – À VALIDER EN BACK-OFFICE,palier de prix d'achat (4.20 € HT) → 2
PROD-0169,Velouté de saumon 740 ml,2,2,,,,,,,,NON CALCULABLE (donnée absente des documents) : aucun prix de vente n'existe encore,NON CALCULABLE (donnée absente des documents) : à saisir en back-office,PROPOSITION AUTOMATIQUE – À VALIDER EN BACK-OFFICE,palier de prix d'achat (4.20 € HT) → 2
PROD-0170,Velouté de truite 740 ml,2,2,,,,,,,,NON CALCULABLE (donnée absente des documents) : aucun prix de vente n'existe encore,NON CALCULABLE (donnée absente des documents) : à saisir en back-office,PROPOSITION AUTOMATIQUE – À VALIDER EN BACK-OFFICE,palier de prix d'achat (4.20 € HT) → 2
PROD-0171,Soupe de poisson 740 ml,2,2,,,,,,,,NON CALCULABLE (donnée absente des documents) : aucun prix de vente n'existe encore,NON CALCULABLE (donnée absente des documents) : à saisir en back-office,PROPOSITION AUTOMATIQUE – À VALIDER EN BACK-OFFICE,palier de prix d'achat (4.20 € HT) → 2
PROD-0172,Soupe de saumon fumé  480 ml,2,2,,,,,,,,NON CALCULABLE (donnée absente des documents) : aucun prix de vente n'existe encore,NON CALCULABLE (donnée absente des documents) : à saisir en back-office,PROPOSITION AUTOMATIQUE – À VALIDER EN BACK-OFFICE,palier de prix d'achat (3.50 € HT) → 2
PROD-0173,Soupe de truite fumée 480 ml,2,2,,,,,,,,NON CALCULABLE (donnée absente des documents) : aucun prix de vente n'existe encore,NON CALCULABLE (donnée absente des documents) : à saisir en back-office,PROPOSITION AUTOMATIQUE – À VALIDER EN BACK-OFFICE,palier de prix d'achat (3.50 € HT) → 2
PROD-0174,Velouté de saumon 480 ml,2,2,,,,,,,,NON CALCULABLE (donnée absente des documents) : aucun prix de vente n'existe encore,NON CALCULABLE (donnée absente des documents) : à saisir en back-office,PROPOSITION AUTOMATIQUE – À VALIDER EN BACK-OFFICE,palier de prix d'achat (3.50 € HT) → 2
PROD-0175,Velouté de truite 480 ml,2,2,,,,,,,,NON CALCULABLE (donnée absente des documents) : aucun prix de vente n'existe encore,NON CALCULABLE (donnée absente des documents) : à saisir en back-office,PROPOSITION AUTOMATIQUE – À VALIDER EN BACK-OFFICE,palier de prix d'achat (3.50 € HT) → 2
PROD-0176,Soupe de poisson 480 ml,2,2,,,,,,,,NON CALCULABLE (donnée absente des documents) : aucun prix de vente n'existe encore,NON CALCULABLE (donnée absente des documents) : à saisir en back-office,PROPOSITION AUTOMATIQUE – À VALIDER EN BACK-OFFICE,palier de prix d'achat (3.50 € HT) → 2
PROD-0177,Rillettes de saumon noix st Jacques 140 grs,2,2,,,5,,,,,NON CALCULABLE (donnée absente des documents) : aucun prix de vente n'existe encore,NON CALCULABLE (donnée absente des documents) : à saisir en back-office,PROPOSITION AUTOMATIQUE – À VALIDER EN BACK-OFFICE,palier de prix d'achat (4.90 € HT) → 2
PROD-0178,Rillettes de truite noix de st jacques 140 grs,2,2,,,5,,,,,NON CALCULABLE (donnée absente des documents) : aucun prix de vente n'existe encore,NON CALCULABLE (donnée absente des documents) : à saisir en back-office,PROPOSITION AUTOMATIQUE – À VALIDER EN BACK-OFFICE,palier de prix d'achat (4.90 € HT) → 2
PROD-0179,Terrine de truite fumée 140 grs,2,2,,,5,,,,,NON CALCULABLE (donnée absente des documents) : aucun prix de vente n'existe encore,NON CALCULABLE (donnée absente des documents) : à saisir en back-office,PROPOSITION AUTOMATIQUE – À VALIDER EN BACK-OFFICE,palier de prix d'achat (4.90 € HT) → 2
PROD-0180,Rillettes de hareng 140 grs,2,2,,,5,,,,,NON CALCULABLE (donnée absente des documents) : aucun prix de vente n'existe encore,NON CALCULABLE (donnée absente des documents) : à saisir en back-office,PROPOSITION AUTOMATIQUE – À VALIDER EN BACK-OFFICE,palier de prix d'achat (4.50 € HT) → 2
PROD-0181,Rillettes de lieu andouille de Vire 140 grs,2,2,3,,5,,,,,NON CALCULABLE (donnée absente des documents) : aucun prix de vente n'existe encore,NON CALCULABLE (donnée absente des documents) : à saisir en back-office,PROPOSITION AUTOMATIQUE – À VALIDER EN BACK-OFFICE,palier de prix d'achat (4.50 € HT) → 2
PROD-0182,Rillettes de maquereaux moutarde 140grs,2,2,,,5,,,,,NON CALCULABLE (donnée absente des documents) : aucun prix de vente n'existe encore,NON CALCULABLE (donnée absente des documents) : à saisir en back-office,PROPOSITION AUTOMATIQUE – À VALIDER EN BACK-OFFICE,palier de prix d'achat (4.50 € HT) → 2
PROD-0183,Rillettes de saumon 140 grs,2,2,,,5,,,,,NON CALCULABLE (donnée absente des documents) : aucun prix de vente n'existe encore,NON CALCULABLE (donnée absente des documents) : à saisir en back-office,PROPOSITION AUTOMATIQUE – À VALIDER EN BACK-OFFICE,palier de prix d'achat (4.50 € HT) → 2
PROD-0184,Rillettes de saumon à l'aneth fraîche 140 grs,2,2,,,5,,,,,NON CALCULABLE (donnée absente des documents) : aucun prix de vente n'existe encore,NON CALCULABLE (donnée absente des documents) : à saisir en back-office,PROPOSITION AUTOMATIQUE – À VALIDER EN BACK-OFFICE,palier de prix d'achat (4.50 € HT) → 2
PROD-0185,Rillettes de saumon au camembert 140 grs,2,2,,,5,,,,,NON CALCULABLE (donnée absente des documents) : aucun prix de vente n'existe encore,NON CALCULABLE (donnée absente des documents) : à saisir en back-office,PROPOSITION AUTOMATIQUE – À VALIDER EN BACK-OFFICE,palier de prix d'achat (4.50 € HT) → 2
PROD-0186,Rillettes de truite 140 grs,2,2,,,5,,,,,NON CALCULABLE (donnée absente des documents) : aucun prix de vente n'existe encore,NON CALCULABLE (donnée absente des documents) : à saisir en back-office,PROPOSITION AUTOMATIQUE – À VALIDER EN BACK-OFFICE,palier de prix d'achat (4.50 € HT) → 2
PROD-0187,Rillettes truite moutarde ancienne 140 grs,2,2,,,5,,,,,NON CALCULABLE (donnée absente des documents) : aucun prix de vente n'existe encore,NON CALCULABLE (donnée absente des documents) : à saisir en back-office,PROPOSITION AUTOMATIQUE – À VALIDER EN BACK-OFFICE,palier de prix d'achat (4.50 € HT) → 2
PROD-0188,Rillettes de truite à l'aneth fraîche 140 grs,2,2,,,5,,,,,NON CALCULABLE (donnée absente des documents) : aucun prix de vente n'existe encore,NON CALCULABLE (donnée absente des documents) : à saisir en back-office,PROPOSITION AUTOMATIQUE – À VALIDER EN BACK-OFFICE,palier de prix d'achat (4.50 € HT) → 2
PROD-0189,Rillettes saumon curry 140 grs,2,2,,,5,,,,,NON CALCULABLE (donnée absente des documents) : aucun prix de vente n'existe encore,NON CALCULABLE (donnée absente des documents) : à saisir en back-office,PROPOSITION AUTOMATIQUE – À VALIDER EN BACK-OFFICE,palier de prix d'achat (4.50 € HT) → 2
PROD-0190,Rillettes de langoustines 90 grs,2,2,,,5,,,,,NON CALCULABLE (donnée absente des documents) : aucun prix de vente n'existe encore,NON CALCULABLE (donnée absente des documents) : à saisir en back-office,PROPOSITION AUTOMATIQUE – À VALIDER EN BACK-OFFICE,palier de prix d'achat (4.60 € HT) → 2
PROD-0191,Rillettes de homard 90 grs,2,2,,,5,,,,,NON CALCULABLE (donnée absente des documents) : aucun prix de vente n'existe encore,NON CALCULABLE (donnée absente des documents) : à saisir en back-office,PROPOSITION AUTOMATIQUE – À VALIDER EN BACK-OFFICE,palier de prix d'achat (4.60 € HT) → 2
PROD-0192,Rillettes de lotte 90 grs,2,2,,,5,,,,,NON CALCULABLE (donnée absente des documents) : aucun prix de vente n'existe encore,NON CALCULABLE (donnée absente des documents) : à saisir en back-office,PROPOSITION AUTOMATIQUE – À VALIDER EN BACK-OFFICE,palier de prix d'achat (4.50 € HT) → 2
PROD-0193,Rillettes de lotte au chorizo 90 grs,2,2,,,5,,,,,NON CALCULABLE (donnée absente des documents) : aucun prix de vente n'existe encore,NON CALCULABLE (donnée absente des documents) : à saisir en back-office,PROPOSITION AUTOMATIQUE – À VALIDER EN BACK-OFFICE,palier de prix d'achat (4.50 € HT) → 2
PROD-0194,Rillettes noix de st jacques pomme miel 85 g,2,2,,,5,,,,,NON CALCULABLE (donnée absente des documents) : aucun prix de vente n'existe encore,NON CALCULABLE (donnée absente des documents) : à saisir en back-office,PROPOSITION AUTOMATIQUE – À VALIDER EN BACK-OFFICE,palier de prix d'achat (4.50 € HT) → 2
PROD-0195,Rillettes de truite fumée au safran 90 g,2,2,,,5,,,,,NON CALCULABLE (donnée absente des documents) : aucun prix de vente n'existe encore,NON CALCULABLE (donnée absente des documents) : à saisir en back-office,PROPOSITION AUTOMATIQUE – À VALIDER EN BACK-OFFICE,palier de prix d'achat (3.80 € HT) → 2
PROD-0196,Rillettes saumon aux noix  St Jacques 90 grs,2,2,,,5,,,,,NON CALCULABLE (donnée absente des documents) : aucun prix de vente n'existe encore,NON CALCULABLE (donnée absente des documents) : à saisir en back-office,PROPOSITION AUTOMATIQUE – À VALIDER EN BACK-OFFICE,palier de prix d'achat (3.50 € HT) → 2
PROD-0197,Rillettes de truite noix de st jacques 90 grs,2,2,,,5,,,,,NON CALCULABLE (donnée absente des documents) : aucun prix de vente n'existe encore,NON CALCULABLE (donnée absente des documents) : à saisir en back-office,PROPOSITION AUTOMATIQUE – À VALIDER EN BACK-OFFICE,palier de prix d'achat (3.50 € HT) → 2
PROD-0198,Terrine de haddock 90 grs,2,2,,,5,,,,,NON CALCULABLE (donnée absente des documents) : aucun prix de vente n'existe encore,NON CALCULABLE (donnée absente des documents) : à saisir en back-office,PROPOSITION AUTOMATIQUE – À VALIDER EN BACK-OFFICE,palier de prix d'achat (3.50 € HT) → 2
PROD-0199,Terrine de truite fumée 90 grs,2,2,,,5,,,,,NON CALCULABLE (donnée absente des documents) : aucun prix de vente n'existe encore,NON CALCULABLE (donnée absente des documents) : à saisir en back-office,PROPOSITION AUTOMATIQUE – À VALIDER EN BACK-OFFICE,palier de prix d'achat (3.50 € HT) → 2
PROD-0200,Terrine saumon fumé 90 grs,2,2,,,5,,,,,NON CALCULABLE (donnée absente des documents) : aucun prix de vente n'existe encore,NON CALCULABLE (donnée absente des documents) : à saisir en back-office,PROPOSITION AUTOMATIQUE – À VALIDER EN BACK-OFFICE,palier de prix d'achat (3.50 € HT) → 2
PROD-0201,Rillettes saumon au miel et curry 90 grs,2,2,,,5,,,,,NON CALCULABLE (donnée absente des documents) : aucun prix de vente n'existe encore,NON CALCULABLE (donnée absente des documents) : à saisir en back-office,PROPOSITION AUTOMATIQUE – À VALIDER EN BACK-OFFICE,palier de prix d'achat (3.20 € HT) → 2
PROD-0202,Rillettes de hareng à la tomate 90 grs,2,2,,,5,,,,,NON CALCULABLE (donnée absente des documents) : aucun prix de vente n'existe encore,NON CALCULABLE (donnée absente des documents) : à saisir en back-office,PROPOSITION AUTOMATIQUE – À VALIDER EN BACK-OFFICE,palier de prix d'achat (3.20 € HT) → 2
PROD-0203,Rillettes maquereaux moutarde 90 grs,2,2,,,5,,,,,NON CALCULABLE (donnée absente des documents) : aucun prix de vente n'existe encore,NON CALCULABLE (donnée absente des documents) : à saisir en back-office,PROPOSITION AUTOMATIQUE – À VALIDER EN BACK-OFFICE,palier de prix d'achat (3.20 € HT) → 2
PROD-0204,Rillettes de sardine 90 grs,2,2,,,5,,,,,NON CALCULABLE (donnée absente des documents) : aucun prix de vente n'existe encore,NON CALCULABLE (donnée absente des documents) : à saisir en back-office,PROPOSITION AUTOMATIQUE – À VALIDER EN BACK-OFFICE,palier de prix d'achat (3.20 € HT) → 2
PROD-0205,Rillettes de sardine aux olives 90 grs,2,2,,,5,,,,,NON CALCULABLE (donnée absente des documents) : aucun prix de vente n'existe encore,NON CALCULABLE (donnée absente des documents) : à saisir en back-office,PROPOSITION AUTOMATIQUE – À VALIDER EN BACK-OFFICE,palier de prix d'achat (3.20 € HT) → 2
PROD-0206,Rillettes de saumon 90 grs/12,2,2,,,5,,,,,NON CALCULABLE (donnée absente des documents) : aucun prix de vente n'existe encore,NON CALCULABLE (donnée absente des documents) : à saisir en back-office,PROPOSITION AUTOMATIQUE – À VALIDER EN BACK-OFFICE,palier de prix d'achat (3.20 € HT) → 2
PROD-0207,Rillettes de saumon à l'aneth fraîche 90 grs,2,2,,,5,,,,,NON CALCULABLE (donnée absente des documents) : aucun prix de vente n'existe encore,NON CALCULABLE (donnée absente des documents) : à saisir en back-office,PROPOSITION AUTOMATIQUE – À VALIDER EN BACK-OFFICE,palier de prix d'achat (3.20 € HT) → 2
PROD-0208,Rillettes de saumon au confit d'oignon 90 grs,2,2,,,5,,,,,NON CALCULABLE (donnée absente des documents) : aucun prix de vente n'existe encore,NON CALCULABLE (donnée absente des documents) : à saisir en back-office,PROPOSITION AUTOMATIQUE – À VALIDER EN BACK-OFFICE,palier de prix d'achat (3.20 € HT) → 2
PROD-0209,Rillettes de truite 90 grs,2,2,,,5,,,,,NON CALCULABLE (donnée absente des documents) : aucun prix de vente n'existe encore,NON CALCULABLE (donnée absente des documents) : à saisir en back-office,PROPOSITION AUTOMATIQUE – À VALIDER EN BACK-OFFICE,palier de prix d'achat (3.20 € HT) → 2
PROD-0210,Rillettes de truite à l'aneth fraîche 90 grs,2,2,,,5,,,,,NON CALCULABLE (donnée absente des documents) : aucun prix de vente n'existe encore,NON CALCULABLE (donnée absente des documents) : à saisir en back-office,PROPOSITION AUTOMATIQUE – À VALIDER EN BACK-OFFICE,palier de prix d'achat (3.20 € HT) → 2
PROD-0211,Rillettes de truite moutarde ancienne 90 grs,2,2,,,5,,,,,NON CALCULABLE (donnée absente des documents) : aucun prix de vente n'existe encore,NON CALCULABLE (donnée absente des documents) : à saisir en back-office,PROPOSITION AUTOMATIQUE – À VALIDER EN BACK-OFFICE,palier de prix d'achat (3.20 € HT) → 2
PROD-0212,Rillettes lieu andouille de Vire 90 grs,2,2,3,,5,,,,,NON CALCULABLE (donnée absente des documents) : aucun prix de vente n'existe encore,NON CALCULABLE (donnée absente des documents) : à saisir en back-office,PROPOSITION AUTOMATIQUE – À VALIDER EN BACK-OFFICE,palier de prix d'achat (3.20 € HT) → 2
PROD-0213,rillettes sardine à la tomate 90 grs,2,2,,,5,,,,,NON CALCULABLE (donnée absente des documents) : aucun prix de vente n'existe encore,NON CALCULABLE (donnée absente des documents) : à saisir en back-office,PROPOSITION AUTOMATIQUE – À VALIDER EN BACK-OFFICE,palier de prix d'achat (3.20 € HT) → 2
PROD-0214,Rillettes sardine confit d'oignon 90 grs,2,2,,,5,,,,,NON CALCULABLE (donnée absente des documents) : aucun prix de vente n'existe encore,NON CALCULABLE (donnée absente des documents) : à saisir en back-office,PROPOSITION AUTOMATIQUE – À VALIDER EN BACK-OFFICE,palier de prix d'achat (3.20 € HT) → 2
PROD-0215,Rillettes saumon à l'andouille de Vire 90 grs,2,2,3,,5,,,,,NON CALCULABLE (donnée absente des documents) : aucun prix de vente n'existe encore,NON CALCULABLE (donnée absente des documents) : à saisir en back-office,PROPOSITION AUTOMATIQUE – À VALIDER EN BACK-OFFICE,palier de prix d'achat (3.20 € HT) → 2
PROD-0216,Rillettes saumon au curry 90 grs,2,2,,,5,,,,,NON CALCULABLE (donnée absente des documents) : aucun prix de vente n'existe encore,NON CALCULABLE (donnée absente des documents) : à saisir en back-office,PROPOSITION AUTOMATIQUE – À VALIDER EN BACK-OFFICE,palier de prix d'achat (3.20 € HT) → 2
PROD-0217,Rillettes saumon camembert 90 grs,2,2,,,5,,,,,NON CALCULABLE (donnée absente des documents) : aucun prix de vente n'existe encore,NON CALCULABLE (donnée absente des documents) : à saisir en back-office,PROPOSITION AUTOMATIQUE – À VALIDER EN BACK-OFFICE,palier de prix d'achat (3.20 € HT) → 2
PROD-0218,Rillettes saumon chèvre 90 grs,2,2,,,5,,,,,NON CALCULABLE (donnée absente des documents) : aucun prix de vente n'existe encore,NON CALCULABLE (donnée absente des documents) : à saisir en back-office,PROPOSITION AUTOMATIQUE – À VALIDER EN BACK-OFFICE,palier de prix d'achat (3.20 € HT) → 2
PROD-0219,Mousse de saumon 90 grs,2,2,,,5,,,,,NON CALCULABLE (donnée absente des documents) : aucun prix de vente n'existe encore,NON CALCULABLE (donnée absente des documents) : à saisir en back-office,PROPOSITION AUTOMATIQUE – À VALIDER EN BACK-OFFICE,palier de prix d'achat (3.20 € HT) → 2
PROD-0220,Mousse de truite 90 grs,2,2,,,5,,,,,NON CALCULABLE (donnée absente des documents) : aucun prix de vente n'existe encore,NON CALCULABLE (donnée absente des documents) : à saisir en back-office,PROPOSITION AUTOMATIQUE – À VALIDER EN BACK-OFFICE,palier de prix d'achat (3.20 € HT) → 2
PROD-0221,Rouille 85 grs,2,2,,,5,,,,,NON CALCULABLE (donnée absente des documents) : aucun prix de vente n'existe encore,NON CALCULABLE (donnée absente des documents) : à saisir en back-office,PROPOSITION AUTOMATIQUE – À VALIDER EN BACK-OFFICE,palier de prix d'achat (2.80 € HT) → 2
PROD-0222,"Café ""la tasse de Lola"" 250 grs",3,3,,,5,,,,,NON CALCULABLE (donnée absente des documents) : aucun prix de vente n'existe encore,NON CALCULABLE (donnée absente des documents) : à saisir en back-office,PROPOSITION AUTOMATIQUE – À VALIDER EN BACK-OFFICE,palier de prix d'achat (5.00 € HT) → 3
PROD-0223,"Café grains ""la tasse de Lola"" 250 grs",3,3,,,5,,,,,NON CALCULABLE (donnée absente des documents) : aucun prix de vente n'existe encore,NON CALCULABLE (donnée absente des documents) : à saisir en back-office,PROPOSITION AUTOMATIQUE – À VALIDER EN BACK-OFFICE,palier de prix d'achat (5.08 € HT) → 3
PROD-0224,Thé noir  God save the tea,3,3,,,5,,,,,NON CALCULABLE (donnée absente des documents) : aucun prix de vente n'existe encore,NON CALCULABLE (donnée absente des documents) : à saisir en back-office,PROPOSITION AUTOMATIQUE – À VALIDER EN BACK-OFFICE,palier de prix d'achat (5.78 € HT) → 3
PROD-0225,Thé noir Vahiné,3,3,,,5,,,,,NON CALCULABLE (donnée absente des documents) : aucun prix de vente n'existe encore,NON CALCULABLE (donnée absente des documents) : à saisir en back-office,PROPOSITION AUTOMATIQUE – À VALIDER EN BACK-OFFICE,palier de prix d'achat (5.78 € HT) → 3
PROD-0226,Thé noir Blue twist,3,3,,,5,,,,,NON CALCULABLE (donnée absente des documents) : aucun prix de vente n'existe encore,NON CALCULABLE (donnée absente des documents) : à saisir en back-office,PROPOSITION AUTOMATIQUE – À VALIDER EN BACK-OFFICE,palier de prix d'achat (5.78 € HT) → 3
PROD-0227,Thé noir Back in Black,3,3,,,5,,,,,NON CALCULABLE (donnée absente des documents) : aucun prix de vente n'existe encore,NON CALCULABLE (donnée absente des documents) : à saisir en back-office,PROPOSITION AUTOMATIQUE – À VALIDER EN BACK-OFFICE,palier de prix d'achat (5.78 € HT) → 3
PROD-0228,Thé noir Jeu de l'agrume,3,3,,,5,,,,,NON CALCULABLE (donnée absente des documents) : aucun prix de vente n'existe encore,NON CALCULABLE (donnée absente des documents) : à saisir en back-office,PROPOSITION AUTOMATIQUE – À VALIDER EN BACK-OFFICE,palier de prix d'achat (5.78 € HT) → 3
PROD-0229,Thé vert Chaud Mojito,3,3,,,5,,,,,NON CALCULABLE (donnée absente des documents) : aucun prix de vente n'existe encore,NON CALCULABLE (donnée absente des documents) : à saisir en back-office,PROPOSITION AUTOMATIQUE – À VALIDER EN BACK-OFFICE,palier de prix d'achat (5.78 € HT) → 3
PROD-0230,Thé vert Tasse de Génie,3,3,,,5,,,,,NON CALCULABLE (donnée absente des documents) : aucun prix de vente n'existe encore,NON CALCULABLE (donnée absente des documents) : à saisir en back-office,PROPOSITION AUTOMATIQUE – À VALIDER EN BACK-OFFICE,palier de prix d'achat (5.78 € HT) → 3
PROD-0231,Thé vert Hakuna Matatasse,3,3,,,5,,,,,NON CALCULABLE (donnée absente des documents) : aucun prix de vente n'existe encore,NON CALCULABLE (donnée absente des documents) : à saisir en back-office,PROPOSITION AUTOMATIQUE – À VALIDER EN BACK-OFFICE,palier de prix d'achat (5.78 € HT) → 3
PROD-0232,Thé vert Jardin d'agrumes,3,3,,,5,,,,,NON CALCULABLE (donnée absente des documents) : aucun prix de vente n'existe encore,NON CALCULABLE (donnée absente des documents) : à saisir en back-office,PROPOSITION AUTOMATIQUE – À VALIDER EN BACK-OFFICE,palier de prix d'achat (5.78 € HT) → 3
PROD-0233,Thé vert Rouge aux joues,3,3,,,5,,,,,NON CALCULABLE (donnée absente des documents) : aucun prix de vente n'existe encore,NON CALCULABLE (donnée absente des documents) : à saisir en back-office,PROPOSITION AUTOMATIQUE – À VALIDER EN BACK-OFFICE,palier de prix d'achat (5.78 € HT) → 3
PROD-0234,Thé blanc Blanc de poire,3,3,,,5,,,,,NON CALCULABLE (donnée absente des documents) : aucun prix de vente n'existe encore,NON CALCULABLE (donnée absente des documents) : à saisir en back-office,PROPOSITION AUTOMATIQUE – À VALIDER EN BACK-OFFICE,palier de prix d'achat (5.78 € HT) → 3
PROD-0235,Thé blanc Tasse des Bois,3,3,,,5,,,,,NON CALCULABLE (donnée absente des documents) : aucun prix de vente n'existe encore,NON CALCULABLE (donnée absente des documents) : à saisir en back-office,PROPOSITION AUTOMATIQUE – À VALIDER EN BACK-OFFICE,palier de prix d'achat (5.78 € HT) → 3
PROD-0236,Thé blanc White Sweetness,3,3,,,5,,,,,NON CALCULABLE (donnée absente des documents) : aucun prix de vente n'existe encore,NON CALCULABLE (donnée absente des documents) : à saisir en back-office,PROPOSITION AUTOMATIQUE – À VALIDER EN BACK-OFFICE,palier de prix d'achat (5.78 € HT) → 3
PROD-0237,Tisane Bien être Stop Migraine,3,3,,,5,,,,,NON CALCULABLE (donnée absente des documents) : aucun prix de vente n'existe encore,NON CALCULABLE (donnée absente des documents) : à saisir en back-office,PROPOSITION AUTOMATIQUE – À VALIDER EN BACK-OFFICE,palier de prix d'achat (5.78 € HT) → 3
PROD-0238,Tisane Bien être Digest Cup,3,3,,,5,,,,,NON CALCULABLE (donnée absente des documents) : aucun prix de vente n'existe encore,NON CALCULABLE (donnée absente des documents) : à saisir en back-office,PROPOSITION AUTOMATIQUE – À VALIDER EN BACK-OFFICE,palier de prix d'achat (5.78 € HT) → 3
PROD-0239,Tisane Bien être Oust le rhume,3,3,,,5,,,,,NON CALCULABLE (donnée absente des documents) : aucun prix de vente n'existe encore,NON CALCULABLE (donnée absente des documents) : à saisir en back-office,PROPOSITION AUTOMATIQUE – À VALIDER EN BACK-OFFICE,palier de prix d'achat (5.78 € HT) → 3
PROD-0240,Tisane Bien être Punch Power,3,3,,,5,,,,,NON CALCULABLE (donnée absente des documents) : aucun prix de vente n'existe encore,NON CALCULABLE (donnée absente des documents) : à saisir en back-office,PROPOSITION AUTOMATIQUE – À VALIDER EN BACK-OFFICE,palier de prix d'achat (5.78 € HT) → 3
PROD-0241,Tisane Bien être SO Quiet,3,3,,,5,,,,,NON CALCULABLE (donnée absente des documents) : aucun prix de vente n'existe encore,NON CALCULABLE (donnée absente des documents) : à saisir en back-office,PROPOSITION AUTOMATIQUE – À VALIDER EN BACK-OFFICE,palier de prix d'achat (5.78 € HT) → 3
PROD-0242,Tisane fruitée La Reine encahntée,3,3,,,5,,,,,NON CALCULABLE (donnée absente des documents) : aucun prix de vente n'existe encore,NON CALCULABLE (donnée absente des documents) : à saisir en back-office,PROPOSITION AUTOMATIQUE – À VALIDER EN BACK-OFFICE,palier de prix d'achat (5.78 € HT) → 3
PROD-0243,Tisane fruitée Sorbet Exotique,3,3,,,5,,,,,NON CALCULABLE (donnée absente des documents) : aucun prix de vente n'existe encore,NON CALCULABLE (donnée absente des documents) : à saisir en back-office,PROPOSITION AUTOMATIQUE – À VALIDER EN BACK-OFFICE,palier de prix d'achat (5.78 € HT) → 3
PROD-0244,Tisane fruitée La Dame de cœur,3,3,,,5,,,,,NON CALCULABLE (donnée absente des documents) : aucun prix de vente n'existe encore,NON CALCULABLE (donnée absente des documents) : à saisir en back-office,PROPOSITION AUTOMATIQUE – À VALIDER EN BACK-OFFICE,palier de prix d'achat (5.78 € HT) → 3
PROD-0245,Detox Jeune et jolie,3,3,,,5,,,,,NON CALCULABLE (donnée absente des documents) : aucun prix de vente n'existe encore,NON CALCULABLE (donnée absente des documents) : à saisir en back-office,PROPOSITION AUTOMATIQUE – À VALIDER EN BACK-OFFICE,palier de prix d'achat (5.78 € HT) → 3
PROD-0246,Detox Beau Teint,3,3,,,5,,,,,NON CALCULABLE (donnée absente des documents) : aucun prix de vente n'existe encore,NON CALCULABLE (donnée absente des documents) : à saisir en back-office,PROPOSITION AUTOMATIQUE – À VALIDER EN BACK-OFFICE,palier de prix d'achat (5.78 € HT) → 3
PROD-0247,Detox Chill Time,3,3,,,5,,,,,NON CALCULABLE (donnée absente des documents) : aucun prix de vente n'existe encore,NON CALCULABLE (donnée absente des documents) : à saisir en back-office,PROPOSITION AUTOMATIQUE – À VALIDER EN BACK-OFFICE,palier de prix d'achat (5.78 € HT) → 3
PROD-0248,Maté KA'MATE KA'MATE,3,3,,,5,,,,,NON CALCULABLE (donnée absente des documents) : aucun prix de vente n'existe encore,NON CALCULABLE (donnée absente des documents) : à saisir en back-office,PROPOSITION AUTOMATIQUE – À VALIDER EN BACK-OFFICE,palier de prix d'achat (5.78 € HT) → 3
PROD-0249,Maté Balance,3,3,,,5,,,,,NON CALCULABLE (donnée absente des documents) : aucun prix de vente n'existe encore,NON CALCULABLE (donnée absente des documents) : à saisir en back-office,PROPOSITION AUTOMATIQUE – À VALIDER EN BACK-OFFICE,palier de prix d'achat (5.78 € HT) → 3
PROD-0250,Maternité Divine Mama,3,3,,,5,,,,,NON CALCULABLE (donnée absente des documents) : aucun prix de vente n'existe encore,NON CALCULABLE (donnée absente des documents) : à saisir en back-office,PROPOSITION AUTOMATIQUE – À VALIDER EN BACK-OFFICE,palier de prix d'achat (5.78 € HT) → 3
PROD-0251,Maternité Voie Lactée,3,3,,,5,,,,,NON CALCULABLE (donnée absente des documents) : aucun prix de vente n'existe encore,NON CALCULABLE (donnée absente des documents) : à saisir en back-office,PROPOSITION AUTOMATIQUE – À VALIDER EN BACK-OFFICE,palier de prix d'achat (5.78 € HT) → 3
PROD-0252,Rooibos Lemon Curd,3,3,,,5,,,,,NON CALCULABLE (donnée absente des documents) : aucun prix de vente n'existe encore,NON CALCULABLE (donnée absente des documents) : à saisir en back-office,PROPOSITION AUTOMATIQUE – À VALIDER EN BACK-OFFICE,palier de prix d'achat (5.78 € HT) → 3
PROD-0253,Rooibos Cheri Coco,3,3,,,5,,,,,NON CALCULABLE (donnée absente des documents) : aucun prix de vente n'existe encore,NON CALCULABLE (donnée absente des documents) : à saisir en back-office,PROPOSITION AUTOMATIQUE – À VALIDER EN BACK-OFFICE,palier de prix d'achat (5.78 € HT) → 3
PROD-0254,Rooibos Saveur Macaron,3,3,,,5,,,,,NON CALCULABLE (donnée absente des documents) : aucun prix de vente n'existe encore,NON CALCULABLE (donnée absente des documents) : à saisir en back-office,PROPOSITION AUTOMATIQUE – À VALIDER EN BACK-OFFICE,palier de prix d'achat (5.78 € HT) → 3
PROD-0255,Rooibos Menthe Givrée,3,3,,,5,,,,,NON CALCULABLE (donnée absente des documents) : aucun prix de vente n'existe encore,NON CALCULABLE (donnée absente des documents) : à saisir en back-office,PROPOSITION AUTOMATIQUE – À VALIDER EN BACK-OFFICE,palier de prix d'achat (5.78 € HT) → 3
PROD-0256,Rooibos Agrumes Tonic,3,3,,,5,,,,,NON CALCULABLE (donnée absente des documents) : aucun prix de vente n'existe encore,NON CALCULABLE (donnée absente des documents) : à saisir en back-office,PROPOSITION AUTOMATIQUE – À VALIDER EN BACK-OFFICE,palier de prix d'achat (5.78 € HT) → 3
PROD-0257,NORMAND Cambremer Pays D'Auge,3,3,3,,5,,,,,NON CALCULABLE (donnée absente des documents) : aucun prix de vente n'existe encore,NON CALCULABLE (donnée absente des documents) : à saisir en back-office,PROPOSITION AUTOMATIQUE – À VALIDER EN BACK-OFFICE,palier de prix d'achat (5.78 € HT) → 3
PROD-0258,NORMAND Rouen Gros Horloge,3,3,3,,5,,,,,NON CALCULABLE (donnée absente des documents) : aucun prix de vente n'existe encore,NON CALCULABLE (donnée absente des documents) : à saisir en back-office,PROPOSITION AUTOMATIQUE – À VALIDER EN BACK-OFFICE,palier de prix d'achat (5.78 € HT) → 3
PROD-0259,NORMAND Bayeux et son Bessin,3,3,3,,5,,,,,NON CALCULABLE (donnée absente des documents) : aucun prix de vente n'existe encore,NON CALCULABLE (donnée absente des documents) : à saisir en back-office,PROPOSITION AUTOMATIQUE – À VALIDER EN BACK-OFFICE,palier de prix d'achat (5.78 € HT) → 3
PROD-0260,NORMAND Caen Ville historique,3,3,3,,5,,,,,NON CALCULABLE (donnée absente des documents) : aucun prix de vente n'existe encore,NON CALCULABLE (donnée absente des documents) : à saisir en back-office,PROPOSITION AUTOMATIQUE – À VALIDER EN BACK-OFFICE,palier de prix d'achat (5.78 € HT) → 3
PROD-0261,NORMAND Bagnoles de l'Orne,3,3,3,,5,,,,,NON CALCULABLE (donnée absente des documents) : aucun prix de vente n'existe encore,NON CALCULABLE (donnée absente des documents) : à saisir en back-office,PROPOSITION AUTOMATIQUE – À VALIDER EN BACK-OFFICE,palier de prix d'achat (5.78 € HT) → 3
PROD-0262,NORMAND Mont Saint Michel,3,3,3,,5,,,,,NON CALCULABLE (donnée absente des documents) : aucun prix de vente n'existe encore,NON CALCULABLE (donnée absente des documents) : à saisir en back-office,PROPOSITION AUTOMATIQUE – À VALIDER EN BACK-OFFICE,palier de prix d'achat (5.78 € HT) → 3
PROD-0263,D-Day Plage du debarquement,3,3,,,5,,,,,NON CALCULABLE (donnée absente des documents) : aucun prix de vente n'existe encore,NON CALCULABLE (donnée absente des documents) : à saisir en back-office,PROPOSITION AUTOMATIQUE – À VALIDER EN BACK-OFFICE,palier de prix d'achat (5.78 € HT) → 3
PROD-0264,D-Day Normandie D-DAY,3,3,3,,5,,,,,NON CALCULABLE (donnée absente des documents) : aucun prix de vente n'existe encore,NON CALCULABLE (donnée absente des documents) : à saisir en back-office,PROPOSITION AUTOMATIQUE – À VALIDER EN BACK-OFFICE,palier de prix d'achat (5.78 € HT) → 3
PROD-0265,D-Day Operation Overlord,3,3,,,5,,,,,NON CALCULABLE (donnée absente des documents) : aucun prix de vente n'existe encore,NON CALCULABLE (donnée absente des documents) : à saisir en back-office,PROPOSITION AUTOMATIQUE – À VALIDER EN BACK-OFFICE,palier de prix d'achat (5.78 € HT) → 3
PROD-0266,D-Day Parachutes,3,3,,,5,,,,,NON CALCULABLE (donnée absente des documents) : aucun prix de vente n'existe encore,NON CALCULABLE (donnée absente des documents) : à saisir en back-office,PROPOSITION AUTOMATIQUE – À VALIDER EN BACK-OFFICE,palier de prix d'achat (5.78 € HT) → 3
PROD-0267,D-Day Les Alliés,3,3,,,5,,,,,NON CALCULABLE (donnée absente des documents) : aucun prix de vente n'existe encore,NON CALCULABLE (donnée absente des documents) : à saisir en back-office,PROPOSITION AUTOMATIQUE – À VALIDER EN BACK-OFFICE,palier de prix d'achat (5.78 € HT) → 3
PROD-0268,D-Day God Save The Queen,3,3,,,5,,,,,NON CALCULABLE (donnée absente des documents) : aucun prix de vente n'existe encore,NON CALCULABLE (donnée absente des documents) : à saisir en back-office,PROPOSITION AUTOMATIQUE – À VALIDER EN BACK-OFFICE,palier de prix d'achat (5.78 € HT) → 3
PROD-0269,MOUTARDE 100g Pomme Calvados,2,2,,,5,,,,,NON CALCULABLE (donnée absente des documents) : aucun prix de vente n'existe encore,NON CALCULABLE (donnée absente des documents) : à saisir en back-office,PROPOSITION AUTOMATIQUE – À VALIDER EN BACK-OFFICE,palier de prix d'achat (4.25 € HT) → 2
PROD-0270,MOUTARDE 100g Camembert,2,2,,,5,,,,,NON CALCULABLE (donnée absente des documents) : aucun prix de vente n'existe encore,NON CALCULABLE (donnée absente des documents) : à saisir en back-office,PROPOSITION AUTOMATIQUE – À VALIDER EN BACK-OFFICE,palier de prix d'achat (4.25 € HT) → 2
PROD-0271,MOUTARDE 100g à l'ancienne au Cidre,2,2,,,5,,,,,NON CALCULABLE (donnée absente des documents) : aucun prix de vente n'existe encore,NON CALCULABLE (donnée absente des documents) : à saisir en back-office,PROPOSITION AUTOMATIQUE – À VALIDER EN BACK-OFFICE,palier de prix d'achat (4.25 € HT) → 2
PROD-0272,MOUTARDE 100g à l'ail Noir,2,2,,,5,,,,,NON CALCULABLE (donnée absente des documents) : aucun prix de vente n'existe encore,NON CALCULABLE (donnée absente des documents) : à saisir en back-office,PROPOSITION AUTOMATIQUE – À VALIDER EN BACK-OFFICE,palier de prix d'achat (4.25 € HT) → 2
PROD-0273,MOUTARDE 100g au Piment d'Espelette,2,2,,,5,,,,,NON CALCULABLE (donnée absente des documents) : aucun prix de vente n'existe encore,NON CALCULABLE (donnée absente des documents) : à saisir en back-office,PROPOSITION AUTOMATIQUE – À VALIDER EN BACK-OFFICE,palier de prix d'achat (4.25 € HT) → 2
PROD-0274,MOUTARDE 100g Poivre Voantsy Perifery,2,2,,,5,,,,,NON CALCULABLE (donnée absente des documents) : aucun prix de vente n'existe encore,NON CALCULABLE (donnée absente des documents) : à saisir en back-office,PROPOSITION AUTOMATIQUE – À VALIDER EN BACK-OFFICE,palier de prix d'achat (4.25 € HT) → 2
PROD-0275,CONFITURE pomme caramel 180 gr Mont sr Michel,2,2,,,5,,,,,NON CALCULABLE (donnée absente des documents) : aucun prix de vente n'existe encore,NON CALCULABLE (donnée absente des documents) : à saisir en back-office,PROPOSITION AUTOMATIQUE – À VALIDER EN BACK-OFFICE,palier de prix d'achat (3.70 € HT) → 2
PROD-0276,CONFITURE poire vanille 180 gr Plage,2,2,,,5,,,,,NON CALCULABLE (donnée absente des documents) : aucun prix de vente n'existe encore,NON CALCULABLE (donnée absente des documents) : à saisir en back-office,PROPOSITION AUTOMATIQUE – À VALIDER EN BACK-OFFICE,palier de prix d'achat (3.70 € HT) → 2
PROD-0277,CONFITURE fruits rouges 180 gr Champs de course,2,2,,,5,,,,,NON CALCULABLE (donnée absente des documents) : aucun prix de vente n'existe encore,NON CALCULABLE (donnée absente des documents) : à saisir en back-office,PROPOSITION AUTOMATIQUE – À VALIDER EN BACK-OFFICE,palier de prix d'achat (3.70 € HT) → 2
PROD-0278,CARAMELS d'Isigny Fondant beurre salé 150 g Caen,3,3,3,,5,,,,,NON CALCULABLE (donnée absente des documents) : aucun prix de vente n'existe encore,NON CALCULABLE (donnée absente des documents) : à saisir en back-office,PROPOSITION AUTOMATIQUE – À VALIDER EN BACK-OFFICE,palier de prix d'achat (5.11 € HT) → 3
PROD-0279,CARAMELS d'Isigny beurre salé 150 g Deauville,3,3,3,,5,,,,,NON CALCULABLE (donnée absente des documents) : aucun prix de vente n'existe encore,NON CALCULABLE (donnée absente des documents) : à saisir en back-office,PROPOSITION AUTOMATIQUE – À VALIDER EN BACK-OFFICE,palier de prix d'achat (5.11 € HT) → 3
PROD-0280,CARAMELS d'Isigny 150 g Assortiment Normand Vache,3,3,3,,5,,,,,NON CALCULABLE (donnée absente des documents) : aucun prix de vente n'existe encore,NON CALCULABLE (donnée absente des documents) : à saisir en back-office,PROPOSITION AUTOMATIQUE – À VALIDER EN BACK-OFFICE,palier de prix d'achat (5.11 € HT) → 3
PROD-0281,CARAMELS d'Isigny 200 g Assortiment Normand,3,3,3,,5,,,,,NON CALCULABLE (donnée absente des documents) : aucun prix de vente n'existe encore,NON CALCULABLE (donnée absente des documents) : à saisir en back-office,PROPOSITION AUTOMATIQUE – À VALIDER EN BACK-OFFICE,palier de prix d'achat (7.50 € HT) → 3
PROD-0282,CARAMELS 1/2 sucrette 100g Ouistreham B-LEC,2,2,,,5,,,,,NON CALCULABLE (donnée absente des documents) : aucun prix de vente n'existe encore,NON CALCULABLE (donnée absente des documents) : à saisir en back-office,PROPOSITION AUTOMATIQUE – À VALIDER EN BACK-OFFICE,palier de prix d'achat (4.64 € HT) → 2
PROD-0283,CARAMELS 1/2 sucrette 100g Caen château B-LEC,2,2,,,5,,,,,NON CALCULABLE (donnée absente des documents) : aucun prix de vente n'existe encore,NON CALCULABLE (donnée absente des documents) : à saisir en back-office,PROPOSITION AUTOMATIQUE – À VALIDER EN BACK-OFFICE,palier de prix d'achat (4.64 € HT) → 2
PROD-0284,BISCUITS 150g CAEN Mairie,3,3,,,5,,,,,NON CALCULABLE (donnée absente des documents) : aucun prix de vente n'existe encore,NON CALCULABLE (donnée absente des documents) : à saisir en back-office,PROPOSITION AUTOMATIQUE – À VALIDER EN BACK-OFFICE,palier de prix d'achat (7.31 € HT) → 3
PROD-0285,BISCUITS 150g Ouistreham B-LEC,3,3,,,5,,,,,NON CALCULABLE (donnée absente des documents) : aucun prix de vente n'existe encore,NON CALCULABLE (donnée absente des documents) : à saisir en back-office,PROPOSITION AUTOMATIQUE – À VALIDER EN BACK-OFFICE,palier de prix d'achat (7.31 € HT) → 3
PROD-0286,BISCUITS 150g Caen Château B-LEC,3,3,,,5,,,,,NON CALCULABLE (donnée absente des documents) : aucun prix de vente n'existe encore,NON CALCULABLE (donnée absente des documents) : à saisir en back-office,PROPOSITION AUTOMATIQUE – À VALIDER EN BACK-OFFICE,palier de prix d'achat (7.31 € HT) → 3
PROD-0287,BISCUITS 150g Caen cœur de ville Aquarelle,3,3,,,5,,,,,NON CALCULABLE (donnée absente des documents) : aucun prix de vente n'existe encore,NON CALCULABLE (donnée absente des documents) : à saisir en back-office,PROPOSITION AUTOMATIQUE – À VALIDER EN BACK-OFFICE,palier de prix d'achat (7.31 € HT) → 3
PROD-0288,Biscuits 150g Pays D'Auge Aquarelle,3,3,3,,5,,,,,NON CALCULABLE (donnée absente des documents) : aucun prix de vente n'existe encore,NON CALCULABLE (donnée absente des documents) : à saisir en back-office,PROPOSITION AUTOMATIQUE – À VALIDER EN BACK-OFFICE,palier de prix d'achat (7.31 € HT) → 3
PROD-0289,Biscuits 150g Cambremer Aquarelle,3,3,,,5,,,,,NON CALCULABLE (donnée absente des documents) : aucun prix de vente n'existe encore,NON CALCULABLE (donnée absente des documents) : à saisir en back-office,PROPOSITION AUTOMATIQUE – À VALIDER EN BACK-OFFICE,palier de prix d'achat (7.31 € HT) → 3
PROD-0290,POMMEAU 35cl Pique-nique sous les pommiers,4,4,,,,,,,,NON CALCULABLE (donnée absente des documents) : aucun prix de vente n'existe encore,NON CALCULABLE (donnée absente des documents) : à saisir en back-office,PROPOSITION AUTOMATIQUE – À VALIDER EN BACK-OFFICE,palier de prix d'achat (9.00 € HT) → 3 ; spiritueux/vin de garde → +1
PROD-0291,Caramels d'Isigny beurre salé 150 g  D-DAY drapeau,3,3,3,,5,,,,,NON CALCULABLE (donnée absente des documents) : aucun prix de vente n'existe encore,NON CALCULABLE (donnée absente des documents) : à saisir en back-office,PROPOSITION AUTOMATIQUE – À VALIDER EN BACK-OFFICE,palier de prix d'achat (5.11 € HT) → 3
PROD-0292,Caramels d'Isigny 1/2 sucrette 100 g Parachute,2,2,3,,5,,,,,NON CALCULABLE (donnée absente des documents) : aucun prix de vente n'existe encore,NON CALCULABLE (donnée absente des documents) : à saisir en back-office,PROPOSITION AUTOMATIQUE – À VALIDER EN BACK-OFFICE,palier de prix d'achat (4.64 € HT) → 2
PROD-0293,Caramels d'Isigny 1/2 sucrette 100 g OPERATION OVERLORD,2,2,3,,5,,,,,NON CALCULABLE (donnée absente des documents) : aucun prix de vente n'existe encore,NON CALCULABLE (donnée absente des documents) : à saisir en back-office,PROPOSITION AUTOMATIQUE – À VALIDER EN BACK-OFFICE,palier de prix d'achat (4.64 € HT) → 2
PROD-0294,Biscuits 120g JEEP,3,3,,,5,,,,,NON CALCULABLE (donnée absente des documents) : aucun prix de vente n'existe encore,NON CALCULABLE (donnée absente des documents) : à saisir en back-office,PROPOSITION AUTOMATIQUE – À VALIDER EN BACK-OFFICE,palier de prix d'achat (7.31 € HT) → 3
PROD-0295,Biscuits 120g Barge,3,3,,,5,,,,,NON CALCULABLE (donnée absente des documents) : aucun prix de vente n'existe encore,NON CALCULABLE (donnée absente des documents) : à saisir en back-office,PROPOSITION AUTOMATIQUE – À VALIDER EN BACK-OFFICE,palier de prix d'achat (7.31 € HT) → 3
PROD-0296,Calvados Arrangé Pomme Vanille 70 cl,5,5,,,,,,,,NON CALCULABLE (donnée absente des documents) : aucun prix de vente n'existe encore,NON CALCULABLE (donnée absente des documents) : à saisir en back-office,PROPOSITION AUTOMATIQUE – À VALIDER EN BACK-OFFICE,palier de prix d'achat (20.90 € HT) → 4 ; spiritueux/vin de garde → +1
PROD-0297,Calvados Arrangé Kumquat Café 70 cl,4,4,,,,,,,,NON CALCULABLE (donnée absente des documents) : aucun prix de vente n'existe encore,NON CALCULABLE (donnée absente des documents) : à saisir en back-office,PROPOSITION AUTOMATIQUE – À VALIDER EN BACK-OFFICE,palier de prix d'achat (20.90 € HT) → 4
PROD-0298,Calvados Arrangé Banane Vanille 70 cl,5,5,,,,,,,,NON CALCULABLE (donnée absente des documents) : aucun prix de vente n'existe encore,NON CALCULABLE (donnée absente des documents) : à saisir en back-office,PROPOSITION AUTOMATIQUE – À VALIDER EN BACK-OFFICE,palier de prix d'achat (20.90 € HT) → 4 ; spiritueux/vin de garde → +1
PROD-0299,Calvados Arrangé Pomme Caramel 70 cl,4,4,,,,,,,,NON CALCULABLE (donnée absente des documents) : aucun prix de vente n'existe encore,NON CALCULABLE (donnée absente des documents) : à saisir en back-office,PROPOSITION AUTOMATIQUE – À VALIDER EN BACK-OFFICE,palier de prix d'achat (20.90 € HT) → 4
PROD-0300,Calvados Arrangé Fraise Poivre de Sichuan 70 cl,5,5,,,,,,,,NON CALCULABLE (donnée absente des documents) : aucun prix de vente n'existe encore,NON CALCULABLE (donnée absente des documents) : à saisir en back-office,PROPOSITION AUTOMATIQUE – À VALIDER EN BACK-OFFICE,palier de prix d'achat (20.90 € HT) → 4 ; spiritueux/vin de garde → +1
PROD-0301,Calvados Arrangé Epices de Noël Clémentine 70 cl,5,5,,5,,,,,,NON CALCULABLE (donnée absente des documents) : aucun prix de vente n'existe encore,NON CALCULABLE (donnée absente des documents) : à saisir en back-office,PROPOSITION AUTOMATIQUE – À VALIDER EN BACK-OFFICE,palier de prix d'achat (20.90 € HT) → 4 ; spiritueux/vin de garde → +1
PROD-0302,Calvados Arrangé Pomme Menthe 70 cl,5,5,,,,,,,,NON CALCULABLE (donnée absente des documents) : aucun prix de vente n'existe encore,NON CALCULABLE (donnée absente des documents) : à saisir en back-office,PROPOSITION AUTOMATIQUE – À VALIDER EN BACK-OFFICE,palier de prix d'achat (20.90 € HT) → 4 ; spiritueux/vin de garde → +1
PROD-0303,Calvados Arrangé Ananas Caramel fleur de sel 70 cl,4,4,3,,,,,,,NON CALCULABLE (donnée absente des documents) : aucun prix de vente n'existe encore,NON CALCULABLE (donnée absente des documents) : à saisir en back-office,PROPOSITION AUTOMATIQUE – À VALIDER EN BACK-OFFICE,palier de prix d'achat (20.90 € HT) → 4
PROD-0304,Calvados Arrangé Framboise Basilic,5,5,,,,,,,,NON CALCULABLE (donnée absente des documents) : aucun prix de vente n'existe encore,NON CALCULABLE (donnée absente des documents) : à saisir en back-office,PROPOSITION AUTOMATIQUE – À VALIDER EN BACK-OFFICE,palier de prix d'achat (20.90 € HT) → 4 ; spiritueux/vin de garde → +1
PROD-0305,Calvados Arrangé Bergamote Noix de cajou,5,5,,,,,,,,NON CALCULABLE (donnée absente des documents) : aucun prix de vente n'existe encore,NON CALCULABLE (donnée absente des documents) : à saisir en back-office,PROPOSITION AUTOMATIQUE – À VALIDER EN BACK-OFFICE,palier de prix d'achat (20.90 € HT) → 4 ; spiritueux/vin de garde → +1
PROD-0306,Calva Arrangé Banane extra mûre vanille 18 mois 50 cl,4,4,,,,,,,,NON CALCULABLE (donnée absente des documents) : aucun prix de vente n'existe encore,NON CALCULABLE (donnée absente des documents) : à saisir en back-office,PROPOSITION AUTOMATIQUE – À VALIDER EN BACK-OFFICE,palier de prix d'achat (22.90 € HT) → 4
PROD-0307,Coffret 2 x 20cl INCLUS AVEC LES 20 CL SUR DEMANDE,1,1,,,,,,,,NON CALCULABLE (donnée absente des documents) : aucun prix de vente n'existe encore,NON CALCULABLE (donnée absente des documents) : à saisir en back-office,PROPOSITION AUTOMATIQUE – À VALIDER EN BACK-OFFICE,palier de prix d'achat (0.00 € HT) → 1
PROD-0308,Calvados Arrangé Pomme Vanille 20 cl,4,4,,,,,,,,NON CALCULABLE (donnée absente des documents) : aucun prix de vente n'existe encore,NON CALCULABLE (donnée absente des documents) : à saisir en back-office,PROPOSITION AUTOMATIQUE – À VALIDER EN BACK-OFFICE,palier de prix d'achat (9.10 € HT) → 3 ; spiritueux/vin de garde → +1
PROD-0309,Calvados Arrangé Kumquat Café 20 cl,3,3,,,,,,,,NON CALCULABLE (donnée absente des documents) : aucun prix de vente n'existe encore,NON CALCULABLE (donnée absente des documents) : à saisir en back-office,PROPOSITION AUTOMATIQUE – À VALIDER EN BACK-OFFICE,palier de prix d'achat (9.10 € HT) → 3
PROD-0310,Calvados Arrangé Banane Vanille 20 cl,4,4,,,,,,,,NON CALCULABLE (donnée absente des documents) : aucun prix de vente n'existe encore,NON CALCULABLE (donnée absente des documents) : à saisir en back-office,PROPOSITION AUTOMATIQUE – À VALIDER EN BACK-OFFICE,palier de prix d'achat (9.10 € HT) → 3 ; spiritueux/vin de garde → +1
PROD-0311,Calvados Arrangé Pomme Caramel 20 cl,3,3,,,,,,,,NON CALCULABLE (donnée absente des documents) : aucun prix de vente n'existe encore,NON CALCULABLE (donnée absente des documents) : à saisir en back-office,PROPOSITION AUTOMATIQUE – À VALIDER EN BACK-OFFICE,palier de prix d'achat (9.10 € HT) → 3
PROD-0312,Cidre bio Cotentin AOC brut  75 cl,3,3,5,,,,,,,NON CALCULABLE (donnée absente des documents) : aucun prix de vente n'existe encore,NON CALCULABLE (donnée absente des documents) : à saisir en back-office,PROPOSITION AUTOMATIQUE – À VALIDER EN BACK-OFFICE,palier de prix d'achat (4.62 € HT) → 2 ; appellation protégée citée (AOC Cidre du Cotentin) → +1
PROD-0313,Cidre bio Cotentin AOC brut 2018 et 2019 150 cl,5,5,5,,,,,,,NON CALCULABLE (donnée absente des documents) : aucun prix de vente n'existe encore,NON CALCULABLE (donnée absente des documents) : à saisir en back-office,PROPOSITION AUTOMATIQUE – À VALIDER EN BACK-OFFICE,palier de prix d'achat (10.34 € HT) → 4 ; appellation protégée citée (AOC Cidre du Cotentin) → +1
PROD-0314,Grande cuvée Cotentin AOC extra brut 2018-2019 75 cl,4,4,5,,,,,,,NON CALCULABLE (donnée absente des documents) : aucun prix de vente n'existe encore,NON CALCULABLE (donnée absente des documents) : à saisir en back-office,PROPOSITION AUTOMATIQUE – À VALIDER EN BACK-OFFICE,palier de prix d'achat (5.28 € HT) → 3 ; appellation protégée citée (AOC Cidre du Cotentin) → +1
PROD-0315,Cidre bio Cotentin AOC extra brut 2018 puis 2019 150 cl,5,5,5,,,,,,,NON CALCULABLE (donnée absente des documents) : aucun prix de vente n'existe encore,NON CALCULABLE (donnée absente des documents) : à saisir en back-office,PROPOSITION AUTOMATIQUE – À VALIDER EN BACK-OFFICE,palier de prix d'achat (11.66 € HT) → 4 ; appellation protégée citée (AOC Cidre du Cotentin) → +1
PROD-0316,Cidre bio cuvée gourmande demi sec 75 cl,2,2,,,,,,,,NON CALCULABLE (donnée absente des documents) : aucun prix de vente n'existe encore,NON CALCULABLE (donnée absente des documents) : à saisir en back-office,PROPOSITION AUTOMATIQUE – À VALIDER EN BACK-OFFICE,palier de prix d'achat (4.29 € HT) → 2
PROD-0317,Cidre bio micro cuvée N°1 vieilli fût chêne75 cl 2021,3,3,,,,,,,,NON CALCULABLE (donnée absente des documents) : aucun prix de vente n'existe encore,NON CALCULABLE (donnée absente des documents) : à saisir en back-office,PROPOSITION AUTOMATIQUE – À VALIDER EN BACK-OFFICE,palier de prix d'achat (7.48 € HT) → 3
PROD-0318,Cidre bio micro cuvée N°1 vieilli fût chêne150 cl 2019,4,4,,,,,,,,NON CALCULABLE (donnée absente des documents) : aucun prix de vente n'existe encore,NON CALCULABLE (donnée absente des documents) : à saisir en back-office,PROPOSITION AUTOMATIQUE – À VALIDER EN BACK-OFFICE,palier de prix d'achat (16.06 € HT) → 4
PROD-0319,Cidre bio micro cuvée N°2 cidre dégorgé 75 cl 2020,3,3,,,,,,,,NON CALCULABLE (donnée absente des documents) : aucun prix de vente n'existe encore,NON CALCULABLE (donnée absente des documents) : à saisir en back-office,PROPOSITION AUTOMATIQUE – À VALIDER EN BACK-OFFICE,palier de prix d'achat (8.36 € HT) → 3
PROD-0320,Cidre bio micro cuvée N°3 cidre fermenté barriques de vin,5,5,,,,,,,,NON CALCULABLE (donnée absente des documents) : aucun prix de vente n'existe encore,NON CALCULABLE (donnée absente des documents) : à saisir en back-office,PROPOSITION AUTOMATIQUE – À VALIDER EN BACK-OFFICE,palier de prix d'achat (10.23 € HT) → 4 ; spiritueux/vin de garde → +1
PROD-0321,Cidre bio micro cuvée N°4 Variétés acidulées,3,3,,,,,,,,NON CALCULABLE (donnée absente des documents) : aucun prix de vente n'existe encore,NON CALCULABLE (donnée absente des documents) : à saisir en back-office,PROPOSITION AUTOMATIQUE – À VALIDER EN BACK-OFFICE,palier de prix d'achat (7.15 € HT) → 3
PROD-0322,Cidre bio micro cuvée N°5 assemblage 50% amer 50% acidulé,3,3,,,,,,,,NON CALCULABLE (donnée absente des documents) : aucun prix de vente n'existe encore,NON CALCULABLE (donnée absente des documents) : à saisir en back-office,PROPOSITION AUTOMATIQUE – À VALIDER EN BACK-OFFICE,palier de prix d'achat (7.15 € HT) → 3
PROD-0323,Amour d'Hérout brut 33 cl cidre IGP,1,1,,,,,,,,NON CALCULABLE (donnée absente des documents) : aucun prix de vente n'existe encore,NON CALCULABLE (donnée absente des documents) : à saisir en back-office,PROPOSITION AUTOMATIQUE – À VALIDER EN BACK-OFFICE,palier de prix d'achat (1.93 € HT) → 1
PROD-0324,Amour d'Hérout brut 75 cl cidre IGP,2,2,,,,,,,,NON CALCULABLE (donnée absente des documents) : aucun prix de vente n'existe encore,NON CALCULABLE (donnée absente des documents) : à saisir en back-office,PROPOSITION AUTOMATIQUE – À VALIDER EN BACK-OFFICE,palier de prix d'achat (3.85 € HT) → 2
PROD-0325,Amour d'Hérout doux 33 cl cidre IGP,1,1,,,,,,,,NON CALCULABLE (donnée absente des documents) : aucun prix de vente n'existe encore,NON CALCULABLE (donnée absente des documents) : à saisir en back-office,PROPOSITION AUTOMATIQUE – À VALIDER EN BACK-OFFICE,palier de prix d'achat (1.93 € HT) → 1
PROD-0326,Calvados Héritage 12 ans d'âge 20 cl,5,5,5,,,,,,,NON CALCULABLE (donnée absente des documents) : aucun prix de vente n'existe encore,NON CALCULABLE (donnée absente des documents) : à saisir en back-office,PROPOSITION AUTOMATIQUE – À VALIDER EN BACK-OFFICE,palier de prix d'achat (16.06 € HT) → 4 ; appellation protégée citée (Calvados (AOC)) → +1 ; spiritueux/vin de garde → +1
PROD-0327,Calvados Héritage 12 ans d'âge 35 cl,5,5,5,,,,,,,NON CALCULABLE (donnée absente des documents) : aucun prix de vente n'existe encore,NON CALCULABLE (donnée absente des documents) : à saisir en back-office,PROPOSITION AUTOMATIQUE – À VALIDER EN BACK-OFFICE,palier de prix d'achat (25.25 € HT) → 5 ; appellation protégée citée (Calvados (AOC)) → +1 ; spiritueux/vin de garde → +1
PROD-0328,Calvados Héritage 12 ans d'âge 70 cl,5,5,5,,,,,,,NON CALCULABLE (donnée absente des documents) : aucun prix de vente n'existe encore,NON CALCULABLE (donnée absente des documents) : à saisir en back-office,PROPOSITION AUTOMATIQUE – À VALIDER EN BACK-OFFICE,palier de prix d'achat (43.34 € HT) → 5 ; appellation protégée citée (Calvados (AOC)) → +1 ; spiritueux/vin de garde → +1
PROD-0329,Calvados Héritage 12 ans d'âge 150 cl,5,5,5,,,,,,,NON CALCULABLE (donnée absente des documents) : aucun prix de vente n'existe encore,NON CALCULABLE (donnée absente des documents) : à saisir en back-office,PROPOSITION AUTOMATIQUE – À VALIDER EN BACK-OFFICE,palier de prix d'achat (96.69 € HT) → 5 ; appellation protégée citée (Calvados (AOC)) → +1 ; spiritueux/vin de garde → +1
PROD-0330,Calvados AOC-XO hors d'âge 6 ans 20 cl,5,5,5,,,,,,,NON CALCULABLE (donnée absente des documents) : aucun prix de vente n'existe encore,NON CALCULABLE (donnée absente des documents) : à saisir en back-office,PROPOSITION AUTOMATIQUE – À VALIDER EN BACK-OFFICE,palier de prix d'achat (13.53 € HT) → 4 ; appellation protégée citée (Calvados (AOC)) → +1 ; spiritueux/vin de garde → +1
PROD-0331,Calvados AOC-XO hors d'âge 6 ans 35 cl,5,5,5,,,,,,,NON CALCULABLE (donnée absente des documents) : aucun prix de vente n'existe encore,NON CALCULABLE (donnée absente des documents) : à saisir en back-office,PROPOSITION AUTOMATIQUE – À VALIDER EN BACK-OFFICE,palier de prix d'achat (21.23 € HT) → 4 ; appellation protégée citée (Calvados (AOC)) → +1 ; spiritueux/vin de garde → +1
PROD-0332,Calvados AOC-XO hors d'âge 6 ans 70 cl,5,5,5,,,,,,,NON CALCULABLE (donnée absente des documents) : aucun prix de vente n'existe encore,NON CALCULABLE (donnée absente des documents) : à saisir en back-office,PROPOSITION AUTOMATIQUE – À VALIDER EN BACK-OFFICE,palier de prix d'achat (36.52 € HT) → 5 ; appellation protégée citée (Calvados (AOC)) → +1 ; spiritueux/vin de garde → +1
PROD-0333,Calvados AOC-XO hors d'âge 6 ans 150 cl,5,5,5,,,,,,,NON CALCULABLE (donnée absente des documents) : aucun prix de vente n'existe encore,NON CALCULABLE (donnée absente des documents) : à saisir en back-office,PROPOSITION AUTOMATIQUE – À VALIDER EN BACK-OFFICE,palier de prix d'achat (82.83 € HT) → 5 ; appellation protégée citée (Calvados (AOC)) → +1 ; spiritueux/vin de garde → +1
PROD-0334,Calvados AOC-VSOP vielle réserve 4 ans 20 cl,5,5,5,,,,,,,NON CALCULABLE (donnée absente des documents) : aucun prix de vente n'existe encore,NON CALCULABLE (donnée absente des documents) : à saisir en back-office,PROPOSITION AUTOMATIQUE – À VALIDER EN BACK-OFFICE,palier de prix d'achat (11.33 € HT) → 4 ; appellation protégée citée (Calvados (AOC)) → +1 ; spiritueux/vin de garde → +1
PROD-0335,Calvados AOC-VSOP vielle réserve 4 ans 35 cl,5,5,5,,,,,,,NON CALCULABLE (donnée absente des documents) : aucun prix de vente n'existe encore,NON CALCULABLE (donnée absente des documents) : à saisir en back-office,PROPOSITION AUTOMATIQUE – À VALIDER EN BACK-OFFICE,palier de prix d'achat (17.82 € HT) → 4 ; appellation protégée citée (Calvados (AOC)) → +1 ; spiritueux/vin de garde → +1
PROD-0336,Calvados AOC-VSOP vielle réserve 4 ans 70 cl,5,5,5,,,,,,,NON CALCULABLE (donnée absente des documents) : aucun prix de vente n'existe encore,NON CALCULABLE (donnée absente des documents) : à saisir en back-office,PROPOSITION AUTOMATIQUE – À VALIDER EN BACK-OFFICE,palier de prix d'achat (30.70 € HT) → 5 ; appellation protégée citée (Calvados (AOC)) → +1 ; spiritueux/vin de garde → +1
PROD-0337,Calvados AOC-VSOP vielle réserve 4 ans 150 cl,5,5,5,,,,,,,NON CALCULABLE (donnée absente des documents) : aucun prix de vente n'existe encore,NON CALCULABLE (donnée absente des documents) : à saisir en back-office,PROPOSITION AUTOMATIQUE – À VALIDER EN BACK-OFFICE,palier de prix d'achat (69.85 € HT) → 5 ; appellation protégée citée (Calvados (AOC)) → +1 ; spiritueux/vin de garde → +1
PROD-0338,Calvados VS 2 ans 20 cl,5,5,5,,,,,,,NON CALCULABLE (donnée absente des documents) : aucun prix de vente n'existe encore,NON CALCULABLE (donnée absente des documents) : à saisir en back-office,PROPOSITION AUTOMATIQUE – À VALIDER EN BACK-OFFICE,palier de prix d'achat (9.57 € HT) → 3 ; appellation protégée citée (Calvados (AOC)) → +1 ; spiritueux/vin de garde → +1
PROD-0339,Calvados VS 2 ans 70 cl,5,5,5,,,,,,,NON CALCULABLE (donnée absente des documents) : aucun prix de vente n'existe encore,NON CALCULABLE (donnée absente des documents) : à saisir en back-office,PROPOSITION AUTOMATIQUE – À VALIDER EN BACK-OFFICE,palier de prix d'achat (25.41 € HT) → 5 ; appellation protégée citée (Calvados (AOC)) → +1 ; spiritueux/vin de garde → +1
PROD-0340,BLANCHE d'alambic bio 70 cl,5,5,,,,,,,,NON CALCULABLE (donnée absente des documents) : aucun prix de vente n'existe encore,NON CALCULABLE (donnée absente des documents) : à saisir en back-office,PROPOSITION AUTOMATIQUE – À VALIDER EN BACK-OFFICE,palier de prix d'achat (23.65 € HT) → 4 ; spiritueux/vin de garde → +1
PROD-0341,BLANCHE d'alambic bio 20 cl,4,4,,,,,,,,NON CALCULABLE (donnée absente des documents) : aucun prix de vente n'existe encore,NON CALCULABLE (donnée absente des documents) : à saisir en back-office,PROPOSITION AUTOMATIQUE – À VALIDER EN BACK-OFFICE,palier de prix d'achat (8.75 € HT) → 3 ; spiritueux/vin de garde → +1
PROD-0342,Pommeau bio 70 cl,5,5,,,,,,,,NON CALCULABLE (donnée absente des documents) : aucun prix de vente n'existe encore,NON CALCULABLE (donnée absente des documents) : à saisir en back-office,PROPOSITION AUTOMATIQUE – À VALIDER EN BACK-OFFICE,palier de prix d'achat (15.18 € HT) → 4 ; spiritueux/vin de garde → +1
PROD-0343,pommeau bio 20 cl,4,4,,,,,,,,NON CALCULABLE (donnée absente des documents) : aucun prix de vente n'existe encore,NON CALCULABLE (donnée absente des documents) : à saisir en back-office,PROPOSITION AUTOMATIQUE – À VALIDER EN BACK-OFFICE,palier de prix d'achat (6.27 € HT) → 3 ; spiritueux/vin de garde → +1
PROD-0344,Jus de pomme bio 25 cl,1,1,,,,,,,,NON CALCULABLE (donnée absente des documents) : aucun prix de vente n'existe encore,NON CALCULABLE (donnée absente des documents) : à saisir en back-office,PROPOSITION AUTOMATIQUE – À VALIDER EN BACK-OFFICE,palier de prix d'achat (1.98 € HT) → 1
PROD-0345,Jus de pomme bio 100 cl,2,2,,,,,,,,NON CALCULABLE (donnée absente des documents) : aucun prix de vente n'existe encore,NON CALCULABLE (donnée absente des documents) : à saisir en back-office,PROPOSITION AUTOMATIQUE – À VALIDER EN BACK-OFFICE,palier de prix d'achat (3.85 € HT) → 2
PROD-0346,jus de pomme bio 300 cl bib,3,3,,,,,,,,NON CALCULABLE (donnée absente des documents) : aucun prix de vente n'existe encore,NON CALCULABLE (donnée absente des documents) : à saisir en back-office,PROPOSITION AUTOMATIQUE – À VALIDER EN BACK-OFFICE,palier de prix d'achat (9.68 € HT) → 3
PROD-0347,Vinaigre de cidre bio 25 cl,2,2,,,,,,,,NON CALCULABLE (donnée absente des documents) : aucun prix de vente n'existe encore,NON CALCULABLE (donnée absente des documents) : à saisir en back-office,PROPOSITION AUTOMATIQUE – À VALIDER EN BACK-OFFICE,palier de prix d'achat (4.07 € HT) → 2
PROD-0348,Vinaigre de cidre bio 50 cl,3,3,,,,,,,,NON CALCULABLE (donnée absente des documents) : aucun prix de vente n'existe encore,NON CALCULABLE (donnée absente des documents) : à saisir en back-office,PROPOSITION AUTOMATIQUE – À VALIDER EN BACK-OFFICE,palier de prix d'achat (5.94 € HT) → 3
PROD-0349,"Jus de pomme Pétillant bio ""Prout"" 75cl NOUVEAU",2,2,,,,,,,,NON CALCULABLE (donnée absente des documents) : aucun prix de vente n'existe encore,NON CALCULABLE (donnée absente des documents) : à saisir en back-office,PROPOSITION AUTOMATIQUE – À VALIDER EN BACK-OFFICE,palier de prix d'achat (3.52 € HT) → 2
PROD-0350,Cidre Cotentin extra brut 75 cl,2,2,3,,,,,,,NON CALCULABLE (donnée absente des documents) : aucun prix de vente n'existe encore,NON CALCULABLE (donnée absente des documents) : à saisir en back-office,PROPOSITION AUTOMATIQUE – À VALIDER EN BACK-OFFICE,palier de prix d'achat (3.80 € HT) → 2
PROD-0351,Cidre Cotentin extra brut selection 75 cl,3,3,3,,,,,,,NON CALCULABLE (donnée absente des documents) : aucun prix de vente n'existe encore,NON CALCULABLE (donnée absente des documents) : à saisir en back-office,PROPOSITION AUTOMATIQUE – À VALIDER EN BACK-OFFICE,palier de prix d'achat (7.60 € HT) → 3
PROD-0352,Cidre Cotentin brut 75 cl,2,2,3,,,,,,,NON CALCULABLE (donnée absente des documents) : aucun prix de vente n'existe encore,NON CALCULABLE (donnée absente des documents) : à saisir en back-office,PROPOSITION AUTOMATIQUE – À VALIDER EN BACK-OFFICE,palier de prix d'achat (3.80 € HT) → 2
PROD-0353,Cidre Cotentin brut 33 cl,1,1,3,,,,,,,NON CALCULABLE (donnée absente des documents) : aucun prix de vente n'existe encore,NON CALCULABLE (donnée absente des documents) : à saisir en back-office,PROPOSITION AUTOMATIQUE – À VALIDER EN BACK-OFFICE,palier de prix d'achat (2.25 € HT) → 1
PROD-0354,Cidre Cotentin demi-sec 75 cl,2,2,3,,,,,,,NON CALCULABLE (donnée absente des documents) : aucun prix de vente n'existe encore,NON CALCULABLE (donnée absente des documents) : à saisir en back-office,PROPOSITION AUTOMATIQUE – À VALIDER EN BACK-OFFICE,palier de prix d'achat (4.32 € HT) → 2
PROD-0355,Cidre Cotentin doux 75 cl,2,2,3,,,,,,,NON CALCULABLE (donnée absente des documents) : aucun prix de vente n'existe encore,NON CALCULABLE (donnée absente des documents) : à saisir en back-office,PROPOSITION AUTOMATIQUE – À VALIDER EN BACK-OFFICE,palier de prix d'achat (3.60 € HT) → 2
PROD-0356,Fine de Claids 35 cl 40°,4,4,,,,,,,,NON CALCULABLE (donnée absente des documents) : aucun prix de vente n'existe encore,NON CALCULABLE (donnée absente des documents) : à saisir en back-office,PROPOSITION AUTOMATIQUE – À VALIDER EN BACK-OFFICE,palier de prix d'achat (18.00 € HT) → 4
PROD-0357,Calvados 5 ans 35cl,5,5,5,,,,,,,NON CALCULABLE (donnée absente des documents) : aucun prix de vente n'existe encore,NON CALCULABLE (donnée absente des documents) : à saisir en back-office,PROPOSITION AUTOMATIQUE – À VALIDER EN BACK-OFFICE,palier de prix d'achat (18.10 € HT) → 4 ; appellation protégée citée (Calvados (AOC)) → +1 ; spiritueux/vin de garde → +1
PROD-0358,Calvados 5 ans 70cl,5,5,5,,,,,,,NON CALCULABLE (donnée absente des documents) : aucun prix de vente n'existe encore,NON CALCULABLE (donnée absente des documents) : à saisir en back-office,PROPOSITION AUTOMATIQUE – À VALIDER EN BACK-OFFICE,palier de prix d'achat (27.00 € HT) → 5 ; appellation protégée citée (Calvados (AOC)) → +1 ; spiritueux/vin de garde → +1
PROD-0359,Calvados 7 ans 70cl,5,5,5,,,,,,,NON CALCULABLE (donnée absente des documents) : aucun prix de vente n'existe encore,NON CALCULABLE (donnée absente des documents) : à saisir en back-office,PROPOSITION AUTOMATIQUE – À VALIDER EN BACK-OFFICE,palier de prix d'achat (28.50 € HT) → 5 ; appellation protégée citée (Calvados (AOC)) → +1 ; spiritueux/vin de garde → +1
PROD-0360,Fine de Claids 70 cl 40°,5,5,,,,,,,,NON CALCULABLE (donnée absente des documents) : aucun prix de vente n'existe encore,NON CALCULABLE (donnée absente des documents) : à saisir en back-office,PROPOSITION AUTOMATIQUE – À VALIDER EN BACK-OFFICE,palier de prix d'achat (30.20 € HT) → 5
PROD-0361,Pommeau de Normandie 35 cl 17°,5,5,5,,,,,,,NON CALCULABLE (donnée absente des documents) : aucun prix de vente n'existe encore,NON CALCULABLE (donnée absente des documents) : à saisir en back-office,PROPOSITION AUTOMATIQUE – À VALIDER EN BACK-OFFICE,palier de prix d'achat (7.25 € HT) → 3 ; appellation protégée citée (Pommeau de Normandie (AOC)) → +1 ; spiritueux/vin de garde → +1
PROD-0362,Pommeau de Normandie 70 cl 17°,5,5,5,,,,,,,NON CALCULABLE (donnée absente des documents) : aucun prix de vente n'existe encore,NON CALCULABLE (donnée absente des documents) : à saisir en back-office,PROPOSITION AUTOMATIQUE – À VALIDER EN BACK-OFFICE,palier de prix d'achat (11.35 € HT) → 4 ; appellation protégée citée (Pommeau de Normandie (AOC)) → +1 ; spiritueux/vin de garde → +1
PROD-0363,Apéro Claids 70 cl 12°,4,4,,,,,,,,NON CALCULABLE (donnée absente des documents) : aucun prix de vente n'existe encore,NON CALCULABLE (donnée absente des documents) : à saisir en back-office,PROPOSITION AUTOMATIQUE – À VALIDER EN BACK-OFFICE,palier de prix d'achat (10.35 € HT) → 4
PROD-0364,"Liqueur 44 ""le chiffre Claids"" 35 cl 32°",4,4,,,,,,,,NON CALCULABLE (donnée absente des documents) : aucun prix de vente n'existe encore,NON CALCULABLE (donnée absente des documents) : à saisir en back-office,PROPOSITION AUTOMATIQUE – À VALIDER EN BACK-OFFICE,palier de prix d'achat (16.20 € HT) → 4
PROD-0365,"Liqueur 44 ""le chiffre Claids"" 70 cl 32°",5,5,,,,,,,,NON CALCULABLE (donnée absente des documents) : aucun prix de vente n'existe encore,NON CALCULABLE (donnée absente des documents) : à saisir en back-office,PROPOSITION AUTOMATIQUE – À VALIDER EN BACK-OFFICE,palier de prix d'achat (25.50 € HT) → 5
PROD-0366,"""Keys' Claids"" 70 cl 41°",5,5,,,,,,,,NON CALCULABLE (donnée absente des documents) : aucun prix de vente n'existe encore,NON CALCULABLE (donnée absente des documents) : à saisir en back-office,PROPOSITION AUTOMATIQUE – À VALIDER EN BACK-OFFICE,palier de prix d'achat (38.33 € HT) → 5
PROD-0367,Jus de pomme 100 cl,2,2,,,,,,,,NON CALCULABLE (donnée absente des documents) : aucun prix de vente n'existe encore,NON CALCULABLE (donnée absente des documents) : à saisir en back-office,PROPOSITION AUTOMATIQUE – À VALIDER EN BACK-OFFICE,palier de prix d'achat (3.30 € HT) → 2
PROD-0368,Jus de pomme 25 cl,1,1,,,,,,,,NON CALCULABLE (donnée absente des documents) : aucun prix de vente n'existe encore,NON CALCULABLE (donnée absente des documents) : à saisir en back-office,PROPOSITION AUTOMATIQUE – À VALIDER EN BACK-OFFICE,palier de prix d'achat (1.90 € HT) → 1
PROD-0369,Aigrette de Claids (vinaigre de cidre) 50 cl,2,2,,,,,,,,NON CALCULABLE (donnée absente des documents) : aucun prix de vente n'existe encore,NON CALCULABLE (donnée absente des documents) : à saisir en back-office,PROPOSITION AUTOMATIQUE – À VALIDER EN BACK-OFFICE,palier de prix d'achat (3.15 € HT) → 2
PROD-0370,Crème de Calvados 70 cl,5,5,,,,,,,,NON CALCULABLE (donnée absente des documents) : aucun prix de vente n'existe encore,NON CALCULABLE (donnée absente des documents) : à saisir en back-office,PROPOSITION AUTOMATIQUE – À VALIDER EN BACK-OFFICE,palier de prix d'achat (13.50 € HT) → 4 ; spiritueux/vin de garde → +1
PROD-0371,Crème de Calvados 35 cl,4,4,,,,,,,,NON CALCULABLE (donnée absente des documents) : aucun prix de vente n'existe encore,NON CALCULABLE (donnée absente des documents) : à saisir en back-office,PROPOSITION AUTOMATIQUE – À VALIDER EN BACK-OFFICE,palier de prix d'achat (9.10 € HT) → 3 ; spiritueux/vin de garde → +1
PROD-0372,Liqueur 44 35 cl 40°,4,4,,,,,,,,NON CALCULABLE (donnée absente des documents) : aucun prix de vente n'existe encore,NON CALCULABLE (donnée absente des documents) : à saisir en back-office,PROPOSITION AUTOMATIQUE – À VALIDER EN BACK-OFFICE,palier de prix d'achat (15.40 € HT) → 4
PROD-0373,Bière blonde 33 cl / 24 Au prés de ma blonde,1,1,,,,,,,,NON CALCULABLE (donnée absente des documents) : aucun prix de vente n'existe encore,NON CALCULABLE (donnée absente des documents) : à saisir en back-office,PROPOSITION AUTOMATIQUE – À VALIDER EN BACK-OFFICE,palier de prix d'achat (1.96 € HT) → 1
PROD-0374,Bière blonde 75 cl / 9 Au prés de ma blonde,2,2,,,,,,,,NON CALCULABLE (donnée absente des documents) : aucun prix de vente n'existe encore,NON CALCULABLE (donnée absente des documents) : à saisir en back-office,PROPOSITION AUTOMATIQUE – À VALIDER EN BACK-OFFICE,palier de prix d'achat (3.64 € HT) → 2
PROD-0375,Bière ambrée 33 cl / 24 Ambrée du hameau,1,1,,,,,,,,NON CALCULABLE (donnée absente des documents) : aucun prix de vente n'existe encore,NON CALCULABLE (donnée absente des documents) : à saisir en back-office,PROPOSITION AUTOMATIQUE – À VALIDER EN BACK-OFFICE,palier de prix d'achat (1.96 € HT) → 1
PROD-0376,Bière ambrée 75 cl / 9 Ambrée du hameau,2,2,,,,,,,,NON CALCULABLE (donnée absente des documents) : aucun prix de vente n'existe encore,NON CALCULABLE (donnée absente des documents) : à saisir en back-office,PROPOSITION AUTOMATIQUE – À VALIDER EN BACK-OFFICE,palier de prix d'achat (3.64 € HT) → 2
PROD-0377,Bière blanche 33 cl / 24 La Caennette,1,1,,,,,,,,NON CALCULABLE (donnée absente des documents) : aucun prix de vente n'existe encore,NON CALCULABLE (donnée absente des documents) : à saisir en back-office,PROPOSITION AUTOMATIQUE – À VALIDER EN BACK-OFFICE,palier de prix d'achat (1.96 € HT) → 1
PROD-0378,Bière blanche 75 cl / 9 La Caennette,2,2,,,,,,,,NON CALCULABLE (donnée absente des documents) : aucun prix de vente n'existe encore,NON CALCULABLE (donnée absente des documents) : à saisir en back-office,PROPOSITION AUTOMATIQUE – À VALIDER EN BACK-OFFICE,palier de prix d'achat (3.64 € HT) → 2
PROD-0379,Bière brune 33 cl / 24 Quai des brune,1,1,,,,,,,,NON CALCULABLE (donnée absente des documents) : aucun prix de vente n'existe encore,NON CALCULABLE (donnée absente des documents) : à saisir en back-office,PROPOSITION AUTOMATIQUE – À VALIDER EN BACK-OFFICE,palier de prix d'achat (1.96 € HT) → 1
PROD-0380,Bière brune 75 cl / 9 Quai des brunes,2,2,,,,,,,,NON CALCULABLE (donnée absente des documents) : aucun prix de vente n'existe encore,NON CALCULABLE (donnée absente des documents) : à saisir en back-office,PROPOSITION AUTOMATIQUE – À VALIDER EN BACK-OFFICE,palier de prix d'achat (3.64 € HT) → 2
PROD-0381,Bière triple 33 cl / 24 Triple à la mode de Caen,1,1,,,,,,,,NON CALCULABLE (donnée absente des documents) : aucun prix de vente n'existe encore,NON CALCULABLE (donnée absente des documents) : à saisir en back-office,PROPOSITION AUTOMATIQUE – À VALIDER EN BACK-OFFICE,palier de prix d'achat (2.01 € HT) → 1
PROD-0382,Bière triple 75 cl / 9 Triple à la mode de Caen,2,2,,,,,,,,NON CALCULABLE (donnée absente des documents) : aucun prix de vente n'existe encore,NON CALCULABLE (donnée absente des documents) : à saisir en back-office,PROPOSITION AUTOMATIQUE – À VALIDER EN BACK-OFFICE,palier de prix d'achat (3.80 € HT) → 2
PROD-0383,Bière rousse Conté fleurette 33 cl / 24,1,1,,,,,,,,NON CALCULABLE (donnée absente des documents) : aucun prix de vente n'existe encore,NON CALCULABLE (donnée absente des documents) : à saisir en back-office,PROPOSITION AUTOMATIQUE – À VALIDER EN BACK-OFFICE,palier de prix d'achat (1.96 € HT) → 1
PROD-0384,Bière rousse Conté fleurette 75 cl / 9,2,2,,,,,,,,NON CALCULABLE (donnée absente des documents) : aucun prix de vente n'existe encore,NON CALCULABLE (donnée absente des documents) : à saisir en back-office,PROPOSITION AUTOMATIQUE – À VALIDER EN BACK-OFFICE,palier de prix d'achat (3.64 € HT) → 2
PROD-0385,Bière blonde Pale Ale  33 cl / 24 la Suisse Normande,1,1,3,,,,,,,NON CALCULABLE (donnée absente des documents) : aucun prix de vente n'existe encore,NON CALCULABLE (donnée absente des documents) : à saisir en back-office,PROPOSITION AUTOMATIQUE – À VALIDER EN BACK-OFFICE,palier de prix d'achat (1.96 € HT) → 1
PROD-0386,Bière blonde Pale Ale  75 cl / 9 la Suisse Normande,2,2,3,,,,,,,NON CALCULABLE (donnée absente des documents) : aucun prix de vente n'existe encore,NON CALCULABLE (donnée absente des documents) : à saisir en back-office,PROPOSITION AUTOMATIQUE – À VALIDER EN BACK-OFFICE,palier de prix d'achat (3.64 € HT) → 2
PROD-0387,Bière de Noel 33 cl / 24 ça sent le sapin,1,1,,5,,,,,,NON CALCULABLE (donnée absente des documents) : aucun prix de vente n'existe encore,NON CALCULABLE (donnée absente des documents) : à saisir en back-office,PROPOSITION AUTOMATIQUE – À VALIDER EN BACK-OFFICE,palier de prix d'achat (1.96 € HT) → 1
PROD-0388,Bière de Noel 75 cl / 9 ça sent le sapin,2,2,,5,,,,,,NON CALCULABLE (donnée absente des documents) : aucun prix de vente n'existe encore,NON CALCULABLE (donnée absente des documents) : à saisir en back-office,PROPOSITION AUTOMATIQUE – À VALIDER EN BACK-OFFICE,palier de prix d'achat (3.64 € HT) → 2
PROD-0389,Bière édition limité du moment 33 cl / 24,1,1,,,,,,,,NON CALCULABLE (donnée absente des documents) : aucun prix de vente n'existe encore,NON CALCULABLE (donnée absente des documents) : à saisir en back-office,PROPOSITION AUTOMATIQUE – À VALIDER EN BACK-OFFICE,palier de prix d'achat (1.96 € HT) → 1
PROD-0390,Bière édition limité du moment 75 cl / 9,2,2,,,,,,,,NON CALCULABLE (donnée absente des documents) : aucun prix de vente n'existe encore,NON CALCULABLE (donnée absente des documents) : à saisir en back-office,PROPOSITION AUTOMATIQUE – À VALIDER EN BACK-OFFICE,palier de prix d'achat (3.64 € HT) → 2
PROD-0391,Pack 6 bouteilles 33 cl,1,1,,,,,,,,NON CALCULABLE (donnée absente des documents) : aucun prix de vente n'existe encore,NON CALCULABLE (donnée absente des documents) : à saisir en back-office,PROPOSITION AUTOMATIQUE – À VALIDER EN BACK-OFFICE,palier de prix d'achat (0.85 € HT) → 1
PROD-0392,Pack 6 bouteilles 33 cl + 2 verres,1,1,,,,,,,,NON CALCULABLE (donnée absente des documents) : aucun prix de vente n'existe encore,NON CALCULABLE (donnée absente des documents) : à saisir en back-office,PROPOSITION AUTOMATIQUE – À VALIDER EN BACK-OFFICE,palier de prix d'achat (1.16 € HT) → 1
PROD-0393,Pack 3 bouteilles 75 cl,1,1,,,,,,,,NON CALCULABLE (donnée absente des documents) : aucun prix de vente n'existe encore,NON CALCULABLE (donnée absente des documents) : à saisir en back-office,PROPOSITION AUTOMATIQUE – À VALIDER EN BACK-OFFICE,palier de prix d'achat (1.06 € HT) → 1
PROD-0394,Pack 1 bouteilles 75 cl + 2 verres,1,1,,,,,,,,NON CALCULABLE (donnée absente des documents) : aucun prix de vente n'existe encore,NON CALCULABLE (donnée absente des documents) : à saisir en back-office,PROPOSITION AUTOMATIQUE – À VALIDER EN BACK-OFFICE,palier de prix d'achat (1.12 € HT) → 1
PROD-0395,Demi mètre craft logoté composé de 9 bières 33 cl,4,4,,,,,,,,NON CALCULABLE (donnée absente des documents) : aucun prix de vente n'existe encore,NON CALCULABLE (donnée absente des documents) : à saisir en back-office,PROPOSITION AUTOMATIQUE – À VALIDER EN BACK-OFFICE,palier de prix d'achat (21.35 € HT) → 4
PROD-0396,Pinte 50 cl Brasserie Lalie,1,1,,,,,,,,NON CALCULABLE (donnée absente des documents) : aucun prix de vente n'existe encore,NON CALCULABLE (donnée absente des documents) : à saisir en back-office,PROPOSITION AUTOMATIQUE – À VALIDER EN BACK-OFFICE,palier de prix d'achat (2.38 € HT) → 1
PROD-0397,Verre à bière Brasserie Lalie 25 cl,1,1,,,,,,,,NON CALCULABLE (donnée absente des documents) : aucun prix de vente n'existe encore,NON CALCULABLE (donnée absente des documents) : à saisir en back-office,PROPOSITION AUTOMATIQUE – À VALIDER EN BACK-OFFICE,palier de prix d'achat (2.10 € HT) → 1
PROD-0398,CONNIVENCE BLANC 75 cl  14° en coffret de 6,4,4,,,,,,,,NON CALCULABLE (donnée absente des documents) : aucun prix de vente n'existe encore,NON CALCULABLE (donnée absente des documents) : à saisir en back-office,PROPOSITION AUTOMATIQUE – À VALIDER EN BACK-OFFICE,palier de prix d'achat (15.90 € HT) → 4
PROD-0399,PINOT NOIR 50 CL rouge 12 ° en coffret de 6,3,3,,,,,,,,NON CALCULABLE (donnée absente des documents) : aucun prix de vente n'existe encore,NON CALCULABLE (donnée absente des documents) : à saisir en back-office,PROPOSITION AUTOMATIQUE – À VALIDER EN BACK-OFFICE,palier de prix d'achat (8.80 € HT) → 3
PROD-0400,PINOT NOIR magnum 150 CL rouge 12 ° en coffret de 3,5,5,,,,,,,,NON CALCULABLE (donnée absente des documents) : aucun prix de vente n'existe encore,NON CALCULABLE (donnée absente des documents) : à saisir en back-office,PROPOSITION AUTOMATIQUE – À VALIDER EN BACK-OFFICE,palier de prix d'achat (28.75 € HT) → 5
PROD-0401,AUXERROIS 50 CL blanc 12 °  en coffret de 6,3,3,,,,,,,,NON CALCULABLE (donnée absente des documents) : aucun prix de vente n'existe encore,NON CALCULABLE (donnée absente des documents) : à saisir en back-office,PROPOSITION AUTOMATIQUE – À VALIDER EN BACK-OFFICE,palier de prix d'achat (6.75 € HT) → 3
PROD-0402,PINOT Gris 50 CL en coffret de 6,3,3,,,,,,,,NON CALCULABLE (donnée absente des documents) : aucun prix de vente n'existe encore,NON CALCULABLE (donnée absente des documents) : à saisir en back-office,PROPOSITION AUTOMATIQUE – À VALIDER EN BACK-OFFICE,palier de prix d'achat (8.80 € HT) → 3
PROD-0403,AUXERROIS magnum 150 CL blanc 12 °  en coffret de 3,5,5,,,,,,,,NON CALCULABLE (donnée absente des documents) : aucun prix de vente n'existe encore,NON CALCULABLE (donnée absente des documents) : à saisir en back-office,PROPOSITION AUTOMATIQUE – À VALIDER EN BACK-OFFICE,palier de prix d'achat (28.75 € HT) → 5
PROD-0404,Gin 40° 70 cl   Echantillon gratuit pour 6 sur demande,4,4,,,,,,,,NON CALCULABLE (donnée absente des documents) : aucun prix de vente n'existe encore,NON CALCULABLE (donnée absente des documents) : à saisir en back-office,PROPOSITION AUTOMATIQUE – À VALIDER EN BACK-OFFICE,palier de prix d'achat (23.25 € HT) → 4
PROD-0405,Gin 40 ° 20 cl,3,3,,,,,,,,NON CALCULABLE (donnée absente des documents) : aucun prix de vente n'existe encore,NON CALCULABLE (donnée absente des documents) : à saisir en back-office,PROPOSITION AUTOMATIQUE – À VALIDER EN BACK-OFFICE,palier de prix d'achat (9.40 € HT) → 3
PROD-0406,Gin 40° 70 cl   Concombre-basilic-pomme Echantillon gratuit sur demande,4,4,,,,,,,,NON CALCULABLE (donnée absente des documents) : aucun prix de vente n'existe encore,NON CALCULABLE (donnée absente des documents) : à saisir en back-office,PROPOSITION AUTOMATIQUE – À VALIDER EN BACK-OFFICE,palier de prix d'achat (23.25 € HT) → 4
PROD-0407,Gin fusion  21 ° Rhubarbe Menthe 50 cl,4,4,,,,,,,,NON CALCULABLE (donnée absente des documents) : aucun prix de vente n'existe encore,NON CALCULABLE (donnée absente des documents) : à saisir en back-office,PROPOSITION AUTOMATIQUE – À VALIDER EN BACK-OFFICE,palier de prix d'achat (13.80 € HT) → 4
PROD-0408,Gin fusion 21° Framboise Hibiscus 50 cl,4,4,,,,,,,,NON CALCULABLE (donnée absente des documents) : aucun prix de vente n'existe encore,NON CALCULABLE (donnée absente des documents) : à saisir en back-office,PROPOSITION AUTOMATIQUE – À VALIDER EN BACK-OFFICE,palier de prix d'achat (13.80 € HT) → 4
PROD-0409,Vodka 40° 70 cl  Echantillon gratuit pour 6 sur demande,4,4,,,,,,,,NON CALCULABLE (donnée absente des documents) : aucun prix de vente n'existe encore,NON CALCULABLE (donnée absente des documents) : à saisir en back-office,PROPOSITION AUTOMATIQUE – À VALIDER EN BACK-OFFICE,palier de prix d'achat (20.70 € HT) → 4
PROD-0410,Vodka Normande 40° 20 cl,3,3,3,,,,,,,NON CALCULABLE (donnée absente des documents) : aucun prix de vente n'existe encore,NON CALCULABLE (donnée absente des documents) : à saisir en back-office,PROPOSITION AUTOMATIQUE – À VALIDER EN BACK-OFFICE,palier de prix d'achat (9.40 € HT) → 3
PROD-0411,Liqueur de café Cold brew 25° 70 cl Echantillon gratuit pour 6 sur demande,4,4,,,,,,,,NON CALCULABLE (donnée absente des documents) : aucun prix de vente n'existe encore,NON CALCULABLE (donnée absente des documents) : à saisir en back-office,PROPOSITION AUTOMATIQUE – À VALIDER EN BACK-OFFICE,palier de prix d'achat (19.50 € HT) → 4
PROD-0412,Liqueur de café Cold brew 25° 20 cl,3,3,,,,,,,,NON CALCULABLE (donnée absente des documents) : aucun prix de vente n'existe encore,NON CALCULABLE (donnée absente des documents) : à saisir en back-office,PROPOSITION AUTOMATIQUE – À VALIDER EN BACK-OFFICE,palier de prix d'achat (8.50 € HT) → 3
PROD-0413,Limoncello 50 cl Liqueur de citron Echantillon gratuit pour 6 sur demande,4,4,,,,,,,,NON CALCULABLE (donnée absente des documents) : aucun prix de vente n'existe encore,NON CALCULABLE (donnée absente des documents) : à saisir en back-office,PROPOSITION AUTOMATIQUE – À VALIDER EN BACK-OFFICE,palier de prix d'achat (14.60 € HT) → 4
PROD-0414,"Rhum botanique ""Jardin à l'Anglaise"" 70 cl 40° Nouveau design",4,4,,,,,,,,NON CALCULABLE (donnée absente des documents) : aucun prix de vente n'existe encore,NON CALCULABLE (donnée absente des documents) : à saisir en back-office,PROPOSITION AUTOMATIQUE – À VALIDER EN BACK-OFFICE,palier de prix d'achat (24.85 € HT) → 4
PROD-0415,"Rhum botanique ""Le chaleureux"" 70 cl 40° Nouveau design",4,4,,,,,,,,NON CALCULABLE (donnée absente des documents) : aucun prix de vente n'existe encore,NON CALCULABLE (donnée absente des documents) : à saisir en back-office,PROPOSITION AUTOMATIQUE – À VALIDER EN BACK-OFFICE,palier de prix d'achat (24.85 € HT) → 4
PROD-0416,"Les singuliers ""Cask finish"" 50 cl",4,4,,,,,,,,NON CALCULABLE (donnée absente des documents) : aucun prix de vente n'existe encore,NON CALCULABLE (donnée absente des documents) : à saisir en back-office,PROPOSITION AUTOMATIQUE – À VALIDER EN BACK-OFFICE,palier de prix d'achat (19.00 € HT) → 4
PROD-0417,"Coffret 3 X 20 cl Gin, Vodka et Cold brew,",5,5,,,,,,,,NON CALCULABLE (donnée absente des documents) : aucun prix de vente n'existe encore,NON CALCULABLE (donnée absente des documents) : à saisir en back-office,PROPOSITION AUTOMATIQUE – À VALIDER EN BACK-OFFICE,palier de prix d'achat (33.35 € HT) → 5
PROD-0418,PASTIS du verger Echantillon gratuit pour 6 sur demande,4,4,,,,,,,,NON CALCULABLE (donnée absente des documents) : aucun prix de vente n'existe encore,NON CALCULABLE (donnée absente des documents) : à saisir en back-office,PROPOSITION AUTOMATIQUE – À VALIDER EN BACK-OFFICE,palier de prix d'achat (19.30 € HT) → 4
PROD-0419,Savon Bebe hypoallergenique beurre karité,2,2,,,,,,,,NON CALCULABLE (donnée absente des documents) : aucun prix de vente n'existe encore,NON CALCULABLE (donnée absente des documents) : à saisir en back-office,PROPOSITION AUTOMATIQUE – À VALIDER EN BACK-OFFICE,palier de prix d'achat (3.50 € HT) → 2
PROD-0420,"Lait démaquillant parfum ""fleur de pommier""",3,3,,,,,,,,NON CALCULABLE (donnée absente des documents) : aucun prix de vente n'existe encore,NON CALCULABLE (donnée absente des documents) : à saisir en back-office,PROPOSITION AUTOMATIQUE – À VALIDER EN BACK-OFFICE,palier de prix d'achat (8.50 € HT) → 3
PROD-0421,Savon 100 grs lait,2,2,,,5,,,,,NON CALCULABLE (donnée absente des documents) : aucun prix de vente n'existe encore,NON CALCULABLE (donnée absente des documents) : à saisir en back-office,PROPOSITION AUTOMATIQUE – À VALIDER EN BACK-OFFICE,palier de prix d'achat (2.90 € HT) → 2
PROD-0422,Savon 100 grs amande douce,2,2,,,5,,,,,NON CALCULABLE (donnée absente des documents) : aucun prix de vente n'existe encore,NON CALCULABLE (donnée absente des documents) : à saisir en back-office,PROPOSITION AUTOMATIQUE – À VALIDER EN BACK-OFFICE,palier de prix d'achat (2.90 € HT) → 2
PROD-0423,Savon 100 grs chèvrefeuille,2,2,,,5,,,,,NON CALCULABLE (donnée absente des documents) : aucun prix de vente n'existe encore,NON CALCULABLE (donnée absente des documents) : à saisir en back-office,PROPOSITION AUTOMATIQUE – À VALIDER EN BACK-OFFICE,palier de prix d'achat (2.90 € HT) → 2
PROD-0424,Savon 100 grs miel,2,2,,,5,,,,,NON CALCULABLE (donnée absente des documents) : aucun prix de vente n'existe encore,NON CALCULABLE (donnée absente des documents) : à saisir en back-office,PROPOSITION AUTOMATIQUE – À VALIDER EN BACK-OFFICE,palier de prix d'achat (2.90 € HT) → 2
PROD-0425,Savon 100 grs thé,2,2,,,5,,,,,NON CALCULABLE (donnée absente des documents) : aucun prix de vente n'existe encore,NON CALCULABLE (donnée absente des documents) : à saisir en back-office,PROPOSITION AUTOMATIQUE – À VALIDER EN BACK-OFFICE,palier de prix d'achat (2.90 € HT) → 2
PROD-0426,Savon 100 grs marine,2,2,,,5,,,,,NON CALCULABLE (donnée absente des documents) : aucun prix de vente n'existe encore,NON CALCULABLE (donnée absente des documents) : à saisir en back-office,PROPOSITION AUTOMATIQUE – À VALIDER EN BACK-OFFICE,palier de prix d'achat (2.90 € HT) → 2
PROD-0427,Savon 100 grs rose,2,2,,,5,,,,,NON CALCULABLE (donnée absente des documents) : aucun prix de vente n'existe encore,NON CALCULABLE (donnée absente des documents) : à saisir en back-office,PROPOSITION AUTOMATIQUE – À VALIDER EN BACK-OFFICE,palier de prix d'achat (2.90 € HT) → 2
PROD-0428,Savon 100 grs fleur de pommier,2,2,,,5,,,,,NON CALCULABLE (donnée absente des documents) : aucun prix de vente n'existe encore,NON CALCULABLE (donnée absente des documents) : à saisir en back-office,PROPOSITION AUTOMATIQUE – À VALIDER EN BACK-OFFICE,palier de prix d'achat (2.90 € HT) → 2
PROD-0429,Bain douche 250 ml lait,3,3,,,,,,,,NON CALCULABLE (donnée absente des documents) : aucun prix de vente n'existe encore,NON CALCULABLE (donnée absente des documents) : à saisir en back-office,PROPOSITION AUTOMATIQUE – À VALIDER EN BACK-OFFICE,palier de prix d'achat (7.70 € HT) → 3
PROD-0430,Bain douche 250 ml amande douce,3,3,,,,,,,,NON CALCULABLE (donnée absente des documents) : aucun prix de vente n'existe encore,NON CALCULABLE (donnée absente des documents) : à saisir en back-office,PROPOSITION AUTOMATIQUE – À VALIDER EN BACK-OFFICE,palier de prix d'achat (7.70 € HT) → 3
PROD-0431,Bain douche 250 ml thé blanc,3,3,,,,,,,,NON CALCULABLE (donnée absente des documents) : aucun prix de vente n'existe encore,NON CALCULABLE (donnée absente des documents) : à saisir en back-office,PROPOSITION AUTOMATIQUE – À VALIDER EN BACK-OFFICE,palier de prix d'achat (7.70 € HT) → 3
PROD-0432,Bain douche 250 ml marine,3,3,,,,,,,,NON CALCULABLE (donnée absente des documents) : aucun prix de vente n'existe encore,NON CALCULABLE (donnée absente des documents) : à saisir en back-office,PROPOSITION AUTOMATIQUE – À VALIDER EN BACK-OFFICE,palier de prix d'achat (7.70 € HT) → 3
PROD-0433,Bain douche 250 ml chèvrefeuille,3,3,,,,,,,,NON CALCULABLE (donnée absente des documents) : aucun prix de vente n'existe encore,NON CALCULABLE (donnée absente des documents) : à saisir en back-office,PROPOSITION AUTOMATIQUE – À VALIDER EN BACK-OFFICE,palier de prix d'achat (7.70 € HT) → 3
PROD-0434,Bain douche 250 ml avoine,3,3,,,,,,,,NON CALCULABLE (donnée absente des documents) : aucun prix de vente n'existe encore,NON CALCULABLE (donnée absente des documents) : à saisir en back-office,PROPOSITION AUTOMATIQUE – À VALIDER EN BACK-OFFICE,palier de prix d'achat (7.70 € HT) → 3
PROD-0435,Bain douche 250 ml fleur de pommier,3,3,,,,,,,,NON CALCULABLE (donnée absente des documents) : aucun prix de vente n'existe encore,NON CALCULABLE (donnée absente des documents) : à saisir en back-office,PROPOSITION AUTOMATIQUE – À VALIDER EN BACK-OFFICE,palier de prix d'achat (7.70 € HT) → 3
PROD-0436,Shampoing 200 ml,3,3,,,,,,,,NON CALCULABLE (donnée absente des documents) : aucun prix de vente n'existe encore,NON CALCULABLE (donnée absente des documents) : à saisir en back-office,PROPOSITION AUTOMATIQUE – À VALIDER EN BACK-OFFICE,palier de prix d'achat (7.80 € HT) → 3
PROD-0437,Crème hydratante 50 ml,4,4,,,,,,,,NON CALCULABLE (donnée absente des documents) : aucun prix de vente n'existe encore,NON CALCULABLE (donnée absente des documents) : à saisir en back-office,PROPOSITION AUTOMATIQUE – À VALIDER EN BACK-OFFICE,palier de prix d'achat (11.30 € HT) → 4
PROD-0438,Crème antiride 50 ml,4,4,,,,,,,,NON CALCULABLE (donnée absente des documents) : aucun prix de vente n'existe encore,NON CALCULABLE (donnée absente des documents) : à saisir en back-office,PROPOSITION AUTOMATIQUE – À VALIDER EN BACK-OFFICE,palier de prix d'achat (12.80 € HT) → 4
PROD-0439,Lait corporel 200 ml,4,4,,,,,,,,NON CALCULABLE (donnée absente des documents) : aucun prix de vente n'existe encore,NON CALCULABLE (donnée absente des documents) : à saisir en back-office,PROPOSITION AUTOMATIQUE – À VALIDER EN BACK-OFFICE,palier de prix d'achat (13.70 € HT) → 4
PROD-0440,Crème pieds 50 ml,3,3,,,,,,,,NON CALCULABLE (donnée absente des documents) : aucun prix de vente n'existe encore,NON CALCULABLE (donnée absente des documents) : à saisir en back-office,PROPOSITION AUTOMATIQUE – À VALIDER EN BACK-OFFICE,palier de prix d'achat (8.45 € HT) → 3
PROD-0441,Crème main 50 ml,3,3,,,,,,,,NON CALCULABLE (donnée absente des documents) : aucun prix de vente n'existe encore,NON CALCULABLE (donnée absente des documents) : à saisir en back-office,PROPOSITION AUTOMATIQUE – À VALIDER EN BACK-OFFICE,palier de prix d'achat (8.45 € HT) → 3
PROD-0442,Miel de Fleurs de Normandie 250gr,2,2,3,,5,,,,,NON CALCULABLE (donnée absente des documents) : aucun prix de vente n'existe encore,NON CALCULABLE (donnée absente des documents) : à saisir en back-office,PROPOSITION AUTOMATIQUE – À VALIDER EN BACK-OFFICE,palier de prix d'achat (4.25 € HT) → 2
PROD-0443,Miel de Fleurs de Normandie 500gr,3,3,3,,3,,,,,NON CALCULABLE (donnée absente des documents) : aucun prix de vente n'existe encore,NON CALCULABLE (donnée absente des documents) : à saisir en back-office,PROPOSITION AUTOMATIQUE – À VALIDER EN BACK-OFFICE,palier de prix d'achat (6.30 € HT) → 3
PROD-0444,Miel d'Acacia 250gr,3,3,3,,5,,,,,NON CALCULABLE (donnée absente des documents) : aucun prix de vente n'existe encore,NON CALCULABLE (donnée absente des documents) : à saisir en back-office,PROPOSITION AUTOMATIQUE – À VALIDER EN BACK-OFFICE,palier de prix d'achat (5.80 € HT) → 3
PROD-0445,Miel d'Acacia 500gr,3,3,3,,3,,,,,NON CALCULABLE (donnée absente des documents) : aucun prix de vente n'existe encore,NON CALCULABLE (donnée absente des documents) : à saisir en back-office,PROPOSITION AUTOMATIQUE – À VALIDER EN BACK-OFFICE,palier de prix d'achat (9.40 € HT) → 3
PROD-0446,Miel de Tilleul 250gr,3,3,3,,5,,,,,NON CALCULABLE (donnée absente des documents) : aucun prix de vente n'existe encore,NON CALCULABLE (donnée absente des documents) : à saisir en back-office,PROPOSITION AUTOMATIQUE – À VALIDER EN BACK-OFFICE,palier de prix d'achat (5.80 € HT) → 3
PROD-0447,Miel de Tilleul 500gr,3,3,3,,3,,,,,NON CALCULABLE (donnée absente des documents) : aucun prix de vente n'existe encore,NON CALCULABLE (donnée absente des documents) : à saisir en back-office,PROPOSITION AUTOMATIQUE – À VALIDER EN BACK-OFFICE,palier de prix d'achat (9.40 € HT) → 3
PROD-0448,Miel de Chataigner 250gr,3,3,3,,5,,,,,NON CALCULABLE (donnée absente des documents) : aucun prix de vente n'existe encore,NON CALCULABLE (donnée absente des documents) : à saisir en back-office,PROPOSITION AUTOMATIQUE – À VALIDER EN BACK-OFFICE,palier de prix d'achat (5.80 € HT) → 3
PROD-0449,Miel de Chataigner 500gr,3,3,3,,3,,,,,NON CALCULABLE (donnée absente des documents) : aucun prix de vente n'existe encore,NON CALCULABLE (donnée absente des documents) : à saisir en back-office,PROPOSITION AUTOMATIQUE – À VALIDER EN BACK-OFFICE,palier de prix d'achat (9.40 € HT) → 3
PROD-0450,Miel de Foret 250gr,3,3,3,,5,,,,,NON CALCULABLE (donnée absente des documents) : aucun prix de vente n'existe encore,NON CALCULABLE (donnée absente des documents) : à saisir en back-office,PROPOSITION AUTOMATIQUE – À VALIDER EN BACK-OFFICE,palier de prix d'achat (5.80 € HT) → 3
PROD-0451,Miel de Foret 500gr,3,3,3,,3,,,,,NON CALCULABLE (donnée absente des documents) : aucun prix de vente n'existe encore,NON CALCULABLE (donnée absente des documents) : à saisir en back-office,PROPOSITION AUTOMATIQUE – À VALIDER EN BACK-OFFICE,palier de prix d'achat (9.40 € HT) → 3
PROD-0452,Pain D'épices Nature 100gr,1,1,3,,5,,,,,NON CALCULABLE (donnée absente des documents) : aucun prix de vente n'existe encore,NON CALCULABLE (donnée absente des documents) : à saisir en back-office,PROPOSITION AUTOMATIQUE – À VALIDER EN BACK-OFFICE,palier de prix d'achat (1.90 € HT) → 1
PROD-0453,Pain D'épices Nature 250gr,2,2,3,,5,,,,,NON CALCULABLE (donnée absente des documents) : aucun prix de vente n'existe encore,NON CALCULABLE (donnée absente des documents) : à saisir en back-office,PROPOSITION AUTOMATIQUE – À VALIDER EN BACK-OFFICE,palier de prix d'achat (3.80 € HT) → 2
PROD-0454,Pain D'épices aux pépites de Chocolats  250gr,2,2,3,,5,,,,,NON CALCULABLE (donnée absente des documents) : aucun prix de vente n'existe encore,NON CALCULABLE (donnée absente des documents) : à saisir en back-office,PROPOSITION AUTOMATIQUE – À VALIDER EN BACK-OFFICE,palier de prix d'achat (3.95 € HT) → 2
PROD-0455,Pain D'épices aux éclats de Noix  250gr,2,2,3,,5,,,,,NON CALCULABLE (donnée absente des documents) : aucun prix de vente n'existe encore,NON CALCULABLE (donnée absente des documents) : à saisir en back-office,PROPOSITION AUTOMATIQUE – À VALIDER EN BACK-OFFICE,palier de prix d'achat (3.95 € HT) → 2
PROD-0456,Pain D'épices aux écorces d'Oranges  250gr,2,2,3,,5,,,,,NON CALCULABLE (donnée absente des documents) : aucun prix de vente n'existe encore,NON CALCULABLE (donnée absente des documents) : à saisir en back-office,PROPOSITION AUTOMATIQUE – À VALIDER EN BACK-OFFICE,palier de prix d'achat (3.95 € HT) → 2
PROD-0457,Pain D'épices aux Figues 250gr (fin d'année),2,2,3,5,5,,,,,NON CALCULABLE (donnée absente des documents) : aucun prix de vente n'existe encore,NON CALCULABLE (donnée absente des documents) : à saisir en back-office,PROPOSITION AUTOMATIQUE – À VALIDER EN BACK-OFFICE,palier de prix d'achat (3.95 € HT) → 2
PROD-0458,Hydromel 75cl (fait a façon),4,4,3,,,,,,,NON CALCULABLE (donnée absente des documents) : aucun prix de vente n'existe encore,NON CALCULABLE (donnée absente des documents) : à saisir en back-office,PROPOSITION AUTOMATIQUE – À VALIDER EN BACK-OFFICE,palier de prix d'achat (11.10 € HT) → 4
PROD-0459,Vinaigre de Miel 50cl (fait a façon),3,3,3,,,,,,,NON CALCULABLE (donnée absente des documents) : aucun prix de vente n'existe encore,NON CALCULABLE (donnée absente des documents) : à saisir en back-office,PROPOSITION AUTOMATIQUE – À VALIDER EN BACK-OFFICE,palier de prix d'achat (5.95 € HT) → 3
PROD-0460,Bonbons au Miel 250gr,2,2,3,,5,,,,,NON CALCULABLE (donnée absente des documents) : aucun prix de vente n'existe encore,NON CALCULABLE (donnée absente des documents) : à saisir en back-office,PROPOSITION AUTOMATIQUE – À VALIDER EN BACK-OFFICE,palier de prix d'achat (3.75 € HT) → 2
PROD-0461,Bonbons au Miel et Eucalyptus 250gr,2,2,3,,5,,,,,NON CALCULABLE (donnée absente des documents) : aucun prix de vente n'existe encore,NON CALCULABLE (donnée absente des documents) : à saisir en back-office,PROPOSITION AUTOMATIQUE – À VALIDER EN BACK-OFFICE,palier de prix d'achat (3.75 € HT) → 2
PROD-0462,Bonbons au Miel et Sève de Pin 250gr,2,2,3,,5,,,,,NON CALCULABLE (donnée absente des documents) : aucun prix de vente n'existe encore,NON CALCULABLE (donnée absente des documents) : à saisir en back-office,PROPOSITION AUTOMATIQUE – À VALIDER EN BACK-OFFICE,palier de prix d'achat (3.75 € HT) → 2
PROD-0463,Bonbons Fourrés au Miel 250gr,2,2,3,,5,,,,,NON CALCULABLE (donnée absente des documents) : aucun prix de vente n'existe encore,NON CALCULABLE (donnée absente des documents) : à saisir en back-office,PROPOSITION AUTOMATIQUE – À VALIDER EN BACK-OFFICE,palier de prix d'achat (4.00 € HT) → 2
PROD-0464,Bonbons berlingot au Miel 150gr,2,2,3,,5,,,,,NON CALCULABLE (donnée absente des documents) : aucun prix de vente n'existe encore,NON CALCULABLE (donnée absente des documents) : à saisir en back-office,PROPOSITION AUTOMATIQUE – À VALIDER EN BACK-OFFICE,palier de prix d'achat (3.20 € HT) → 2
PROD-0465,Nougat tendre Amandes Noisettes 100gr,2,2,3,,5,,,,,NON CALCULABLE (donnée absente des documents) : aucun prix de vente n'existe encore,NON CALCULABLE (donnée absente des documents) : à saisir en back-office,PROPOSITION AUTOMATIQUE – À VALIDER EN BACK-OFFICE,palier de prix d'achat (4.00 € HT) → 2
PROD-0466,Nougat tendre Amandes Noisettes Pistaches 100gr,2,2,3,,5,,,,,NON CALCULABLE (donnée absente des documents) : aucun prix de vente n'existe encore,NON CALCULABLE (donnée absente des documents) : à saisir en back-office,PROPOSITION AUTOMATIQUE – À VALIDER EN BACK-OFFICE,palier de prix d'achat (4.40 € HT) → 2
PROD-0467,Nougat tendre Amandes Noisettes M&M's 100gr,2,2,3,,5,,,,,NON CALCULABLE (donnée absente des documents) : aucun prix de vente n'existe encore,NON CALCULABLE (donnée absente des documents) : à saisir en back-office,PROPOSITION AUTOMATIQUE – À VALIDER EN BACK-OFFICE,palier de prix d'achat (4.40 € HT) → 2
PROD-0468,Nougat tendre Noix de Pécan Caramel beurre salé 100gr,2,2,3,,5,,,,,NON CALCULABLE (donnée absente des documents) : aucun prix de vente n'existe encore,NON CALCULABLE (donnée absente des documents) : à saisir en back-office,PROPOSITION AUTOMATIQUE – À VALIDER EN BACK-OFFICE,palier de prix d'achat (4.40 € HT) → 2
PROD-0469,Bouchées Nougat tendre 100gr emballage individuel,2,2,3,,5,,,,,NON CALCULABLE (donnée absente des documents) : aucun prix de vente n'existe encore,NON CALCULABLE (donnée absente des documents) : à saisir en back-office,PROPOSITION AUTOMATIQUE – À VALIDER EN BACK-OFFICE,palier de prix d'achat (4.90 € HT) → 2
PROD-0470,Bouchées Nougat tendre emballage individuel EN VRAC,4,4,3,,,,,,,NON CALCULABLE (donnée absente des documents) : aucun prix de vente n'existe encore,NON CALCULABLE (donnée absente des documents) : à saisir en back-office,PROPOSITION AUTOMATIQUE – À VALIDER EN BACK-OFFICE,palier de prix d'achat (45.50 € HT) → 5 ; produit vrac / usage professionnel → -1
PROD-0471,"Balsamique de pommes ""onctueux""  20cl",4,4,,,,,,,,NON CALCULABLE (donnée absente des documents) : aucun prix de vente n'existe encore,NON CALCULABLE (donnée absente des documents) : à saisir en back-office,PROPOSITION AUTOMATIQUE – À VALIDER EN BACK-OFFICE,palier de prix d'achat (11.60 € HT) → 4
PROD-0472,"Cidre de Glace 37,5cl 12%",4,4,,,,,,,,NON CALCULABLE (donnée absente des documents) : aucun prix de vente n'existe encore,NON CALCULABLE (donnée absente des documents) : à saisir en back-office,PROPOSITION AUTOMATIQUE – À VALIDER EN BACK-OFFICE,palier de prix d'achat (14.30 € HT) → 4
PROD-0473,Saucisson sec nature env 225gr,3,3,,,5,,,,,NON CALCULABLE (donnée absente des documents) : aucun prix de vente n'existe encore,NON CALCULABLE (donnée absente des documents) : à saisir en back-office,PROPOSITION AUTOMATIQUE – À VALIDER EN BACK-OFFICE,palier de prix d'achat (6.35 € HT) → 3
PROD-0474,Saucisson épices vin rouge env 225gr,3,3,,,5,,,,,NON CALCULABLE (donnée absente des documents) : aucun prix de vente n'existe encore,NON CALCULABLE (donnée absente des documents) : à saisir en back-office,PROPOSITION AUTOMATIQUE – À VALIDER EN BACK-OFFICE,palier de prix d'achat (6.95 € HT) → 3
PROD-0475,Chorisson env 225gr,3,3,,,5,,,,,NON CALCULABLE (donnée absente des documents) : aucun prix de vente n'existe encore,NON CALCULABLE (donnée absente des documents) : à saisir en back-office,PROPOSITION AUTOMATIQUE – À VALIDER EN BACK-OFFICE,palier de prix d'achat (7.50 € HT) → 3
PROD-0476,Cœur de roti (COPPA) env 200gr,3,3,,,5,,,,,NON CALCULABLE (donnée absente des documents) : aucun prix de vente n'existe encore,NON CALCULABLE (donnée absente des documents) : à saisir en back-office,PROPOSITION AUTOMATIQUE – À VALIDER EN BACK-OFFICE,palier de prix d'achat (7.98 € HT) → 3
PROD-0477,Noix de roti (LONZU) env 200gr,3,3,,,5,,,,,NON CALCULABLE (donnée absente des documents) : aucun prix de vente n'existe encore,NON CALCULABLE (donnée absente des documents) : à saisir en back-office,PROPOSITION AUTOMATIQUE – À VALIDER EN BACK-OFFICE,palier de prix d'achat (7.98 € HT) → 3
PROD-0478,Bœuf Normand séché env 200gr,4,4,3,,5,,,,,NON CALCULABLE (donnée absente des documents) : aucun prix de vente n'existe encore,NON CALCULABLE (donnée absente des documents) : à saisir en back-office,PROPOSITION AUTOMATIQUE – À VALIDER EN BACK-OFFICE,palier de prix d'achat (13.70 € HT) → 4
PROD-0479,Gorge de porc séché facon Guanciale env 200gr,3,3,,,5,,,,,NON CALCULABLE (donnée absente des documents) : aucun prix de vente n'existe encore,NON CALCULABLE (donnée absente des documents) : à saisir en back-office,PROPOSITION AUTOMATIQUE – À VALIDER EN BACK-OFFICE,palier de prix d'achat (7.98 € HT) → 3
PROD-0480,Saucisse seche env 175gr,3,3,,,5,,,,,NON CALCULABLE (donnée absente des documents) : aucun prix de vente n'existe encore,NON CALCULABLE (donnée absente des documents) : à saisir en back-office,PROPOSITION AUTOMATIQUE – À VALIDER EN BACK-OFFICE,palier de prix d'achat (6.47 € HT) → 3
PROD-0482,Beurre de Cacahuètes Nature 300g,2,2,,,5,,,,,NON CALCULABLE (donnée absente des documents) : aucun prix de vente n'existe encore,NON CALCULABLE (donnée absente des documents) : à saisir en back-office,PROPOSITION AUTOMATIQUE – À VALIDER EN BACK-OFFICE,palier de prix d'achat (4.08 € HT) → 2
PROD-0483,"Beurre de Cacahuètes ""Crunchy"" 300g",2,2,,,5,,,,,NON CALCULABLE (donnée absente des documents) : aucun prix de vente n'existe encore,NON CALCULABLE (donnée absente des documents) : à saisir en back-office,PROPOSITION AUTOMATIQUE – À VALIDER EN BACK-OFFICE,palier de prix d'achat (4.08 € HT) → 2
PROD-0484,"Beurre de Cacahuètes ""Chouchou"" 300g",2,2,,,5,,,,,NON CALCULABLE (donnée absente des documents) : aucun prix de vente n'existe encore,NON CALCULABLE (donnée absente des documents) : à saisir en back-office,PROPOSITION AUTOMATIQUE – À VALIDER EN BACK-OFFICE,palier de prix d'achat (4.08 € HT) → 2
PROD-0485,Beurre 100% Cacahuetes sans sucre ajouté 300g,2,2,,,5,,,,,NON CALCULABLE (donnée absente des documents) : aucun prix de vente n'existe encore,NON CALCULABLE (donnée absente des documents) : à saisir en back-office,PROPOSITION AUTOMATIQUE – À VALIDER EN BACK-OFFICE,palier de prix d'achat (4.08 € HT) → 2
PROD-0486,Moscow Mule 70cl 16%,4,4,,,,,,,,NON CALCULABLE (donnée absente des documents) : aucun prix de vente n'existe encore,NON CALCULABLE (donnée absente des documents) : à saisir en back-office,PROPOSITION AUTOMATIQUE – À VALIDER EN BACK-OFFICE,palier de prix d'achat (12.60 € HT) → 4
PROD-0487,Pornstar Martini 70cl 16%,4,4,,,,,,,,NON CALCULABLE (donnée absente des documents) : aucun prix de vente n'existe encore,NON CALCULABLE (donnée absente des documents) : à saisir en back-office,PROPOSITION AUTOMATIQUE – À VALIDER EN BACK-OFFICE,palier de prix d'achat (12.60 € HT) → 4
PROD-0488,Espresso Martini 70cl 16%,4,4,,,,,,,,NON CALCULABLE (donnée absente des documents) : aucun prix de vente n'existe encore,NON CALCULABLE (donnée absente des documents) : à saisir en back-office,PROPOSITION AUTOMATIQUE – À VALIDER EN BACK-OFFICE,palier de prix d'achat (12.60 € HT) → 4
PROD-0489,Sex on the Beach 70cl 16%,4,4,,,,,,,,NON CALCULABLE (donnée absente des documents) : aucun prix de vente n'existe encore,NON CALCULABLE (donnée absente des documents) : à saisir en back-office,PROPOSITION AUTOMATIQUE – À VALIDER EN BACK-OFFICE,palier de prix d'achat (12.60 € HT) → 4
PROD-0490,Cosmopolitan 70cl 16%,4,4,,,,,,,,NON CALCULABLE (donnée absente des documents) : aucun prix de vente n'existe encore,NON CALCULABLE (donnée absente des documents) : à saisir en back-office,PROPOSITION AUTOMATIQUE – À VALIDER EN BACK-OFFICE,palier de prix d'achat (12.60 € HT) → 4
PROD-0491,American Plum Sour 70cl 16%,4,4,,,,,,,,NON CALCULABLE (donnée absente des documents) : aucun prix de vente n'existe encore,NON CALCULABLE (donnée absente des documents) : à saisir en back-office,PROPOSITION AUTOMATIQUE – À VALIDER EN BACK-OFFICE,palier de prix d'achat (12.60 € HT) → 4
PROD-0492,"Vodka Arrangée Mangue Abricot 70cl 16,2%",4,4,,,,,,,,NON CALCULABLE (donnée absente des documents) : aucun prix de vente n'existe encore,NON CALCULABLE (donnée absente des documents) : à saisir en back-office,PROPOSITION AUTOMATIQUE – À VALIDER EN BACK-OFFICE,palier de prix d'achat (18.90 € HT) → 4
PROD-0493,"Vodka Arrangée Romarin Pamplemousse 70cl 16,2%",4,4,,,,,,,,NON CALCULABLE (donnée absente des documents) : aucun prix de vente n'existe encore,NON CALCULABLE (donnée absente des documents) : à saisir en back-office,PROPOSITION AUTOMATIQUE – À VALIDER EN BACK-OFFICE,palier de prix d'achat (18.90 € HT) → 4
PROD-0494,"Vodka Arrangée Rhubarbe Sichuan 70cl 16,2%",4,4,,,,,,,,NON CALCULABLE (donnée absente des documents) : aucun prix de vente n'existe encore,NON CALCULABLE (donnée absente des documents) : à saisir en back-office,PROPOSITION AUTOMATIQUE – À VALIDER EN BACK-OFFICE,palier de prix d'achat (18.90 € HT) → 4
PROD-0495,"Vodka Arrangée Banane Vanille 70cl 16,2%",4,4,,,,,,,,NON CALCULABLE (donnée absente des documents) : aucun prix de vente n'existe encore,NON CALCULABLE (donnée absente des documents) : à saisir en back-office,PROPOSITION AUTOMATIQUE – À VALIDER EN BACK-OFFICE,palier de prix d'achat (18.90 € HT) → 4
PROD-0496,Petite boite ronde 90gr,3,3,,,5,,,,,NON CALCULABLE (donnée absente des documents) : aucun prix de vente n'existe encore,NON CALCULABLE (donnée absente des documents) : à saisir en back-office,PROPOSITION AUTOMATIQUE – À VALIDER EN BACK-OFFICE,palier de prix d'achat (5.55 € HT) → 3
PROD-0497,Grande boite ronde 150gr,3,3,,,5,,,,,NON CALCULABLE (donnée absente des documents) : aucun prix de vente n'existe encore,NON CALCULABLE (donnée absente des documents) : à saisir en back-office,PROPOSITION AUTOMATIQUE – À VALIDER EN BACK-OFFICE,palier de prix d'achat (8.35 € HT) → 3
PROD-0498,Sachet Kraft 100gr,3,3,,,5,,,,,NON CALCULABLE (donnée absente des documents) : aucun prix de vente n'existe encore,NON CALCULABLE (donnée absente des documents) : à saisir en back-office,PROPOSITION AUTOMATIQUE – À VALIDER EN BACK-OFFICE,palier de prix d'achat (5.55 € HT) → 3
PROD-0499,Boite prestige 200gr,4,4,,,5,,,,,NON CALCULABLE (donnée absente des documents) : aucun prix de vente n'existe encore,NON CALCULABLE (donnée absente des documents) : à saisir en back-office,PROPOSITION AUTOMATIQUE – À VALIDER EN BACK-OFFICE,palier de prix d'achat (14.36 € HT) → 4
PROD-0500,Boite prestige 250gr,4,4,,,5,,,,,NON CALCULABLE (donnée absente des documents) : aucun prix de vente n'existe encore,NON CALCULABLE (donnée absente des documents) : à saisir en back-office,PROPOSITION AUTOMATIQUE – À VALIDER EN BACK-OFFICE,palier de prix d'achat (17.96 € HT) → 4
PROD-0501,Boite prestige 320gr,4,4,,,3,,,,,NON CALCULABLE (donnée absente des documents) : aucun prix de vente n'existe encore,NON CALCULABLE (donnée absente des documents) : à saisir en back-office,PROPOSITION AUTOMATIQUE – À VALIDER EN BACK-OFFICE,palier de prix d'achat (23.52 € HT) → 4
PROD-0502,Coffret 480gr,5,5,,,3,,,,,NON CALCULABLE (donnée absente des documents) : aucun prix de vente n'existe encore,NON CALCULABLE (donnée absente des documents) : à saisir en back-office,PROPOSITION AUTOMATIQUE – À VALIDER EN BACK-OFFICE,palier de prix d'achat (28.70 € HT) → 5
PROD-0503,Billes chocolatées Vrac,4,4,,,,,,,,NON CALCULABLE (donnée absente des documents) : aucun prix de vente n'existe encore,NON CALCULABLE (donnée absente des documents) : à saisir en back-office,PROPOSITION AUTOMATIQUE – À VALIDER EN BACK-OFFICE,palier de prix d'achat (48.00 € HT) → 5 ; produit vrac / usage professionnel → -1
PROD-0504,BOÎTE BOIS RONDE BEURRE SALÉ,2,2,,,5,,,,,NON CALCULABLE (donnée absente des documents) : aucun prix de vente n'existe encore,NON CALCULABLE (donnée absente des documents) : à saisir en back-office,PROPOSITION AUTOMATIQUE – À VALIDER EN BACK-OFFICE,palier de prix d'achat (2.85 € HT) → 2
PROD-0505,BOÎTE BOIS RONDE BEURRE SALÉ,2,2,,,5,,,,,NON CALCULABLE (donnée absente des documents) : aucun prix de vente n'existe encore,NON CALCULABLE (donnée absente des documents) : à saisir en back-office,PROPOSITION AUTOMATIQUE – À VALIDER EN BACK-OFFICE,palier de prix d'achat (4.25 € HT) → 2
PROD-0506,BOÎTE BOIS CARRÉE BEURRE SALÉ,2,2,,,5,,,,,NON CALCULABLE (donnée absente des documents) : aucun prix de vente n'existe encore,NON CALCULABLE (donnée absente des documents) : à saisir en back-office,PROPOSITION AUTOMATIQUE – À VALIDER EN BACK-OFFICE,palier de prix d'achat (2.85 € HT) → 2
PROD-0507,BOÎTE BOIS CARRÉE BEURRE SALÉ,2,2,,,5,,,,,NON CALCULABLE (donnée absente des documents) : aucun prix de vente n'existe encore,NON CALCULABLE (donnée absente des documents) : à saisir en back-office,PROPOSITION AUTOMATIQUE – À VALIDER EN BACK-OFFICE,palier de prix d'achat (4.25 € HT) → 2
PROD-0508,BOÎTE BOIS RONDE FONDANT BEURRE SALÉ,2,2,,,5,,,,,NON CALCULABLE (donnée absente des documents) : aucun prix de vente n'existe encore,NON CALCULABLE (donnée absente des documents) : à saisir en back-office,PROPOSITION AUTOMATIQUE – À VALIDER EN BACK-OFFICE,palier de prix d'achat (2.85 € HT) → 2
PROD-0509,BOÎTE BOIS RONDE FONDANT BEURRE SALÉ,2,2,,,5,,,,,NON CALCULABLE (donnée absente des documents) : aucun prix de vente n'existe encore,NON CALCULABLE (donnée absente des documents) : à saisir en back-office,PROPOSITION AUTOMATIQUE – À VALIDER EN BACK-OFFICE,palier de prix d'achat (4.25 € HT) → 2
PROD-0510,BOÎTE BOIS CARRÉE FONDANT BEURRE SALÉ,2,2,,,5,,,,,NON CALCULABLE (donnée absente des documents) : aucun prix de vente n'existe encore,NON CALCULABLE (donnée absente des documents) : à saisir en back-office,PROPOSITION AUTOMATIQUE – À VALIDER EN BACK-OFFICE,palier de prix d'achat (2.85 € HT) → 2
PROD-0511,BOÎTE BOIS CARRÉE FONDANT BEURRE SALÉ,2,2,,,5,,,,,NON CALCULABLE (donnée absente des documents) : aucun prix de vente n'existe encore,NON CALCULABLE (donnée absente des documents) : à saisir en back-office,PROPOSITION AUTOMATIQUE – À VALIDER EN BACK-OFFICE,palier de prix d'achat (4.25 € HT) → 2
PROD-0512,BOÎTE BOIS RONDE ASSORTIMENT TRADITION,2,2,,,5,,,,,NON CALCULABLE (donnée absente des documents) : aucun prix de vente n'existe encore,NON CALCULABLE (donnée absente des documents) : à saisir en back-office,PROPOSITION AUTOMATIQUE – À VALIDER EN BACK-OFFICE,palier de prix d'achat (2.85 € HT) → 2
PROD-0513,BOÎTE BOIS RONDE ASSORTIMENT TRADITION,2,2,,,5,,,,,NON CALCULABLE (donnée absente des documents) : aucun prix de vente n'existe encore,NON CALCULABLE (donnée absente des documents) : à saisir en back-office,PROPOSITION AUTOMATIQUE – À VALIDER EN BACK-OFFICE,palier de prix d'achat (4.25 € HT) → 2
PROD-0514,BOÎTE BOIS CARRÉE ASSORTIMENT TRADITION,2,2,,,5,,,,,NON CALCULABLE (donnée absente des documents) : aucun prix de vente n'existe encore,NON CALCULABLE (donnée absente des documents) : à saisir en back-office,PROPOSITION AUTOMATIQUE – À VALIDER EN BACK-OFFICE,palier de prix d'achat (2.85 € HT) → 2
PROD-0515,BOÎTE BOIS CARRÉE ASSORTIMENT TRADITION,2,2,,,5,,,,,NON CALCULABLE (donnée absente des documents) : aucun prix de vente n'existe encore,NON CALCULABLE (donnée absente des documents) : à saisir en back-office,PROPOSITION AUTOMATIQUE – À VALIDER EN BACK-OFFICE,palier de prix d'achat (4.25 € HT) → 2
PROD-0516,BOÎTE BOIS RONDE ASSORTIMENT FONDANTS,2,2,,,5,,,,,NON CALCULABLE (donnée absente des documents) : aucun prix de vente n'existe encore,NON CALCULABLE (donnée absente des documents) : à saisir en back-office,PROPOSITION AUTOMATIQUE – À VALIDER EN BACK-OFFICE,palier de prix d'achat (2.85 € HT) → 2
PROD-0517,BOÎTE BOIS RONDE ASSORTIMENT FONDANTS,2,2,,,5,,,,,NON CALCULABLE (donnée absente des documents) : aucun prix de vente n'existe encore,NON CALCULABLE (donnée absente des documents) : à saisir en back-office,PROPOSITION AUTOMATIQUE – À VALIDER EN BACK-OFFICE,palier de prix d'achat (4.25 € HT) → 2
PROD-0518,BOÎTE BOIS CARRÉE ASSORTIMENT FONDANTS,2,2,,,5,,,,,NON CALCULABLE (donnée absente des documents) : aucun prix de vente n'existe encore,NON CALCULABLE (donnée absente des documents) : à saisir en back-office,PROPOSITION AUTOMATIQUE – À VALIDER EN BACK-OFFICE,palier de prix d'achat (2.85 € HT) → 2
PROD-0519,BOÎTE BOIS CARRÉE ASSORTIMENT FONDANTS,2,2,,,5,,,,,NON CALCULABLE (donnée absente des documents) : aucun prix de vente n'existe encore,NON CALCULABLE (donnée absente des documents) : à saisir en back-office,PROPOSITION AUTOMATIQUE – À VALIDER EN BACK-OFFICE,palier de prix d'achat (4.25 € HT) → 2
PROD-0520,BOÎTE BOIS RONDE ASSORTIMENT NORMANDIE,2,2,3,,5,,,,,NON CALCULABLE (donnée absente des documents) : aucun prix de vente n'existe encore,NON CALCULABLE (donnée absente des documents) : à saisir en back-office,PROPOSITION AUTOMATIQUE – À VALIDER EN BACK-OFFICE,palier de prix d'achat (2.85 € HT) → 2
PROD-0521,BOÎTE BOIS RONDE ASSORTIMENT NORMANDIE,2,2,3,,5,,,,,NON CALCULABLE (donnée absente des documents) : aucun prix de vente n'existe encore,NON CALCULABLE (donnée absente des documents) : à saisir en back-office,PROPOSITION AUTOMATIQUE – À VALIDER EN BACK-OFFICE,palier de prix d'achat (4.25 € HT) → 2
PROD-0522,BOÎTE BOIS CARRÉE ASSORTIMENT NORMANDIE,2,2,3,,5,,,,,NON CALCULABLE (donnée absente des documents) : aucun prix de vente n'existe encore,NON CALCULABLE (donnée absente des documents) : à saisir en back-office,PROPOSITION AUTOMATIQUE – À VALIDER EN BACK-OFFICE,palier de prix d'achat (2.85 € HT) → 2
PROD-0523,BOÎTE BOIS CARRÉE ASSORTIMENT NORMANDIE,2,2,3,,5,,,,,NON CALCULABLE (donnée absente des documents) : aucun prix de vente n'existe encore,NON CALCULABLE (donnée absente des documents) : à saisir en back-office,PROPOSITION AUTOMATIQUE – À VALIDER EN BACK-OFFICE,palier de prix d'achat (4.25 € HT) → 2
PROD-0524,SACHET FONDANTS BEURRE SALÉ,2,2,,,5,,,,,NON CALCULABLE (donnée absente des documents) : aucun prix de vente n'existe encore,NON CALCULABLE (donnée absente des documents) : à saisir en back-office,PROPOSITION AUTOMATIQUE – À VALIDER EN BACK-OFFICE,palier de prix d'achat (4.40 € HT) → 2
PROD-0525,SACHET FONDANTS NOISETTE,2,2,,,5,,,,,NON CALCULABLE (donnée absente des documents) : aucun prix de vente n'existe encore,NON CALCULABLE (donnée absente des documents) : à saisir en back-office,PROPOSITION AUTOMATIQUE – À VALIDER EN BACK-OFFICE,palier de prix d'achat (4.40 € HT) → 2
PROD-0526,SACHET FONDANTS VANILLE,2,2,,,5,,,,,NON CALCULABLE (donnée absente des documents) : aucun prix de vente n'existe encore,NON CALCULABLE (donnée absente des documents) : à saisir en back-office,PROPOSITION AUTOMATIQUE – À VALIDER EN BACK-OFFICE,palier de prix d'achat (4.40 € HT) → 2
PROD-0527,SACHET FONDANTS VANILLE MARBRÉ CHOCOLAT,2,2,,,5,,,,,NON CALCULABLE (donnée absente des documents) : aucun prix de vente n'existe encore,NON CALCULABLE (donnée absente des documents) : à saisir en back-office,PROPOSITION AUTOMATIQUE – À VALIDER EN BACK-OFFICE,palier de prix d'achat (4.40 € HT) → 2
PROD-0528,SACHET BEURRE SALÉ,2,2,,,5,,,,,NON CALCULABLE (donnée absente des documents) : aucun prix de vente n'existe encore,NON CALCULABLE (donnée absente des documents) : à saisir en back-office,PROPOSITION AUTOMATIQUE – À VALIDER EN BACK-OFFICE,palier de prix d'achat (4.40 € HT) → 2
PROD-0529,SACHET BEURRE SALÉ & CRÈME D’ISIGNY AOP,2,2,3,,5,,,,,NON CALCULABLE (donnée absente des documents) : aucun prix de vente n'existe encore,NON CALCULABLE (donnée absente des documents) : à saisir en back-office,PROPOSITION AUTOMATIQUE – À VALIDER EN BACK-OFFICE,palier de prix d'achat (4.40 € HT) → 2
PROD-0530,SACHET BEURRE DOUX D’ISIGNY AOP,2,2,3,,5,,,,,NON CALCULABLE (donnée absente des documents) : aucun prix de vente n'existe encore,NON CALCULABLE (donnée absente des documents) : à saisir en back-office,PROPOSITION AUTOMATIQUE – À VALIDER EN BACK-OFFICE,palier de prix d'achat (4.40 € HT) → 2
PROD-0531,SACHET CRÈME D’ISIGNY AOP,2,2,3,,5,,,,,NON CALCULABLE (donnée absente des documents) : aucun prix de vente n'existe encore,NON CALCULABLE (donnée absente des documents) : à saisir en back-office,PROPOSITION AUTOMATIQUE – À VALIDER EN BACK-OFFICE,palier de prix d'achat (4.40 € HT) → 2
PROD-0532,SACHET ASSORTIMENT FONDANTS,2,2,,,5,,,,,NON CALCULABLE (donnée absente des documents) : aucun prix de vente n'existe encore,NON CALCULABLE (donnée absente des documents) : à saisir en back-office,PROPOSITION AUTOMATIQUE – À VALIDER EN BACK-OFFICE,palier de prix d'achat (4.40 € HT) → 2
PROD-0533,SACHET ASSORTIMENT TRADITION,2,2,,,5,,,,,NON CALCULABLE (donnée absente des documents) : aucun prix de vente n'existe encore,NON CALCULABLE (donnée absente des documents) : à saisir en back-office,PROPOSITION AUTOMATIQUE – À VALIDER EN BACK-OFFICE,palier de prix d'achat (4.40 € HT) → 2
PROD-0534,SACHET ASSORTIMENT NORMANDIE,2,2,3,,5,,,,,NON CALCULABLE (donnée absente des documents) : aucun prix de vente n'existe encore,NON CALCULABLE (donnée absente des documents) : à saisir en back-office,PROPOSITION AUTOMATIQUE – À VALIDER EN BACK-OFFICE,palier de prix d'achat (4.40 € HT) → 2
PROD-0535,"BOÎTE MÉTAL À FENÊTRE ""GOÛT TATIN""",3,3,,,5,,,,,NON CALCULABLE (donnée absente des documents) : aucun prix de vente n'existe encore,NON CALCULABLE (donnée absente des documents) : à saisir en back-office,PROPOSITION AUTOMATIQUE – À VALIDER EN BACK-OFFICE,palier de prix d'achat (5.15 € HT) → 3
PROD-0536,"SACHET NŒUD ""GOÛT TATIN""",2,2,,,5,,,,,NON CALCULABLE (donnée absente des documents) : aucun prix de vente n'existe encore,NON CALCULABLE (donnée absente des documents) : à saisir en back-office,PROPOSITION AUTOMATIQUE – À VALIDER EN BACK-OFFICE,palier de prix d'achat (3.85 € HT) → 2
PROD-0537,BOÎTE CUBE BEURRE SALÉ,2,2,,,5,,,,,NON CALCULABLE (donnée absente des documents) : aucun prix de vente n'existe encore,NON CALCULABLE (donnée absente des documents) : à saisir en back-office,PROPOSITION AUTOMATIQUE – À VALIDER EN BACK-OFFICE,palier de prix d'achat (3.40 € HT) → 2
PROD-0538,BOÎTE CUBE FONDANTS BEURRE SALÉ,2,2,,,5,,,,,NON CALCULABLE (donnée absente des documents) : aucun prix de vente n'existe encore,NON CALCULABLE (donnée absente des documents) : à saisir en back-office,PROPOSITION AUTOMATIQUE – À VALIDER EN BACK-OFFICE,palier de prix d'achat (3.40 € HT) → 2
PROD-0539,BOÎTE CUBE ASSORTIMENT TRADITION,2,2,,,5,,,,,NON CALCULABLE (donnée absente des documents) : aucun prix de vente n'existe encore,NON CALCULABLE (donnée absente des documents) : à saisir en back-office,PROPOSITION AUTOMATIQUE – À VALIDER EN BACK-OFFICE,palier de prix d'achat (3.40 € HT) → 2
PROD-0540,BOÎTE CUBE ASSORTIMENT NORMANDIE,2,2,3,,5,,,,,NON CALCULABLE (donnée absente des documents) : aucun prix de vente n'existe encore,NON CALCULABLE (donnée absente des documents) : à saisir en back-office,PROPOSITION AUTOMATIQUE – À VALIDER EN BACK-OFFICE,palier de prix d'achat (3.40 € HT) → 2
PROD-0541,BOÎTE FER FONDANTS,2,2,,,5,,,,,NON CALCULABLE (donnée absente des documents) : aucun prix de vente n'existe encore,NON CALCULABLE (donnée absente des documents) : à saisir en back-office,PROPOSITION AUTOMATIQUE – À VALIDER EN BACK-OFFICE,palier de prix d'achat (4.25 € HT) → 2
PROD-0542,BOÎTE FER BEURRE SALÉ,2,2,,,5,,,,,NON CALCULABLE (donnée absente des documents) : aucun prix de vente n'existe encore,NON CALCULABLE (donnée absente des documents) : à saisir en back-office,PROPOSITION AUTOMATIQUE – À VALIDER EN BACK-OFFICE,palier de prix d'achat (4.25 € HT) → 2
PROD-0543,BOÎTE FER ASSORTIMENT NORMANDIE,2,2,3,,5,,,,,NON CALCULABLE (donnée absente des documents) : aucun prix de vente n'existe encore,NON CALCULABLE (donnée absente des documents) : à saisir en back-office,PROPOSITION AUTOMATIQUE – À VALIDER EN BACK-OFFICE,palier de prix d'achat (4.25 € HT) → 2
PROD-0544,POT À LAIT,2,2,3,,5,,,,,NON CALCULABLE (donnée absente des documents) : aucun prix de vente n'existe encore,NON CALCULABLE (donnée absente des documents) : à saisir en back-office,PROPOSITION AUTOMATIQUE – À VALIDER EN BACK-OFFICE,palier de prix d'achat (4.50 € HT) → 2
PROD-0545,BOÎTE CIGARE,3,3,3,,5,,,,,NON CALCULABLE (donnée absente des documents) : aucun prix de vente n'existe encore,NON CALCULABLE (donnée absente des documents) : à saisir en back-office,PROPOSITION AUTOMATIQUE – À VALIDER EN BACK-OFFICE,palier de prix d'achat (5.50 € HT) → 3
PROD-0546,2 CV FOURGONNETTE,3,3,3,,5,,,,,NON CALCULABLE (donnée absente des documents) : aucun prix de vente n'existe encore,NON CALCULABLE (donnée absente des documents) : à saisir en back-office,PROPOSITION AUTOMATIQUE – À VALIDER EN BACK-OFFICE,palier de prix d'achat (9.50 € HT) → 3
PROD-0547,ASSORTIMENT NORMANDIE,5,5,3,,1,,,,,NON CALCULABLE (donnée absente des documents) : aucun prix de vente n'existe encore,NON CALCULABLE (donnée absente des documents) : à saisir en back-office,PROPOSITION AUTOMATIQUE – À VALIDER EN BACK-OFFICE,palier de prix d'achat (29.50 € HT) → 5
PROD-0548,BEURRE SALÉ,5,5,,,1,,,,,NON CALCULABLE (donnée absente des documents) : aucun prix de vente n'existe encore,NON CALCULABLE (donnée absente des documents) : à saisir en back-office,PROPOSITION AUTOMATIQUE – À VALIDER EN BACK-OFFICE,palier de prix d'achat (29.50 € HT) → 5
PROD-0549,FONDANT BEURRE SALÉ,5,5,,,1,,,,,NON CALCULABLE (donnée absente des documents) : aucun prix de vente n'existe encore,NON CALCULABLE (donnée absente des documents) : à saisir en back-office,PROPOSITION AUTOMATIQUE – À VALIDER EN BACK-OFFICE,palier de prix d'achat (29.50 € HT) → 5
PROD-0550,ASSORTIMENT FONDANTS,5,5,,,1,,,,,NON CALCULABLE (donnée absente des documents) : aucun prix de vente n'existe encore,NON CALCULABLE (donnée absente des documents) : à saisir en back-office,PROPOSITION AUTOMATIQUE – À VALIDER EN BACK-OFFICE,palier de prix d'achat (29.50 € HT) → 5
PROD-0551,BOÎTE CIGARE,3,3,,,5,,,,,NON CALCULABLE (donnée absente des documents) : aucun prix de vente n'existe encore,NON CALCULABLE (donnée absente des documents) : à saisir en back-office,PROPOSITION AUTOMATIQUE – À VALIDER EN BACK-OFFICE,palier de prix d'achat (5.50 € HT) → 3
PROD-0552,BOÎTE BOIS DEBARQUEMENT,2,2,,,5,,,,,NON CALCULABLE (donnée absente des documents) : aucun prix de vente n'existe encore,NON CALCULABLE (donnée absente des documents) : à saisir en back-office,PROPOSITION AUTOMATIQUE – À VALIDER EN BACK-OFFICE,palier de prix d'achat (2.85 € HT) → 2
PROD-0553,FOLKLORE NORMAND,3,3,3,,5,,,,,NON CALCULABLE (donnée absente des documents) : aucun prix de vente n'existe encore,NON CALCULABLE (donnée absente des documents) : à saisir en back-office,PROPOSITION AUTOMATIQUE – À VALIDER EN BACK-OFFICE,palier de prix d'achat (9.25 € HT) → 3
PROD-0554,CARROUSEL,3,3,,,5,,,,,NON CALCULABLE (donnée absente des documents) : aucun prix de vente n'existe encore,NON CALCULABLE (donnée absente des documents) : à saisir en back-office,PROPOSITION AUTOMATIQUE – À VALIDER EN BACK-OFFICE,palier de prix d'achat (9.25 € HT) → 3
PROD-0555,"BOÎTE ""PRESTIGE""",3,3,,,5,,,,,NON CALCULABLE (donnée absente des documents) : aucun prix de vente n'existe encore,NON CALCULABLE (donnée absente des documents) : à saisir en back-office,PROPOSITION AUTOMATIQUE – À VALIDER EN BACK-OFFICE,palier de prix d'achat (7.90 € HT) → 3
PROD-0556,"BOÎTE ""SOUVENIRS D’ENFANCE""",3,3,,,5,,,,,NON CALCULABLE (donnée absente des documents) : aucun prix de vente n'existe encore,NON CALCULABLE (donnée absente des documents) : à saisir en back-office,PROPOSITION AUTOMATIQUE – À VALIDER EN BACK-OFFICE,palier de prix d'achat (7.90 € HT) → 3
PROD-0557,"BOÎTE FER ""NOËL""",3,3,,5,5,,,,,NON CALCULABLE (donnée absente des documents) : aucun prix de vente n'existe encore,NON CALCULABLE (donnée absente des documents) : à saisir en back-office,PROPOSITION AUTOMATIQUE – À VALIDER EN BACK-OFFICE,palier de prix d'achat (5.10 € HT) → 3
PROD-0558,"CITROËN 2CV ""NOËL""",3,3,,5,5,,,,,NON CALCULABLE (donnée absente des documents) : aucun prix de vente n'existe encore,NON CALCULABLE (donnée absente des documents) : à saisir en back-office,PROPOSITION AUTOMATIQUE – À VALIDER EN BACK-OFFICE,palier de prix d'achat (9.50 € HT) → 3
PROD-0559,"BOÎTE ""JOYEUSES FÊTES""",2,2,,5,5,,,,,NON CALCULABLE (donnée absente des documents) : aucun prix de vente n'existe encore,NON CALCULABLE (donnée absente des documents) : à saisir en back-office,PROPOSITION AUTOMATIQUE – À VALIDER EN BACK-OFFICE,palier de prix d'achat (2.85 € HT) → 2
PROD-0560,CALENDRIER DE L'AVENT (Décor 09/2026),4,4,,5,5,,,,,NON CALCULABLE (donnée absente des documents) : aucun prix de vente n'existe encore,NON CALCULABLE (donnée absente des documents) : à saisir en back-office,PROPOSITION AUTOMATIQUE – À VALIDER EN BACK-OFFICE,palier de prix d'achat (13.30 € HT) → 4
PROD-0561,BEURRE SALÉ,4,4,,,1,,,,,NON CALCULABLE (donnée absente des documents) : aucun prix de vente n'existe encore,NON CALCULABLE (donnée absente des documents) : à saisir en back-office,PROPOSITION AUTOMATIQUE – À VALIDER EN BACK-OFFICE,palier de prix d'achat (16.70 € HT) → 4
PROD-0562,FONDANTS BEURRE SALÉ,4,4,,,1,,,,,NON CALCULABLE (donnée absente des documents) : aucun prix de vente n'existe encore,NON CALCULABLE (donnée absente des documents) : à saisir en back-office,PROPOSITION AUTOMATIQUE – À VALIDER EN BACK-OFFICE,palier de prix d'achat (16.70 € HT) → 4
PROD-0563,ASSORTIMENT FONDANTS,4,4,,,1,,,,,NON CALCULABLE (donnée absente des documents) : aucun prix de vente n'existe encore,NON CALCULABLE (donnée absente des documents) : à saisir en back-office,PROPOSITION AUTOMATIQUE – À VALIDER EN BACK-OFFICE,palier de prix d'achat (16.70 € HT) → 4
PROD-0564,ASSORTIMENT NORMANDIE,4,4,3,,1,,,,,NON CALCULABLE (donnée absente des documents) : aucun prix de vente n'existe encore,NON CALCULABLE (donnée absente des documents) : à saisir en back-office,PROPOSITION AUTOMATIQUE – À VALIDER EN BACK-OFFICE,palier de prix d'achat (16.70 € HT) → 4
PROD-0565,ASSORTIMENT 9 FRUITS,4,4,,,1,,,,,NON CALCULABLE (donnée absente des documents) : aucun prix de vente n'existe encore,NON CALCULABLE (donnée absente des documents) : à saisir en back-office,PROPOSITION AUTOMATIQUE – À VALIDER EN BACK-OFFICE,palier de prix d'achat (16.70 € HT) → 4
PROD-0566,ASSORTIMENT TRADITION,4,4,,,1,,,,,NON CALCULABLE (donnée absente des documents) : aucun prix de vente n'existe encore,NON CALCULABLE (donnée absente des documents) : à saisir en back-office,PROPOSITION AUTOMATIQUE – À VALIDER EN BACK-OFFICE,palier de prix d'achat (16.70 € HT) → 4
PROD-0567,ASSORTIMENT TRADITION,2,2,,,5,,,,,NON CALCULABLE (donnée absente des documents) : aucun prix de vente n'existe encore,NON CALCULABLE (donnée absente des documents) : à saisir en back-office,PROPOSITION AUTOMATIQUE – À VALIDER EN BACK-OFFICE,palier de prix d'achat (4.15 € HT) → 2
PROD-0568,ASSORTIMENT NORMANDIE,2,2,3,,5,,,,,NON CALCULABLE (donnée absente des documents) : aucun prix de vente n'existe encore,NON CALCULABLE (donnée absente des documents) : à saisir en back-office,PROPOSITION AUTOMATIQUE – À VALIDER EN BACK-OFFICE,palier de prix d'achat (4.15 € HT) → 2
PROD-0569,ASSORTIMENT 5 FRUITS,2,2,,,5,,,,,NON CALCULABLE (donnée absente des documents) : aucun prix de vente n'existe encore,NON CALCULABLE (donnée absente des documents) : à saisir en back-office,PROPOSITION AUTOMATIQUE – À VALIDER EN BACK-OFFICE,palier de prix d'achat (4.15 € HT) → 2
PROD-0570,BEURRE SALÉ,2,2,,,5,,,,,NON CALCULABLE (donnée absente des documents) : aucun prix de vente n'existe encore,NON CALCULABLE (donnée absente des documents) : à saisir en back-office,PROPOSITION AUTOMATIQUE – À VALIDER EN BACK-OFFICE,palier de prix d'achat (4.15 € HT) → 2
PROD-0571,ASSORTIMENT FONDANTS,2,2,,,5,,,,,NON CALCULABLE (donnée absente des documents) : aucun prix de vente n'existe encore,NON CALCULABLE (donnée absente des documents) : à saisir en back-office,PROPOSITION AUTOMATIQUE – À VALIDER EN BACK-OFFICE,palier de prix d'achat (4.15 € HT) → 2
PROD-0572,BOÎTE 2KG BEURRE SALÉ D’ISIGNY AOP,4,4,3,,1,,,,,NON CALCULABLE (donnée absente des documents) : aucun prix de vente n'existe encore,NON CALCULABLE (donnée absente des documents) : à saisir en back-office,PROPOSITION AUTOMATIQUE – À VALIDER EN BACK-OFFICE,palier de prix d'achat (32.20 € HT) → 5 ; produit vrac / usage professionnel → -1
PROD-0573,BOÎTE 2KG NOISETTE,4,4,,,1,,,,,NON CALCULABLE (donnée absente des documents) : aucun prix de vente n'existe encore,NON CALCULABLE (donnée absente des documents) : à saisir en back-office,PROPOSITION AUTOMATIQUE – À VALIDER EN BACK-OFFICE,palier de prix d'achat (32.20 € HT) → 5 ; produit vrac / usage professionnel → -1
PROD-0574,BOÎTE 2KG VANILLE,4,4,,,1,,,,,NON CALCULABLE (donnée absente des documents) : aucun prix de vente n'existe encore,NON CALCULABLE (donnée absente des documents) : à saisir en back-office,PROPOSITION AUTOMATIQUE – À VALIDER EN BACK-OFFICE,palier de prix d'achat (32.20 € HT) → 5 ; produit vrac / usage professionnel → -1
PROD-0575,BOÎTE 2KG VANILLE MARBRÉ CHOCOLAT,4,4,,,1,,,,,NON CALCULABLE (donnée absente des documents) : aucun prix de vente n'existe encore,NON CALCULABLE (donnée absente des documents) : à saisir en back-office,PROPOSITION AUTOMATIQUE – À VALIDER EN BACK-OFFICE,palier de prix d'achat (32.20 € HT) → 5 ; produit vrac / usage professionnel → -1
PROD-0576,VRAC BEURRE SALÉ D’ISIGNY AOP,3,3,3,,1,,,,,NON CALCULABLE (donnée absente des documents) : aucun prix de vente n'existe encore,NON CALCULABLE (donnée absente des documents) : à saisir en back-office,PROPOSITION AUTOMATIQUE – À VALIDER EN BACK-OFFICE,palier de prix d'achat (13.65 € HT) → 4 ; produit vrac / usage professionnel → -1
PROD-0577,VRAC NOISETTE,3,3,,,1,,,,,NON CALCULABLE (donnée absente des documents) : aucun prix de vente n'existe encore,NON CALCULABLE (donnée absente des documents) : à saisir en back-office,PROPOSITION AUTOMATIQUE – À VALIDER EN BACK-OFFICE,palier de prix d'achat (13.65 € HT) → 4 ; produit vrac / usage professionnel → -1
PROD-0578,VRAC VANILLE,3,3,,,1,,,,,NON CALCULABLE (donnée absente des documents) : aucun prix de vente n'existe encore,NON CALCULABLE (donnée absente des documents) : à saisir en back-office,PROPOSITION AUTOMATIQUE – À VALIDER EN BACK-OFFICE,palier de prix d'achat (13.65 € HT) → 4 ; produit vrac / usage professionnel → -1
PROD-0579,VRAC VANILLE MARBRÉ CHOCOLAT,3,3,,,1,,,,,NON CALCULABLE (donnée absente des documents) : aucun prix de vente n'existe encore,NON CALCULABLE (donnée absente des documents) : à saisir en back-office,PROPOSITION AUTOMATIQUE – À VALIDER EN BACK-OFFICE,palier de prix d'achat (13.65 € HT) → 4 ; produit vrac / usage professionnel → -1
PROD-0580,BOÎTE BOUCHÉES CARAMEL FONDANT BEURRE SALÉ,4,4,,,1,,,,,NON CALCULABLE (donnée absente des documents) : aucun prix de vente n'existe encore,NON CALCULABLE (donnée absente des documents) : à saisir en back-office,PROPOSITION AUTOMATIQUE – À VALIDER EN BACK-OFFICE,palier de prix d'achat (61.40 € HT) → 5 ; produit vrac / usage professionnel → -1
PROD-0581,VRAC BEURRE SALÉ D’ISIGNY AOP,3,3,3,,1,,,,,NON CALCULABLE (donnée absente des documents) : aucun prix de vente n'existe encore,NON CALCULABLE (donnée absente des documents) : à saisir en back-office,PROPOSITION AUTOMATIQUE – À VALIDER EN BACK-OFFICE,palier de prix d'achat (13.00 € HT) → 4 ; produit vrac / usage professionnel → -1
PROD-0582,VRAC BEURRE SALÉ D’ISIGNY AOP,3,3,3,,1,,,,,NON CALCULABLE (donnée absente des documents) : aucun prix de vente n'existe encore,NON CALCULABLE (donnée absente des documents) : à saisir en back-office,PROPOSITION AUTOMATIQUE – À VALIDER EN BACK-OFFICE,palier de prix d'achat (13.65 € HT) → 4 ; produit vrac / usage professionnel → -1
PROD-0583,VRAC BEURRE DOUX D’ISIGNY AOP,3,3,3,,1,,,,,NON CALCULABLE (donnée absente des documents) : aucun prix de vente n'existe encore,NON CALCULABLE (donnée absente des documents) : à saisir en back-office,PROPOSITION AUTOMATIQUE – À VALIDER EN BACK-OFFICE,palier de prix d'achat (13.65 € HT) → 4 ; produit vrac / usage professionnel → -1
PROD-0584,VRAC CRÈME D’ISIGNY AOP,3,3,3,,1,,,,,NON CALCULABLE (donnée absente des documents) : aucun prix de vente n'existe encore,NON CALCULABLE (donnée absente des documents) : à saisir en back-office,PROPOSITION AUTOMATIQUE – À VALIDER EN BACK-OFFICE,palier de prix d'achat (13.65 € HT) → 4 ; produit vrac / usage professionnel → -1
PROD-0585,VRAC BEURRE SALÉ ET CRÈME D’ISIGNY AOP,3,3,3,,1,,,,,NON CALCULABLE (donnée absente des documents) : aucun prix de vente n'existe encore,NON CALCULABLE (donnée absente des documents) : à saisir en back-office,PROPOSITION AUTOMATIQUE – À VALIDER EN BACK-OFFICE,palier de prix d'achat (13.65 € HT) → 4 ; produit vrac / usage professionnel → -1
PROD-0586,VRAC GOÛT TATIN,3,3,,,1,,,,,NON CALCULABLE (donnée absente des documents) : aucun prix de vente n'existe encore,NON CALCULABLE (donnée absente des documents) : à saisir en back-office,PROPOSITION AUTOMATIQUE – À VALIDER EN BACK-OFFICE,palier de prix d'achat (13.65 € HT) → 4 ; produit vrac / usage professionnel → -1
PROD-0587,VRAC CHOCOLAT,3,3,,,1,,,,,NON CALCULABLE (donnée absente des documents) : aucun prix de vente n'existe encore,NON CALCULABLE (donnée absente des documents) : à saisir en back-office,PROPOSITION AUTOMATIQUE – À VALIDER EN BACK-OFFICE,palier de prix d'achat (13.65 € HT) → 4 ; produit vrac / usage professionnel → -1
PROD-0588,VRAC NOISETTE,3,3,,,1,,,,,NON CALCULABLE (donnée absente des documents) : aucun prix de vente n'existe encore,NON CALCULABLE (donnée absente des documents) : à saisir en back-office,PROPOSITION AUTOMATIQUE – À VALIDER EN BACK-OFFICE,palier de prix d'achat (13.65 € HT) → 4 ; produit vrac / usage professionnel → -1
PROD-0589,VRAC CAFÉ,3,3,,,1,,,,,NON CALCULABLE (donnée absente des documents) : aucun prix de vente n'existe encore,NON CALCULABLE (donnée absente des documents) : à saisir en back-office,PROPOSITION AUTOMATIQUE – À VALIDER EN BACK-OFFICE,palier de prix d'achat (13.65 € HT) → 4 ; produit vrac / usage professionnel → -1
PROD-0590,VRAC CALVADOS,3,3,,,1,,,,,NON CALCULABLE (donnée absente des documents) : aucun prix de vente n'existe encore,NON CALCULABLE (donnée absente des documents) : à saisir en back-office,PROPOSITION AUTOMATIQUE – À VALIDER EN BACK-OFFICE,palier de prix d'achat (13.65 € HT) → 4 ; produit vrac / usage professionnel → -1
PROD-0591,VRAC POMME,3,3,,,1,,,,,NON CALCULABLE (donnée absente des documents) : aucun prix de vente n'existe encore,NON CALCULABLE (donnée absente des documents) : à saisir en back-office,PROPOSITION AUTOMATIQUE – À VALIDER EN BACK-OFFICE,palier de prix d'achat (13.65 € HT) → 4 ; produit vrac / usage professionnel → -1
PROD-0592,VRAC ASSORTIMENT TRADITION,3,3,,,1,,,,,NON CALCULABLE (donnée absente des documents) : aucun prix de vente n'existe encore,NON CALCULABLE (donnée absente des documents) : à saisir en back-office,PROPOSITION AUTOMATIQUE – À VALIDER EN BACK-OFFICE,palier de prix d'achat (13.65 € HT) → 4 ; produit vrac / usage professionnel → -1
PROD-0593,VRAC ASSORTIMENT NORMANDIE,3,3,3,,1,,,,,NON CALCULABLE (donnée absente des documents) : aucun prix de vente n'existe encore,NON CALCULABLE (donnée absente des documents) : à saisir en back-office,PROPOSITION AUTOMATIQUE – À VALIDER EN BACK-OFFICE,palier de prix d'achat (13.65 € HT) → 4 ; produit vrac / usage professionnel → -1
PROD-0594,VRAC BEURRE DOUX D’ISIGNY AOP,3,3,3,,1,,,,,NON CALCULABLE (donnée absente des documents) : aucun prix de vente n'existe encore,NON CALCULABLE (donnée absente des documents) : à saisir en back-office,PROPOSITION AUTOMATIQUE – À VALIDER EN BACK-OFFICE,palier de prix d'achat (13.00 € HT) → 4 ; produit vrac / usage professionnel → -1
PROD-0595,VRAC CAFÉ,3,3,,,1,,,,,NON CALCULABLE (donnée absente des documents) : aucun prix de vente n'existe encore,NON CALCULABLE (donnée absente des documents) : à saisir en back-office,PROPOSITION AUTOMATIQUE – À VALIDER EN BACK-OFFICE,palier de prix d'achat (13.00 € HT) → 4 ; produit vrac / usage professionnel → -1
PROD-0596,VRAC CHOCOLAT,3,3,,,1,,,,,NON CALCULABLE (donnée absente des documents) : aucun prix de vente n'existe encore,NON CALCULABLE (donnée absente des documents) : à saisir en back-office,PROPOSITION AUTOMATIQUE – À VALIDER EN BACK-OFFICE,palier de prix d'achat (13.00 € HT) → 4 ; produit vrac / usage professionnel → -1
PROD-0597,VRAC NOISETTE,3,3,,,1,,,,,NON CALCULABLE (donnée absente des documents) : aucun prix de vente n'existe encore,NON CALCULABLE (donnée absente des documents) : à saisir en back-office,PROPOSITION AUTOMATIQUE – À VALIDER EN BACK-OFFICE,palier de prix d'achat (13.00 € HT) → 4 ; produit vrac / usage professionnel → -1
PROD-0598,BOÎTE 2KG CRÈME D’ISIGNY AOP,4,4,3,,1,,,,,NON CALCULABLE (donnée absente des documents) : aucun prix de vente n'existe encore,NON CALCULABLE (donnée absente des documents) : à saisir en back-office,PROPOSITION AUTOMATIQUE – À VALIDER EN BACK-OFFICE,palier de prix d'achat (32.20 € HT) → 5 ; produit vrac / usage professionnel → -1
PROD-0599,BOÎTE 2KG BEURRE SALÉ D’ISIGNY AOP,4,4,3,,1,,,,,NON CALCULABLE (donnée absente des documents) : aucun prix de vente n'existe encore,NON CALCULABLE (donnée absente des documents) : à saisir en back-office,PROPOSITION AUTOMATIQUE – À VALIDER EN BACK-OFFICE,palier de prix d'achat (32.20 € HT) → 5 ; produit vrac / usage professionnel → -1
PROD-0600,BOÎTE 2KG BEURRE DOUX D’ISIGNY AOP,4,4,3,,1,,,,,NON CALCULABLE (donnée absente des documents) : aucun prix de vente n'existe encore,NON CALCULABLE (donnée absente des documents) : à saisir en back-office,PROPOSITION AUTOMATIQUE – À VALIDER EN BACK-OFFICE,palier de prix d'achat (32.20 € HT) → 5 ; produit vrac / usage professionnel → -1
PROD-0601,BOÎTE 2KG CALVADOS,4,4,,,1,,,,,NON CALCULABLE (donnée absente des documents) : aucun prix de vente n'existe encore,NON CALCULABLE (donnée absente des documents) : à saisir en back-office,PROPOSITION AUTOMATIQUE – À VALIDER EN BACK-OFFICE,palier de prix d'achat (32.20 € HT) → 5 ; produit vrac / usage professionnel → -1
PROD-0602,BOÎTE 2KG GOÛT TATIN,4,4,,,1,,,,,NON CALCULABLE (donnée absente des documents) : aucun prix de vente n'existe encore,NON CALCULABLE (donnée absente des documents) : à saisir en back-office,PROPOSITION AUTOMATIQUE – À VALIDER EN BACK-OFFICE,palier de prix d'achat (32.20 € HT) → 5 ; produit vrac / usage professionnel → -1
PROD-0603,BOÎTE 2KG POMME,4,4,,,1,,,,,NON CALCULABLE (donnée absente des documents) : aucun prix de vente n'existe encore,NON CALCULABLE (donnée absente des documents) : à saisir en back-office,PROPOSITION AUTOMATIQUE – À VALIDER EN BACK-OFFICE,palier de prix d'achat (32.20 € HT) → 5 ; produit vrac / usage professionnel → -1
PROD-0604,BOÎTE 2KG GOÛT CONFITURE DE LAIT,4,4,,,1,,,,,NON CALCULABLE (donnée absente des documents) : aucun prix de vente n'existe encore,NON CALCULABLE (donnée absente des documents) : à saisir en back-office,PROPOSITION AUTOMATIQUE – À VALIDER EN BACK-OFFICE,palier de prix d'achat (32.20 € HT) → 5 ; produit vrac / usage professionnel → -1
PROD-0605,BOÎTE 2KG MENTHE,4,4,,,1,,,,,NON CALCULABLE (donnée absente des documents) : aucun prix de vente n'existe encore,NON CALCULABLE (donnée absente des documents) : à saisir en back-office,PROPOSITION AUTOMATIQUE – À VALIDER EN BACK-OFFICE,palier de prix d'achat (32.20 € HT) → 5 ; produit vrac / usage professionnel → -1
PROD-0606,BOÎTE 2KG PRUNEAU,4,4,,,1,,,,,NON CALCULABLE (donnée absente des documents) : aucun prix de vente n'existe encore,NON CALCULABLE (donnée absente des documents) : à saisir en back-office,PROPOSITION AUTOMATIQUE – À VALIDER EN BACK-OFFICE,palier de prix d'achat (32.20 € HT) → 5 ; produit vrac / usage professionnel → -1
PROD-0607,BOÎTE 2KG MARRON,4,4,,,1,,,,,NON CALCULABLE (donnée absente des documents) : aucun prix de vente n'existe encore,NON CALCULABLE (donnée absente des documents) : à saisir en back-office,PROPOSITION AUTOMATIQUE – À VALIDER EN BACK-OFFICE,palier de prix d'achat (32.20 € HT) → 5 ; produit vrac / usage professionnel → -1
PROD-0608,BOÎTE 2KG NOIX,4,4,,,1,,,,,NON CALCULABLE (donnée absente des documents) : aucun prix de vente n'existe encore,NON CALCULABLE (donnée absente des documents) : à saisir en back-office,PROPOSITION AUTOMATIQUE – À VALIDER EN BACK-OFFICE,palier de prix d'achat (32.20 € HT) → 5 ; produit vrac / usage professionnel → -1
PROD-0609,BOÎTE 2KG MIEL,4,4,,,1,,,,,NON CALCULABLE (donnée absente des documents) : aucun prix de vente n'existe encore,NON CALCULABLE (donnée absente des documents) : à saisir en back-office,PROPOSITION AUTOMATIQUE – À VALIDER EN BACK-OFFICE,palier de prix d'achat (32.20 € HT) → 5 ; produit vrac / usage professionnel → -1
PROD-0610,BOÎTE 2KG CHOCOLAT,4,4,,,1,,,,,NON CALCULABLE (donnée absente des documents) : aucun prix de vente n'existe encore,NON CALCULABLE (donnée absente des documents) : à saisir en back-office,PROPOSITION AUTOMATIQUE – À VALIDER EN BACK-OFFICE,palier de prix d'achat (32.20 € HT) → 5 ; produit vrac / usage professionnel → -1
PROD-0611,BOÎTE 2KG CAFÉ,4,4,,,1,,,,,NON CALCULABLE (donnée absente des documents) : aucun prix de vente n'existe encore,NON CALCULABLE (donnée absente des documents) : à saisir en back-office,PROPOSITION AUTOMATIQUE – À VALIDER EN BACK-OFFICE,palier de prix d'achat (32.20 € HT) → 5 ; produit vrac / usage professionnel → -1
PROD-0612,BOÎTE 2KG NOISETTE,4,4,,,1,,,,,NON CALCULABLE (donnée absente des documents) : aucun prix de vente n'existe encore,NON CALCULABLE (donnée absente des documents) : à saisir en back-office,PROPOSITION AUTOMATIQUE – À VALIDER EN BACK-OFFICE,palier de prix d'achat (32.20 € HT) → 5 ; produit vrac / usage professionnel → -1
PROD-0613,BOÎTE 2KG MYRTILLE,4,4,,,1,,,,,NON CALCULABLE (donnée absente des documents) : aucun prix de vente n'existe encore,NON CALCULABLE (donnée absente des documents) : à saisir en back-office,PROPOSITION AUTOMATIQUE – À VALIDER EN BACK-OFFICE,palier de prix d'achat (32.20 € HT) → 5 ; produit vrac / usage professionnel → -1
PROD-0614,BOÎTE 2KG CASSIS,4,4,,,1,,,,,NON CALCULABLE (donnée absente des documents) : aucun prix de vente n'existe encore,NON CALCULABLE (donnée absente des documents) : à saisir en back-office,PROPOSITION AUTOMATIQUE – À VALIDER EN BACK-OFFICE,palier de prix d'achat (32.20 € HT) → 5 ; produit vrac / usage professionnel → -1
PROD-0615,BOÎTE 2KG FRAISE,4,4,,,1,,,,,NON CALCULABLE (donnée absente des documents) : aucun prix de vente n'existe encore,NON CALCULABLE (donnée absente des documents) : à saisir en back-office,PROPOSITION AUTOMATIQUE – À VALIDER EN BACK-OFFICE,palier de prix d'achat (32.20 € HT) → 5 ; produit vrac / usage professionnel → -1
PROD-0616,BOÎTE 2KG MIRABELLE,4,4,,,1,,,,,NON CALCULABLE (donnée absente des documents) : aucun prix de vente n'existe encore,NON CALCULABLE (donnée absente des documents) : à saisir en back-office,PROPOSITION AUTOMATIQUE – À VALIDER EN BACK-OFFICE,palier de prix d'achat (32.20 € HT) → 5 ; produit vrac / usage professionnel → -1
PROD-0617,BOÎTE 2KG BEURRE SALÉ D’ISIGNY AOP,4,4,3,,1,,,,,NON CALCULABLE (donnée absente des documents) : aucun prix de vente n'existe encore,NON CALCULABLE (donnée absente des documents) : à saisir en back-office,PROPOSITION AUTOMATIQUE – À VALIDER EN BACK-OFFICE,palier de prix d'achat (31.60 € HT) → 5 ; produit vrac / usage professionnel → -1
PROD-0618,BOÎTE 2KG BEURRE DOUX D’ISIGNY AOP,4,4,3,,1,,,,,NON CALCULABLE (donnée absente des documents) : aucun prix de vente n'existe encore,NON CALCULABLE (donnée absente des documents) : à saisir en back-office,PROPOSITION AUTOMATIQUE – À VALIDER EN BACK-OFFICE,palier de prix d'achat (31.60 € HT) → 5 ; produit vrac / usage professionnel → -1
PROD-0619,BOÎTE 2KG CAFÉ,4,4,,,1,,,,,NON CALCULABLE (donnée absente des documents) : aucun prix de vente n'existe encore,NON CALCULABLE (donnée absente des documents) : à saisir en back-office,PROPOSITION AUTOMATIQUE – À VALIDER EN BACK-OFFICE,palier de prix d'achat (31.60 € HT) → 5 ; produit vrac / usage professionnel → -1
PROD-0620,BOÎTE 2KG CHOCOLAT,4,4,,,1,,,,,NON CALCULABLE (donnée absente des documents) : aucun prix de vente n'existe encore,NON CALCULABLE (donnée absente des documents) : à saisir en back-office,PROPOSITION AUTOMATIQUE – À VALIDER EN BACK-OFFICE,palier de prix d'achat (31.60 € HT) → 5 ; produit vrac / usage professionnel → -1
PROD-0621,BOÎTE 2KG NOISETTE,4,4,,,1,,,,,NON CALCULABLE (donnée absente des documents) : aucun prix de vente n'existe encore,NON CALCULABLE (donnée absente des documents) : à saisir en back-office,PROPOSITION AUTOMATIQUE – À VALIDER EN BACK-OFFICE,palier de prix d'achat (31.60 € HT) → 5 ; produit vrac / usage professionnel → -1
PROD-0622,CARAMEL À TARTINER AU BEURRE SALÉ,2,2,,,5,,,,,NON CALCULABLE (donnée absente des documents) : aucun prix de vente n'existe encore,NON CALCULABLE (donnée absente des documents) : à saisir en back-office,PROPOSITION AUTOMATIQUE – À VALIDER EN BACK-OFFICE,palier de prix d'achat (3.90 € HT) → 2
PROD-0623,CARAMEL À TARTINER AU BEURRE SALÉ,3,3,,,3,,,,,NON CALCULABLE (donnée absente des documents) : aucun prix de vente n'existe encore,NON CALCULABLE (donnée absente des documents) : à saisir en back-office,PROPOSITION AUTOMATIQUE – À VALIDER EN BACK-OFFICE,palier de prix d'achat (5.45 € HT) → 3
PROD-0624,CARAMEL À TARTINER VANILLE,2,2,,,5,,,,,NON CALCULABLE (donnée absente des documents) : aucun prix de vente n'existe encore,NON CALCULABLE (donnée absente des documents) : à saisir en back-office,PROPOSITION AUTOMATIQUE – À VALIDER EN BACK-OFFICE,palier de prix d'achat (3.90 € HT) → 2
PROD-0625,CARAMEL À TARTINER SAVEUR NOISETTE,2,2,,,5,,,,,NON CALCULABLE (donnée absente des documents) : aucun prix de vente n'existe encore,NON CALCULABLE (donnée absente des documents) : à saisir en back-office,PROPOSITION AUTOMATIQUE – À VALIDER EN BACK-OFFICE,palier de prix d'achat (3.90 € HT) → 2
PROD-0626,CARAMEL À TARTINER CHOCOLAT,2,2,,,5,,,,,NON CALCULABLE (donnée absente des documents) : aucun prix de vente n'existe encore,NON CALCULABLE (donnée absente des documents) : à saisir en back-office,PROPOSITION AUTOMATIQUE – À VALIDER EN BACK-OFFICE,palier de prix d'achat (3.90 € HT) → 2
PROD-0627,CARAMEL À TARTINER CALVADOS,2,2,,,5,,,,,NON CALCULABLE (donnée absente des documents) : aucun prix de vente n'existe encore,NON CALCULABLE (donnée absente des documents) : à saisir en back-office,PROPOSITION AUTOMATIQUE – À VALIDER EN BACK-OFFICE,palier de prix d'achat (3.90 € HT) → 2
PROD-0628,ASSORTIMENT DE 5 MINI CARAMELS À TARTINER,3,3,,,5,,,,,NON CALCULABLE (donnée absente des documents) : aucun prix de vente n'existe encore,NON CALCULABLE (donnée absente des documents) : à saisir en back-office,PROPOSITION AUTOMATIQUE – À VALIDER EN BACK-OFFICE,palier de prix d'achat (7.85 € HT) → 3
PROD-0629,CARAMEL BLOND,2,2,,,3,,,,,NON CALCULABLE (donnée absente des documents) : aucun prix de vente n'existe encore,NON CALCULABLE (donnée absente des documents) : à saisir en back-office,PROPOSITION AUTOMATIQUE – À VALIDER EN BACK-OFFICE,palier de prix d'achat (4.10 € HT) → 2
PROD-0630,COULIS DE CARAMEL À LA VANILLE,2,2,,,3,,,,,NON CALCULABLE (donnée absente des documents) : aucun prix de vente n'existe encore,NON CALCULABLE (donnée absente des documents) : à saisir en back-office,PROPOSITION AUTOMATIQUE – À VALIDER EN BACK-OFFICE,palier de prix d'achat (4.81 € HT) → 2
PROD-0631,COULIS DE CARAMEL AU CHOCOLAT,2,2,,,3,,,,,NON CALCULABLE (donnée absente des documents) : aucun prix de vente n'existe encore,NON CALCULABLE (donnée absente des documents) : à saisir en back-office,PROPOSITION AUTOMATIQUE – À VALIDER EN BACK-OFFICE,palier de prix d'achat (4.81 € HT) → 2
PROD-0632,COULIS DE CARAMEL AU BEURRE SALÉ,2,2,,,3,,,,,NON CALCULABLE (donnée absente des documents) : aucun prix de vente n'existe encore,NON CALCULABLE (donnée absente des documents) : à saisir en back-office,PROPOSITION AUTOMATIQUE – À VALIDER EN BACK-OFFICE,palier de prix d'achat (4.81 € HT) → 2
PROD-0633,COULIS DE CARAMEL AU BEURRE SALÉ,4,4,,,1,,,,,NON CALCULABLE (donnée absente des documents) : aucun prix de vente n'existe encore,NON CALCULABLE (donnée absente des documents) : à saisir en back-office,PROPOSITION AUTOMATIQUE – À VALIDER EN BACK-OFFICE,palier de prix d'achat (15.75 € HT) → 4
PROD-0634,ÉCLATS DE CARAMEL CALIBRE 1.5/4MM,3,3,,,3,,,,,NON CALCULABLE (donnée absente des documents) : aucun prix de vente n'existe encore,NON CALCULABLE (donnée absente des documents) : à saisir en back-office,PROPOSITION AUTOMATIQUE – À VALIDER EN BACK-OFFICE,palier de prix d'achat (11.40 € HT) → 4 ; produit vrac / usage professionnel → -1
PROD-0635,ÉCLATS DE CARAMEL CALIBRE 1.5/4MM,1,1,,,5,,,,,NON CALCULABLE (donnée absente des documents) : aucun prix de vente n'existe encore,NON CALCULABLE (donnée absente des documents) : à saisir en back-office,PROPOSITION AUTOMATIQUE – À VALIDER EN BACK-OFFICE,palier de prix d'achat (4.95 € HT) → 2 ; produit vrac / usage professionnel → -1
PROD-0636,ÉCLATS DE CARAMEL CALIBRE 4/8MM,3,3,,,3,,,,,NON CALCULABLE (donnée absente des documents) : aucun prix de vente n'existe encore,NON CALCULABLE (donnée absente des documents) : à saisir en back-office,PROPOSITION AUTOMATIQUE – À VALIDER EN BACK-OFFICE,palier de prix d'achat (11.74 € HT) → 4 ; produit vrac / usage professionnel → -1
PROD-0637,ÉCLATS DE CARAMEL CALIBRE 4/8MM,2,2,,,5,,,,,NON CALCULABLE (donnée absente des documents) : aucun prix de vente n'existe encore,NON CALCULABLE (donnée absente des documents) : à saisir en back-office,PROPOSITION AUTOMATIQUE – À VALIDER EN BACK-OFFICE,palier de prix d'achat (5.11 € HT) → 3 ; produit vrac / usage professionnel → -1
PROD-0638,POUDRE DE CARAMEL,3,3,,,3,,,,,NON CALCULABLE (donnée absente des documents) : aucun prix de vente n'existe encore,NON CALCULABLE (donnée absente des documents) : à saisir en back-office,PROPOSITION AUTOMATIQUE – À VALIDER EN BACK-OFFICE,palier de prix d'achat (10.70 € HT) → 4 ; produit vrac / usage professionnel → -1
PROD-0639,POUDRE DE CARAMEL,1,1,,,5,,,,,NON CALCULABLE (donnée absente des documents) : aucun prix de vente n'existe encore,NON CALCULABLE (donnée absente des documents) : à saisir en back-office,PROPOSITION AUTOMATIQUE – À VALIDER EN BACK-OFFICE,palier de prix d'achat (4.27 € HT) → 2 ; produit vrac / usage professionnel → -1
PROD-0640,CARAMEL CORSÉ AU BEURRE SALÉ,3,3,,,1,,,,,NON CALCULABLE (donnée absente des documents) : aucun prix de vente n'existe encore,NON CALCULABLE (donnée absente des documents) : à saisir en back-office,PROPOSITION AUTOMATIQUE – À VALIDER EN BACK-OFFICE,palier de prix d'achat (14.33 € HT) → 4 ; produit vrac / usage professionnel → -1
PROD-0641,CARAMEL CORSÉ AU BEURRE SALÉ,4,4,,,1,,,,,NON CALCULABLE (donnée absente des documents) : aucun prix de vente n'existe encore,NON CALCULABLE (donnée absente des documents) : à saisir en back-office,PROPOSITION AUTOMATIQUE – À VALIDER EN BACK-OFFICE,palier de prix d'achat (40.83 € HT) → 5 ; produit vrac / usage professionnel → -1
PROD-0642,CARAMEL AU BEURRE SALÉ,3,3,,,1,,,,,NON CALCULABLE (donnée absente des documents) : aucun prix de vente n'existe encore,NON CALCULABLE (donnée absente des documents) : à saisir en back-office,PROPOSITION AUTOMATIQUE – À VALIDER EN BACK-OFFICE,palier de prix d'achat (13.89 € HT) → 4 ; produit vrac / usage professionnel → -1
PROD-0643,CARAMEL AU BEURRE SALÉ,4,4,,,1,,,,,NON CALCULABLE (donnée absente des documents) : aucun prix de vente n'existe encore,NON CALCULABLE (donnée absente des documents) : à saisir en back-office,PROPOSITION AUTOMATIQUE – À VALIDER EN BACK-OFFICE,palier de prix d'achat (39.60 € HT) → 5 ; produit vrac / usage professionnel → -1
PROD-0644,POUDRE DE CARAMEL,3,3,,,1,,,,,NON CALCULABLE (donnée absente des documents) : aucun prix de vente n'existe encore,NON CALCULABLE (donnée absente des documents) : à saisir en back-office,PROPOSITION AUTOMATIQUE – À VALIDER EN BACK-OFFICE,palier de prix d'achat (13.29 € HT) → 4 ; produit vrac / usage professionnel → -1
PROD-0645,POUDRE DE CARAMEL,4,4,,,1,,,,,NON CALCULABLE (donnée absente des documents) : aucun prix de vente n'existe encore,NON CALCULABLE (donnée absente des documents) : à saisir en back-office,PROPOSITION AUTOMATIQUE – À VALIDER EN BACK-OFFICE,palier de prix d'achat (29.68 € HT) → 5 ; produit vrac / usage professionnel → -1
PROD-0646,POUDRE DE CARAMEL,3,3,,,1,,,,,NON CALCULABLE (donnée absente des documents) : aucun prix de vente n'existe encore,NON CALCULABLE (donnée absente des documents) : à saisir en back-office,PROPOSITION AUTOMATIQUE – À VALIDER EN BACK-OFFICE,palier de prix d'achat (12.44 € HT) → 4 ; produit vrac / usage professionnel → -1
PROD-0647,"ÉCLATS DE CARAMEL 1,5/4 MM",3,3,,,1,,,,,NON CALCULABLE (donnée absente des documents) : aucun prix de vente n'existe encore,NON CALCULABLE (donnée absente des documents) : à saisir en back-office,PROPOSITION AUTOMATIQUE – À VALIDER EN BACK-OFFICE,palier de prix d'achat (14.17 € HT) → 4 ; produit vrac / usage professionnel → -1
PROD-0648,"ÉCLATS DE CARAMEL 1,5/4 MM",4,4,,,1,,,,,NON CALCULABLE (donnée absente des documents) : aucun prix de vente n'existe encore,NON CALCULABLE (donnée absente des documents) : à saisir en back-office,PROPOSITION AUTOMATIQUE – À VALIDER EN BACK-OFFICE,palier de prix d'achat (31.66 € HT) → 5 ; produit vrac / usage professionnel → -1
PROD-0649,"ÉCLATS DE CARAMEL 1,5/4 MM",3,3,,,1,,,,,NON CALCULABLE (donnée absente des documents) : aucun prix de vente n'existe encore,NON CALCULABLE (donnée absente des documents) : à saisir en back-office,PROPOSITION AUTOMATIQUE – À VALIDER EN BACK-OFFICE,palier de prix d'achat (13.27 € HT) → 4 ; produit vrac / usage professionnel → -1
PROD-0650,ÉCLATS DE CARAMEL 4/8 MM,3,3,,,1,,,,,NON CALCULABLE (donnée absente des documents) : aucun prix de vente n'existe encore,NON CALCULABLE (donnée absente des documents) : à saisir en back-office,PROPOSITION AUTOMATIQUE – À VALIDER EN BACK-OFFICE,palier de prix d'achat (14.57 € HT) → 4 ; produit vrac / usage professionnel → -1
PROD-0651,ÉCLATS DE CARAMEL 4/8 MM,4,4,,,1,,,,,NON CALCULABLE (donnée absente des documents) : aucun prix de vente n'existe encore,NON CALCULABLE (donnée absente des documents) : à saisir en back-office,PROPOSITION AUTOMATIQUE – À VALIDER EN BACK-OFFICE,palier de prix d'achat (32.61 € HT) → 5 ; produit vrac / usage professionnel → -1
PROD-0652,ÉCLATS DE CARAMEL 4/8 MM,3,3,,,1,,,,,NON CALCULABLE (donnée absente des documents) : aucun prix de vente n'existe encore,NON CALCULABLE (donnée absente des documents) : à saisir en back-office,PROPOSITION AUTOMATIQUE – À VALIDER EN BACK-OFFICE,palier de prix d'achat (13.66 € HT) → 4 ; produit vrac / usage professionnel → -1
PROD-0653,CARAMELS FONDANTS BEURRE SALÉ À ENROBER,4,4,,,1,,,,,NON CALCULABLE (donnée absente des documents) : aucun prix de vente n'existe encore,NON CALCULABLE (donnée absente des documents) : à saisir en back-office,PROPOSITION AUTOMATIQUE – À VALIDER EN BACK-OFFICE,palier de prix d'achat (43.30 € HT) → 5 ; produit vrac / usage professionnel → -1
PROD-0654,DOYPACK POP CORN,2,2,3,,5,,,,,NON CALCULABLE (donnée absente des documents) : aucun prix de vente n'existe encore,NON CALCULABLE (donnée absente des documents) : à saisir en back-office,PROPOSITION AUTOMATIQUE – À VALIDER EN BACK-OFFICE,palier de prix d'achat (3.72 € HT) → 2
PROD-0655,SACHET DE NOUGATS,2,2,3,,5,,,,,NON CALCULABLE (donnée absente des documents) : aucun prix de vente n'existe encore,NON CALCULABLE (donnée absente des documents) : à saisir en back-office,PROPOSITION AUTOMATIQUE – À VALIDER EN BACK-OFFICE,palier de prix d'achat (4.50 € HT) → 2
PROD-0656,SUCETTES x100,5,5,3,,1,,,,,NON CALCULABLE (donnée absente des documents) : aucun prix de vente n'existe encore,NON CALCULABLE (donnée absente des documents) : à saisir en back-office,PROPOSITION AUTOMATIQUE – À VALIDER EN BACK-OFFICE,palier de prix d'achat (33.21 € HT) → 5
PROD-0657,PRÉSENTOIR POUR 100 SUCETTES,3,3,3,,5,,,,,NON CALCULABLE (donnée absente des documents) : aucun prix de vente n'existe encore,NON CALCULABLE (donnée absente des documents) : à saisir en back-office,PROPOSITION AUTOMATIQUE – À VALIDER EN BACK-OFFICE,palier de prix d'achat (8.38 € HT) → 3
PROD-0658,COOKIES AUX ÉCLATS DE CARAMEL,2,2,3,,5,,,,,NON CALCULABLE (donnée absente des documents) : aucun prix de vente n'existe encore,NON CALCULABLE (donnée absente des documents) : à saisir en back-office,PROPOSITION AUTOMATIQUE – À VALIDER EN BACK-OFFICE,palier de prix d'achat (4.16 € HT) → 2
PROD-0659,Cidre Corsé,2,2,5,,,,,,,NON CALCULABLE (donnée absente des documents) : aucun prix de vente n'existe encore,NON CALCULABLE (donnée absente des documents) : à saisir en back-office,PROPOSITION AUTOMATIQUE – À VALIDER EN BACK-OFFICE,palier de prix d'achat (3.36 € HT) → 2
PROD-0660,Cidre Fruité,2,2,5,,,,,,,NON CALCULABLE (donnée absente des documents) : aucun prix de vente n'existe encore,NON CALCULABLE (donnée absente des documents) : à saisir en back-office,PROPOSITION AUTOMATIQUE – À VALIDER EN BACK-OFFICE,palier de prix d'achat (3.36 € HT) → 2
PROD-0661,Cidre Fraîcheur,2,2,5,,,,,,,NON CALCULABLE (donnée absente des documents) : aucun prix de vente n'existe encore,NON CALCULABLE (donnée absente des documents) : à saisir en back-office,PROPOSITION AUTOMATIQUE – À VALIDER EN BACK-OFFICE,palier de prix d'achat (3.65 € HT) → 2
PROD-0662,Cidre Tonique,2,2,5,,,,,,,NON CALCULABLE (donnée absente des documents) : aucun prix de vente n'existe encore,NON CALCULABLE (donnée absente des documents) : à saisir en back-office,PROPOSITION AUTOMATIQUE – À VALIDER EN BACK-OFFICE,palier de prix d'achat (4.50 € HT) → 2
PROD-0663,Cidre Sauvage,2,2,5,,,,,,,NON CALCULABLE (donnée absente des documents) : aucun prix de vente n'existe encore,NON CALCULABLE (donnée absente des documents) : à saisir en back-office,PROPOSITION AUTOMATIQUE – À VALIDER EN BACK-OFFICE,palier de prix d'achat (4.40 € HT) → 2
PROD-0664,Terroir Chic,1,1,5,,,,,,,NON CALCULABLE (donnée absente des documents) : aucun prix de vente n'existe encore,NON CALCULABLE (donnée absente des documents) : à saisir en back-office,PROPOSITION AUTOMATIQUE – À VALIDER EN BACK-OFFICE,palier de prix d'achat (1.71 € HT) → 1
PROD-0665,Cidre Fruité,1,1,5,,,,,,,NON CALCULABLE (donnée absente des documents) : aucun prix de vente n'existe encore,NON CALCULABLE (donnée absente des documents) : à saisir en back-office,PROPOSITION AUTOMATIQUE – À VALIDER EN BACK-OFFICE,palier de prix d'achat (1.75 € HT) → 1
PROD-0666,Cidre Fraîcheur,1,1,5,,,,,,,NON CALCULABLE (donnée absente des documents) : aucun prix de vente n'existe encore,NON CALCULABLE (donnée absente des documents) : à saisir en back-office,PROPOSITION AUTOMATIQUE – À VALIDER EN BACK-OFFICE,palier de prix d'achat (1.75 € HT) → 1
PROD-0667,Cidre Tonique,1,1,5,,,,,,,NON CALCULABLE (donnée absente des documents) : aucun prix de vente n'existe encore,NON CALCULABLE (donnée absente des documents) : à saisir en back-office,PROPOSITION AUTOMATIQUE – À VALIDER EN BACK-OFFICE,palier de prix d'achat (1.75 € HT) → 1
PROD-0668,Fût Corsé,5,5,5,,,,,,,NON CALCULABLE (donnée absente des documents) : aucun prix de vente n'existe encore,NON CALCULABLE (donnée absente des documents) : à saisir en back-office,PROPOSITION AUTOMATIQUE – À VALIDER EN BACK-OFFICE,palier de prix d'achat (79.00 € HT) → 5
PROD-0669,Fût Fraicheur,5,5,5,,,,,,,NON CALCULABLE (donnée absente des documents) : aucun prix de vente n'existe encore,NON CALCULABLE (donnée absente des documents) : à saisir en back-office,PROPOSITION AUTOMATIQUE – À VALIDER EN BACK-OFFICE,palier de prix d'achat (85.00 € HT) → 5
PROD-0670,Poiré,2,2,5,,,,,,,NON CALCULABLE (donnée absente des documents) : aucun prix de vente n'existe encore,NON CALCULABLE (donnée absente des documents) : à saisir en back-office,PROPOSITION AUTOMATIQUE – À VALIDER EN BACK-OFFICE,palier de prix d'achat (4.45 € HT) → 2
PROD-0671,Vinaigre de Cidre,1,1,5,,,,,,,NON CALCULABLE (donnée absente des documents) : aucun prix de vente n'existe encore,NON CALCULABLE (donnée absente des documents) : à saisir en back-office,PROPOSITION AUTOMATIQUE – À VALIDER EN BACK-OFFICE,palier de prix d'achat (2.30 € HT) → 1
PROD-0672,Jus de pomme,2,2,5,,,,,,,NON CALCULABLE (donnée absente des documents) : aucun prix de vente n'existe encore,NON CALCULABLE (donnée absente des documents) : à saisir en back-office,PROPOSITION AUTOMATIQUE – À VALIDER EN BACK-OFFICE,palier de prix d'achat (2.75 € HT) → 2
PROD-0673,Jus de pomme fraicheur,2,2,5,,,,,,,NON CALCULABLE (donnée absente des documents) : aucun prix de vente n'existe encore,NON CALCULABLE (donnée absente des documents) : à saisir en back-office,PROPOSITION AUTOMATIQUE – À VALIDER EN BACK-OFFICE,palier de prix d'achat (2.90 € HT) → 2
PROD-0674,Jus pétillant,2,2,5,,,,,,,NON CALCULABLE (donnée absente des documents) : aucun prix de vente n'existe encore,NON CALCULABLE (donnée absente des documents) : à saisir en back-office,PROPOSITION AUTOMATIQUE – À VALIDER EN BACK-OFFICE,palier de prix d'achat (3.05 € HT) → 2
PROD-0675,BIB Jus de pomme,4,4,5,,,,,,,NON CALCULABLE (donnée absente des documents) : aucun prix de vente n'existe encore,NON CALCULABLE (donnée absente des documents) : à saisir en back-office,PROPOSITION AUTOMATIQUE – À VALIDER EN BACK-OFFICE,palier de prix d'achat (12.27 € HT) → 4
PROD-0676,Pomme Amour,1,1,5,,,,,,,NON CALCULABLE (donnée absente des documents) : aucun prix de vente n'existe encore,NON CALCULABLE (donnée absente des documents) : à saisir en back-office,PROPOSITION AUTOMATIQUE – À VALIDER EN BACK-OFFICE,palier de prix d'achat (1.65 € HT) → 1
PROD-0677,Pomme Pétillant,1,1,5,,,,,,,NON CALCULABLE (donnée absente des documents) : aucun prix de vente n'existe encore,NON CALCULABLE (donnée absente des documents) : à saisir en back-office,PROPOSITION AUTOMATIQUE – À VALIDER EN BACK-OFFICE,palier de prix d'achat (1.79 € HT) → 1
PROD-0678,Pomme Basilic,1,1,5,,,,,,,NON CALCULABLE (donnée absente des documents) : aucun prix de vente n'existe encore,NON CALCULABLE (donnée absente des documents) : à saisir en back-office,PROPOSITION AUTOMATIQUE – À VALIDER EN BACK-OFFICE,palier de prix d'achat (1.96 € HT) → 1
PROD-0679,Pomme Menthe,1,1,5,,,,,,,NON CALCULABLE (donnée absente des documents) : aucun prix de vente n'existe encore,NON CALCULABLE (donnée absente des documents) : à saisir en back-office,PROPOSITION AUTOMATIQUE – À VALIDER EN BACK-OFFICE,palier de prix d'achat (1.96 € HT) → 1
PROD-0680,Pomme Framboise,1,1,5,,,,,,,NON CALCULABLE (donnée absente des documents) : aucun prix de vente n'existe encore,NON CALCULABLE (donnée absente des documents) : à saisir en back-office,PROPOSITION AUTOMATIQUE – À VALIDER EN BACK-OFFICE,palier de prix d'achat (1.89 € HT) → 1
PROD-0681,Pomme Myrtille,1,1,5,,,,,,,NON CALCULABLE (donnée absente des documents) : aucun prix de vente n'existe encore,NON CALCULABLE (donnée absente des documents) : à saisir en back-office,PROPOSITION AUTOMATIQUE – À VALIDER EN BACK-OFFICE,palier de prix d'achat (1.89 € HT) → 1
PROD-0682,Pomme Rhubarbe,1,1,5,,,,,,,NON CALCULABLE (donnée absente des documents) : aucun prix de vente n'existe encore,NON CALCULABLE (donnée absente des documents) : à saisir en back-office,PROPOSITION AUTOMATIQUE – À VALIDER EN BACK-OFFICE,palier de prix d'achat (1.89 € HT) → 1
PROD-0683,Pomme Basilic,2,2,5,,,,,,,NON CALCULABLE (donnée absente des documents) : aucun prix de vente n'existe encore,NON CALCULABLE (donnée absente des documents) : à saisir en back-office,PROPOSITION AUTOMATIQUE – À VALIDER EN BACK-OFFICE,palier de prix d'achat (3.30 € HT) → 2
PROD-0684,Pomme Menthe,2,2,5,,,,,,,NON CALCULABLE (donnée absente des documents) : aucun prix de vente n'existe encore,NON CALCULABLE (donnée absente des documents) : à saisir en back-office,PROPOSITION AUTOMATIQUE – À VALIDER EN BACK-OFFICE,palier de prix d'achat (3.30 € HT) → 2
PROD-0685,Pomme Framboise,2,2,5,,,,,,,NON CALCULABLE (donnée absente des documents) : aucun prix de vente n'existe encore,NON CALCULABLE (donnée absente des documents) : à saisir en back-office,PROPOSITION AUTOMATIQUE – À VALIDER EN BACK-OFFICE,palier de prix d'achat (3.30 € HT) → 2
PROD-0686,Pomme Myrtille,2,2,5,,,,,,,NON CALCULABLE (donnée absente des documents) : aucun prix de vente n'existe encore,NON CALCULABLE (donnée absente des documents) : à saisir en back-office,PROPOSITION AUTOMATIQUE – À VALIDER EN BACK-OFFICE,palier de prix d'achat (3.30 € HT) → 2
PROD-0687,Cidre de glace,4,4,5,,,,,,,NON CALCULABLE (donnée absente des documents) : aucun prix de vente n'existe encore,NON CALCULABLE (donnée absente des documents) : à saisir en back-office,PROPOSITION AUTOMATIQUE – À VALIDER EN BACK-OFFICE,palier de prix d'achat (17.00 € HT) → 4
PROD-0688,Cidre de glace,3,3,5,,,,,,,NON CALCULABLE (donnée absente des documents) : aucun prix de vente n'existe encore,NON CALCULABLE (donnée absente des documents) : à saisir en back-office,PROPOSITION AUTOMATIQUE – À VALIDER EN BACK-OFFICE,palier de prix d'achat (8.00 € HT) → 3
PROD-0689,Pommeau de Normandie,5,5,5,,,,,,,NON CALCULABLE (donnée absente des documents) : aucun prix de vente n'existe encore,NON CALCULABLE (donnée absente des documents) : à saisir en back-office,PROPOSITION AUTOMATIQUE – À VALIDER EN BACK-OFFICE,palier de prix d'achat (9.97 € HT) → 3 ; appellation protégée citée (Pommeau de Normandie (AOC)) → +1 ; spiritueux/vin de garde → +1
PROD-0690,Pommeau de Normandie,5,5,5,,,,,,,NON CALCULABLE (donnée absente des documents) : aucun prix de vente n'existe encore,NON CALCULABLE (donnée absente des documents) : à saisir en back-office,PROPOSITION AUTOMATIQUE – À VALIDER EN BACK-OFFICE,palier de prix d'achat (6.12 € HT) → 3 ; appellation protégée citée (Pommeau de Normandie (AOC)) → +1 ; spiritueux/vin de garde → +1
PROD-0691,Esprit de Billy,4,4,5,,,,,,,NON CALCULABLE (donnée absente des documents) : aucun prix de vente n'existe encore,NON CALCULABLE (donnée absente des documents) : à saisir en back-office,PROPOSITION AUTOMATIQUE – À VALIDER EN BACK-OFFICE,palier de prix d'achat (13.53 € HT) → 4
PROD-0692,CALVADOS - 20 ANS,5,5,5,,,,,,,NON CALCULABLE (donnée absente des documents) : aucun prix de vente n'existe encore,NON CALCULABLE (donnée absente des documents) : à saisir en back-office,PROPOSITION AUTOMATIQUE – À VALIDER EN BACK-OFFICE,palier de prix d'achat (43.16 € HT) → 5 ; appellation protégée citée (Calvados (AOC)) → +1 ; spiritueux/vin de garde → +1
PROD-0693,CALVADOS - 12 ANS,5,5,5,,,,,,,NON CALCULABLE (donnée absente des documents) : aucun prix de vente n'existe encore,NON CALCULABLE (donnée absente des documents) : à saisir en back-office,PROPOSITION AUTOMATIQUE – À VALIDER EN BACK-OFFICE,palier de prix d'achat (35.16 € HT) → 5 ; appellation protégée citée (Calvados (AOC)) → +1 ; spiritueux/vin de garde → +1
PROD-0694,CALVADOS - HORS D'ÂGE,5,5,5,,,,,,,NON CALCULABLE (donnée absente des documents) : aucun prix de vente n'existe encore,NON CALCULABLE (donnée absente des documents) : à saisir en back-office,PROPOSITION AUTOMATIQUE – À VALIDER EN BACK-OFFICE,palier de prix d'achat (29.16 € HT) → 5 ; appellation protégée citée (Calvados (AOC)) → +1 ; spiritueux/vin de garde → +1
PROD-0695,CALVADOS - HORS D'ÂGE,5,5,5,,,,,,,NON CALCULABLE (donnée absente des documents) : aucun prix de vente n'existe encore,NON CALCULABLE (donnée absente des documents) : à saisir en back-office,PROPOSITION AUTOMATIQUE – À VALIDER EN BACK-OFFICE,palier de prix d'achat (11.53 € HT) → 4 ; appellation protégée citée (Calvados (AOC)) → +1 ; spiritueux/vin de garde → +1
PROD-0696,CALVADOS - V.S.O.P.,5,5,5,,,,,,,NON CALCULABLE (donnée absente des documents) : aucun prix de vente n'existe encore,NON CALCULABLE (donnée absente des documents) : à saisir en back-office,PROPOSITION AUTOMATIQUE – À VALIDER EN BACK-OFFICE,palier de prix d'achat (22.90 € HT) → 4 ; appellation protégée citée (Calvados (AOC)) → +1 ; spiritueux/vin de garde → +1
PROD-0697,CALVADOS - FINE,5,5,5,,,,,,,NON CALCULABLE (donnée absente des documents) : aucun prix de vente n'existe encore,NON CALCULABLE (donnée absente des documents) : à saisir en back-office,PROPOSITION AUTOMATIQUE – À VALIDER EN BACK-OFFICE,palier de prix d'achat (20.40 € HT) → 4 ; appellation protégée citée (Calvados (AOC)) → +1 ; spiritueux/vin de garde → +1
PROD-0698,COFFRET TRIO BOIS,5,5,5,,,,,,,NON CALCULABLE (donnée absente des documents) : aucun prix de vente n'existe encore,NON CALCULABLE (donnée absente des documents) : à saisir en back-office,PROPOSITION AUTOMATIQUE – À VALIDER EN BACK-OFFICE,palier de prix d'achat (29.00 € HT) → 5
PROD-0699,COFFRET TRIO+VERRE,5,5,5,,,,,,,NON CALCULABLE (donnée absente des documents) : aucun prix de vente n'existe encore,NON CALCULABLE (donnée absente des documents) : à saisir en back-office,PROPOSITION AUTOMATIQUE – À VALIDER EN BACK-OFFICE,palier de prix d'achat (33.00 € HT) → 5
PROD-0700,Le Blanc Marin 75 cl btlle,4,4,5,,,,,,,NON CALCULABLE (donnée absente des documents) : aucun prix de vente n'existe encore,NON CALCULABLE (donnée absente des documents) : à saisir en back-office,PROPOSITION AUTOMATIQUE – À VALIDER EN BACK-OFFICE,palier de prix d'achat (10.90 € HT) → 4
PROD-0701,Le Rosé Marin 75cl btlle,3,3,5,,,,,,,NON CALCULABLE (donnée absente des documents) : aucun prix de vente n'existe encore,NON CALCULABLE (donnée absente des documents) : à saisir en back-office,PROPOSITION AUTOMATIQUE – À VALIDER EN BACK-OFFICE,palier de prix d'achat (9.50 € HT) → 3
PROD-0702,Les Trois Flèches 75 cl btlle,4,4,5,,,,,,,NON CALCULABLE (donnée absente des documents) : aucun prix de vente n'existe encore,NON CALCULABLE (donnée absente des documents) : à saisir en back-office,PROPOSITION AUTOMATIQUE – À VALIDER EN BACK-OFFICE,palier de prix d'achat (13.00 € HT) → 4
PROD-0703,Les Hougues 75cl btlle,4,4,5,,,,,,,NON CALCULABLE (donnée absente des documents) : aucun prix de vente n'existe encore,NON CALCULABLE (donnée absente des documents) : à saisir en back-office,PROPOSITION AUTOMATIQUE – À VALIDER EN BACK-OFFICE,palier de prix d'achat (10.90 € HT) → 4
