id_produit,reference_fournisseur,nom_produit,libelle_source,description,categorie,sous_categorie,regle_de_classification,marque,id_producteur,producteur,producteur_libelle_source,id_fournisseur,fournisseur,canal_de_commande,url_photo,origine_pays,origine_region,origine_departement,lieu_fabrication,appellation,niveau_preuve_origine,caractere_local,savoir_faire_francais,poids_net_g,volume_ml,mention_poids_volume_source,degre_alcool,alcool,type_alcool,dlc_ddm,mention_source,prix_achat_ht,prix_achat_texte_source,unite_de_prix,libelle_colonne_prix_source,tva_taux,prix_achat_ttc,prix_au_kg_ht,droits_accises,prix_hors_droits_ht,prix_vente_ht,prix_vente_ttc,marge_eur,taux_marge,prix_min_acceptable,prix_max_conseille,conditionnement,quantite_par_conditionnement,multiple_commande_source,multiple_commande_valeur,minimum_commande,panachage,poids_brut_g,longueur_cm,largeur_cm,hauteur_cm,volume_dm3,fragile,contient_verre,liquide,sensible_chocs,protection_necessaire,protection_type,contraintes_transport,personnalisable,type_personnalisation,cout_personnalisation,delai_personnalisation,fournisseur_personnalisation,niveau_gamme,niveau_noblesse_propose,noblesse_justification,noblesse_statut,saisonnalite,produit_noel,produit_premium,produit_local_emblematique,tags_opportunite,stock_interne,stock_reserve,stock_disponible,stock_fournisseur,delai_fournisseur,quantite_minimum_commande,disponibilite,statut_ligne,doublon_potentiel,conflit_prix,anomalie_source,champs_a_confirmer,source,ligne_source
PROD-0001,À CONFIRMER,Apéro tomate/paprika 100 grs,Apéro tomate/paprika 100 grs,À CONFIRMER,BISCUITERIE,BISCUIT,règle 14,BISCUITERIE DE QUINEVILLE,FOUR-0005,BISCUITERIE DE QUINEVILLE,BISCUITERIE DE QUINEVILLE,FOUR-0001,NORMAND DIRECT TERROIR,Commande directe auprès de Normand Direct Terroir,À CONFIRMER,À CONFIRMER,À CONFIRMER,À CONFIRMER,À CONFIRMER,,AUCUNE_INFORMATION_DANS_LES_DOCUMENTS,À CONFIRMER,À CONFIRMER,100.0,,100 grs,,NON,,2 MOIS,,2.15,2.15,unité,PU HT,0.055,2.2682,,,,,,,,,,À CONFIRMER,,/6,6,À CONFIRMER,À CONFIRMER,À CONFIRMER,À CONFIRMER,À CONFIRMER,À CONFIRMER,À CONFIRMER,À CONFIRMER,À CONFIRMER,NON,À CONFIRMER,À CONFIRMER,À CONFIRMER,À CONFIRMER,À CONFIRMER,À CONFIRMER,À CONFIRMER,À CONFIRMER,À CONFIRMER,ESSENTIEL,1,palier de prix d'achat (2.15 € HT) → 1,PROPOSITION AUTOMATIQUE – À VALIDER EN BACK-OFFICE,À CONFIRMER,À CONFIRMER,NON,À CONFIRMER,FAIBLE_COUT_LOGISTIQUE,À CONFIRMER,À CONFIRMER,À CONFIRMER,À CONFIRMER,À CONFIRMER,À CONFIRMER,SUR_COMMANDE (document = tarif et bon de commande 2026),PRODUIT,,,,37,Tarif et bon de commande 2026 – onglet « TARIF NORMAND DIRECT 2026 »,ligne 10
PROD-0002,À CONFIRMER,Pailles feuilletées salées 100 grs,Pailles feuilletées salées 100 grs,À CONFIRMER,BISCUITERIE,BISCUIT,règle 14,BISCUITERIE DE QUINEVILLE,FOUR-0005,BISCUITERIE DE QUINEVILLE,BISCUITERIE DE QUINEVILLE,FOUR-0001,NORMAND DIRECT TERROIR,Commande directe auprès de Normand Direct Terroir,À CONFIRMER,À CONFIRMER,À CONFIRMER,À CONFIRMER,À CONFIRMER,,AUCUNE_INFORMATION_DANS_LES_DOCUMENTS,À CONFIRMER,À CONFIRMER,100.0,,100 grs,,NON,,2 MOIS,,2.45,2.45,unité,PU HT,0.055,2.5848,,,,,,,,,,À CONFIRMER,,/6,6,À CONFIRMER,À CONFIRMER,À CONFIRMER,À CONFIRMER,À CONFIRMER,À CONFIRMER,À CONFIRMER,À CONFIRMER,À CONFIRMER,NON,À CONFIRMER,À CONFIRMER,À CONFIRMER,À CONFIRMER,À CONFIRMER,À CONFIRMER,À CONFIRMER,À CONFIRMER,À CONFIRMER,ESSENTIEL,1,palier de prix d'achat (2.45 € HT) → 1,PROPOSITION AUTOMATIQUE – À VALIDER EN BACK-OFFICE,À CONFIRMER,À CONFIRMER,NON,À CONFIRMER,FAIBLE_COUT_LOGISTIQUE,À CONFIRMER,À CONFIRMER,À CONFIRMER,À CONFIRMER,À CONFIRMER,À CONFIRMER,SUR_COMMANDE (document = tarif et bon de commande 2026),PRODUIT,,,,37,Tarif et bon de commande 2026 – onglet « TARIF NORMAND DIRECT 2026 »,ligne 11
PROD-0003,À CONFIRMER,Palets Camembert du Cotentin pavot 100 grs,Palets Camembert du Cotentin pavot 100 grs,À CONFIRMER,BISCUITERIE,BISCUIT,règle 14,BISCUITERIE DE QUINEVILLE,FOUR-0005,BISCUITERIE DE QUINEVILLE,BISCUITERIE DE QUINEVILLE,FOUR-0001,NORMAND DIRECT TERROIR,Commande directe auprès de Normand Direct Terroir,À CONFIRMER,À CONFIRMER,À CONFIRMER,À CONFIRMER,À CONFIRMER,,INDICE_DANS_LE_NOM_DU_PRODUIT_SEULEMENT,NORMANDIE_INDIQUEE_DANS_LE_NOM_A_VERIFIER,À CONFIRMER,100.0,,100 grs,,NON,,2 MOIS,,2.5,2.5,unité,PU HT,0.055,2.6375,,,,,,,,,,À CONFIRMER,,/6,6,À CONFIRMER,À CONFIRMER,À CONFIRMER,À CONFIRMER,À CONFIRMER,À CONFIRMER,À CONFIRMER,À CONFIRMER,À CONFIRMER,NON,À CONFIRMER,À CONFIRMER,À CONFIRMER,À CONFIRMER,À CONFIRMER,À CONFIRMER,À CONFIRMER,À CONFIRMER,À CONFIRMER,ESSENTIEL,2,palier de prix d'achat (2.50 € HT) → 2,PROPOSITION AUTOMATIQUE – À VALIDER EN BACK-OFFICE,À CONFIRMER,À CONFIRMER,NON,À CONFIRMER,FAIBLE_COUT_LOGISTIQUE,À CONFIRMER,À CONFIRMER,À CONFIRMER,À CONFIRMER,À CONFIRMER,À CONFIRMER,SUR_COMMANDE (document = tarif et bon de commande 2026),PRODUIT,,,,36,Tarif et bon de commande 2026 – onglet « TARIF NORMAND DIRECT 2026 »,ligne 12
PROD-0004,À CONFIRMER,Biscuits assortiment 250 grs,Biscuits assortiment 250 grs,À CONFIRMER,BISCUITERIE,BISCUIT,règle 14,BISCUITERIE DE QUINEVILLE,FOUR-0005,BISCUITERIE DE QUINEVILLE,BISCUITERIE DE QUINEVILLE,FOUR-0001,NORMAND DIRECT TERROIR,Commande directe auprès de Normand Direct Terroir,À CONFIRMER,À CONFIRMER,À CONFIRMER,À CONFIRMER,À CONFIRMER,,AUCUNE_INFORMATION_DANS_LES_DOCUMENTS,À CONFIRMER,À CONFIRMER,250.0,,250 grs,,NON,,3 MOIS,,5.9,5.9,unité,PU HT,0.055,6.2245,,,,,,,,,,À CONFIRMER,,6/,6,À CONFIRMER,À CONFIRMER,À CONFIRMER,À CONFIRMER,À CONFIRMER,À CONFIRMER,À CONFIRMER,À CONFIRMER,À CONFIRMER,NON,À CONFIRMER,À CONFIRMER,À CONFIRMER,À CONFIRMER,À CONFIRMER,À CONFIRMER,À CONFIRMER,À CONFIRMER,À CONFIRMER,SIGNATURE,3,palier de prix d'achat (5.90 € HT) → 3,PROPOSITION AUTOMATIQUE – À VALIDER EN BACK-OFFICE,À CONFIRMER,À CONFIRMER,NON,À CONFIRMER,FAIBLE_COUT_LOGISTIQUE,À CONFIRMER,À CONFIRMER,À CONFIRMER,À CONFIRMER,À CONFIRMER,À CONFIRMER,SUR_COMMANDE (document = tarif et bon de commande 2026),PRODUIT,,,,37,Tarif et bon de commande 2026 – onglet « TARIF NORMAND DIRECT 2026 »,ligne 13
PROD-0005,À CONFIRMER,Boutons de la Manche 250 grs moins de 12,Boutons de la Manche 250 grs moins de 12,À CONFIRMER,BISCUITERIE,BISCUIT,règle 14,BISCUITERIE DE QUINEVILLE,FOUR-0005,BISCUITERIE DE QUINEVILLE,BISCUITERIE DE QUINEVILLE,FOUR-0001,NORMAND DIRECT TERROIR,Commande directe auprès de Normand Direct Terroir,À CONFIRMER,À CONFIRMER,À CONFIRMER,À CONFIRMER,À CONFIRMER,,INDICE_DANS_LE_NOM_DU_PRODUIT_SEULEMENT,NORMANDIE_INDIQUEE_DANS_LE_NOM_A_VERIFIER,À CONFIRMER,250.0,,250 grs,,NON,,4 MOIS,,3.6,3.6,unité,PU HT,0.055,3.798,,,,,,,,,,À CONFIRMER,,6/,6,À CONFIRMER,À CONFIRMER,À CONFIRMER,À CONFIRMER,À CONFIRMER,À CONFIRMER,À CONFIRMER,À CONFIRMER,À CONFIRMER,NON,À CONFIRMER,À CONFIRMER,À CONFIRMER,À CONFIRMER,À CONFIRMER,À CONFIRMER,À CONFIRMER,À CONFIRMER,À CONFIRMER,ESSENTIEL,2,palier de prix d'achat (3.60 € HT) → 2,PROPOSITION AUTOMATIQUE – À VALIDER EN BACK-OFFICE,À CONFIRMER,À CONFIRMER,NON,À CONFIRMER,FAIBLE_COUT_LOGISTIQUE,À CONFIRMER,À CONFIRMER,À CONFIRMER,À CONFIRMER,À CONFIRMER,À CONFIRMER,SUR_COMMANDE (document = tarif et bon de commande 2026),PRODUIT,,,,36,Tarif et bon de commande 2026 – onglet « TARIF NORMAND DIRECT 2026 »,ligne 14
PROD-0006,À CONFIRMER,Boutons de la Manche 250 grs/ carton de 12,Boutons de la Manche 250 grs/ carton de 12,À CONFIRMER,BISCUITERIE,BISCUIT,règle 14,BISCUITERIE DE QUINEVILLE,FOUR-0005,BISCUITERIE DE QUINEVILLE,BISCUITERIE DE QUINEVILLE,FOUR-0001,NORMAND DIRECT TERROIR,Commande directe auprès de Normand Direct Terroir,À CONFIRMER,À CONFIRMER,À CONFIRMER,À CONFIRMER,À CONFIRMER,,INDICE_DANS_LE_NOM_DU_PRODUIT_SEULEMENT,NORMANDIE_INDIQUEE_DANS_LE_NOM_A_VERIFIER,À CONFIRMER,250.0,,250 grs,,NON,,4 MOIS,,3.45,3.45,unité,PU HT,0.055,3.6397,,,,,,,,,,À CONFIRMER,,12/,12,À CONFIRMER,À CONFIRMER,À CONFIRMER,À CONFIRMER,À CONFIRMER,À CONFIRMER,À CONFIRMER,À CONFIRMER,NON_DEDUIT_DU_CONDITIONNEMENT,NON,À CONFIRMER,À CONFIRMER,À CONFIRMER,À CONFIRMER,À CONFIRMER,À CONFIRMER,À CONFIRMER,À CONFIRMER,À CONFIRMER,ESSENTIEL,2,palier de prix d'achat (3.45 € HT) → 2,PROPOSITION AUTOMATIQUE – À VALIDER EN BACK-OFFICE,À CONFIRMER,À CONFIRMER,NON,À CONFIRMER,FAIBLE_COUT_LOGISTIQUE,À CONFIRMER,À CONFIRMER,À CONFIRMER,À CONFIRMER,À CONFIRMER,À CONFIRMER,SUR_COMMANDE (document = tarif et bon de commande 2026),PRODUIT,,,,35,Tarif et bon de commande 2026 – onglet « TARIF NORMAND DIRECT 2026 »,ligne 15
PROD-0007,À CONFIRMER,Cookies pépite de chocolat 220 grs,Cookies pépite de chocolat 220 grs,À CONFIRMER,BISCUITERIE,BISCUIT,règle 14,BISCUITERIE DE QUINEVILLE,FOUR-0005,BISCUITERIE DE QUINEVILLE,BISCUITERIE DE QUINEVILLE,FOUR-0001,NORMAND DIRECT TERROIR,Commande directe auprès de Normand Direct Terroir,À CONFIRMER,À CONFIRMER,À CONFIRMER,À CONFIRMER,À CONFIRMER,,AUCUNE_INFORMATION_DANS_LES_DOCUMENTS,À CONFIRMER,À CONFIRMER,220.0,,220 grs,,NON,,3 MOIS,,3.6,3.6,unité,PU HT,0.055,3.798,,,,,,,,,,À CONFIRMER,,6/,6,À CONFIRMER,À CONFIRMER,À CONFIRMER,À CONFIRMER,À CONFIRMER,À CONFIRMER,À CONFIRMER,À CONFIRMER,À CONFIRMER,NON,À CONFIRMER,À CONFIRMER,À CONFIRMER,À CONFIRMER,À CONFIRMER,À CONFIRMER,À CONFIRMER,À CONFIRMER,À CONFIRMER,ESSENTIEL,2,palier de prix d'achat (3.60 € HT) → 2,PROPOSITION AUTOMATIQUE – À VALIDER EN BACK-OFFICE,À CONFIRMER,À CONFIRMER,NON,À CONFIRMER,FAIBLE_COUT_LOGISTIQUE,À CONFIRMER,À CONFIRMER,À CONFIRMER,À CONFIRMER,À CONFIRMER,À CONFIRMER,SUR_COMMANDE (document = tarif et bon de commande 2026),PRODUIT,,,,37,Tarif et bon de commande 2026 – onglet « TARIF NORMAND DIRECT 2026 »,ligne 16
PROD-0008,À CONFIRMER,Coquilles Quinéville 165 grs,Coquilles Quinéville 165 grs,À CONFIRMER,BISCUITERIE,BISCUIT,règle 14,BISCUITERIE DE QUINEVILLE,FOUR-0005,BISCUITERIE DE QUINEVILLE,BISCUITERIE DE QUINEVILLE,FOUR-0001,NORMAND DIRECT TERROIR,Commande directe auprès de Normand Direct Terroir,À CONFIRMER,À CONFIRMER,À CONFIRMER,À CONFIRMER,À CONFIRMER,,AUCUNE_INFORMATION_DANS_LES_DOCUMENTS,À CONFIRMER,À CONFIRMER,165.0,,165 grs,,NON,,4 MOIS,,4.37,4.37,unité,PU HT,0.055,4.6103,,,,,,,,,,À CONFIRMER,,6/,6,À CONFIRMER,À CONFIRMER,À CONFIRMER,À CONFIRMER,À CONFIRMER,À CONFIRMER,À CONFIRMER,À CONFIRMER,À CONFIRMER,NON,À CONFIRMER,À CONFIRMER,À CONFIRMER,À CONFIRMER,À CONFIRMER,À CONFIRMER,À CONFIRMER,À CONFIRMER,À CONFIRMER,ESSENTIEL,2,palier de prix d'achat (4.37 € HT) → 2,PROPOSITION AUTOMATIQUE – À VALIDER EN BACK-OFFICE,À CONFIRMER,À CONFIRMER,NON,À CONFIRMER,FAIBLE_COUT_LOGISTIQUE,À CONFIRMER,À CONFIRMER,À CONFIRMER,À CONFIRMER,À CONFIRMER,À CONFIRMER,SUR_COMMANDE (document = tarif et bon de commande 2026),PRODUIT,,,,37,Tarif et bon de commande 2026 – onglet « TARIF NORMAND DIRECT 2026 »,ligne 17
PROD-0009,À CONFIRMER,Coquilles Quinéville 80 grs mini 50 paquets,Coquilles Quinéville 80 grs mini 50 paquets,À CONFIRMER,BISCUITERIE,BISCUIT,règle 14,BISCUITERIE DE QUINEVILLE,FOUR-0005,BISCUITERIE DE QUINEVILLE,BISCUITERIE DE QUINEVILLE,FOUR-0001,NORMAND DIRECT TERROIR,Commande directe auprès de Normand Direct Terroir,À CONFIRMER,À CONFIRMER,À CONFIRMER,À CONFIRMER,À CONFIRMER,,AUCUNE_INFORMATION_DANS_LES_DOCUMENTS,À CONFIRMER,À CONFIRMER,80.0,,80 grs,,NON,,4 MOIS,,2.45,2.45,unité,PU HT,0.055,2.5848,,,,,,,,,,À CONFIRMER,,50/,50,50 paquets (mention « mini 50 paquets » dans le libellé),À CONFIRMER,À CONFIRMER,À CONFIRMER,À CONFIRMER,À CONFIRMER,À CONFIRMER,À CONFIRMER,À CONFIRMER,NON,À CONFIRMER,À CONFIRMER,À CONFIRMER,À CONFIRMER,À CONFIRMER,À CONFIRMER,À CONFIRMER,À CONFIRMER,À CONFIRMER,ESSENTIEL,1,palier de prix d'achat (2.45 € HT) → 1,PROPOSITION AUTOMATIQUE – À VALIDER EN BACK-OFFICE,À CONFIRMER,À CONFIRMER,NON,À CONFIRMER,FAIBLE_COUT_LOGISTIQUE,À CONFIRMER,À CONFIRMER,À CONFIRMER,À CONFIRMER,À CONFIRMER,À CONFIRMER,SUR_COMMANDE (document = tarif et bon de commande 2026),PRODUIT,,,,36,Tarif et bon de commande 2026 – onglet « TARIF NORMAND DIRECT 2026 »,ligne 18
PROD-0010,À CONFIRMER,Coquilles de Quinéville trio 165 grs,Coquilles de Quinéville trio 165 grs,À CONFIRMER,BISCUITERIE,BISCUIT,règle 14,BISCUITERIE DE QUINEVILLE,FOUR-0005,BISCUITERIE DE QUINEVILLE,BISCUITERIE DE QUINEVILLE,FOUR-0001,NORMAND DIRECT TERROIR,Commande directe auprès de Normand Direct Terroir,À CONFIRMER,À CONFIRMER,À CONFIRMER,À CONFIRMER,À CONFIRMER,,AUCUNE_INFORMATION_DANS_LES_DOCUMENTS,À CONFIRMER,À CONFIRMER,165.0,,165 grs,,NON,,4 MOIS,,4.37,4.37,unité,PU HT,0.055,4.6103,,,,,,,,,,À CONFIRMER,,6/,6,À CONFIRMER,À CONFIRMER,À CONFIRMER,À CONFIRMER,À CONFIRMER,À CONFIRMER,À CONFIRMER,À CONFIRMER,À CONFIRMER,NON,À CONFIRMER,À CONFIRMER,À CONFIRMER,À CONFIRMER,À CONFIRMER,À CONFIRMER,À CONFIRMER,À CONFIRMER,À CONFIRMER,ESSENTIEL,2,palier de prix d'achat (4.37 € HT) → 2,PROPOSITION AUTOMATIQUE – À VALIDER EN BACK-OFFICE,À CONFIRMER,À CONFIRMER,NON,À CONFIRMER,FAIBLE_COUT_LOGISTIQUE,À CONFIRMER,À CONFIRMER,À CONFIRMER,À CONFIRMER,À CONFIRMER,À CONFIRMER,SUR_COMMANDE (document = tarif et bon de commande 2026),PRODUIT,,,,37,Tarif et bon de commande 2026 – onglet « TARIF NORMAND DIRECT 2026 »,ligne 19
PROD-0011,À CONFIRMER,Coquilles trio 80 grs mini 50 paquets,Coquilles trio 80 grs mini 50 paquets,À CONFIRMER,BISCUITERIE,BISCUIT,règle 14,BISCUITERIE DE QUINEVILLE,FOUR-0005,BISCUITERIE DE QUINEVILLE,BISCUITERIE DE QUINEVILLE,FOUR-0001,NORMAND DIRECT TERROIR,Commande directe auprès de Normand Direct Terroir,À CONFIRMER,À CONFIRMER,À CONFIRMER,À CONFIRMER,À CONFIRMER,,AUCUNE_INFORMATION_DANS_LES_DOCUMENTS,À CONFIRMER,À CONFIRMER,80.0,,80 grs,,NON,,4 MOIS,,2.45,2.45,unité,PU HT,0.055,2.5848,,,,,,,,,,À CONFIRMER,,50/,50,50 paquets (mention « mini 50 paquets » dans le libellé),À CONFIRMER,À CONFIRMER,À CONFIRMER,À CONFIRMER,À CONFIRMER,À CONFIRMER,À CONFIRMER,À CONFIRMER,NON,À CONFIRMER,À CONFIRMER,À CONFIRMER,À CONFIRMER,À CONFIRMER,À CONFIRMER,À CONFIRMER,À CONFIRMER,À CONFIRMER,ESSENTIEL,1,palier de prix d'achat (2.45 € HT) → 1,PROPOSITION AUTOMATIQUE – À VALIDER EN BACK-OFFICE,À CONFIRMER,À CONFIRMER,NON,À CONFIRMER,FAIBLE_COUT_LOGISTIQUE,À CONFIRMER,À CONFIRMER,À CONFIRMER,À CONFIRMER,À CONFIRMER,À CONFIRMER,SUR_COMMANDE (document = tarif et bon de commande 2026),PRODUIT,,,,36,Tarif et bon de commande 2026 – onglet « TARIF NORMAND DIRECT 2026 »,ligne 20
PROD-0012,À CONFIRMER,Croquant aux amandes 125 grs,Croquant aux amandes 125 grs,À CONFIRMER,BISCUITERIE,BISCUIT,règle 14,BISCUITERIE DE QUINEVILLE,FOUR-0005,BISCUITERIE DE QUINEVILLE,BISCUITERIE DE QUINEVILLE,FOUR-0001,NORMAND DIRECT TERROIR,Commande directe auprès de Normand Direct Terroir,À CONFIRMER,À CONFIRMER,À CONFIRMER,À CONFIRMER,À CONFIRMER,,AUCUNE_INFORMATION_DANS_LES_DOCUMENTS,À CONFIRMER,À CONFIRMER,125.0,,125 grs,,NON,,4 MOIS,,4.3,4.3,unité,PU HT,0.055,4.5365,,,,,,,,,,À CONFIRMER,,6/,6,À CONFIRMER,À CONFIRMER,À CONFIRMER,À CONFIRMER,À CONFIRMER,À CONFIRMER,À CONFIRMER,À CONFIRMER,À CONFIRMER,NON,À CONFIRMER,À CONFIRMER,À CONFIRMER,À CONFIRMER,À CONFIRMER,À CONFIRMER,À CONFIRMER,À CONFIRMER,À CONFIRMER,ESSENTIEL,2,palier de prix d'achat (4.30 € HT) → 2,PROPOSITION AUTOMATIQUE – À VALIDER EN BACK-OFFICE,À CONFIRMER,À CONFIRMER,NON,À CONFIRMER,FAIBLE_COUT_LOGISTIQUE,À CONFIRMER,À CONFIRMER,À CONFIRMER,À CONFIRMER,À CONFIRMER,À CONFIRMER,SUR_COMMANDE (document = tarif et bon de commande 2026),PRODUIT,,,,37,Tarif et bon de commande 2026 – onglet « TARIF NORMAND DIRECT 2026 »,ligne 21
PROD-0013,À CONFIRMER,Croquenoisette chocolat 180 grs,Croquenoisette chocolat 180 grs,À CONFIRMER,BISCUITERIE,BISCUIT,règle 14,BISCUITERIE DE QUINEVILLE,FOUR-0005,BISCUITERIE DE QUINEVILLE,BISCUITERIE DE QUINEVILLE,FOUR-0001,NORMAND DIRECT TERROIR,Commande directe auprès de Normand Direct Terroir,À CONFIRMER,À CONFIRMER,À CONFIRMER,À CONFIRMER,À CONFIRMER,,AUCUNE_INFORMATION_DANS_LES_DOCUMENTS,À CONFIRMER,À CONFIRMER,180.0,,180 grs,,NON,,3 MOIS,,4.55,4.55,unité,PU HT,0.055,4.8002,,,,,,,,,,À CONFIRMER,,6/,6,À CONFIRMER,À CONFIRMER,À CONFIRMER,À CONFIRMER,À CONFIRMER,À CONFIRMER,À CONFIRMER,À CONFIRMER,À CONFIRMER,NON,À CONFIRMER,À CONFIRMER,À CONFIRMER,À CONFIRMER,À CONFIRMER,À CONFIRMER,À CONFIRMER,À CONFIRMER,À CONFIRMER,ESSENTIEL,2,palier de prix d'achat (4.55 € HT) → 2,PROPOSITION AUTOMATIQUE – À VALIDER EN BACK-OFFICE,À CONFIRMER,À CONFIRMER,NON,À CONFIRMER,FAIBLE_COUT_LOGISTIQUE,À CONFIRMER,À CONFIRMER,À CONFIRMER,À CONFIRMER,À CONFIRMER,À CONFIRMER,SUR_COMMANDE (document = tarif et bon de commande 2026),PRODUIT,,,,37,Tarif et bon de commande 2026 – onglet « TARIF NORMAND DIRECT 2026 »,ligne 22
PROD-0014,À CONFIRMER,Croquenoisettes 180 grs,Croquenoisettes 180 grs,À CONFIRMER,BISCUITERIE,BISCUIT,règle 14,BISCUITERIE DE QUINEVILLE,FOUR-0005,BISCUITERIE DE QUINEVILLE,BISCUITERIE DE QUINEVILLE,FOUR-0001,NORMAND DIRECT TERROIR,Commande directe auprès de Normand Direct Terroir,À CONFIRMER,À CONFIRMER,À CONFIRMER,À CONFIRMER,À CONFIRMER,,AUCUNE_INFORMATION_DANS_LES_DOCUMENTS,À CONFIRMER,À CONFIRMER,180.0,,180 grs,,NON,,3 MOIS,,3.73,3.73,unité,PU HT,0.055,3.9351,,,,,,,,,,À CONFIRMER,,6/,6,À CONFIRMER,À CONFIRMER,À CONFIRMER,À CONFIRMER,À CONFIRMER,À CONFIRMER,À CONFIRMER,À CONFIRMER,À CONFIRMER,NON,À CONFIRMER,À CONFIRMER,À CONFIRMER,À CONFIRMER,À CONFIRMER,À CONFIRMER,À CONFIRMER,À CONFIRMER,À CONFIRMER,ESSENTIEL,2,palier de prix d'achat (3.73 € HT) → 2,PROPOSITION AUTOMATIQUE – À VALIDER EN BACK-OFFICE,À CONFIRMER,À CONFIRMER,NON,À CONFIRMER,FAIBLE_COUT_LOGISTIQUE,À CONFIRMER,À CONFIRMER,À CONFIRMER,À CONFIRMER,À CONFIRMER,À CONFIRMER,SUR_COMMANDE (document = tarif et bon de commande 2026),PRODUIT,,,,37,Tarif et bon de commande 2026 – onglet « TARIF NORMAND DIRECT 2026 »,ligne 23
PROD-0015,À CONFIRMER,Croquentin 220 grs,Croquentin 220 grs,À CONFIRMER,BISCUITERIE,BISCUIT,règle 14,BISCUITERIE DE QUINEVILLE,FOUR-0005,BISCUITERIE DE QUINEVILLE,BISCUITERIE DE QUINEVILLE,FOUR-0001,NORMAND DIRECT TERROIR,Commande directe auprès de Normand Direct Terroir,À CONFIRMER,À CONFIRMER,À CONFIRMER,À CONFIRMER,À CONFIRMER,,AUCUNE_INFORMATION_DANS_LES_DOCUMENTS,À CONFIRMER,À CONFIRMER,220.0,,220 grs,,NON,,4 MOIS,,3.5,3.5,unité,PU HT,0.055,3.6925,,,,,,,,,,À CONFIRMER,,6/,6,À CONFIRMER,À CONFIRMER,À CONFIRMER,À CONFIRMER,À CONFIRMER,À CONFIRMER,À CONFIRMER,À CONFIRMER,À CONFIRMER,NON,À CONFIRMER,À CONFIRMER,À CONFIRMER,À CONFIRMER,À CONFIRMER,À CONFIRMER,À CONFIRMER,À CONFIRMER,À CONFIRMER,ESSENTIEL,2,palier de prix d'achat (3.50 € HT) → 2,PROPOSITION AUTOMATIQUE – À VALIDER EN BACK-OFFICE,À CONFIRMER,À CONFIRMER,NON,À CONFIRMER,FAIBLE_COUT_LOGISTIQUE,À CONFIRMER,À CONFIRMER,À CONFIRMER,À CONFIRMER,À CONFIRMER,À CONFIRMER,SUR_COMMANDE (document = tarif et bon de commande 2026),PRODUIT,,,,37,Tarif et bon de commande 2026 – onglet « TARIF NORMAND DIRECT 2026 »,ligne 24
PROD-0016,À CONFIRMER,Croquet Calvados 180 grs,Croquet Calvados 180 grs,À CONFIRMER,BISCUITERIE,BISCUIT,règle 14,BISCUITERIE DE QUINEVILLE,FOUR-0005,BISCUITERIE DE QUINEVILLE,BISCUITERIE DE QUINEVILLE,FOUR-0001,NORMAND DIRECT TERROIR,Commande directe auprès de Normand Direct Terroir,À CONFIRMER,À CONFIRMER,À CONFIRMER,À CONFIRMER,À CONFIRMER,,AUCUNE_INFORMATION_DANS_LES_DOCUMENTS,À CONFIRMER,À CONFIRMER,180.0,,180 grs,À CONFIRMER,INGREDIENT_ALCOOLISE,Alcool cité comme ingrédient dans le libellé,3 MOIS,,3.55,3.55,unité,PU HT,0.055,3.7452,,,,,,,,,,À CONFIRMER,,6/,6,À CONFIRMER,À CONFIRMER,À CONFIRMER,À CONFIRMER,À CONFIRMER,À CONFIRMER,À CONFIRMER,À CONFIRMER,À CONFIRMER,NON,À CONFIRMER,À CONFIRMER,À CONFIRMER,À CONFIRMER,À CONFIRMER,À CONFIRMER,À CONFIRMER,À CONFIRMER,À CONFIRMER,ESSENTIEL,2,palier de prix d'achat (3.55 € HT) → 2,PROPOSITION AUTOMATIQUE – À VALIDER EN BACK-OFFICE,À CONFIRMER,À CONFIRMER,NON,À CONFIRMER,FAIBLE_COUT_LOGISTIQUE,À CONFIRMER,À CONFIRMER,À CONFIRMER,À CONFIRMER,À CONFIRMER,À CONFIRMER,SUR_COMMANDE (document = tarif et bon de commande 2026),PRODUIT,,,,38,Tarif et bon de commande 2026 – onglet « TARIF NORMAND DIRECT 2026 »,ligne 25
PROD-0017,À CONFIRMER,Financier sachet 180 grs,Financier sachet 180 grs,À CONFIRMER,BISCUITERIE,BISCUIT,règle 14,BISCUITERIE DE QUINEVILLE,FOUR-0005,BISCUITERIE DE QUINEVILLE,BISCUITERIE DE QUINEVILLE,FOUR-0001,NORMAND DIRECT TERROIR,Commande directe auprès de Normand Direct Terroir,À CONFIRMER,À CONFIRMER,À CONFIRMER,À CONFIRMER,À CONFIRMER,,AUCUNE_INFORMATION_DANS_LES_DOCUMENTS,À CONFIRMER,À CONFIRMER,180.0,,180 grs,,NON,,1 MOIS,,3.25,3.25,unité,PU HT,0.055,3.4287,,,,,,,,,,À CONFIRMER,,6/,6,À CONFIRMER,À CONFIRMER,À CONFIRMER,À CONFIRMER,À CONFIRMER,À CONFIRMER,À CONFIRMER,À CONFIRMER,NON_DEDUIT_DU_CONDITIONNEMENT,NON,À CONFIRMER,À CONFIRMER,À CONFIRMER,À CONFIRMER,À CONFIRMER,À CONFIRMER,À CONFIRMER,À CONFIRMER,À CONFIRMER,ESSENTIEL,2,palier de prix d'achat (3.25 € HT) → 2,PROPOSITION AUTOMATIQUE – À VALIDER EN BACK-OFFICE,À CONFIRMER,À CONFIRMER,NON,À CONFIRMER,FAIBLE_COUT_LOGISTIQUE,À CONFIRMER,À CONFIRMER,À CONFIRMER,À CONFIRMER,À CONFIRMER,À CONFIRMER,SUR_COMMANDE (document = tarif et bon de commande 2026),PRODUIT,,,,36,Tarif et bon de commande 2026 – onglet « TARIF NORMAND DIRECT 2026 »,ligne 26
PROD-0018,À CONFIRMER,Financiers boite 250 grs,Financiers boite 250 grs,À CONFIRMER,BISCUITERIE,BISCUIT,règle 14,BISCUITERIE DE QUINEVILLE,FOUR-0005,BISCUITERIE DE QUINEVILLE,BISCUITERIE DE QUINEVILLE,FOUR-0001,NORMAND DIRECT TERROIR,Commande directe auprès de Normand Direct Terroir,À CONFIRMER,À CONFIRMER,À CONFIRMER,À CONFIRMER,À CONFIRMER,,AUCUNE_INFORMATION_DANS_LES_DOCUMENTS,À CONFIRMER,À CONFIRMER,250.0,,250 grs,,NON,,1 MOIS,,4.9,4.9,unité,PU HT,0.055,5.1695,,,,,,,,,,À CONFIRMER,,6/,6,À CONFIRMER,À CONFIRMER,À CONFIRMER,À CONFIRMER,À CONFIRMER,À CONFIRMER,À CONFIRMER,À CONFIRMER,À CONFIRMER,NON,À CONFIRMER,À CONFIRMER,À CONFIRMER,À CONFIRMER,À CONFIRMER,À CONFIRMER,À CONFIRMER,À CONFIRMER,À CONFIRMER,ESSENTIEL,2,palier de prix d'achat (4.90 € HT) → 2,PROPOSITION AUTOMATIQUE – À VALIDER EN BACK-OFFICE,À CONFIRMER,À CONFIRMER,NON,À CONFIRMER,FAIBLE_COUT_LOGISTIQUE,À CONFIRMER,À CONFIRMER,À CONFIRMER,À CONFIRMER,À CONFIRMER,À CONFIRMER,SUR_COMMANDE (document = tarif et bon de commande 2026),PRODUIT,,,,37,Tarif et bon de commande 2026 – onglet « TARIF NORMAND DIRECT 2026 »,ligne 27
PROD-0019,À CONFIRMER,Pailles feuilletées au sucre 150 grs,Pailles feuilletées au sucre 150 grs,À CONFIRMER,BISCUITERIE,BISCUIT,règle 14,BISCUITERIE DE QUINEVILLE,FOUR-0005,BISCUITERIE DE QUINEVILLE,BISCUITERIE DE QUINEVILLE,FOUR-0001,NORMAND DIRECT TERROIR,Commande directe auprès de Normand Direct Terroir,À CONFIRMER,À CONFIRMER,À CONFIRMER,À CONFIRMER,À CONFIRMER,,AUCUNE_INFORMATION_DANS_LES_DOCUMENTS,À CONFIRMER,À CONFIRMER,150.0,,150 grs,,NON,,2 MOIS,,3.45,3.45,unité,PU HT,0.055,3.6397,,,,,,,,,,À CONFIRMER,,6/,6,À CONFIRMER,À CONFIRMER,À CONFIRMER,À CONFIRMER,À CONFIRMER,À CONFIRMER,À CONFIRMER,À CONFIRMER,À CONFIRMER,NON,À CONFIRMER,À CONFIRMER,À CONFIRMER,À CONFIRMER,À CONFIRMER,À CONFIRMER,À CONFIRMER,À CONFIRMER,À CONFIRMER,ESSENTIEL,2,palier de prix d'achat (3.45 € HT) → 2,PROPOSITION AUTOMATIQUE – À VALIDER EN BACK-OFFICE,À CONFIRMER,À CONFIRMER,NON,À CONFIRMER,FAIBLE_COUT_LOGISTIQUE,À CONFIRMER,À CONFIRMER,À CONFIRMER,À CONFIRMER,À CONFIRMER,À CONFIRMER,SUR_COMMANDE (document = tarif et bon de commande 2026),PRODUIT,,,,37,Tarif et bon de commande 2026 – onglet « TARIF NORMAND DIRECT 2026 »,ligne 28
PROD-0020,À CONFIRMER,Sablé chocolat enrobage chocolat lait 180 grs,Sablé chocolat enrobage chocolat lait 180 grs,À CONFIRMER,BISCUITERIE,BISCUIT,règle 14,BISCUITERIE DE QUINEVILLE,FOUR-0005,BISCUITERIE DE QUINEVILLE,BISCUITERIE DE QUINEVILLE,FOUR-0001,NORMAND DIRECT TERROIR,Commande directe auprès de Normand Direct Terroir,À CONFIRMER,À CONFIRMER,À CONFIRMER,À CONFIRMER,À CONFIRMER,,AUCUNE_INFORMATION_DANS_LES_DOCUMENTS,À CONFIRMER,À CONFIRMER,180.0,,180 grs,,NON,,4 MOIS,,4.5,4.5,unité,PU HT,0.055,4.7475,,,,,,,,,,À CONFIRMER,,6/,6,À CONFIRMER,À CONFIRMER,À CONFIRMER,À CONFIRMER,À CONFIRMER,À CONFIRMER,À CONFIRMER,À CONFIRMER,À CONFIRMER,NON,À CONFIRMER,À CONFIRMER,À CONFIRMER,À CONFIRMER,À CONFIRMER,À CONFIRMER,À CONFIRMER,À CONFIRMER,À CONFIRMER,ESSENTIEL,2,palier de prix d'achat (4.50 € HT) → 2,PROPOSITION AUTOMATIQUE – À VALIDER EN BACK-OFFICE,À CONFIRMER,À CONFIRMER,NON,À CONFIRMER,FAIBLE_COUT_LOGISTIQUE,À CONFIRMER,À CONFIRMER,À CONFIRMER,À CONFIRMER,À CONFIRMER,À CONFIRMER,SUR_COMMANDE (document = tarif et bon de commande 2026),PRODUIT,,,,37,Tarif et bon de commande 2026 – onglet « TARIF NORMAND DIRECT 2026 »,ligne 29
PROD-0021,À CONFIRMER,Sablé éclats de caramel 180 grs,Sablé éclats de caramel 180 grs,À CONFIRMER,BISCUITERIE,BISCUIT,règle 14,BISCUITERIE DE QUINEVILLE,FOUR-0005,BISCUITERIE DE QUINEVILLE,BISCUITERIE DE QUINEVILLE,FOUR-0001,NORMAND DIRECT TERROIR,Commande directe auprès de Normand Direct Terroir,À CONFIRMER,À CONFIRMER,À CONFIRMER,À CONFIRMER,À CONFIRMER,,AUCUNE_INFORMATION_DANS_LES_DOCUMENTS,À CONFIRMER,À CONFIRMER,180.0,,180 grs,,NON,,4 MOIS,,3.56,3.56,unité,PU HT,0.055,3.7558,,,,,,,,,,À CONFIRMER,,6/,6,À CONFIRMER,À CONFIRMER,À CONFIRMER,À CONFIRMER,À CONFIRMER,À CONFIRMER,À CONFIRMER,À CONFIRMER,À CONFIRMER,NON,À CONFIRMER,À CONFIRMER,À CONFIRMER,À CONFIRMER,À CONFIRMER,À CONFIRMER,À CONFIRMER,À CONFIRMER,À CONFIRMER,ESSENTIEL,2,palier de prix d'achat (3.56 € HT) → 2,PROPOSITION AUTOMATIQUE – À VALIDER EN BACK-OFFICE,À CONFIRMER,À CONFIRMER,NON,À CONFIRMER,FAIBLE_COUT_LOGISTIQUE,À CONFIRMER,À CONFIRMER,À CONFIRMER,À CONFIRMER,À CONFIRMER,À CONFIRMER,SUR_COMMANDE (document = tarif et bon de commande 2026),PRODUIT,,,,37,Tarif et bon de commande 2026 – onglet « TARIF NORMAND DIRECT 2026 »,ligne 30
PROD-0022,À CONFIRMER,Sablé éclats caramel 110 grs mini 50 paquets,Sablé éclats caramel 110 grs mini 50 paquets,À CONFIRMER,BISCUITERIE,BISCUIT,règle 14,BISCUITERIE DE QUINEVILLE,FOUR-0005,BISCUITERIE DE QUINEVILLE,BISCUITERIE DE QUINEVILLE,FOUR-0001,NORMAND DIRECT TERROIR,Commande directe auprès de Normand Direct Terroir,À CONFIRMER,À CONFIRMER,À CONFIRMER,À CONFIRMER,À CONFIRMER,,AUCUNE_INFORMATION_DANS_LES_DOCUMENTS,À CONFIRMER,À CONFIRMER,110.0,,110 grs,,NON,,4 MOIS,,2.5,2.5,unité,PU HT,0.055,2.6375,,,,,,,,,,À CONFIRMER,,50/,50,50 paquets (mention « mini 50 paquets » dans le libellé),À CONFIRMER,À CONFIRMER,À CONFIRMER,À CONFIRMER,À CONFIRMER,À CONFIRMER,À CONFIRMER,À CONFIRMER,NON,À CONFIRMER,À CONFIRMER,À CONFIRMER,À CONFIRMER,À CONFIRMER,À CONFIRMER,À CONFIRMER,À CONFIRMER,À CONFIRMER,ESSENTIEL,2,palier de prix d'achat (2.50 € HT) → 2,PROPOSITION AUTOMATIQUE – À VALIDER EN BACK-OFFICE,À CONFIRMER,À CONFIRMER,NON,À CONFIRMER,FAIBLE_COUT_LOGISTIQUE,À CONFIRMER,À CONFIRMER,À CONFIRMER,À CONFIRMER,À CONFIRMER,À CONFIRMER,SUR_COMMANDE (document = tarif et bon de commande 2026),PRODUIT,,,,36,Tarif et bon de commande 2026 – onglet « TARIF NORMAND DIRECT 2026 »,ligne 31
PROD-0023,À CONFIRMER,Sablé spéculos 250 grs,Sablé spéculos 250 grs,À CONFIRMER,BISCUITERIE,BISCUIT,règle 14,BISCUITERIE DE QUINEVILLE,FOUR-0005,BISCUITERIE DE QUINEVILLE,BISCUITERIE DE QUINEVILLE,FOUR-0001,NORMAND DIRECT TERROIR,Commande directe auprès de Normand Direct Terroir,À CONFIRMER,À CONFIRMER,À CONFIRMER,À CONFIRMER,À CONFIRMER,,AUCUNE_INFORMATION_DANS_LES_DOCUMENTS,À CONFIRMER,À CONFIRMER,250.0,,250 grs,,NON,,4 MOIS,,3.95,3.95,unité,PU HT,0.055,4.1673,,,,,,,,,,À CONFIRMER,,6/,6,À CONFIRMER,À CONFIRMER,À CONFIRMER,À CONFIRMER,À CONFIRMER,À CONFIRMER,À CONFIRMER,À CONFIRMER,À CONFIRMER,NON,À CONFIRMER,À CONFIRMER,À CONFIRMER,À CONFIRMER,À CONFIRMER,À CONFIRMER,À CONFIRMER,À CONFIRMER,À CONFIRMER,ESSENTIEL,2,palier de prix d'achat (3.95 € HT) → 2,PROPOSITION AUTOMATIQUE – À VALIDER EN BACK-OFFICE,À CONFIRMER,À CONFIRMER,NON,À CONFIRMER,FAIBLE_COUT_LOGISTIQUE,À CONFIRMER,À CONFIRMER,À CONFIRMER,À CONFIRMER,À CONFIRMER,À CONFIRMER,SUR_COMMANDE (document = tarif et bon de commande 2026),PRODUIT,,,,37,Tarif et bon de commande 2026 – onglet « TARIF NORMAND DIRECT 2026 »,ligne 32
PROD-0024,À CONFIRMER,Sablés Mamie 220 grs,Sablés Mamie 220 grs,À CONFIRMER,BISCUITERIE,BISCUIT,règle 14,BISCUITERIE DE QUINEVILLE,FOUR-0005,BISCUITERIE DE QUINEVILLE,BISCUITERIE DE QUINEVILLE,FOUR-0001,NORMAND DIRECT TERROIR,Commande directe auprès de Normand Direct Terroir,À CONFIRMER,À CONFIRMER,À CONFIRMER,À CONFIRMER,À CONFIRMER,,AUCUNE_INFORMATION_DANS_LES_DOCUMENTS,À CONFIRMER,À CONFIRMER,220.0,,220 grs,,NON,,3 MOIS,,3.65,3.65,unité,PU HT,0.055,3.8507,,,,,,,,,,À CONFIRMER,,6/,6,À CONFIRMER,À CONFIRMER,À CONFIRMER,À CONFIRMER,À CONFIRMER,À CONFIRMER,À CONFIRMER,À CONFIRMER,À CONFIRMER,NON,À CONFIRMER,À CONFIRMER,À CONFIRMER,À CONFIRMER,À CONFIRMER,À CONFIRMER,À CONFIRMER,À CONFIRMER,À CONFIRMER,ESSENTIEL,2,palier de prix d'achat (3.65 € HT) → 2,PROPOSITION AUTOMATIQUE – À VALIDER EN BACK-OFFICE,À CONFIRMER,À CONFIRMER,NON,À CONFIRMER,FAIBLE_COUT_LOGISTIQUE,À CONFIRMER,À CONFIRMER,À CONFIRMER,À CONFIRMER,À CONFIRMER,À CONFIRMER,SUR_COMMANDE (document = tarif et bon de commande 2026),PRODUIT,,,,37,Tarif et bon de commande 2026 – onglet « TARIF NORMAND DIRECT 2026 »,ligne 33
PROD-0025,À CONFIRMER,Tuiles pâtissières 150 grs,Tuiles pâtissières 150 grs,À CONFIRMER,BISCUITERIE,BISCUIT,règle 14,BISCUITERIE DE QUINEVILLE,FOUR-0005,BISCUITERIE DE QUINEVILLE,BISCUITERIE DE QUINEVILLE,FOUR-0001,NORMAND DIRECT TERROIR,Commande directe auprès de Normand Direct Terroir,À CONFIRMER,À CONFIRMER,À CONFIRMER,À CONFIRMER,À CONFIRMER,,AUCUNE_INFORMATION_DANS_LES_DOCUMENTS,À CONFIRMER,À CONFIRMER,150.0,,150 grs,,NON,,4 MOIS,,3.85,3.85,unité,PU HT,0.055,4.0617,,,,,,,,,,À CONFIRMER,,6/,6,À CONFIRMER,À CONFIRMER,À CONFIRMER,À CONFIRMER,À CONFIRMER,À CONFIRMER,À CONFIRMER,À CONFIRMER,À CONFIRMER,NON,À CONFIRMER,À CONFIRMER,À CONFIRMER,À CONFIRMER,À CONFIRMER,À CONFIRMER,À CONFIRMER,À CONFIRMER,À CONFIRMER,ESSENTIEL,2,palier de prix d'achat (3.85 € HT) → 2,PROPOSITION AUTOMATIQUE – À VALIDER EN BACK-OFFICE,À CONFIRMER,À CONFIRMER,NON,À CONFIRMER,FAIBLE_COUT_LOGISTIQUE,À CONFIRMER,À CONFIRMER,À CONFIRMER,À CONFIRMER,À CONFIRMER,À CONFIRMER,SUR_COMMANDE (document = tarif et bon de commande 2026),PRODUIT,,,,37,Tarif et bon de commande 2026 – onglet « TARIF NORMAND DIRECT 2026 »,ligne 34
PROD-0026,À CONFIRMER,Sablette mendiante chocolat 130 grs,Sablette mendiante chocolat 130 grs,À CONFIRMER,BISCUITERIE,BISCUIT,règle 14,BISCUITERIE DE QUINEVILLE,FOUR-0005,BISCUITERIE DE QUINEVILLE,BISCUITERIE DE QUINEVILLE,FOUR-0001,NORMAND DIRECT TERROIR,Commande directe auprès de Normand Direct Terroir,À CONFIRMER,À CONFIRMER,À CONFIRMER,À CONFIRMER,À CONFIRMER,,AUCUNE_INFORMATION_DANS_LES_DOCUMENTS,À CONFIRMER,À CONFIRMER,130.0,,130 grs,,NON,,4 MOIS,,3.0,3,unité,PU HT,0.055,3.165,,,,,,,,,,À CONFIRMER,,6/,6,À CONFIRMER,À CONFIRMER,À CONFIRMER,À CONFIRMER,À CONFIRMER,À CONFIRMER,À CONFIRMER,À CONFIRMER,À CONFIRMER,NON,À CONFIRMER,À CONFIRMER,À CONFIRMER,À CONFIRMER,À CONFIRMER,À CONFIRMER,À CONFIRMER,À CONFIRMER,À CONFIRMER,ESSENTIEL,2,palier de prix d'achat (3.00 € HT) → 2,PROPOSITION AUTOMATIQUE – À VALIDER EN BACK-OFFICE,À CONFIRMER,À CONFIRMER,NON,À CONFIRMER,FAIBLE_COUT_LOGISTIQUE,À CONFIRMER,À CONFIRMER,À CONFIRMER,À CONFIRMER,À CONFIRMER,À CONFIRMER,SUR_COMMANDE (document = tarif et bon de commande 2026),PRODUIT,,,,37,Tarif et bon de commande 2026 – onglet « TARIF NORMAND DIRECT 2026 »,ligne 35
PROD-0027,À CONFIRMER,Tuiles chocolat noir 150gr,Tuiles chocolat noir 150gr,À CONFIRMER,BISCUITERIE,BISCUIT,règle 14,BISCUITERIE DE QUINEVILLE,FOUR-0005,BISCUITERIE DE QUINEVILLE,BISCUITERIE DE QUINEVILLE,FOUR-0001,NORMAND DIRECT TERROIR,Commande directe auprès de Normand Direct Terroir,À CONFIRMER,À CONFIRMER,À CONFIRMER,À CONFIRMER,À CONFIRMER,,AUCUNE_INFORMATION_DANS_LES_DOCUMENTS,À CONFIRMER,À CONFIRMER,150.0,,150gr,,NON,,6 MOIS,,6.6,6.6,unité,PU HT,0.055,6.963,,,,,,,,,,À CONFIRMER,,6/,6,À CONFIRMER,À CONFIRMER,À CONFIRMER,À CONFIRMER,À CONFIRMER,À CONFIRMER,À CONFIRMER,À CONFIRMER,À CONFIRMER,NON,À CONFIRMER,À CONFIRMER,À CONFIRMER,À CONFIRMER,À CONFIRMER,À CONFIRMER,À CONFIRMER,À CONFIRMER,À CONFIRMER,SIGNATURE,3,palier de prix d'achat (6.60 € HT) → 3,PROPOSITION AUTOMATIQUE – À VALIDER EN BACK-OFFICE,À CONFIRMER,À CONFIRMER,NON,À CONFIRMER,FAIBLE_COUT_LOGISTIQUE,À CONFIRMER,À CONFIRMER,À CONFIRMER,À CONFIRMER,À CONFIRMER,À CONFIRMER,SUR_COMMANDE (document = tarif et bon de commande 2026),PRODUIT,,,,37,Tarif et bon de commande 2026 – onglet « TARIF NORMAND DIRECT 2026 »,ligne 36
PROD-0028,À CONFIRMER,Tuiles chocolat lacté 150gr,Tuiles chocolat lacté 150gr,À CONFIRMER,BISCUITERIE,BISCUIT,règle 14,BISCUITERIE DE QUINEVILLE,FOUR-0005,BISCUITERIE DE QUINEVILLE,BISCUITERIE DE QUINEVILLE,FOUR-0001,NORMAND DIRECT TERROIR,Commande directe auprès de Normand Direct Terroir,À CONFIRMER,À CONFIRMER,À CONFIRMER,À CONFIRMER,À CONFIRMER,,AUCUNE_INFORMATION_DANS_LES_DOCUMENTS,À CONFIRMER,À CONFIRMER,150.0,,150gr,,NON,,6 MOIS,,6.6,6.6,unité,PU HT,0.2,7.92,,,,,,,,,,À CONFIRMER,,6/,6,À CONFIRMER,À CONFIRMER,À CONFIRMER,À CONFIRMER,À CONFIRMER,À CONFIRMER,À CONFIRMER,À CONFIRMER,À CONFIRMER,NON,À CONFIRMER,À CONFIRMER,À CONFIRMER,À CONFIRMER,À CONFIRMER,À CONFIRMER,À CONFIRMER,À CONFIRMER,À CONFIRMER,SIGNATURE,3,palier de prix d'achat (6.60 € HT) → 3,PROPOSITION AUTOMATIQUE – À VALIDER EN BACK-OFFICE,À CONFIRMER,À CONFIRMER,NON,À CONFIRMER,FAIBLE_COUT_LOGISTIQUE,À CONFIRMER,À CONFIRMER,À CONFIRMER,À CONFIRMER,À CONFIRMER,À CONFIRMER,SUR_COMMANDE (document = tarif et bon de commande 2026),PRODUIT,,,,37,Tarif et bon de commande 2026 – onglet « TARIF NORMAND DIRECT 2026 »,ligne 37
PROD-0029,À CONFIRMER,Tuiles chocolat noir et lacté 200gr,Tuiles chocolat noir et lacté 200gr,À CONFIRMER,BISCUITERIE,BISCUIT,règle 14,BISCUITERIE DE QUINEVILLE,FOUR-0005,BISCUITERIE DE QUINEVILLE,BISCUITERIE DE QUINEVILLE,FOUR-0001,NORMAND DIRECT TERROIR,Commande directe auprès de Normand Direct Terroir,À CONFIRMER,À CONFIRMER,À CONFIRMER,À CONFIRMER,À CONFIRMER,,AUCUNE_INFORMATION_DANS_LES_DOCUMENTS,À CONFIRMER,À CONFIRMER,200.0,,200gr,,NON,,6 MOIS,,8.3,8.3,unité,PU HT,0.2,9.96,,,,,,,,,,À CONFIRMER,,6/,6,À CONFIRMER,À CONFIRMER,À CONFIRMER,À CONFIRMER,À CONFIRMER,À CONFIRMER,À CONFIRMER,À CONFIRMER,À CONFIRMER,NON,À CONFIRMER,À CONFIRMER,À CONFIRMER,À CONFIRMER,À CONFIRMER,À CONFIRMER,À CONFIRMER,À CONFIRMER,À CONFIRMER,SIGNATURE,3,palier de prix d'achat (8.30 € HT) → 3,PROPOSITION AUTOMATIQUE – À VALIDER EN BACK-OFFICE,À CONFIRMER,À CONFIRMER,NON,À CONFIRMER,FAIBLE_COUT_LOGISTIQUE,À CONFIRMER,À CONFIRMER,À CONFIRMER,À CONFIRMER,À CONFIRMER,À CONFIRMER,SUR_COMMANDE (document = tarif et bon de commande 2026),PRODUIT,,,,37,Tarif et bon de commande 2026 – onglet « TARIF NORMAND DIRECT 2026 »,ligne 38
PROD-0030,À CONFIRMER,Pâte de pommes 300 grs,Pâte de pommes 300 grs,À CONFIRMER,EPICERIE_SUCREE,CONFITURE_ET_CONFIT,règle 18,BISCUITERIE DE QUINEVILLE,FOUR-0005,BISCUITERIE DE QUINEVILLE,BISCUITERIE DE QUINEVILLE,FOUR-0001,NORMAND DIRECT TERROIR,Commande directe auprès de Normand Direct Terroir,À CONFIRMER,À CONFIRMER,À CONFIRMER,À CONFIRMER,À CONFIRMER,,AUCUNE_INFORMATION_DANS_LES_DOCUMENTS,À CONFIRMER,À CONFIRMER,300.0,,300 grs,,NON,,4 MOIS,,4.8,4.8,unité,PU HT,0.2,5.76,,,,,,,,,,À CONFIRMER,,6/,6,À CONFIRMER,À CONFIRMER,À CONFIRMER,À CONFIRMER,À CONFIRMER,À CONFIRMER,À CONFIRMER,À CONFIRMER,À CONFIRMER,NON,À CONFIRMER,À CONFIRMER,À CONFIRMER,À CONFIRMER,À CONFIRMER,À CONFIRMER,À CONFIRMER,À CONFIRMER,À CONFIRMER,ESSENTIEL,2,palier de prix d'achat (4.80 € HT) → 2,PROPOSITION AUTOMATIQUE – À VALIDER EN BACK-OFFICE,À CONFIRMER,À CONFIRMER,NON,À CONFIRMER,FAIBLE_COUT_LOGISTIQUE,À CONFIRMER,À CONFIRMER,À CONFIRMER,À CONFIRMER,À CONFIRMER,À CONFIRMER,SUR_COMMANDE (document = tarif et bon de commande 2026),PRODUIT,,,,37,Tarif et bon de commande 2026 – onglet « TARIF NORMAND DIRECT 2026 »,ligne 39
PROD-0031,À CONFIRMER,Batonnet feuilleté noir 200 grs,Batonnet feuilleté noir 200 grs,À CONFIRMER,BISCUITERIE,BISCUIT,règle 14,BISCUITERIE DE QUINEVILLE,FOUR-0005,BISCUITERIE DE QUINEVILLE,BISCUITERIE DE QUINEVILLE,FOUR-0001,NORMAND DIRECT TERROIR,Commande directe auprès de Normand Direct Terroir,À CONFIRMER,À CONFIRMER,À CONFIRMER,À CONFIRMER,À CONFIRMER,,AUCUNE_INFORMATION_DANS_LES_DOCUMENTS,À CONFIRMER,À CONFIRMER,200.0,,200 grs,,NON,,4 MOIS,,6.95,6.95,unité,PU HT,0.055,7.3323,,,,,,,,,,À CONFIRMER,,6/,6,À CONFIRMER,À CONFIRMER,À CONFIRMER,À CONFIRMER,À CONFIRMER,À CONFIRMER,À CONFIRMER,À CONFIRMER,À CONFIRMER,NON,À CONFIRMER,À CONFIRMER,À CONFIRMER,À CONFIRMER,À CONFIRMER,À CONFIRMER,À CONFIRMER,À CONFIRMER,À CONFIRMER,SIGNATURE,3,palier de prix d'achat (6.95 € HT) → 3,PROPOSITION AUTOMATIQUE – À VALIDER EN BACK-OFFICE,À CONFIRMER,À CONFIRMER,NON,À CONFIRMER,FAIBLE_COUT_LOGISTIQUE,À CONFIRMER,À CONFIRMER,À CONFIRMER,À CONFIRMER,À CONFIRMER,À CONFIRMER,SUR_COMMANDE (document = tarif et bon de commande 2026),PRODUIT,,,,37,Tarif et bon de commande 2026 – onglet « TARIF NORMAND DIRECT 2026 »,ligne 40
PROD-0032,À CONFIRMER,Grignotines amandes noisettes 200 grs,Grignotines amandes noisettes 200 grs,À CONFIRMER,BISCUITERIE,BISCUIT,règle 14,BISCUITERIE DE QUINEVILLE,FOUR-0005,BISCUITERIE DE QUINEVILLE,BISCUITERIE DE QUINEVILLE,FOUR-0001,NORMAND DIRECT TERROIR,Commande directe auprès de Normand Direct Terroir,À CONFIRMER,À CONFIRMER,À CONFIRMER,À CONFIRMER,À CONFIRMER,,AUCUNE_INFORMATION_DANS_LES_DOCUMENTS,À CONFIRMER,À CONFIRMER,200.0,,200 grs,,NON,,4 MOIS,,7.4,7.4,unité,PU HT,0.055,7.807,,,,,,,,,,À CONFIRMER,,6/,6,À CONFIRMER,À CONFIRMER,À CONFIRMER,À CONFIRMER,À CONFIRMER,À CONFIRMER,À CONFIRMER,À CONFIRMER,À CONFIRMER,NON,À CONFIRMER,À CONFIRMER,À CONFIRMER,À CONFIRMER,À CONFIRMER,À CONFIRMER,À CONFIRMER,À CONFIRMER,À CONFIRMER,SIGNATURE,3,palier de prix d'achat (7.40 € HT) → 3,PROPOSITION AUTOMATIQUE – À VALIDER EN BACK-OFFICE,À CONFIRMER,À CONFIRMER,NON,À CONFIRMER,FAIBLE_COUT_LOGISTIQUE,À CONFIRMER,À CONFIRMER,À CONFIRMER,À CONFIRMER,À CONFIRMER,À CONFIRMER,SUR_COMMANDE (document = tarif et bon de commande 2026),PRODUIT,,,,37,Tarif et bon de commande 2026 – onglet « TARIF NORMAND DIRECT 2026 »,ligne 41
PROD-0033,À CONFIRMER,Teurgoule nature 280 g,Teurgoule nature 280 g,À CONFIRMER,TRAITEUR_SUCRE,DESSERT,règle 16,FERME DE LA CHOUQUERIE,FOUR-0006,FERME DE LA CHOUQUERIE,FERME DE LA CHOUQUERIE,FOUR-0001,NORMAND DIRECT TERROIR,Commande directe auprès de Normand Direct Terroir,À CONFIRMER,À CONFIRMER,À CONFIRMER,À CONFIRMER,À CONFIRMER,,AUCUNE_INFORMATION_DANS_LES_DOCUMENTS,À CONFIRMER,À CONFIRMER,280.0,,280 g,,NON,,24 MOIS,,3.82,3.82,unité,PU HT,0.055,4.0301,,,,,,,,,,À CONFIRMER,,12/,12,À CONFIRMER,À CONFIRMER,À CONFIRMER,À CONFIRMER,À CONFIRMER,À CONFIRMER,À CONFIRMER,À CONFIRMER,À CONFIRMER,NON,À CONFIRMER,À CONFIRMER,À CONFIRMER,À CONFIRMER,À CONFIRMER,À CONFIRMER,À CONFIRMER,À CONFIRMER,À CONFIRMER,ESSENTIEL,2,palier de prix d'achat (3.82 € HT) → 2,PROPOSITION AUTOMATIQUE – À VALIDER EN BACK-OFFICE,À CONFIRMER,À CONFIRMER,NON,À CONFIRMER,FAIBLE_COUT_LOGISTIQUE,À CONFIRMER,À CONFIRMER,À CONFIRMER,À CONFIRMER,À CONFIRMER,À CONFIRMER,SUR_COMMANDE (document = tarif et bon de commande 2026),PRODUIT,LIBELLÉ IDENTIQUE – MÊME PRODUCTEUR,,,37,Tarif et bon de commande 2026 – onglet « TARIF NORMAND DIRECT 2026 »,ligne 42
PROD-0034,À CONFIRMER,Teurgoule nature 500 g,Teurgoule nature 500 g,À CONFIRMER,TRAITEUR_SUCRE,DESSERT,règle 16,FERME DE LA CHOUQUERIE,FOUR-0006,FERME DE LA CHOUQUERIE,FERME DE LA CHOUQUERIE,FOUR-0001,NORMAND DIRECT TERROIR,Commande directe auprès de Normand Direct Terroir,À CONFIRMER,À CONFIRMER,À CONFIRMER,À CONFIRMER,À CONFIRMER,,AUCUNE_INFORMATION_DANS_LES_DOCUMENTS,À CONFIRMER,À CONFIRMER,500.0,,500 g,,NON,,24 MOIS,,6.34,6.34,unité,PU HT,0.055,6.6887,,,,,,,,,,À CONFIRMER,,6/,6,À CONFIRMER,À CONFIRMER,À CONFIRMER,À CONFIRMER,À CONFIRMER,À CONFIRMER,À CONFIRMER,À CONFIRMER,À CONFIRMER,NON,À CONFIRMER,À CONFIRMER,À CONFIRMER,À CONFIRMER,À CONFIRMER,À CONFIRMER,À CONFIRMER,À CONFIRMER,À CONFIRMER,SIGNATURE,3,palier de prix d'achat (6.34 € HT) → 3,PROPOSITION AUTOMATIQUE – À VALIDER EN BACK-OFFICE,À CONFIRMER,À CONFIRMER,NON,À CONFIRMER,,À CONFIRMER,À CONFIRMER,À CONFIRMER,À CONFIRMER,À CONFIRMER,À CONFIRMER,SUR_COMMANDE (document = tarif et bon de commande 2026),PRODUIT,LIBELLÉ IDENTIQUE – MÊME PRODUCTEUR,,,37,Tarif et bon de commande 2026 – onglet « TARIF NORMAND DIRECT 2026 »,ligne 43
PROD-0035,À CONFIRMER,Teurgoule nature 740 g,Teurgoule nature 740 g,À CONFIRMER,TRAITEUR_SUCRE,DESSERT,règle 16,FERME DE LA CHOUQUERIE,FOUR-0006,FERME DE LA CHOUQUERIE,FERME DE LA CHOUQUERIE,FOUR-0001,NORMAND DIRECT TERROIR,Commande directe auprès de Normand Direct Terroir,À CONFIRMER,À CONFIRMER,À CONFIRMER,À CONFIRMER,À CONFIRMER,,AUCUNE_INFORMATION_DANS_LES_DOCUMENTS,À CONFIRMER,À CONFIRMER,740.0,,740 g,,NON,,24 MOIS,,8.5,8.5,unité,PU HT,0.055,8.9675,,,,,,,,,,À CONFIRMER,,6/,6,À CONFIRMER,À CONFIRMER,À CONFIRMER,À CONFIRMER,À CONFIRMER,À CONFIRMER,À CONFIRMER,À CONFIRMER,À CONFIRMER,NON,À CONFIRMER,À CONFIRMER,À CONFIRMER,À CONFIRMER,À CONFIRMER,À CONFIRMER,À CONFIRMER,À CONFIRMER,À CONFIRMER,SIGNATURE,3,palier de prix d'achat (8.50 € HT) → 3,PROPOSITION AUTOMATIQUE – À VALIDER EN BACK-OFFICE,À CONFIRMER,À CONFIRMER,NON,À CONFIRMER,,À CONFIRMER,À CONFIRMER,À CONFIRMER,À CONFIRMER,À CONFIRMER,À CONFIRMER,SUR_COMMANDE (document = tarif et bon de commande 2026),PRODUIT,LIBELLÉ IDENTIQUE – MÊME PRODUCTEUR,,,37,Tarif et bon de commande 2026 – onglet « TARIF NORMAND DIRECT 2026 »,ligne 44
PROD-0036,À CONFIRMER,Teurgoule cannelle 280 g,Teurgoule cannelle 280 g,À CONFIRMER,TRAITEUR_SUCRE,DESSERT,règle 16,FERME DE LA CHOUQUERIE,FOUR-0006,FERME DE LA CHOUQUERIE,FERME DE LA CHOUQUERIE,FOUR-0001,NORMAND DIRECT TERROIR,Commande directe auprès de Normand Direct Terroir,À CONFIRMER,À CONFIRMER,À CONFIRMER,À CONFIRMER,À CONFIRMER,,AUCUNE_INFORMATION_DANS_LES_DOCUMENTS,À CONFIRMER,À CONFIRMER,280.0,,280 g,,NON,,24 MOIS,,3.82,3.82,unité,PU HT,0.055,4.0301,,,,,,,,,,À CONFIRMER,,12/,12,À CONFIRMER,À CONFIRMER,À CONFIRMER,À CONFIRMER,À CONFIRMER,À CONFIRMER,À CONFIRMER,À CONFIRMER,À CONFIRMER,NON,À CONFIRMER,À CONFIRMER,À CONFIRMER,À CONFIRMER,À CONFIRMER,À CONFIRMER,À CONFIRMER,À CONFIRMER,À CONFIRMER,ESSENTIEL,2,palier de prix d'achat (3.82 € HT) → 2,PROPOSITION AUTOMATIQUE – À VALIDER EN BACK-OFFICE,À CONFIRMER,À CONFIRMER,NON,À CONFIRMER,FAIBLE_COUT_LOGISTIQUE,À CONFIRMER,À CONFIRMER,À CONFIRMER,À CONFIRMER,À CONFIRMER,À CONFIRMER,SUR_COMMANDE (document = tarif et bon de commande 2026),PRODUIT,LIBELLÉ IDENTIQUE – MÊME PRODUCTEUR,,,37,Tarif et bon de commande 2026 – onglet « TARIF NORMAND DIRECT 2026 »,ligne 45
PROD-0037,À CONFIRMER,Teurgoule cannelle 500 g,Teurgoule cannelle 500 g,À CONFIRMER,TRAITEUR_SUCRE,DESSERT,règle 16,FERME DE LA CHOUQUERIE,FOUR-0006,FERME DE LA CHOUQUERIE,FERME DE LA CHOUQUERIE,FOUR-0001,NORMAND DIRECT TERROIR,Commande directe auprès de Normand Direct Terroir,À CONFIRMER,À CONFIRMER,À CONFIRMER,À CONFIRMER,À CONFIRMER,,AUCUNE_INFORMATION_DANS_LES_DOCUMENTS,À CONFIRMER,À CONFIRMER,500.0,,500 g,,NON,,24 MOIS,,6.34,6.34,unité,PU HT,0.055,6.6887,,,,,,,,,,À CONFIRMER,,6/,6,À CONFIRMER,À CONFIRMER,À CONFIRMER,À CONFIRMER,À CONFIRMER,À CONFIRMER,À CONFIRMER,À CONFIRMER,À CONFIRMER,NON,À CONFIRMER,À CONFIRMER,À CONFIRMER,À CONFIRMER,À CONFIRMER,À CONFIRMER,À CONFIRMER,À CONFIRMER,À CONFIRMER,SIGNATURE,3,palier de prix d'achat (6.34 € HT) → 3,PROPOSITION AUTOMATIQUE – À VALIDER EN BACK-OFFICE,À CONFIRMER,À CONFIRMER,NON,À CONFIRMER,,À CONFIRMER,À CONFIRMER,À CONFIRMER,À CONFIRMER,À CONFIRMER,À CONFIRMER,SUR_COMMANDE (document = tarif et bon de commande 2026),PRODUIT,LIBELLÉ IDENTIQUE – MÊME PRODUCTEUR,,,37,Tarif et bon de commande 2026 – onglet « TARIF NORMAND DIRECT 2026 »,ligne 46
PROD-0038,À CONFIRMER,Teurgoule cannelle 740 g,Teurgoule cannelle 740 g,À CONFIRMER,TRAITEUR_SUCRE,DESSERT,règle 16,FERME DE LA CHOUQUERIE,FOUR-0006,FERME DE LA CHOUQUERIE,FERME DE LA CHOUQUERIE,FOUR-0001,NORMAND DIRECT TERROIR,Commande directe auprès de Normand Direct Terroir,À CONFIRMER,À CONFIRMER,À CONFIRMER,À CONFIRMER,À CONFIRMER,,AUCUNE_INFORMATION_DANS_LES_DOCUMENTS,À CONFIRMER,À CONFIRMER,740.0,,740 g,,NON,,24 MOIS,,8.5,8.5,unité,PU HT,0.055,8.9675,,,,,,,,,,À CONFIRMER,,6/,6,À CONFIRMER,À CONFIRMER,À CONFIRMER,À CONFIRMER,À CONFIRMER,À CONFIRMER,À CONFIRMER,À CONFIRMER,À CONFIRMER,NON,À CONFIRMER,À CONFIRMER,À CONFIRMER,À CONFIRMER,À CONFIRMER,À CONFIRMER,À CONFIRMER,À CONFIRMER,À CONFIRMER,SIGNATURE,3,palier de prix d'achat (8.50 € HT) → 3,PROPOSITION AUTOMATIQUE – À VALIDER EN BACK-OFFICE,À CONFIRMER,À CONFIRMER,NON,À CONFIRMER,,À CONFIRMER,À CONFIRMER,À CONFIRMER,À CONFIRMER,À CONFIRMER,À CONFIRMER,SUR_COMMANDE (document = tarif et bon de commande 2026),PRODUIT,LIBELLÉ IDENTIQUE – MÊME PRODUCTEUR,,,37,Tarif et bon de commande 2026 – onglet « TARIF NORMAND DIRECT 2026 »,ligne 47
PROD-0039,À CONFIRMER,Confiture de lait nature 250 g,Confiture de lait nature 250 g,À CONFIRMER,EPICERIE_SUCREE,CONFITURE_DE_LAIT,règle 17,FERME DE L'ISLE,FOUR-0007,FERME DE L'ISLE,FERME DE L'ISLE,FOUR-0001,NORMAND DIRECT TERROIR,Commande directe auprès de Normand Direct Terroir,À CONFIRMER,À CONFIRMER,À CONFIRMER,À CONFIRMER,À CONFIRMER,,AUCUNE_INFORMATION_DANS_LES_DOCUMENTS,À CONFIRMER,À CONFIRMER,250.0,,250 g,,NON,,12 MOIS,,3.05,3.05,unité,PU HT,0.055,3.2177,,,,,,,,,,À CONFIRMER,,20 /,20,À CONFIRMER,Panachable en 2x10 par carton,À CONFIRMER,À CONFIRMER,À CONFIRMER,À CONFIRMER,À CONFIRMER,À CONFIRMER,À CONFIRMER,NON,À CONFIRMER,À CONFIRMER,À CONFIRMER,À CONFIRMER,À CONFIRMER,À CONFIRMER,À CONFIRMER,À CONFIRMER,À CONFIRMER,ESSENTIEL,2,palier de prix d'achat (3.05 € HT) → 2,PROPOSITION AUTOMATIQUE – À VALIDER EN BACK-OFFICE,À CONFIRMER,À CONFIRMER,NON,À CONFIRMER,FAIBLE_COUT_LOGISTIQUE,À CONFIRMER,À CONFIRMER,À CONFIRMER,À CONFIRMER,À CONFIRMER,À CONFIRMER,SUR_COMMANDE (document = tarif et bon de commande 2026),PRODUIT,,,,36,Tarif et bon de commande 2026 – onglet « TARIF NORMAND DIRECT 2026 »,ligne 48
PROD-0040,À CONFIRMER,Confiture de lait éclats de pralin 250 g,Confiture de lait éclats de pralin 250 g,À CONFIRMER,EPICERIE_SUCREE,CONFITURE_DE_LAIT,règle 17,FERME DE L'ISLE,FOUR-0007,FERME DE L'ISLE,FERME DE L'ISLE,FOUR-0001,NORMAND DIRECT TERROIR,Commande directe auprès de Normand Direct Terroir,À CONFIRMER,À CONFIRMER,À CONFIRMER,À CONFIRMER,À CONFIRMER,,AUCUNE_INFORMATION_DANS_LES_DOCUMENTS,À CONFIRMER,À CONFIRMER,250.0,,250 g,,NON,,12 MOIS,,3.42,3.42,unité,PU HT,0.055,3.6081,,,,,,,,,,À CONFIRMER,,20 /,20,À CONFIRMER,Panachable en 2x10 par carton,À CONFIRMER,À CONFIRMER,À CONFIRMER,À CONFIRMER,À CONFIRMER,À CONFIRMER,À CONFIRMER,NON,À CONFIRMER,À CONFIRMER,À CONFIRMER,À CONFIRMER,À CONFIRMER,À CONFIRMER,À CONFIRMER,À CONFIRMER,À CONFIRMER,ESSENTIEL,2,palier de prix d'achat (3.42 € HT) → 2,PROPOSITION AUTOMATIQUE – À VALIDER EN BACK-OFFICE,À CONFIRMER,À CONFIRMER,NON,À CONFIRMER,FAIBLE_COUT_LOGISTIQUE,À CONFIRMER,À CONFIRMER,À CONFIRMER,À CONFIRMER,À CONFIRMER,À CONFIRMER,SUR_COMMANDE (document = tarif et bon de commande 2026),PRODUIT,,,,36,Tarif et bon de commande 2026 – onglet « TARIF NORMAND DIRECT 2026 »,ligne 49
PROD-0041,À CONFIRMER,Confiture de lait chocolat 250 g / 20 P,Confiture de lait chocolat 250 g / 20 P,À CONFIRMER,EPICERIE_SUCREE,CONFITURE_DE_LAIT,règle 17,FERME DE L'ISLE,FOUR-0007,FERME DE L'ISLE,FERME DE L'ISLE,FOUR-0001,NORMAND DIRECT TERROIR,Commande directe auprès de Normand Direct Terroir,À CONFIRMER,À CONFIRMER,À CONFIRMER,À CONFIRMER,À CONFIRMER,,AUCUNE_INFORMATION_DANS_LES_DOCUMENTS,À CONFIRMER,À CONFIRMER,250.0,,250 g,,NON,,12 MOIS,,3.42,3.42,unité,PU HT,0.055,3.6081,,,,,,,,,,À CONFIRMER,,20 /,20,À CONFIRMER,Panachable en 2x10 par carton,À CONFIRMER,À CONFIRMER,À CONFIRMER,À CONFIRMER,À CONFIRMER,À CONFIRMER,À CONFIRMER,NON,À CONFIRMER,À CONFIRMER,À CONFIRMER,À CONFIRMER,À CONFIRMER,À CONFIRMER,À CONFIRMER,À CONFIRMER,À CONFIRMER,ESSENTIEL,2,palier de prix d'achat (3.42 € HT) → 2,PROPOSITION AUTOMATIQUE – À VALIDER EN BACK-OFFICE,À CONFIRMER,À CONFIRMER,NON,À CONFIRMER,FAIBLE_COUT_LOGISTIQUE,À CONFIRMER,À CONFIRMER,À CONFIRMER,À CONFIRMER,À CONFIRMER,À CONFIRMER,SUR_COMMANDE (document = tarif et bon de commande 2026),PRODUIT,,,,36,Tarif et bon de commande 2026 – onglet « TARIF NORMAND DIRECT 2026 »,ligne 50
PROD-0042,À CONFIRMER,Confiture de lait fleur sel Guérande 250 g / 20 P,Confiture de lait fleur sel Guérande 250 g / 20 P,À CONFIRMER,EPICERIE_SUCREE,CONFITURE_DE_LAIT,règle 17,FERME DE L'ISLE,FOUR-0007,FERME DE L'ISLE,FERME DE L'ISLE,FOUR-0001,NORMAND DIRECT TERROIR,Commande directe auprès de Normand Direct Terroir,À CONFIRMER,À CONFIRMER,À CONFIRMER,À CONFIRMER,À CONFIRMER,,AUCUNE_INFORMATION_DANS_LES_DOCUMENTS,À CONFIRMER,À CONFIRMER,250.0,,250 g,,NON,,12 MOIS,,3.42,3.42,unité,PU HT,0.055,3.6081,,,,,,,,,,À CONFIRMER,,20 /,20,À CONFIRMER,Panachable en 2x10 par carton,À CONFIRMER,À CONFIRMER,À CONFIRMER,À CONFIRMER,À CONFIRMER,À CONFIRMER,À CONFIRMER,NON,À CONFIRMER,À CONFIRMER,À CONFIRMER,À CONFIRMER,À CONFIRMER,À CONFIRMER,À CONFIRMER,À CONFIRMER,À CONFIRMER,ESSENTIEL,2,palier de prix d'achat (3.42 € HT) → 2,PROPOSITION AUTOMATIQUE – À VALIDER EN BACK-OFFICE,À CONFIRMER,À CONFIRMER,NON,À CONFIRMER,FAIBLE_COUT_LOGISTIQUE,À CONFIRMER,À CONFIRMER,À CONFIRMER,À CONFIRMER,À CONFIRMER,À CONFIRMER,SUR_COMMANDE (document = tarif et bon de commande 2026),PRODUIT,,,,36,Tarif et bon de commande 2026 – onglet « TARIF NORMAND DIRECT 2026 »,ligne 51
PROD-0043,À CONFIRMER,Confiture figue 280 grs,Confiture figue 280 grs,À CONFIRMER,EPICERIE_SUCREE,CONFITURE_ET_CONFIT,règle 18,CONFITURES DU PÈRE ROUPSARD,FOUR-0008,CONFITURES DU PÈRE ROUPSARD,CONFITURES DU PÈRE ROUPSARD,FOUR-0001,NORMAND DIRECT TERROIR,Commande directe auprès de Normand Direct Terroir,À CONFIRMER,À CONFIRMER,À CONFIRMER,À CONFIRMER,À CONFIRMER,,AUCUNE_INFORMATION_DANS_LES_DOCUMENTS,À CONFIRMER,À CONFIRMER,280.0,,280 grs,,NON,,36 MOIS,,3.1,3.1,unité,PU HT,0.055,3.2705,,,,,,,,,,À CONFIRMER,,/6,6,À CONFIRMER,À CONFIRMER,À CONFIRMER,À CONFIRMER,À CONFIRMER,À CONFIRMER,À CONFIRMER,À CONFIRMER,À CONFIRMER,NON,À CONFIRMER,À CONFIRMER,À CONFIRMER,À CONFIRMER,À CONFIRMER,À CONFIRMER,À CONFIRMER,À CONFIRMER,À CONFIRMER,ESSENTIEL,2,palier de prix d'achat (3.10 € HT) → 2,PROPOSITION AUTOMATIQUE – À VALIDER EN BACK-OFFICE,À CONFIRMER,À CONFIRMER,NON,À CONFIRMER,FAIBLE_COUT_LOGISTIQUE,À CONFIRMER,À CONFIRMER,À CONFIRMER,À CONFIRMER,À CONFIRMER,À CONFIRMER,SUR_COMMANDE (document = tarif et bon de commande 2026),PRODUIT,,,,37,Tarif et bon de commande 2026 – onglet « TARIF NORMAND DIRECT 2026 »,ligne 52
PROD-0044,À CONFIRMER,Confiture orange 280 grs,Confiture orange 280 grs,À CONFIRMER,EPICERIE_SUCREE,CONFITURE_ET_CONFIT,règle 18,CONFITURES DU PÈRE ROUPSARD,FOUR-0008,CONFITURES DU PÈRE ROUPSARD,CONFITURES DU PÈRE ROUPSARD,FOUR-0001,NORMAND DIRECT TERROIR,Commande directe auprès de Normand Direct Terroir,À CONFIRMER,À CONFIRMER,À CONFIRMER,À CONFIRMER,À CONFIRMER,,AUCUNE_INFORMATION_DANS_LES_DOCUMENTS,À CONFIRMER,À CONFIRMER,280.0,,280 grs,,NON,,36 MOIS,,3.1,3.1,unité,PU HT,0.055,3.2705,,,,,,,,,,À CONFIRMER,,/6,6,À CONFIRMER,À CONFIRMER,À CONFIRMER,À CONFIRMER,À CONFIRMER,À CONFIRMER,À CONFIRMER,À CONFIRMER,À CONFIRMER,NON,À CONFIRMER,À CONFIRMER,À CONFIRMER,À CONFIRMER,À CONFIRMER,À CONFIRMER,À CONFIRMER,À CONFIRMER,À CONFIRMER,ESSENTIEL,2,palier de prix d'achat (3.10 € HT) → 2,PROPOSITION AUTOMATIQUE – À VALIDER EN BACK-OFFICE,À CONFIRMER,À CONFIRMER,NON,À CONFIRMER,FAIBLE_COUT_LOGISTIQUE,À CONFIRMER,À CONFIRMER,À CONFIRMER,À CONFIRMER,À CONFIRMER,À CONFIRMER,SUR_COMMANDE (document = tarif et bon de commande 2026),PRODUIT,,,,37,Tarif et bon de commande 2026 – onglet « TARIF NORMAND DIRECT 2026 »,ligne 53
PROD-0045,À CONFIRMER,Confiture framboise 280 grs,Confiture framboise 280 grs,À CONFIRMER,EPICERIE_SUCREE,CONFITURE_ET_CONFIT,règle 18,CONFITURES DU PÈRE ROUPSARD,FOUR-0008,CONFITURES DU PÈRE ROUPSARD,CONFITURES DU PÈRE ROUPSARD,FOUR-0001,NORMAND DIRECT TERROIR,Commande directe auprès de Normand Direct Terroir,À CONFIRMER,À CONFIRMER,À CONFIRMER,À CONFIRMER,À CONFIRMER,,AUCUNE_INFORMATION_DANS_LES_DOCUMENTS,À CONFIRMER,À CONFIRMER,280.0,,280 grs,,NON,,36 MOIS,,3.1,3.1,unité,PU HT,0.055,3.2705,,,,,,,,,,À CONFIRMER,,/6,6,À CONFIRMER,À CONFIRMER,À CONFIRMER,À CONFIRMER,À CONFIRMER,À CONFIRMER,À CONFIRMER,À CONFIRMER,À CONFIRMER,NON,À CONFIRMER,À CONFIRMER,À CONFIRMER,À CONFIRMER,À CONFIRMER,À CONFIRMER,À CONFIRMER,À CONFIRMER,À CONFIRMER,ESSENTIEL,2,palier de prix d'achat (3.10 € HT) → 2,PROPOSITION AUTOMATIQUE – À VALIDER EN BACK-OFFICE,À CONFIRMER,À CONFIRMER,NON,À CONFIRMER,FAIBLE_COUT_LOGISTIQUE,À CONFIRMER,À CONFIRMER,À CONFIRMER,À CONFIRMER,À CONFIRMER,À CONFIRMER,SUR_COMMANDE (document = tarif et bon de commande 2026),PRODUIT,,,,37,Tarif et bon de commande 2026 – onglet « TARIF NORMAND DIRECT 2026 »,ligne 54
PROD-0046,À CONFIRMER,Confiture mure 280 grs,Confiture mure 280 grs,À CONFIRMER,EPICERIE_SUCREE,CONFITURE_ET_CONFIT,règle 18,CONFITURES DU PÈRE ROUPSARD,FOUR-0008,CONFITURES DU PÈRE ROUPSARD,CONFITURES DU PÈRE ROUPSARD,FOUR-0001,NORMAND DIRECT TERROIR,Commande directe auprès de Normand Direct Terroir,À CONFIRMER,À CONFIRMER,À CONFIRMER,À CONFIRMER,À CONFIRMER,,AUCUNE_INFORMATION_DANS_LES_DOCUMENTS,À CONFIRMER,À CONFIRMER,280.0,,280 grs,,NON,,36 MOIS,,3.1,3.1,unité,PU HT,0.055,3.2705,,,,,,,,,,À CONFIRMER,,/6,6,À CONFIRMER,À CONFIRMER,À CONFIRMER,À CONFIRMER,À CONFIRMER,À CONFIRMER,À CONFIRMER,À CONFIRMER,À CONFIRMER,NON,À CONFIRMER,À CONFIRMER,À CONFIRMER,À CONFIRMER,À CONFIRMER,À CONFIRMER,À CONFIRMER,À CONFIRMER,À CONFIRMER,ESSENTIEL,2,palier de prix d'achat (3.10 € HT) → 2,PROPOSITION AUTOMATIQUE – À VALIDER EN BACK-OFFICE,À CONFIRMER,À CONFIRMER,NON,À CONFIRMER,FAIBLE_COUT_LOGISTIQUE,À CONFIRMER,À CONFIRMER,À CONFIRMER,À CONFIRMER,À CONFIRMER,À CONFIRMER,SUR_COMMANDE (document = tarif et bon de commande 2026),PRODUIT,,,,37,Tarif et bon de commande 2026 – onglet « TARIF NORMAND DIRECT 2026 »,ligne 55
PROD-0047,À CONFIRMER,Confiture fraise 280 grs,Confiture fraise 280 grs,À CONFIRMER,EPICERIE_SUCREE,CONFITURE_ET_CONFIT,règle 18,CONFITURES DU PÈRE ROUPSARD,FOUR-0008,CONFITURES DU PÈRE ROUPSARD,CONFITURES DU PÈRE ROUPSARD,FOUR-0001,NORMAND DIRECT TERROIR,Commande directe auprès de Normand Direct Terroir,À CONFIRMER,À CONFIRMER,À CONFIRMER,À CONFIRMER,À CONFIRMER,,AUCUNE_INFORMATION_DANS_LES_DOCUMENTS,À CONFIRMER,À CONFIRMER,280.0,,280 grs,,NON,,36 MOIS,,3.1,3.1,unité,PU HT,0.055,3.2705,,,,,,,,,,À CONFIRMER,,/6,6,À CONFIRMER,À CONFIRMER,À CONFIRMER,À CONFIRMER,À CONFIRMER,À CONFIRMER,À CONFIRMER,À CONFIRMER,À CONFIRMER,NON,À CONFIRMER,À CONFIRMER,À CONFIRMER,À CONFIRMER,À CONFIRMER,À CONFIRMER,À CONFIRMER,À CONFIRMER,À CONFIRMER,ESSENTIEL,2,palier de prix d'achat (3.10 € HT) → 2,PROPOSITION AUTOMATIQUE – À VALIDER EN BACK-OFFICE,À CONFIRMER,À CONFIRMER,NON,À CONFIRMER,FAIBLE_COUT_LOGISTIQUE,À CONFIRMER,À CONFIRMER,À CONFIRMER,À CONFIRMER,À CONFIRMER,À CONFIRMER,SUR_COMMANDE (document = tarif et bon de commande 2026),PRODUIT,,,,37,Tarif et bon de commande 2026 – onglet « TARIF NORMAND DIRECT 2026 »,ligne 56
PROD-0048,À CONFIRMER,Confiture abricot 280 grs,Confiture abricot 280 grs,À CONFIRMER,EPICERIE_SUCREE,CONFITURE_ET_CONFIT,règle 18,CONFITURES DU PÈRE ROUPSARD,FOUR-0008,CONFITURES DU PÈRE ROUPSARD,CONFITURES DU PÈRE ROUPSARD,FOUR-0001,NORMAND DIRECT TERROIR,Commande directe auprès de Normand Direct Terroir,À CONFIRMER,À CONFIRMER,À CONFIRMER,À CONFIRMER,À CONFIRMER,,AUCUNE_INFORMATION_DANS_LES_DOCUMENTS,À CONFIRMER,À CONFIRMER,280.0,,280 grs,,NON,,36 MOIS,,3.1,3.1,unité,PU HT,0.055,3.2705,,,,,,,,,,À CONFIRMER,,/6,6,À CONFIRMER,À CONFIRMER,À CONFIRMER,À CONFIRMER,À CONFIRMER,À CONFIRMER,À CONFIRMER,À CONFIRMER,À CONFIRMER,NON,À CONFIRMER,À CONFIRMER,À CONFIRMER,À CONFIRMER,À CONFIRMER,À CONFIRMER,À CONFIRMER,À CONFIRMER,À CONFIRMER,ESSENTIEL,2,palier de prix d'achat (3.10 € HT) → 2,PROPOSITION AUTOMATIQUE – À VALIDER EN BACK-OFFICE,À CONFIRMER,À CONFIRMER,NON,À CONFIRMER,FAIBLE_COUT_LOGISTIQUE,À CONFIRMER,À CONFIRMER,À CONFIRMER,À CONFIRMER,À CONFIRMER,À CONFIRMER,SUR_COMMANDE (document = tarif et bon de commande 2026),PRODUIT,,,,37,Tarif et bon de commande 2026 – onglet « TARIF NORMAND DIRECT 2026 »,ligne 57
PROD-0049,À CONFIRMER,Confiture de rhubarbe 280 grs,Confiture de rhubarbe 280 grs,À CONFIRMER,EPICERIE_SUCREE,CONFITURE_ET_CONFIT,règle 18,CONFITURES DU PÈRE ROUPSARD,FOUR-0008,CONFITURES DU PÈRE ROUPSARD,CONFITURES DU PÈRE ROUPSARD,FOUR-0001,NORMAND DIRECT TERROIR,Commande directe auprès de Normand Direct Terroir,À CONFIRMER,À CONFIRMER,À CONFIRMER,À CONFIRMER,À CONFIRMER,,AUCUNE_INFORMATION_DANS_LES_DOCUMENTS,À CONFIRMER,À CONFIRMER,280.0,,280 grs,,NON,,36 MOIS,,3.1,3.1,unité,PU HT,0.055,3.2705,,,,,,,,,,À CONFIRMER,,/6,6,À CONFIRMER,À CONFIRMER,À CONFIRMER,À CONFIRMER,À CONFIRMER,À CONFIRMER,À CONFIRMER,À CONFIRMER,À CONFIRMER,NON,À CONFIRMER,À CONFIRMER,À CONFIRMER,À CONFIRMER,À CONFIRMER,À CONFIRMER,À CONFIRMER,À CONFIRMER,À CONFIRMER,ESSENTIEL,2,palier de prix d'achat (3.10 € HT) → 2,PROPOSITION AUTOMATIQUE – À VALIDER EN BACK-OFFICE,À CONFIRMER,À CONFIRMER,NON,À CONFIRMER,FAIBLE_COUT_LOGISTIQUE,À CONFIRMER,À CONFIRMER,À CONFIRMER,À CONFIRMER,À CONFIRMER,À CONFIRMER,SUR_COMMANDE (document = tarif et bon de commande 2026),PRODUIT,,,,37,Tarif et bon de commande 2026 – onglet « TARIF NORMAND DIRECT 2026 »,ligne 58
PROD-0050,À CONFIRMER,Confiture de Myrtilles 280 grs NOUVEAU,Confiture de Myrtilles 280 grs NOUVEAU,À CONFIRMER,EPICERIE_SUCREE,CONFITURE_ET_CONFIT,règle 18,CONFITURES DU PÈRE ROUPSARD,FOUR-0008,CONFITURES DU PÈRE ROUPSARD,CONFITURES DU PÈRE ROUPSARD,FOUR-0001,NORMAND DIRECT TERROIR,Commande directe auprès de Normand Direct Terroir,À CONFIRMER,À CONFIRMER,À CONFIRMER,À CONFIRMER,À CONFIRMER,,AUCUNE_INFORMATION_DANS_LES_DOCUMENTS,À CONFIRMER,À CONFIRMER,280.0,,280 grs,,NON,,37 MOIS,NOUVEAU,3.1,3.1,unité,PU HT,0.055,3.2705,,,,,,,,,,À CONFIRMER,,/6,6,À CONFIRMER,À CONFIRMER,À CONFIRMER,À CONFIRMER,À CONFIRMER,À CONFIRMER,À CONFIRMER,À CONFIRMER,À CONFIRMER,NON,À CONFIRMER,À CONFIRMER,À CONFIRMER,À CONFIRMER,À CONFIRMER,À CONFIRMER,À CONFIRMER,À CONFIRMER,À CONFIRMER,ESSENTIEL,2,palier de prix d'achat (3.10 € HT) → 2,PROPOSITION AUTOMATIQUE – À VALIDER EN BACK-OFFICE,À CONFIRMER,À CONFIRMER,NON,À CONFIRMER,NOUVEAUTE ; FAIBLE_COUT_LOGISTIQUE,À CONFIRMER,À CONFIRMER,À CONFIRMER,À CONFIRMER,À CONFIRMER,À CONFIRMER,SUR_COMMANDE (document = tarif et bon de commande 2026),PRODUIT,,,,37,Tarif et bon de commande 2026 – onglet « TARIF NORMAND DIRECT 2026 »,ligne 59
PROD-0051,À CONFIRMER,Confiture de Fraise Ananas 280 grs NOUVEAU,Confiture de Fraise Ananas 280 grs NOUVEAU,À CONFIRMER,EPICERIE_SUCREE,CONFITURE_ET_CONFIT,règle 18,CONFITURES DU PÈRE ROUPSARD,FOUR-0008,CONFITURES DU PÈRE ROUPSARD,CONFITURES DU PÈRE ROUPSARD,FOUR-0001,NORMAND DIRECT TERROIR,Commande directe auprès de Normand Direct Terroir,À CONFIRMER,À CONFIRMER,À CONFIRMER,À CONFIRMER,À CONFIRMER,,AUCUNE_INFORMATION_DANS_LES_DOCUMENTS,À CONFIRMER,À CONFIRMER,280.0,,280 grs,,NON,,38 MOIS,NOUVEAU,3.1,3.1,unité,PU HT,0.055,3.2705,,,,,,,,,,À CONFIRMER,,/6,6,À CONFIRMER,À CONFIRMER,À CONFIRMER,À CONFIRMER,À CONFIRMER,À CONFIRMER,À CONFIRMER,À CONFIRMER,À CONFIRMER,NON,À CONFIRMER,À CONFIRMER,À CONFIRMER,À CONFIRMER,À CONFIRMER,À CONFIRMER,À CONFIRMER,À CONFIRMER,À CONFIRMER,ESSENTIEL,2,palier de prix d'achat (3.10 € HT) → 2,PROPOSITION AUTOMATIQUE – À VALIDER EN BACK-OFFICE,À CONFIRMER,À CONFIRMER,NON,À CONFIRMER,NOUVEAUTE ; FAIBLE_COUT_LOGISTIQUE,À CONFIRMER,À CONFIRMER,À CONFIRMER,À CONFIRMER,À CONFIRMER,À CONFIRMER,SUR_COMMANDE (document = tarif et bon de commande 2026),PRODUIT,,,,37,Tarif et bon de commande 2026 – onglet « TARIF NORMAND DIRECT 2026 »,ligne 60
PROD-0052,À CONFIRMER,Confiture pomme au cidre 280 grs,Confiture pomme au cidre 280 grs,À CONFIRMER,EPICERIE_SUCREE,CONFITURE_ET_CONFIT,règle 18,CONFITURES DU PÈRE ROUPSARD,FOUR-0008,CONFITURES DU PÈRE ROUPSARD,CONFITURES DU PÈRE ROUPSARD,FOUR-0001,NORMAND DIRECT TERROIR,Commande directe auprès de Normand Direct Terroir,À CONFIRMER,À CONFIRMER,À CONFIRMER,À CONFIRMER,À CONFIRMER,,AUCUNE_INFORMATION_DANS_LES_DOCUMENTS,À CONFIRMER,À CONFIRMER,280.0,,280 grs,À CONFIRMER,INGREDIENT_ALCOOLISE,Alcool cité comme ingrédient dans le libellé,36 MOIS,,3.1,3.1,unité,PU HT,0.055,3.2705,,,,,,,,,,À CONFIRMER,,/6,6,À CONFIRMER,À CONFIRMER,À CONFIRMER,À CONFIRMER,À CONFIRMER,À CONFIRMER,À CONFIRMER,À CONFIRMER,À CONFIRMER,NON,À CONFIRMER,À CONFIRMER,À CONFIRMER,À CONFIRMER,À CONFIRMER,À CONFIRMER,À CONFIRMER,À CONFIRMER,À CONFIRMER,ESSENTIEL,2,palier de prix d'achat (3.10 € HT) → 2,PROPOSITION AUTOMATIQUE – À VALIDER EN BACK-OFFICE,À CONFIRMER,À CONFIRMER,NON,À CONFIRMER,FAIBLE_COUT_LOGISTIQUE,À CONFIRMER,À CONFIRMER,À CONFIRMER,À CONFIRMER,À CONFIRMER,À CONFIRMER,SUR_COMMANDE (document = tarif et bon de commande 2026),PRODUIT,,,,38,Tarif et bon de commande 2026 – onglet « TARIF NORMAND DIRECT 2026 »,ligne 61
PROD-0053,À CONFIRMER,Confiture pomme caramel 280 grs,Confiture pomme caramel 280 grs,À CONFIRMER,EPICERIE_SUCREE,CONFITURE_ET_CONFIT,règle 18,CONFITURES DU PÈRE ROUPSARD,FOUR-0008,CONFITURES DU PÈRE ROUPSARD,CONFITURES DU PÈRE ROUPSARD,FOUR-0001,NORMAND DIRECT TERROIR,Commande directe auprès de Normand Direct Terroir,À CONFIRMER,À CONFIRMER,À CONFIRMER,À CONFIRMER,À CONFIRMER,,AUCUNE_INFORMATION_DANS_LES_DOCUMENTS,À CONFIRMER,À CONFIRMER,280.0,,280 grs,,NON,,36 MOIS,,3.1,3.1,unité,PU HT,0.055,3.2705,,,,,,,,,,À CONFIRMER,,/6,6,À CONFIRMER,À CONFIRMER,À CONFIRMER,À CONFIRMER,À CONFIRMER,À CONFIRMER,À CONFIRMER,À CONFIRMER,À CONFIRMER,NON,À CONFIRMER,À CONFIRMER,À CONFIRMER,À CONFIRMER,À CONFIRMER,À CONFIRMER,À CONFIRMER,À CONFIRMER,À CONFIRMER,ESSENTIEL,2,palier de prix d'achat (3.10 € HT) → 2,PROPOSITION AUTOMATIQUE – À VALIDER EN BACK-OFFICE,À CONFIRMER,À CONFIRMER,NON,À CONFIRMER,FAIBLE_COUT_LOGISTIQUE,À CONFIRMER,À CONFIRMER,À CONFIRMER,À CONFIRMER,À CONFIRMER,À CONFIRMER,SUR_COMMANDE (document = tarif et bon de commande 2026),PRODUIT,,,,37,Tarif et bon de commande 2026 – onglet « TARIF NORMAND DIRECT 2026 »,ligne 62
PROD-0054,À CONFIRMER,Confiture pomme rhubarbe 280 grs,Confiture pomme rhubarbe 280 grs,À CONFIRMER,EPICERIE_SUCREE,CONFITURE_ET_CONFIT,règle 18,CONFITURES DU PÈRE ROUPSARD,FOUR-0008,CONFITURES DU PÈRE ROUPSARD,CONFITURES DU PÈRE ROUPSARD,FOUR-0001,NORMAND DIRECT TERROIR,Commande directe auprès de Normand Direct Terroir,À CONFIRMER,À CONFIRMER,À CONFIRMER,À CONFIRMER,À CONFIRMER,,AUCUNE_INFORMATION_DANS_LES_DOCUMENTS,À CONFIRMER,À CONFIRMER,280.0,,280 grs,,NON,,36 MOIS,,3.1,3.1,unité,PU HT,0.055,3.2705,,,,,,,,,,À CONFIRMER,,/6,6,À CONFIRMER,À CONFIRMER,À CONFIRMER,À CONFIRMER,À CONFIRMER,À CONFIRMER,À CONFIRMER,À CONFIRMER,À CONFIRMER,NON,À CONFIRMER,À CONFIRMER,À CONFIRMER,À CONFIRMER,À CONFIRMER,À CONFIRMER,À CONFIRMER,À CONFIRMER,À CONFIRMER,ESSENTIEL,2,palier de prix d'achat (3.10 € HT) → 2,PROPOSITION AUTOMATIQUE – À VALIDER EN BACK-OFFICE,À CONFIRMER,À CONFIRMER,NON,À CONFIRMER,FAIBLE_COUT_LOGISTIQUE,À CONFIRMER,À CONFIRMER,À CONFIRMER,À CONFIRMER,À CONFIRMER,À CONFIRMER,SUR_COMMANDE (document = tarif et bon de commande 2026),PRODUIT,,,,37,Tarif et bon de commande 2026 – onglet « TARIF NORMAND DIRECT 2026 »,ligne 63
PROD-0055,À CONFIRMER,Confiture fraise rhubarbe 280 grs,Confiture fraise rhubarbe 280 grs,À CONFIRMER,EPICERIE_SUCREE,CONFITURE_ET_CONFIT,règle 18,CONFITURES DU PÈRE ROUPSARD,FOUR-0008,CONFITURES DU PÈRE ROUPSARD,CONFITURES DU PÈRE ROUPSARD,FOUR-0001,NORMAND DIRECT TERROIR,Commande directe auprès de Normand Direct Terroir,À CONFIRMER,À CONFIRMER,À CONFIRMER,À CONFIRMER,À CONFIRMER,,AUCUNE_INFORMATION_DANS_LES_DOCUMENTS,À CONFIRMER,À CONFIRMER,280.0,,280 grs,,NON,,36 MOIS,,3.1,3.1,unité,PU HT,0.055,3.2705,,,,,,,,,,À CONFIRMER,,/6,6,À CONFIRMER,À CONFIRMER,À CONFIRMER,À CONFIRMER,À CONFIRMER,À CONFIRMER,À CONFIRMER,À CONFIRMER,À CONFIRMER,NON,À CONFIRMER,À CONFIRMER,À CONFIRMER,À CONFIRMER,À CONFIRMER,À CONFIRMER,À CONFIRMER,À CONFIRMER,À CONFIRMER,ESSENTIEL,2,palier de prix d'achat (3.10 € HT) → 2,PROPOSITION AUTOMATIQUE – À VALIDER EN BACK-OFFICE,À CONFIRMER,À CONFIRMER,NON,À CONFIRMER,FAIBLE_COUT_LOGISTIQUE,À CONFIRMER,À CONFIRMER,À CONFIRMER,À CONFIRMER,À CONFIRMER,À CONFIRMER,SUR_COMMANDE (document = tarif et bon de commande 2026),PRODUIT,,,,37,Tarif et bon de commande 2026 – onglet « TARIF NORMAND DIRECT 2026 »,ligne 64
PROD-0056,À CONFIRMER,Confiture fruits rouges 280 grs,Confiture fruits rouges 280 grs,À CONFIRMER,EPICERIE_SUCREE,CONFITURE_ET_CONFIT,règle 18,CONFITURES DU PÈRE ROUPSARD,FOUR-0008,CONFITURES DU PÈRE ROUPSARD,CONFITURES DU PÈRE ROUPSARD,FOUR-0001,NORMAND DIRECT TERROIR,Commande directe auprès de Normand Direct Terroir,À CONFIRMER,À CONFIRMER,À CONFIRMER,À CONFIRMER,À CONFIRMER,,AUCUNE_INFORMATION_DANS_LES_DOCUMENTS,À CONFIRMER,À CONFIRMER,280.0,,280 grs,,NON,,36 MOIS,,3.1,3.1,unité,PU HT,0.055,3.2705,,,,,,,,,,À CONFIRMER,,/6,6,À CONFIRMER,À CONFIRMER,À CONFIRMER,À CONFIRMER,À CONFIRMER,À CONFIRMER,À CONFIRMER,À CONFIRMER,À CONFIRMER,NON,À CONFIRMER,À CONFIRMER,À CONFIRMER,À CONFIRMER,À CONFIRMER,À CONFIRMER,À CONFIRMER,À CONFIRMER,À CONFIRMER,ESSENTIEL,2,palier de prix d'achat (3.10 € HT) → 2,PROPOSITION AUTOMATIQUE – À VALIDER EN BACK-OFFICE,À CONFIRMER,À CONFIRMER,NON,À CONFIRMER,FAIBLE_COUT_LOGISTIQUE,À CONFIRMER,À CONFIRMER,À CONFIRMER,À CONFIRMER,À CONFIRMER,À CONFIRMER,SUR_COMMANDE (document = tarif et bon de commande 2026),PRODUIT,,,,37,Tarif et bon de commande 2026 – onglet « TARIF NORMAND DIRECT 2026 »,ligne 65
PROD-0057,À CONFIRMER,Confit de cidre 100 gr,Confit de cidre 100 gr,À CONFIRMER,EPICERIE_SUCREE,CONFITURE_ET_CONFIT,règle 18,LE PÈRE ROUPSARD,FOUR-0009,LE PÈRE ROUPSARD,LE PÈRE ROUPSARD,FOUR-0001,NORMAND DIRECT TERROIR,Commande directe auprès de Normand Direct Terroir,À CONFIRMER,À CONFIRMER,À CONFIRMER,À CONFIRMER,À CONFIRMER,,AUCUNE_INFORMATION_DANS_LES_DOCUMENTS,À CONFIRMER,À CONFIRMER,100.0,,100 gr,À CONFIRMER,INGREDIENT_ALCOOLISE,Alcool cité comme ingrédient dans le libellé,36 MOIS,,1.98,1.98,unité,PU HT,0.055,2.0889,,,,,,,,,,À CONFIRMER,,/12,12,À CONFIRMER,À CONFIRMER,À CONFIRMER,À CONFIRMER,À CONFIRMER,À CONFIRMER,À CONFIRMER,À CONFIRMER,À CONFIRMER,NON,À CONFIRMER,À CONFIRMER,À CONFIRMER,À CONFIRMER,À CONFIRMER,À CONFIRMER,À CONFIRMER,À CONFIRMER,À CONFIRMER,ESSENTIEL,1,palier de prix d'achat (1.98 € HT) → 1,PROPOSITION AUTOMATIQUE – À VALIDER EN BACK-OFFICE,À CONFIRMER,À CONFIRMER,NON,À CONFIRMER,FAIBLE_COUT_LOGISTIQUE,À CONFIRMER,À CONFIRMER,À CONFIRMER,À CONFIRMER,À CONFIRMER,À CONFIRMER,SUR_COMMANDE (document = tarif et bon de commande 2026),PRODUIT,,,,38,Tarif et bon de commande 2026 – onglet « TARIF NORMAND DIRECT 2026 »,ligne 66
PROD-0058,À CONFIRMER,Confit de poiré 100 gr,Confit de poiré 100 gr,À CONFIRMER,EPICERIE_SUCREE,CONFITURE_ET_CONFIT,règle 18,LE PÈRE ROUPSARD,FOUR-0009,LE PÈRE ROUPSARD,LE PÈRE ROUPSARD,FOUR-0001,NORMAND DIRECT TERROIR,Commande directe auprès de Normand Direct Terroir,À CONFIRMER,À CONFIRMER,À CONFIRMER,À CONFIRMER,À CONFIRMER,,AUCUNE_INFORMATION_DANS_LES_DOCUMENTS,À CONFIRMER,À CONFIRMER,100.0,,100 gr,,NON,,36 MOIS,,1.98,1.98,unité,PU HT,0.055,2.0889,,,,,,,,,,À CONFIRMER,,/12,12,À CONFIRMER,À CONFIRMER,À CONFIRMER,À CONFIRMER,À CONFIRMER,À CONFIRMER,À CONFIRMER,À CONFIRMER,À CONFIRMER,NON,À CONFIRMER,À CONFIRMER,À CONFIRMER,À CONFIRMER,À CONFIRMER,À CONFIRMER,À CONFIRMER,À CONFIRMER,À CONFIRMER,ESSENTIEL,1,palier de prix d'achat (1.98 € HT) → 1,PROPOSITION AUTOMATIQUE – À VALIDER EN BACK-OFFICE,À CONFIRMER,À CONFIRMER,NON,À CONFIRMER,FAIBLE_COUT_LOGISTIQUE,À CONFIRMER,À CONFIRMER,À CONFIRMER,À CONFIRMER,À CONFIRMER,À CONFIRMER,SUR_COMMANDE (document = tarif et bon de commande 2026),PRODUIT,,,,37,Tarif et bon de commande 2026 – onglet « TARIF NORMAND DIRECT 2026 »,ligne 67
PROD-0059,À CONFIRMER,Moutarde pommeau 100 gr,Moutarde pommeau 100 gr,À CONFIRMER,EPICERIE_SALEE,CONDIMENT,règle 19,LE PÈRE ROUPSARD,FOUR-0009,LE PÈRE ROUPSARD,LE PÈRE ROUPSARD,FOUR-0001,NORMAND DIRECT TERROIR,Commande directe auprès de Normand Direct Terroir,À CONFIRMER,À CONFIRMER,À CONFIRMER,À CONFIRMER,À CONFIRMER,,AUCUNE_INFORMATION_DANS_LES_DOCUMENTS,À CONFIRMER,À CONFIRMER,100.0,,100 gr,À CONFIRMER,INGREDIENT_ALCOOLISE,Alcool cité comme ingrédient dans le libellé,36 MOIS,,2.6,2.6,unité,PU HT,0.055,2.743,,,,,,,,,,À CONFIRMER,,/12,12,À CONFIRMER,À CONFIRMER,À CONFIRMER,À CONFIRMER,À CONFIRMER,À CONFIRMER,À CONFIRMER,À CONFIRMER,À CONFIRMER,NON,À CONFIRMER,À CONFIRMER,À CONFIRMER,À CONFIRMER,À CONFIRMER,À CONFIRMER,À CONFIRMER,À CONFIRMER,À CONFIRMER,ESSENTIEL,2,palier de prix d'achat (2.60 € HT) → 2,PROPOSITION AUTOMATIQUE – À VALIDER EN BACK-OFFICE,À CONFIRMER,À CONFIRMER,NON,À CONFIRMER,FAIBLE_COUT_LOGISTIQUE,À CONFIRMER,À CONFIRMER,À CONFIRMER,À CONFIRMER,À CONFIRMER,À CONFIRMER,SUR_COMMANDE (document = tarif et bon de commande 2026),PRODUIT,,,,38,Tarif et bon de commande 2026 – onglet « TARIF NORMAND DIRECT 2026 »,ligne 68
PROD-0060,À CONFIRMER,Moutarde Calvados 100 gr,Moutarde Calvados 100 gr,À CONFIRMER,EPICERIE_SALEE,CONDIMENT,règle 19,LE PÈRE ROUPSARD,FOUR-0009,LE PÈRE ROUPSARD,LE PÈRE ROUPSARD,FOUR-0001,NORMAND DIRECT TERROIR,Commande directe auprès de Normand Direct Terroir,À CONFIRMER,À CONFIRMER,À CONFIRMER,À CONFIRMER,À CONFIRMER,,AUCUNE_INFORMATION_DANS_LES_DOCUMENTS,À CONFIRMER,À CONFIRMER,100.0,,100 gr,À CONFIRMER,INGREDIENT_ALCOOLISE,Alcool cité comme ingrédient dans le libellé,36 MOIS,,2.6,2.6,unité,PU HT,0.055,2.743,,,,,,,,,,À CONFIRMER,,/12,12,À CONFIRMER,À CONFIRMER,À CONFIRMER,À CONFIRMER,À CONFIRMER,À CONFIRMER,À CONFIRMER,À CONFIRMER,À CONFIRMER,NON,À CONFIRMER,À CONFIRMER,À CONFIRMER,À CONFIRMER,À CONFIRMER,À CONFIRMER,À CONFIRMER,À CONFIRMER,À CONFIRMER,ESSENTIEL,2,palier de prix d'achat (2.60 € HT) → 2,PROPOSITION AUTOMATIQUE – À VALIDER EN BACK-OFFICE,À CONFIRMER,À CONFIRMER,NON,À CONFIRMER,FAIBLE_COUT_LOGISTIQUE,À CONFIRMER,À CONFIRMER,À CONFIRMER,À CONFIRMER,À CONFIRMER,À CONFIRMER,SUR_COMMANDE (document = tarif et bon de commande 2026),PRODUIT,,,,38,Tarif et bon de commande 2026 – onglet « TARIF NORMAND DIRECT 2026 »,ligne 69
PROD-0061,À CONFIRMER,Moutarde pomme 100 gr,Moutarde pomme 100 gr,À CONFIRMER,EPICERIE_SALEE,CONDIMENT,règle 19,LE PÈRE ROUPSARD,FOUR-0009,LE PÈRE ROUPSARD,LE PÈRE ROUPSARD,FOUR-0001,NORMAND DIRECT TERROIR,Commande directe auprès de Normand Direct Terroir,À CONFIRMER,À CONFIRMER,À CONFIRMER,À CONFIRMER,À CONFIRMER,,AUCUNE_INFORMATION_DANS_LES_DOCUMENTS,À CONFIRMER,À CONFIRMER,100.0,,100 gr,,NON,,36 MOIS,,2.6,2.6,unité,PU HT,0.055,2.743,,,,,,,,,,À CONFIRMER,,/12,12,À CONFIRMER,À CONFIRMER,À CONFIRMER,À CONFIRMER,À CONFIRMER,À CONFIRMER,À CONFIRMER,À CONFIRMER,À CONFIRMER,NON,À CONFIRMER,À CONFIRMER,À CONFIRMER,À CONFIRMER,À CONFIRMER,À CONFIRMER,À CONFIRMER,À CONFIRMER,À CONFIRMER,ESSENTIEL,2,palier de prix d'achat (2.60 € HT) → 2,PROPOSITION AUTOMATIQUE – À VALIDER EN BACK-OFFICE,À CONFIRMER,À CONFIRMER,NON,À CONFIRMER,FAIBLE_COUT_LOGISTIQUE,À CONFIRMER,À CONFIRMER,À CONFIRMER,À CONFIRMER,À CONFIRMER,À CONFIRMER,SUR_COMMANDE (document = tarif et bon de commande 2026),PRODUIT,,,,37,Tarif et bon de commande 2026 – onglet « TARIF NORMAND DIRECT 2026 »,ligne 70
PROD-0062,À CONFIRMER,Moutarde framboise 100 gr,Moutarde framboise 100 gr,À CONFIRMER,EPICERIE_SALEE,CONDIMENT,règle 19,LE PÈRE ROUPSARD,FOUR-0009,LE PÈRE ROUPSARD,LE PÈRE ROUPSARD,FOUR-0001,NORMAND DIRECT TERROIR,Commande directe auprès de Normand Direct Terroir,À CONFIRMER,À CONFIRMER,À CONFIRMER,À CONFIRMER,À CONFIRMER,,AUCUNE_INFORMATION_DANS_LES_DOCUMENTS,À CONFIRMER,À CONFIRMER,100.0,,100 gr,,NON,,36 MOIS,,2.6,2.6,unité,PU HT,0.055,2.743,,,,,,,,,,À CONFIRMER,,/12,12,À CONFIRMER,À CONFIRMER,À CONFIRMER,À CONFIRMER,À CONFIRMER,À CONFIRMER,À CONFIRMER,À CONFIRMER,À CONFIRMER,NON,À CONFIRMER,À CONFIRMER,À CONFIRMER,À CONFIRMER,À CONFIRMER,À CONFIRMER,À CONFIRMER,À CONFIRMER,À CONFIRMER,ESSENTIEL,2,palier de prix d'achat (2.60 € HT) → 2,PROPOSITION AUTOMATIQUE – À VALIDER EN BACK-OFFICE,À CONFIRMER,À CONFIRMER,NON,À CONFIRMER,FAIBLE_COUT_LOGISTIQUE,À CONFIRMER,À CONFIRMER,À CONFIRMER,À CONFIRMER,À CONFIRMER,À CONFIRMER,SUR_COMMANDE (document = tarif et bon de commande 2026),PRODUIT,,,,37,Tarif et bon de commande 2026 – onglet « TARIF NORMAND DIRECT 2026 »,ligne 71
PROD-0063,À CONFIRMER,Confit d'oignons 100 gr,Confit d'oignons 100 gr,À CONFIRMER,EPICERIE_SALEE,CONDIMENT,règle 19,LE PÈRE ROUPSARD,FOUR-0009,LE PÈRE ROUPSARD,LE PÈRE ROUPSARD,FOUR-0001,NORMAND DIRECT TERROIR,Commande directe auprès de Normand Direct Terroir,À CONFIRMER,À CONFIRMER,À CONFIRMER,À CONFIRMER,À CONFIRMER,,AUCUNE_INFORMATION_DANS_LES_DOCUMENTS,À CONFIRMER,À CONFIRMER,100.0,,100 gr,,NON,,36 MOIS,,3.02,3.02,unité,PU HT,0.055,3.1861,,,,,,,,,,À CONFIRMER,,/12,12,À CONFIRMER,À CONFIRMER,À CONFIRMER,À CONFIRMER,À CONFIRMER,À CONFIRMER,À CONFIRMER,À CONFIRMER,À CONFIRMER,NON,À CONFIRMER,À CONFIRMER,À CONFIRMER,À CONFIRMER,À CONFIRMER,À CONFIRMER,À CONFIRMER,À CONFIRMER,À CONFIRMER,ESSENTIEL,2,palier de prix d'achat (3.02 € HT) → 2,PROPOSITION AUTOMATIQUE – À VALIDER EN BACK-OFFICE,À CONFIRMER,À CONFIRMER,NON,À CONFIRMER,FAIBLE_COUT_LOGISTIQUE,À CONFIRMER,À CONFIRMER,À CONFIRMER,À CONFIRMER,À CONFIRMER,À CONFIRMER,SUR_COMMANDE (document = tarif et bon de commande 2026),PRODUIT,,,,37,Tarif et bon de commande 2026 – onglet « TARIF NORMAND DIRECT 2026 »,ligne 72
PROD-0064,À CONFIRMER,Chutney de figue 100 gr,Chutney de figue 100 gr,À CONFIRMER,EPICERIE_SALEE,CONDIMENT,règle 19,LE PÈRE ROUPSARD,FOUR-0009,LE PÈRE ROUPSARD,LE PÈRE ROUPSARD,FOUR-0001,NORMAND DIRECT TERROIR,Commande directe auprès de Normand Direct Terroir,À CONFIRMER,À CONFIRMER,À CONFIRMER,À CONFIRMER,À CONFIRMER,,AUCUNE_INFORMATION_DANS_LES_DOCUMENTS,À CONFIRMER,À CONFIRMER,100.0,,100 gr,,NON,,36 MOIS,,3.02,3.02,unité,PU HT,0.055,3.1861,,,,,,,,,,À CONFIRMER,,/12,12,À CONFIRMER,À CONFIRMER,À CONFIRMER,À CONFIRMER,À CONFIRMER,À CONFIRMER,À CONFIRMER,À CONFIRMER,À CONFIRMER,NON,À CONFIRMER,À CONFIRMER,À CONFIRMER,À CONFIRMER,À CONFIRMER,À CONFIRMER,À CONFIRMER,À CONFIRMER,À CONFIRMER,ESSENTIEL,2,palier de prix d'achat (3.02 € HT) → 2,PROPOSITION AUTOMATIQUE – À VALIDER EN BACK-OFFICE,À CONFIRMER,À CONFIRMER,NON,À CONFIRMER,FAIBLE_COUT_LOGISTIQUE,À CONFIRMER,À CONFIRMER,À CONFIRMER,À CONFIRMER,À CONFIRMER,À CONFIRMER,SUR_COMMANDE (document = tarif et bon de commande 2026),PRODUIT,,,,37,Tarif et bon de commande 2026 – onglet « TARIF NORMAND DIRECT 2026 »,ligne 73
PROD-0065,À CONFIRMER,Chutney de pomme 100 gr,Chutney de pomme 100 gr,À CONFIRMER,EPICERIE_SALEE,CONDIMENT,règle 19,LE PÈRE ROUPSARD,FOUR-0009,LE PÈRE ROUPSARD,LE PÈRE ROUPSARD,FOUR-0001,NORMAND DIRECT TERROIR,Commande directe auprès de Normand Direct Terroir,À CONFIRMER,À CONFIRMER,À CONFIRMER,À CONFIRMER,À CONFIRMER,,AUCUNE_INFORMATION_DANS_LES_DOCUMENTS,À CONFIRMER,À CONFIRMER,100.0,,100 gr,,NON,,36 MOIS,,3.02,3.02,unité,PU HT,0.055,3.1861,,,,,,,,,,À CONFIRMER,,/12,12,À CONFIRMER,À CONFIRMER,À CONFIRMER,À CONFIRMER,À CONFIRMER,À CONFIRMER,À CONFIRMER,À CONFIRMER,À CONFIRMER,NON,À CONFIRMER,À CONFIRMER,À CONFIRMER,À CONFIRMER,À CONFIRMER,À CONFIRMER,À CONFIRMER,À CONFIRMER,À CONFIRMER,ESSENTIEL,2,palier de prix d'achat (3.02 € HT) → 2,PROPOSITION AUTOMATIQUE – À VALIDER EN BACK-OFFICE,À CONFIRMER,À CONFIRMER,NON,À CONFIRMER,FAIBLE_COUT_LOGISTIQUE,À CONFIRMER,À CONFIRMER,À CONFIRMER,À CONFIRMER,À CONFIRMER,À CONFIRMER,SUR_COMMANDE (document = tarif et bon de commande 2026),PRODUIT,,,,37,Tarif et bon de commande 2026 – onglet « TARIF NORMAND DIRECT 2026 »,ligne 74
PROD-0066,À CONFIRMER,Riz au lait de Normandie 180 gr,Riz au lait de Normandie 180 gr,À CONFIRMER,TRAITEUR_SUCRE,DESSERT,règle 16,LE PÈRE ROUPSARD DESSERT,FOUR-0010,LE PÈRE ROUPSARD DESSERT,LE PÈRE ROUPSARD DESSERT,FOUR-0001,NORMAND DIRECT TERROIR,Commande directe auprès de Normand Direct Terroir,À CONFIRMER,À CONFIRMER,À CONFIRMER,À CONFIRMER,À CONFIRMER,,INDICE_DANS_LE_NOM_DU_PRODUIT_SEULEMENT,NORMANDIE_INDIQUEE_DANS_LE_NOM_A_VERIFIER,À CONFIRMER,180.0,,180 gr,,NON,,36 MOIS,,2.25,2.25,unité,PU HT,0.055,2.3737,,,,,,,,,,À CONFIRMER,,/6,6,À CONFIRMER,À CONFIRMER,À CONFIRMER,À CONFIRMER,À CONFIRMER,À CONFIRMER,À CONFIRMER,À CONFIRMER,À CONFIRMER,NON,À CONFIRMER,À CONFIRMER,À CONFIRMER,À CONFIRMER,À CONFIRMER,À CONFIRMER,À CONFIRMER,À CONFIRMER,À CONFIRMER,ESSENTIEL,1,palier de prix d'achat (2.25 € HT) → 1,PROPOSITION AUTOMATIQUE – À VALIDER EN BACK-OFFICE,À CONFIRMER,À CONFIRMER,NON,À CONFIRMER,FAIBLE_COUT_LOGISTIQUE,À CONFIRMER,À CONFIRMER,À CONFIRMER,À CONFIRMER,À CONFIRMER,À CONFIRMER,SUR_COMMANDE (document = tarif et bon de commande 2026),PRODUIT,LIBELLÉ IDENTIQUE – MÊME PRODUCTEUR,,,36,Tarif et bon de commande 2026 – onglet « TARIF NORMAND DIRECT 2026 »,ligne 75
PROD-0067,À CONFIRMER,Riz au lait de Normandie Eclats caramel d'Isigny 180 gr,Riz au lait de Normandie Eclats caramel d'Isigny 180 gr,À CONFIRMER,TRAITEUR_SUCRE,DESSERT,règle 16,LE PÈRE ROUPSARD DESSERT,FOUR-0010,LE PÈRE ROUPSARD DESSERT,LE PÈRE ROUPSARD DESSERT,FOUR-0001,NORMAND DIRECT TERROIR,Commande directe auprès de Normand Direct Terroir,À CONFIRMER,À CONFIRMER,À CONFIRMER,À CONFIRMER,À CONFIRMER,,INDICE_DANS_LE_NOM_DU_PRODUIT_SEULEMENT,NORMANDIE_INDIQUEE_DANS_LE_NOM_A_VERIFIER,À CONFIRMER,180.0,,180 gr,,NON,,36 MOIS,,2.25,2.25,unité,PU HT,0.055,2.3737,,,,,,,,,,À CONFIRMER,,/6,6,À CONFIRMER,À CONFIRMER,À CONFIRMER,À CONFIRMER,À CONFIRMER,À CONFIRMER,À CONFIRMER,À CONFIRMER,À CONFIRMER,NON,À CONFIRMER,À CONFIRMER,À CONFIRMER,À CONFIRMER,À CONFIRMER,À CONFIRMER,À CONFIRMER,À CONFIRMER,À CONFIRMER,ESSENTIEL,1,palier de prix d'achat (2.25 € HT) → 1,PROPOSITION AUTOMATIQUE – À VALIDER EN BACK-OFFICE,À CONFIRMER,À CONFIRMER,NON,À CONFIRMER,FAIBLE_COUT_LOGISTIQUE,À CONFIRMER,À CONFIRMER,À CONFIRMER,À CONFIRMER,À CONFIRMER,À CONFIRMER,SUR_COMMANDE (document = tarif et bon de commande 2026),PRODUIT,LIBELLÉ IDENTIQUE – MÊME PRODUCTEUR,,,36,Tarif et bon de commande 2026 – onglet « TARIF NORMAND DIRECT 2026 »,ligne 76
PROD-0068,À CONFIRMER,Riz au lait de Normandie 120 gr,Riz au lait de Normandie 120 gr,À CONFIRMER,TRAITEUR_SUCRE,DESSERT,règle 16,LE PÈRE ROUPSARD DESSERT,FOUR-0010,LE PÈRE ROUPSARD DESSERT,LE PÈRE ROUPSARD DESSERT,FOUR-0001,NORMAND DIRECT TERROIR,Commande directe auprès de Normand Direct Terroir,À CONFIRMER,À CONFIRMER,À CONFIRMER,À CONFIRMER,À CONFIRMER,,INDICE_DANS_LE_NOM_DU_PRODUIT_SEULEMENT,NORMANDIE_INDIQUEE_DANS_LE_NOM_A_VERIFIER,À CONFIRMER,120.0,,120 gr,,NON,,36 MOIS,,1.77,1.77,unité,PU HT,0.055,1.8673,,,,,,,,,,À CONFIRMER,,/6,6,À CONFIRMER,À CONFIRMER,À CONFIRMER,À CONFIRMER,À CONFIRMER,À CONFIRMER,À CONFIRMER,À CONFIRMER,À CONFIRMER,NON,À CONFIRMER,À CONFIRMER,À CONFIRMER,À CONFIRMER,À CONFIRMER,À CONFIRMER,À CONFIRMER,À CONFIRMER,À CONFIRMER,ESSENTIEL,1,palier de prix d'achat (1.77 € HT) → 1,PROPOSITION AUTOMATIQUE – À VALIDER EN BACK-OFFICE,À CONFIRMER,À CONFIRMER,NON,À CONFIRMER,FAIBLE_COUT_LOGISTIQUE,À CONFIRMER,À CONFIRMER,À CONFIRMER,À CONFIRMER,À CONFIRMER,À CONFIRMER,SUR_COMMANDE (document = tarif et bon de commande 2026),PRODUIT,LIBELLÉ IDENTIQUE – MÊME PRODUCTEUR,,,36,Tarif et bon de commande 2026 – onglet « TARIF NORMAND DIRECT 2026 »,ligne 77
PROD-0069,À CONFIRMER,Riz au lait de Normandie Eclats caramel d'Isigny 120 gr,Riz au lait de Normandie Eclats caramel d'Isigny 120 gr,À CONFIRMER,TRAITEUR_SUCRE,DESSERT,règle 16,LE PÈRE ROUPSARD DESSERT,FOUR-0010,LE PÈRE ROUPSARD DESSERT,LE PÈRE ROUPSARD DESSERT,FOUR-0001,NORMAND DIRECT TERROIR,Commande directe auprès de Normand Direct Terroir,À CONFIRMER,À CONFIRMER,À CONFIRMER,À CONFIRMER,À CONFIRMER,,INDICE_DANS_LE_NOM_DU_PRODUIT_SEULEMENT,NORMANDIE_INDIQUEE_DANS_LE_NOM_A_VERIFIER,À CONFIRMER,120.0,,120 gr,,NON,,36 MOIS,,1.77,1.77,unité,PU HT,0.055,1.8673,,,,,,,,,,À CONFIRMER,,/6,6,À CONFIRMER,À CONFIRMER,À CONFIRMER,À CONFIRMER,À CONFIRMER,À CONFIRMER,À CONFIRMER,À CONFIRMER,À CONFIRMER,NON,À CONFIRMER,À CONFIRMER,À CONFIRMER,À CONFIRMER,À CONFIRMER,À CONFIRMER,À CONFIRMER,À CONFIRMER,À CONFIRMER,ESSENTIEL,1,palier de prix d'achat (1.77 € HT) → 1,PROPOSITION AUTOMATIQUE – À VALIDER EN BACK-OFFICE,À CONFIRMER,À CONFIRMER,NON,À CONFIRMER,FAIBLE_COUT_LOGISTIQUE,À CONFIRMER,À CONFIRMER,À CONFIRMER,À CONFIRMER,À CONFIRMER,À CONFIRMER,SUR_COMMANDE (document = tarif et bon de commande 2026),PRODUIT,LIBELLÉ IDENTIQUE – MÊME PRODUCTEUR,,,36,Tarif et bon de commande 2026 – onglet « TARIF NORMAND DIRECT 2026 »,ligne 78
PROD-0070,À CONFIRMER,Crème aux œufs à la crème d'Isigny 180 gr,Crème aux œufs à la crème d'Isigny 180 gr,À CONFIRMER,TRAITEUR_SUCRE,DESSERT,règle 16,LE PÈRE ROUPSARD DESSERT,FOUR-0010,LE PÈRE ROUPSARD DESSERT,LE PÈRE ROUPSARD DESSERT,FOUR-0001,NORMAND DIRECT TERROIR,Commande directe auprès de Normand Direct Terroir,À CONFIRMER,À CONFIRMER,À CONFIRMER,À CONFIRMER,À CONFIRMER,,APPELLATION_PORTANT_SUR_UN_INGREDIENT_SEULEMENT,NORMANDIE_INDIQUEE_DANS_LE_NOM_A_VERIFIER,À CONFIRMER,180.0,,180 gr,,NON,,36 MOIS,,2.25,2.25,unité,PU HT,0.055,2.3737,,,,,,,,,,À CONFIRMER,,/6,6,À CONFIRMER,À CONFIRMER,À CONFIRMER,À CONFIRMER,À CONFIRMER,À CONFIRMER,À CONFIRMER,À CONFIRMER,À CONFIRMER,NON,À CONFIRMER,À CONFIRMER,À CONFIRMER,À CONFIRMER,À CONFIRMER,À CONFIRMER,À CONFIRMER,À CONFIRMER,À CONFIRMER,ESSENTIEL,1,palier de prix d'achat (2.25 € HT) → 1,PROPOSITION AUTOMATIQUE – À VALIDER EN BACK-OFFICE,À CONFIRMER,À CONFIRMER,NON,À CONFIRMER,FAIBLE_COUT_LOGISTIQUE,À CONFIRMER,À CONFIRMER,À CONFIRMER,À CONFIRMER,À CONFIRMER,À CONFIRMER,SUR_COMMANDE (document = tarif et bon de commande 2026),PRODUIT,LIBELLÉ IDENTIQUE – MÊME PRODUCTEUR,,,36,Tarif et bon de commande 2026 – onglet « TARIF NORMAND DIRECT 2026 »,ligne 79
PROD-0071,À CONFIRMER,Crème aux œufs aux éclats de caramel d'Isigny 180 gr,Crème aux œufs aux éclats de caramel d'Isigny 180 gr,À CONFIRMER,INGREDIENT_PROFESSIONNEL,PAI,règle 15,LE PÈRE ROUPSARD DESSERT,FOUR-0010,LE PÈRE ROUPSARD DESSERT,LE PÈRE ROUPSARD DESSERT,FOUR-0001,NORMAND DIRECT TERROIR,Commande directe auprès de Normand Direct Terroir,À CONFIRMER,À CONFIRMER,À CONFIRMER,À CONFIRMER,À CONFIRMER,,INDICE_DANS_LE_NOM_DU_PRODUIT_SEULEMENT,NORMANDIE_INDIQUEE_DANS_LE_NOM_A_VERIFIER,À CONFIRMER,180.0,,180 gr,,NON,,36 MOIS,,2.25,2.25,unité,PU HT,0.055,2.3737,,,,,,,,,,À CONFIRMER,,/6,6,À CONFIRMER,À CONFIRMER,À CONFIRMER,À CONFIRMER,À CONFIRMER,À CONFIRMER,À CONFIRMER,À CONFIRMER,À CONFIRMER,NON,À CONFIRMER,À CONFIRMER,À CONFIRMER,À CONFIRMER,À CONFIRMER,À CONFIRMER,À CONFIRMER,À CONFIRMER,À CONFIRMER,ESSENTIEL,1,palier de prix d'achat (2.25 € HT) → 1 ; produit vrac / usage professionnel → -1,PROPOSITION AUTOMATIQUE – À VALIDER EN BACK-OFFICE,À CONFIRMER,À CONFIRMER,NON,À CONFIRMER,FAIBLE_COUT_LOGISTIQUE,À CONFIRMER,À CONFIRMER,À CONFIRMER,À CONFIRMER,À CONFIRMER,À CONFIRMER,SUR_COMMANDE (document = tarif et bon de commande 2026),PRODUIT,LIBELLÉ IDENTIQUE – MÊME PRODUCTEUR,,,36,Tarif et bon de commande 2026 – onglet « TARIF NORMAND DIRECT 2026 »,ligne 80
PROD-0072,À CONFIRMER,Crème aux œufs à la crème d'Isigny 120 gr,Crème aux œufs à la crème d'Isigny 120 gr,À CONFIRMER,TRAITEUR_SUCRE,DESSERT,règle 16,LE PÈRE ROUPSARD DESSERT,FOUR-0010,LE PÈRE ROUPSARD DESSERT,LE PÈRE ROUPSARD DESSERT,FOUR-0001,NORMAND DIRECT TERROIR,Commande directe auprès de Normand Direct Terroir,À CONFIRMER,À CONFIRMER,À CONFIRMER,À CONFIRMER,À CONFIRMER,,APPELLATION_PORTANT_SUR_UN_INGREDIENT_SEULEMENT,NORMANDIE_INDIQUEE_DANS_LE_NOM_A_VERIFIER,À CONFIRMER,120.0,,120 gr,,NON,,36 MOIS,,1.77,1.77,unité,PU HT,0.055,1.8673,,,,,,,,,,À CONFIRMER,,/6,6,À CONFIRMER,À CONFIRMER,À CONFIRMER,À CONFIRMER,À CONFIRMER,À CONFIRMER,À CONFIRMER,À CONFIRMER,À CONFIRMER,NON,À CONFIRMER,À CONFIRMER,À CONFIRMER,À CONFIRMER,À CONFIRMER,À CONFIRMER,À CONFIRMER,À CONFIRMER,À CONFIRMER,ESSENTIEL,1,palier de prix d'achat (1.77 € HT) → 1,PROPOSITION AUTOMATIQUE – À VALIDER EN BACK-OFFICE,À CONFIRMER,À CONFIRMER,NON,À CONFIRMER,FAIBLE_COUT_LOGISTIQUE,À CONFIRMER,À CONFIRMER,À CONFIRMER,À CONFIRMER,À CONFIRMER,À CONFIRMER,SUR_COMMANDE (document = tarif et bon de commande 2026),PRODUIT,LIBELLÉ IDENTIQUE – MÊME PRODUCTEUR,,,36,Tarif et bon de commande 2026 – onglet « TARIF NORMAND DIRECT 2026 »,ligne 81
PROD-0073,À CONFIRMER,Crème aux œufs aux éclats de caramel d'Isigny 120 gr,Crème aux œufs aux éclats de caramel d'Isigny 120 gr,À CONFIRMER,INGREDIENT_PROFESSIONNEL,PAI,règle 15,LE PÈRE ROUPSARD DESSERT,FOUR-0010,LE PÈRE ROUPSARD DESSERT,LE PÈRE ROUPSARD DESSERT,FOUR-0001,NORMAND DIRECT TERROIR,Commande directe auprès de Normand Direct Terroir,À CONFIRMER,À CONFIRMER,À CONFIRMER,À CONFIRMER,À CONFIRMER,,INDICE_DANS_LE_NOM_DU_PRODUIT_SEULEMENT,NORMANDIE_INDIQUEE_DANS_LE_NOM_A_VERIFIER,À CONFIRMER,120.0,,120 gr,,NON,,36 MOIS,,1.77,1.77,unité,PU HT,0.055,1.8673,,,,,,,,,,À CONFIRMER,,/6,6,À CONFIRMER,À CONFIRMER,À CONFIRMER,À CONFIRMER,À CONFIRMER,À CONFIRMER,À CONFIRMER,À CONFIRMER,À CONFIRMER,NON,À CONFIRMER,À CONFIRMER,À CONFIRMER,À CONFIRMER,À CONFIRMER,À CONFIRMER,À CONFIRMER,À CONFIRMER,À CONFIRMER,ESSENTIEL,1,palier de prix d'achat (1.77 € HT) → 1 ; produit vrac / usage professionnel → -1,PROPOSITION AUTOMATIQUE – À VALIDER EN BACK-OFFICE,À CONFIRMER,À CONFIRMER,NON,À CONFIRMER,FAIBLE_COUT_LOGISTIQUE,À CONFIRMER,À CONFIRMER,À CONFIRMER,À CONFIRMER,À CONFIRMER,À CONFIRMER,SUR_COMMANDE (document = tarif et bon de commande 2026),PRODUIT,LIBELLÉ IDENTIQUE – MÊME PRODUCTEUR,,,36,Tarif et bon de commande 2026 – onglet « TARIF NORMAND DIRECT 2026 »,ligne 82
PROD-0074,À CONFIRMER,Boudin campagnard aux pomme 90 grs,Boudin campagnard aux pomme 90 grs,À CONFIRMER,TRAITEUR_CHARCUTERIE,CHARCUTERIE_ET_TERRINE,règle 25,PÈRE ROUPSARD,FOUR-0011,PÈRE ROUPSARD,PÈRE ROUPSARD TRAITEUR 90 Gr,FOUR-0001,NORMAND DIRECT TERROIR,Commande directe auprès de Normand Direct Terroir,À CONFIRMER,À CONFIRMER,À CONFIRMER,À CONFIRMER,À CONFIRMER,,AUCUNE_INFORMATION_DANS_LES_DOCUMENTS,À CONFIRMER,À CONFIRMER,90.0,,90 grs,,NON,,36 MOIS,,2.18,2.18,unité,PU HT,0.055,2.2999,,,,,,,,,,TRAITEUR 90 Gr,,6/,6,À CONFIRMER,À CONFIRMER,À CONFIRMER,À CONFIRMER,À CONFIRMER,À CONFIRMER,À CONFIRMER,À CONFIRMER,À CONFIRMER,NON,À CONFIRMER,À CONFIRMER,À CONFIRMER,À CONFIRMER,À CONFIRMER,À CONFIRMER,À CONFIRMER,À CONFIRMER,À CONFIRMER,ESSENTIEL,1,palier de prix d'achat (2.18 € HT) → 1,PROPOSITION AUTOMATIQUE – À VALIDER EN BACK-OFFICE,À CONFIRMER,À CONFIRMER,NON,À CONFIRMER,FAIBLE_COUT_LOGISTIQUE,À CONFIRMER,À CONFIRMER,À CONFIRMER,À CONFIRMER,À CONFIRMER,À CONFIRMER,SUR_COMMANDE (document = tarif et bon de commande 2026),PRODUIT,,,,36,Tarif et bon de commande 2026 – onglet « TARIF NORMAND DIRECT 2026 »,ligne 83
PROD-0075,À CONFIRMER,Terrine de faisan au Calvados 90 grs,Terrine de faisan au Calvados 90 grs,À CONFIRMER,TRAITEUR_CHARCUTERIE,CHARCUTERIE_ET_TERRINE,règle 25,PÈRE ROUPSARD,FOUR-0011,PÈRE ROUPSARD,PÈRE ROUPSARD TRAITEUR 90 Gr,FOUR-0001,NORMAND DIRECT TERROIR,Commande directe auprès de Normand Direct Terroir,À CONFIRMER,À CONFIRMER,À CONFIRMER,À CONFIRMER,À CONFIRMER,,AUCUNE_INFORMATION_DANS_LES_DOCUMENTS,À CONFIRMER,À CONFIRMER,90.0,,90 grs,À CONFIRMER,INGREDIENT_ALCOOLISE,Alcool cité comme ingrédient dans le libellé,36 MOIS,,2.6,2.6,unité,PU HT,0.055,2.743,,,,,,,,,,TRAITEUR 90 Gr,,6/,6,À CONFIRMER,À CONFIRMER,À CONFIRMER,À CONFIRMER,À CONFIRMER,À CONFIRMER,À CONFIRMER,À CONFIRMER,À CONFIRMER,NON,À CONFIRMER,À CONFIRMER,À CONFIRMER,À CONFIRMER,À CONFIRMER,À CONFIRMER,À CONFIRMER,À CONFIRMER,À CONFIRMER,ESSENTIEL,2,palier de prix d'achat (2.60 € HT) → 2,PROPOSITION AUTOMATIQUE – À VALIDER EN BACK-OFFICE,À CONFIRMER,À CONFIRMER,NON,À CONFIRMER,FAIBLE_COUT_LOGISTIQUE,À CONFIRMER,À CONFIRMER,À CONFIRMER,À CONFIRMER,À CONFIRMER,À CONFIRMER,SUR_COMMANDE (document = tarif et bon de commande 2026),PRODUIT,LIBELLÉ IDENTIQUE – MÊME PRODUCTEUR,,,37,Tarif et bon de commande 2026 – onglet « TARIF NORMAND DIRECT 2026 »,ligne 84
PROD-0076,À CONFIRMER,Terrine de lièvre au Calvados 90 grs,Terrine de lièvre au Calvados 90 grs,À CONFIRMER,TRAITEUR_CHARCUTERIE,CHARCUTERIE_ET_TERRINE,règle 25,PÈRE ROUPSARD,FOUR-0011,PÈRE ROUPSARD,PÈRE ROUPSARD TRAITEUR 90 Gr,FOUR-0001,NORMAND DIRECT TERROIR,Commande directe auprès de Normand Direct Terroir,À CONFIRMER,À CONFIRMER,À CONFIRMER,À CONFIRMER,À CONFIRMER,,AUCUNE_INFORMATION_DANS_LES_DOCUMENTS,À CONFIRMER,À CONFIRMER,90.0,,90 grs,À CONFIRMER,INGREDIENT_ALCOOLISE,Alcool cité comme ingrédient dans le libellé,36 MOIS,,2.6,2.6,unité,PU HT,0.055,2.743,,,,,,,,,,TRAITEUR 90 Gr,,6/,6,À CONFIRMER,À CONFIRMER,À CONFIRMER,À CONFIRMER,À CONFIRMER,À CONFIRMER,À CONFIRMER,À CONFIRMER,À CONFIRMER,NON,À CONFIRMER,À CONFIRMER,À CONFIRMER,À CONFIRMER,À CONFIRMER,À CONFIRMER,À CONFIRMER,À CONFIRMER,À CONFIRMER,ESSENTIEL,2,palier de prix d'achat (2.60 € HT) → 2,PROPOSITION AUTOMATIQUE – À VALIDER EN BACK-OFFICE,À CONFIRMER,À CONFIRMER,NON,À CONFIRMER,FAIBLE_COUT_LOGISTIQUE,À CONFIRMER,À CONFIRMER,À CONFIRMER,À CONFIRMER,À CONFIRMER,À CONFIRMER,SUR_COMMANDE (document = tarif et bon de commande 2026),PRODUIT,LIBELLÉ IDENTIQUE – MÊME PRODUCTEUR,,,37,Tarif et bon de commande 2026 – onglet « TARIF NORMAND DIRECT 2026 »,ligne 85
PROD-0077,À CONFIRMER,Terrine pomme porc andouille 90 grs,Terrine pomme porc andouille 90 grs,À CONFIRMER,TRAITEUR_CHARCUTERIE,CHARCUTERIE_ET_TERRINE,règle 25,PÈRE ROUPSARD,FOUR-0011,PÈRE ROUPSARD,PÈRE ROUPSARD TRAITEUR 90 Gr,FOUR-0001,NORMAND DIRECT TERROIR,Commande directe auprès de Normand Direct Terroir,À CONFIRMER,À CONFIRMER,À CONFIRMER,À CONFIRMER,À CONFIRMER,,AUCUNE_INFORMATION_DANS_LES_DOCUMENTS,À CONFIRMER,À CONFIRMER,90.0,,90 grs,,NON,,36 MOIS,,2.6,2.6,unité,PU HT,0.055,2.743,,,,,,,,,,TRAITEUR 90 Gr,,6/,6,À CONFIRMER,À CONFIRMER,À CONFIRMER,À CONFIRMER,À CONFIRMER,À CONFIRMER,À CONFIRMER,À CONFIRMER,À CONFIRMER,NON,À CONFIRMER,À CONFIRMER,À CONFIRMER,À CONFIRMER,À CONFIRMER,À CONFIRMER,À CONFIRMER,À CONFIRMER,À CONFIRMER,ESSENTIEL,2,palier de prix d'achat (2.60 € HT) → 2,PROPOSITION AUTOMATIQUE – À VALIDER EN BACK-OFFICE,À CONFIRMER,À CONFIRMER,NON,À CONFIRMER,FAIBLE_COUT_LOGISTIQUE,À CONFIRMER,À CONFIRMER,À CONFIRMER,À CONFIRMER,À CONFIRMER,À CONFIRMER,SUR_COMMANDE (document = tarif et bon de commande 2026),PRODUIT,LIBELLÉ IDENTIQUE – MÊME PRODUCTEUR,,,36,Tarif et bon de commande 2026 – onglet « TARIF NORMAND DIRECT 2026 »,ligne 86
PROD-0078,À CONFIRMER,Terrine de lapin au pommeau 90 grs,Terrine de lapin au pommeau 90 grs,À CONFIRMER,TRAITEUR_CHARCUTERIE,CHARCUTERIE_ET_TERRINE,règle 25,PÈRE ROUPSARD,FOUR-0011,PÈRE ROUPSARD,PÈRE ROUPSARD TRAITEUR 90 Gr,FOUR-0001,NORMAND DIRECT TERROIR,Commande directe auprès de Normand Direct Terroir,À CONFIRMER,À CONFIRMER,À CONFIRMER,À CONFIRMER,À CONFIRMER,,AUCUNE_INFORMATION_DANS_LES_DOCUMENTS,À CONFIRMER,À CONFIRMER,90.0,,90 grs,À CONFIRMER,INGREDIENT_ALCOOLISE,Alcool cité comme ingrédient dans le libellé,36 MOIS,,2.6,2.6,unité,PU HT,0.055,2.743,,,,,,,,,,TRAITEUR 90 Gr,,6/,6,À CONFIRMER,À CONFIRMER,À CONFIRMER,À CONFIRMER,À CONFIRMER,À CONFIRMER,À CONFIRMER,À CONFIRMER,À CONFIRMER,NON,À CONFIRMER,À CONFIRMER,À CONFIRMER,À CONFIRMER,À CONFIRMER,À CONFIRMER,À CONFIRMER,À CONFIRMER,À CONFIRMER,ESSENTIEL,2,palier de prix d'achat (2.60 € HT) → 2,PROPOSITION AUTOMATIQUE – À VALIDER EN BACK-OFFICE,À CONFIRMER,À CONFIRMER,NON,À CONFIRMER,FAIBLE_COUT_LOGISTIQUE,À CONFIRMER,À CONFIRMER,À CONFIRMER,À CONFIRMER,À CONFIRMER,À CONFIRMER,SUR_COMMANDE (document = tarif et bon de commande 2026),PRODUIT,LIBELLÉ IDENTIQUE – MÊME PRODUCTEUR,,,37,Tarif et bon de commande 2026 – onglet « TARIF NORMAND DIRECT 2026 »,ligne 87
PROD-0079,À CONFIRMER,Terrine de canard aux pommes 90 grs,Terrine de canard aux pommes 90 grs,À CONFIRMER,TRAITEUR_CHARCUTERIE,CHARCUTERIE_ET_TERRINE,règle 25,PÈRE ROUPSARD,FOUR-0011,PÈRE ROUPSARD,PÈRE ROUPSARD TRAITEUR 90 Gr,FOUR-0001,NORMAND DIRECT TERROIR,Commande directe auprès de Normand Direct Terroir,À CONFIRMER,À CONFIRMER,À CONFIRMER,À CONFIRMER,À CONFIRMER,,AUCUNE_INFORMATION_DANS_LES_DOCUMENTS,À CONFIRMER,À CONFIRMER,90.0,,90 grs,,NON,,36 MOIS,,2.6,2.6,unité,PU HT,0.055,2.743,,,,,,,,,,TRAITEUR 90 Gr,,6/,6,À CONFIRMER,À CONFIRMER,À CONFIRMER,À CONFIRMER,À CONFIRMER,À CONFIRMER,À CONFIRMER,À CONFIRMER,À CONFIRMER,NON,À CONFIRMER,À CONFIRMER,À CONFIRMER,À CONFIRMER,À CONFIRMER,À CONFIRMER,À CONFIRMER,À CONFIRMER,À CONFIRMER,ESSENTIEL,2,palier de prix d'achat (2.60 € HT) → 2,PROPOSITION AUTOMATIQUE – À VALIDER EN BACK-OFFICE,À CONFIRMER,À CONFIRMER,NON,À CONFIRMER,FAIBLE_COUT_LOGISTIQUE,À CONFIRMER,À CONFIRMER,À CONFIRMER,À CONFIRMER,À CONFIRMER,À CONFIRMER,SUR_COMMANDE (document = tarif et bon de commande 2026),PRODUIT,LIBELLÉ IDENTIQUE – MÊME PRODUCTEUR,,,36,Tarif et bon de commande 2026 – onglet « TARIF NORMAND DIRECT 2026 »,ligne 88
PROD-0080,À CONFIRMER,Terrine de campagne 90 grs,Terrine de campagne 90 grs,À CONFIRMER,TRAITEUR_CHARCUTERIE,CHARCUTERIE_ET_TERRINE,règle 25,PÈRE ROUPSARD,FOUR-0011,PÈRE ROUPSARD,PÈRE ROUPSARD TRAITEUR 90 Gr,FOUR-0001,NORMAND DIRECT TERROIR,Commande directe auprès de Normand Direct Terroir,À CONFIRMER,À CONFIRMER,À CONFIRMER,À CONFIRMER,À CONFIRMER,,AUCUNE_INFORMATION_DANS_LES_DOCUMENTS,À CONFIRMER,À CONFIRMER,90.0,,90 grs,,NON,,36 MOIS,,2.6,2.6,unité,PU HT,0.055,2.743,,,,,,,,,,TRAITEUR 90 Gr,,6/,6,À CONFIRMER,À CONFIRMER,À CONFIRMER,À CONFIRMER,À CONFIRMER,À CONFIRMER,À CONFIRMER,À CONFIRMER,À CONFIRMER,NON,À CONFIRMER,À CONFIRMER,À CONFIRMER,À CONFIRMER,À CONFIRMER,À CONFIRMER,À CONFIRMER,À CONFIRMER,À CONFIRMER,ESSENTIEL,2,palier de prix d'achat (2.60 € HT) → 2,PROPOSITION AUTOMATIQUE – À VALIDER EN BACK-OFFICE,À CONFIRMER,À CONFIRMER,NON,À CONFIRMER,FAIBLE_COUT_LOGISTIQUE,À CONFIRMER,À CONFIRMER,À CONFIRMER,À CONFIRMER,À CONFIRMER,À CONFIRMER,SUR_COMMANDE (document = tarif et bon de commande 2026),PRODUIT,LIBELLÉ IDENTIQUE – MÊME PRODUCTEUR,,,36,Tarif et bon de commande 2026 – onglet « TARIF NORMAND DIRECT 2026 »,ligne 89
PROD-0081,À CONFIRMER,Terrine de campagne au cidre 90 grs,Terrine de campagne au cidre 90 grs,À CONFIRMER,TRAITEUR_CHARCUTERIE,CHARCUTERIE_ET_TERRINE,règle 25,PÈRE ROUPSARD,FOUR-0011,PÈRE ROUPSARD,PÈRE ROUPSARD TRAITEUR 90 Gr,FOUR-0001,NORMAND DIRECT TERROIR,Commande directe auprès de Normand Direct Terroir,À CONFIRMER,À CONFIRMER,À CONFIRMER,À CONFIRMER,À CONFIRMER,,AUCUNE_INFORMATION_DANS_LES_DOCUMENTS,À CONFIRMER,À CONFIRMER,90.0,,90 grs,À CONFIRMER,INGREDIENT_ALCOOLISE,Alcool cité comme ingrédient dans le libellé,36 MOIS,,2.6,2.6,unité,PU HT,0.055,2.743,,,,,,,,,,TRAITEUR 90 Gr,,6/,6,À CONFIRMER,À CONFIRMER,À CONFIRMER,À CONFIRMER,À CONFIRMER,À CONFIRMER,À CONFIRMER,À CONFIRMER,À CONFIRMER,NON,À CONFIRMER,À CONFIRMER,À CONFIRMER,À CONFIRMER,À CONFIRMER,À CONFIRMER,À CONFIRMER,À CONFIRMER,À CONFIRMER,ESSENTIEL,2,palier de prix d'achat (2.60 € HT) → 2,PROPOSITION AUTOMATIQUE – À VALIDER EN BACK-OFFICE,À CONFIRMER,À CONFIRMER,NON,À CONFIRMER,FAIBLE_COUT_LOGISTIQUE,À CONFIRMER,À CONFIRMER,À CONFIRMER,À CONFIRMER,À CONFIRMER,À CONFIRMER,SUR_COMMANDE (document = tarif et bon de commande 2026),PRODUIT,,,,37,Tarif et bon de commande 2026 – onglet « TARIF NORMAND DIRECT 2026 »,ligne 90
PROD-0082,À CONFIRMER,Terrine porc Livarot 90 grs,Terrine porc Livarot 90 grs,À CONFIRMER,TRAITEUR_CHARCUTERIE,CHARCUTERIE_ET_TERRINE,règle 25,PÈRE ROUPSARD,FOUR-0011,PÈRE ROUPSARD,PÈRE ROUPSARD TRAITEUR 90 Gr,FOUR-0001,NORMAND DIRECT TERROIR,Commande directe auprès de Normand Direct Terroir,À CONFIRMER,À CONFIRMER,À CONFIRMER,À CONFIRMER,À CONFIRMER,,AUCUNE_INFORMATION_DANS_LES_DOCUMENTS,À CONFIRMER,À CONFIRMER,90.0,,90 grs,,NON,,36 MOIS,,2.6,2.6,unité,PU HT,0.055,2.743,,,,,,,,,,TRAITEUR 90 Gr,,6/,6,À CONFIRMER,À CONFIRMER,À CONFIRMER,À CONFIRMER,À CONFIRMER,À CONFIRMER,À CONFIRMER,À CONFIRMER,À CONFIRMER,NON,À CONFIRMER,À CONFIRMER,À CONFIRMER,À CONFIRMER,À CONFIRMER,À CONFIRMER,À CONFIRMER,À CONFIRMER,À CONFIRMER,ESSENTIEL,2,palier de prix d'achat (2.60 € HT) → 2,PROPOSITION AUTOMATIQUE – À VALIDER EN BACK-OFFICE,À CONFIRMER,À CONFIRMER,NON,À CONFIRMER,FAIBLE_COUT_LOGISTIQUE,À CONFIRMER,À CONFIRMER,À CONFIRMER,À CONFIRMER,À CONFIRMER,À CONFIRMER,SUR_COMMANDE (document = tarif et bon de commande 2026),PRODUIT,LIBELLÉ IDENTIQUE – MÊME PRODUCTEUR,,,36,Tarif et bon de commande 2026 – onglet « TARIF NORMAND DIRECT 2026 »,ligne 91
PROD-0083,À CONFIRMER,Terrine porc camembert 90 grs,Terrine porc camembert 90 grs,À CONFIRMER,TRAITEUR_CHARCUTERIE,CHARCUTERIE_ET_TERRINE,règle 25,PÈRE ROUPSARD,FOUR-0011,PÈRE ROUPSARD,PÈRE ROUPSARD TRAITEUR 90 Gr,FOUR-0001,NORMAND DIRECT TERROIR,Commande directe auprès de Normand Direct Terroir,À CONFIRMER,À CONFIRMER,À CONFIRMER,À CONFIRMER,À CONFIRMER,,AUCUNE_INFORMATION_DANS_LES_DOCUMENTS,À CONFIRMER,À CONFIRMER,90.0,,90 grs,,NON,,36 MOIS,,2.6,2.6,unité,PU HT,0.055,2.743,,,,,,,,,,TRAITEUR 90 Gr,,6/,6,À CONFIRMER,À CONFIRMER,À CONFIRMER,À CONFIRMER,À CONFIRMER,À CONFIRMER,À CONFIRMER,À CONFIRMER,À CONFIRMER,NON,À CONFIRMER,À CONFIRMER,À CONFIRMER,À CONFIRMER,À CONFIRMER,À CONFIRMER,À CONFIRMER,À CONFIRMER,À CONFIRMER,ESSENTIEL,2,palier de prix d'achat (2.60 € HT) → 2,PROPOSITION AUTOMATIQUE – À VALIDER EN BACK-OFFICE,À CONFIRMER,À CONFIRMER,NON,À CONFIRMER,FAIBLE_COUT_LOGISTIQUE,À CONFIRMER,À CONFIRMER,À CONFIRMER,À CONFIRMER,À CONFIRMER,À CONFIRMER,SUR_COMMANDE (document = tarif et bon de commande 2026),PRODUIT,LIBELLÉ IDENTIQUE – MÊME PRODUCTEUR,,,36,Tarif et bon de commande 2026 – onglet « TARIF NORMAND DIRECT 2026 »,ligne 92
PROD-0084,À CONFIRMER,Rillettes de porc à l'anciènne 90 grs,Rillettes de porc à l'anciènne 90 grs,À CONFIRMER,TRAITEUR_CHARCUTERIE,CHARCUTERIE_ET_TERRINE,règle 25,PÈRE ROUPSARD,FOUR-0011,PÈRE ROUPSARD,PÈRE ROUPSARD TRAITEUR 90 Gr,FOUR-0001,NORMAND DIRECT TERROIR,Commande directe auprès de Normand Direct Terroir,À CONFIRMER,À CONFIRMER,À CONFIRMER,À CONFIRMER,À CONFIRMER,,AUCUNE_INFORMATION_DANS_LES_DOCUMENTS,À CONFIRMER,À CONFIRMER,90.0,,90 grs,,NON,,36 MOIS,,2.6,2.6,unité,PU HT,0.055,2.743,,,,,,,,,,TRAITEUR 90 Gr,,6/,6,À CONFIRMER,À CONFIRMER,À CONFIRMER,À CONFIRMER,À CONFIRMER,À CONFIRMER,À CONFIRMER,À CONFIRMER,À CONFIRMER,NON,À CONFIRMER,À CONFIRMER,À CONFIRMER,À CONFIRMER,À CONFIRMER,À CONFIRMER,À CONFIRMER,À CONFIRMER,À CONFIRMER,ESSENTIEL,2,palier de prix d'achat (2.60 € HT) → 2,PROPOSITION AUTOMATIQUE – À VALIDER EN BACK-OFFICE,À CONFIRMER,À CONFIRMER,NON,À CONFIRMER,FAIBLE_COUT_LOGISTIQUE,À CONFIRMER,À CONFIRMER,À CONFIRMER,À CONFIRMER,À CONFIRMER,À CONFIRMER,SUR_COMMANDE (document = tarif et bon de commande 2026),PRODUIT,LIBELLÉ IDENTIQUE – MÊME PRODUCTEUR,,,36,Tarif et bon de commande 2026 – onglet « TARIF NORMAND DIRECT 2026 »,ligne 93
PROD-0085,À CONFIRMER,Rillettes de porc fumé 90 grs,Rillettes de porc fumé 90 grs,À CONFIRMER,TRAITEUR_CHARCUTERIE,CHARCUTERIE_ET_TERRINE,règle 25,PÈRE ROUPSARD,FOUR-0011,PÈRE ROUPSARD,PÈRE ROUPSARD TRAITEUR 90 Gr,FOUR-0001,NORMAND DIRECT TERROIR,Commande directe auprès de Normand Direct Terroir,À CONFIRMER,À CONFIRMER,À CONFIRMER,À CONFIRMER,À CONFIRMER,,AUCUNE_INFORMATION_DANS_LES_DOCUMENTS,À CONFIRMER,À CONFIRMER,90.0,,90 grs,,NON,,36 MOIS,,2.6,2.6,unité,PU HT,0.055,2.743,,,,,,,,,,TRAITEUR 90 Gr,,6/,6,À CONFIRMER,À CONFIRMER,À CONFIRMER,À CONFIRMER,À CONFIRMER,À CONFIRMER,À CONFIRMER,À CONFIRMER,À CONFIRMER,NON,À CONFIRMER,À CONFIRMER,À CONFIRMER,À CONFIRMER,À CONFIRMER,À CONFIRMER,À CONFIRMER,À CONFIRMER,À CONFIRMER,ESSENTIEL,2,palier de prix d'achat (2.60 € HT) → 2,PROPOSITION AUTOMATIQUE – À VALIDER EN BACK-OFFICE,À CONFIRMER,À CONFIRMER,NON,À CONFIRMER,FAIBLE_COUT_LOGISTIQUE,À CONFIRMER,À CONFIRMER,À CONFIRMER,À CONFIRMER,À CONFIRMER,À CONFIRMER,SUR_COMMANDE (document = tarif et bon de commande 2026),PRODUIT,LIBELLÉ IDENTIQUE – MÊME PRODUCTEUR,,,36,Tarif et bon de commande 2026 – onglet « TARIF NORMAND DIRECT 2026 »,ligne 94
PROD-0086,À CONFIRMER,Terrine campagne pomme foie gras 90 grs,Terrine campagne pomme foie gras 90 grs,À CONFIRMER,TRAITEUR_CHARCUTERIE,FOIE_GRAS,règle 24,PÈRE ROUPSARD,FOUR-0011,PÈRE ROUPSARD,PÈRE ROUPSARD TRAITEUR 90 Gr,FOUR-0001,NORMAND DIRECT TERROIR,Commande directe auprès de Normand Direct Terroir,À CONFIRMER,À CONFIRMER,À CONFIRMER,À CONFIRMER,À CONFIRMER,,AUCUNE_INFORMATION_DANS_LES_DOCUMENTS,À CONFIRMER,À CONFIRMER,90.0,,90 grs,,NON,,36 MOIS,,2.6,2.6,unité,PU HT,0.055,2.743,,,,,,,,,,TRAITEUR 90 Gr,,6/,6,À CONFIRMER,À CONFIRMER,À CONFIRMER,À CONFIRMER,À CONFIRMER,À CONFIRMER,À CONFIRMER,À CONFIRMER,À CONFIRMER,NON,À CONFIRMER,À CONFIRMER,À CONFIRMER,À CONFIRMER,À CONFIRMER,À CONFIRMER,À CONFIRMER,À CONFIRMER,À CONFIRMER,ESSENTIEL,2,palier de prix d'achat (2.60 € HT) → 2,PROPOSITION AUTOMATIQUE – À VALIDER EN BACK-OFFICE,À CONFIRMER,OUI,NON,À CONFIRMER,PRODUIT_DE_NOEL ; FAIBLE_COUT_LOGISTIQUE,À CONFIRMER,À CONFIRMER,À CONFIRMER,À CONFIRMER,À CONFIRMER,À CONFIRMER,SUR_COMMANDE (document = tarif et bon de commande 2026),PRODUIT,LIBELLÉ IDENTIQUE – MÊME PRODUCTEUR,,,35,Tarif et bon de commande 2026 – onglet « TARIF NORMAND DIRECT 2026 »,ligne 95
PROD-0087,À CONFIRMER,Pâté de foie aux pommes calva 90 grs,Pâté de foie aux pommes calva 90 grs,À CONFIRMER,TRAITEUR_CHARCUTERIE,CHARCUTERIE_ET_TERRINE,règle 25,PÈRE ROUPSARD,FOUR-0011,PÈRE ROUPSARD,PÈRE ROUPSARD TRAITEUR 90 Gr,FOUR-0001,NORMAND DIRECT TERROIR,Commande directe auprès de Normand Direct Terroir,À CONFIRMER,À CONFIRMER,À CONFIRMER,À CONFIRMER,À CONFIRMER,,AUCUNE_INFORMATION_DANS_LES_DOCUMENTS,À CONFIRMER,À CONFIRMER,90.0,,90 grs,,NON,,36 MOIS,,2.6,2.6,unité,PU HT,0.055,2.743,,,,,,,,,,TRAITEUR 90 Gr,,6/,6,À CONFIRMER,À CONFIRMER,À CONFIRMER,À CONFIRMER,À CONFIRMER,À CONFIRMER,À CONFIRMER,À CONFIRMER,À CONFIRMER,NON,À CONFIRMER,À CONFIRMER,À CONFIRMER,À CONFIRMER,À CONFIRMER,À CONFIRMER,À CONFIRMER,À CONFIRMER,À CONFIRMER,ESSENTIEL,2,palier de prix d'achat (2.60 € HT) → 2,PROPOSITION AUTOMATIQUE – À VALIDER EN BACK-OFFICE,À CONFIRMER,À CONFIRMER,NON,À CONFIRMER,FAIBLE_COUT_LOGISTIQUE,À CONFIRMER,À CONFIRMER,À CONFIRMER,À CONFIRMER,À CONFIRMER,À CONFIRMER,SUR_COMMANDE (document = tarif et bon de commande 2026),PRODUIT,LIBELLÉ IDENTIQUE – MÊME PRODUCTEUR,,,36,Tarif et bon de commande 2026 – onglet « TARIF NORMAND DIRECT 2026 »,ligne 96
PROD-0088,À CONFIRMER,Rillettes du Cotentin 90 grs,Rillettes du Cotentin 90 grs,À CONFIRMER,TRAITEUR_CHARCUTERIE,CHARCUTERIE_ET_TERRINE,règle 25,PÈRE ROUPSARD,FOUR-0011,PÈRE ROUPSARD,PÈRE ROUPSARD TRAITEUR 90 Gr,FOUR-0001,NORMAND DIRECT TERROIR,Commande directe auprès de Normand Direct Terroir,À CONFIRMER,À CONFIRMER,À CONFIRMER,À CONFIRMER,À CONFIRMER,,INDICE_DANS_LE_NOM_DU_PRODUIT_SEULEMENT,NORMANDIE_INDIQUEE_DANS_LE_NOM_A_VERIFIER,À CONFIRMER,90.0,,90 grs,,NON,,36 MOIS,,2.6,2.6,unité,PU HT,0.055,2.743,,,,,,,,,,TRAITEUR 90 Gr,,6/,6,À CONFIRMER,À CONFIRMER,À CONFIRMER,À CONFIRMER,À CONFIRMER,À CONFIRMER,À CONFIRMER,À CONFIRMER,À CONFIRMER,NON,À CONFIRMER,À CONFIRMER,À CONFIRMER,À CONFIRMER,À CONFIRMER,À CONFIRMER,À CONFIRMER,À CONFIRMER,À CONFIRMER,ESSENTIEL,2,palier de prix d'achat (2.60 € HT) → 2,PROPOSITION AUTOMATIQUE – À VALIDER EN BACK-OFFICE,À CONFIRMER,À CONFIRMER,NON,À CONFIRMER,FAIBLE_COUT_LOGISTIQUE,À CONFIRMER,À CONFIRMER,À CONFIRMER,À CONFIRMER,À CONFIRMER,À CONFIRMER,SUR_COMMANDE (document = tarif et bon de commande 2026),PRODUIT,LIBELLÉ IDENTIQUE – MÊME PRODUCTEUR,,,35,Tarif et bon de commande 2026 – onglet « TARIF NORMAND DIRECT 2026 »,ligne 97
PROD-0089,À CONFIRMER,Rillettes de poulet au poivre vert 90 grs,Rillettes de poulet au poivre vert 90 grs,À CONFIRMER,TRAITEUR_CHARCUTERIE,CHARCUTERIE_ET_TERRINE,règle 25,PÈRE ROUPSARD,FOUR-0011,PÈRE ROUPSARD,PÈRE ROUPSARD TRAITEUR 90 Gr,FOUR-0001,NORMAND DIRECT TERROIR,Commande directe auprès de Normand Direct Terroir,À CONFIRMER,À CONFIRMER,À CONFIRMER,À CONFIRMER,À CONFIRMER,,AUCUNE_INFORMATION_DANS_LES_DOCUMENTS,À CONFIRMER,À CONFIRMER,90.0,,90 grs,,NON,,36 MOIS,,2.6,2.6,unité,PU HT,0.055,2.743,,,,,,,,,,TRAITEUR 90 Gr,,6/,6,À CONFIRMER,À CONFIRMER,À CONFIRMER,À CONFIRMER,À CONFIRMER,À CONFIRMER,À CONFIRMER,À CONFIRMER,À CONFIRMER,NON,À CONFIRMER,À CONFIRMER,À CONFIRMER,À CONFIRMER,À CONFIRMER,À CONFIRMER,À CONFIRMER,À CONFIRMER,À CONFIRMER,ESSENTIEL,2,palier de prix d'achat (2.60 € HT) → 2,PROPOSITION AUTOMATIQUE – À VALIDER EN BACK-OFFICE,À CONFIRMER,À CONFIRMER,NON,À CONFIRMER,FAIBLE_COUT_LOGISTIQUE,À CONFIRMER,À CONFIRMER,À CONFIRMER,À CONFIRMER,À CONFIRMER,À CONFIRMER,SUR_COMMANDE (document = tarif et bon de commande 2026),PRODUIT,,,,36,Tarif et bon de commande 2026 – onglet « TARIF NORMAND DIRECT 2026 »,ligne 98
PROD-0090,À CONFIRMER,Rillettes de poulet citron confit 90 grs,Rillettes de poulet citron confit 90 grs,À CONFIRMER,TRAITEUR_CHARCUTERIE,CHARCUTERIE_ET_TERRINE,règle 25,PÈRE ROUPSARD,FOUR-0011,PÈRE ROUPSARD,PÈRE ROUPSARD TRAITEUR 90 Gr,FOUR-0001,NORMAND DIRECT TERROIR,Commande directe auprès de Normand Direct Terroir,À CONFIRMER,À CONFIRMER,À CONFIRMER,À CONFIRMER,À CONFIRMER,,AUCUNE_INFORMATION_DANS_LES_DOCUMENTS,À CONFIRMER,À CONFIRMER,90.0,,90 grs,,NON,,36 MOIS,,2.6,2.6,unité,PU HT,0.055,2.743,,,,,,,,,,TRAITEUR 90 Gr,,6/,6,À CONFIRMER,À CONFIRMER,À CONFIRMER,À CONFIRMER,À CONFIRMER,À CONFIRMER,À CONFIRMER,À CONFIRMER,À CONFIRMER,NON,À CONFIRMER,À CONFIRMER,À CONFIRMER,À CONFIRMER,À CONFIRMER,À CONFIRMER,À CONFIRMER,À CONFIRMER,À CONFIRMER,ESSENTIEL,2,palier de prix d'achat (2.60 € HT) → 2,PROPOSITION AUTOMATIQUE – À VALIDER EN BACK-OFFICE,À CONFIRMER,À CONFIRMER,NON,À CONFIRMER,FAIBLE_COUT_LOGISTIQUE,À CONFIRMER,À CONFIRMER,À CONFIRMER,À CONFIRMER,À CONFIRMER,À CONFIRMER,SUR_COMMANDE (document = tarif et bon de commande 2026),PRODUIT,LIBELLÉ IDENTIQUE – MÊME PRODUCTEUR,,,36,Tarif et bon de commande 2026 – onglet « TARIF NORMAND DIRECT 2026 »,ligne 99
PROD-0091,À CONFIRMER,Rilletes de poulet au piment d'Espelette 90 grs,Rilletes de poulet au piment d'Espelette 90 grs,À CONFIRMER,À CONFIRMER,À CONFIRMER,aucune règle applicable,PÈRE ROUPSARD,FOUR-0011,PÈRE ROUPSARD,PÈRE ROUPSARD TRAITEUR 90 Gr,FOUR-0001,NORMAND DIRECT TERROIR,Commande directe auprès de Normand Direct Terroir,À CONFIRMER,À CONFIRMER,À CONFIRMER,À CONFIRMER,À CONFIRMER,,AUCUNE_INFORMATION_DANS_LES_DOCUMENTS,À CONFIRMER,À CONFIRMER,90.0,,90 grs,,NON,,36 MOIS,,2.6,2.6,unité,PU HT,0.055,2.743,,,,,,,,,,TRAITEUR 90 Gr,,6/,6,À CONFIRMER,À CONFIRMER,À CONFIRMER,À CONFIRMER,À CONFIRMER,À CONFIRMER,À CONFIRMER,À CONFIRMER,À CONFIRMER,NON,À CONFIRMER,À CONFIRMER,À CONFIRMER,À CONFIRMER,À CONFIRMER,À CONFIRMER,À CONFIRMER,À CONFIRMER,À CONFIRMER,ESSENTIEL,2,palier de prix d'achat (2.60 € HT) → 2,PROPOSITION AUTOMATIQUE – À VALIDER EN BACK-OFFICE,À CONFIRMER,À CONFIRMER,NON,À CONFIRMER,FAIBLE_COUT_LOGISTIQUE,À CONFIRMER,À CONFIRMER,À CONFIRMER,À CONFIRMER,À CONFIRMER,À CONFIRMER,SUR_COMMANDE (document = tarif et bon de commande 2026),PRODUIT,,,,38,Tarif et bon de commande 2026 – onglet « TARIF NORMAND DIRECT 2026 »,ligne 100
PROD-0092,À CONFIRMER,Rillettes de canard au foie gras 90 grs,Rillettes de canard au foie gras 90 grs,À CONFIRMER,TRAITEUR_CHARCUTERIE,FOIE_GRAS,règle 24,PÈRE ROUPSARD,FOUR-0011,PÈRE ROUPSARD,PÈRE ROUPSARD TRAITEUR 90 Gr,FOUR-0001,NORMAND DIRECT TERROIR,Commande directe auprès de Normand Direct Terroir,À CONFIRMER,À CONFIRMER,À CONFIRMER,À CONFIRMER,À CONFIRMER,,AUCUNE_INFORMATION_DANS_LES_DOCUMENTS,À CONFIRMER,À CONFIRMER,90.0,,90 grs,,NON,,36 MOIS,,2.88,2.88,unité,PU HT,0.055,3.0384,,,,,,,,,,TRAITEUR 90 Gr,,6/,6,À CONFIRMER,À CONFIRMER,À CONFIRMER,À CONFIRMER,À CONFIRMER,À CONFIRMER,À CONFIRMER,À CONFIRMER,À CONFIRMER,NON,À CONFIRMER,À CONFIRMER,À CONFIRMER,À CONFIRMER,À CONFIRMER,À CONFIRMER,À CONFIRMER,À CONFIRMER,À CONFIRMER,ESSENTIEL,2,palier de prix d'achat (2.88 € HT) → 2,PROPOSITION AUTOMATIQUE – À VALIDER EN BACK-OFFICE,À CONFIRMER,OUI,NON,À CONFIRMER,PRODUIT_DE_NOEL ; FAIBLE_COUT_LOGISTIQUE,À CONFIRMER,À CONFIRMER,À CONFIRMER,À CONFIRMER,À CONFIRMER,À CONFIRMER,SUR_COMMANDE (document = tarif et bon de commande 2026),PRODUIT,LIBELLÉ IDENTIQUE – MÊME PRODUCTEUR,,,35,Tarif et bon de commande 2026 – onglet « TARIF NORMAND DIRECT 2026 »,ligne 101
PROD-0093,À CONFIRMER,Boudin campagnard aux pommes 180 grs,Boudin campagnard aux pommes 180 grs,À CONFIRMER,TRAITEUR_CHARCUTERIE,CHARCUTERIE_ET_TERRINE,règle 25,PÈRE ROUPSARD,FOUR-0011,PÈRE ROUPSARD,PÈRE ROUPSARD TRAITEUR 180 Gr,FOUR-0001,NORMAND DIRECT TERROIR,Commande directe auprès de Normand Direct Terroir,À CONFIRMER,À CONFIRMER,À CONFIRMER,À CONFIRMER,À CONFIRMER,,AUCUNE_INFORMATION_DANS_LES_DOCUMENTS,À CONFIRMER,À CONFIRMER,180.0,,180 grs,,NON,,36 MOIS,,3.55,3.55,unité,PU HT,0.055,3.7452,,,,,,,,,,TRAITEUR 180 Gr,,6/,6,À CONFIRMER,À CONFIRMER,À CONFIRMER,À CONFIRMER,À CONFIRMER,À CONFIRMER,À CONFIRMER,À CONFIRMER,À CONFIRMER,NON,À CONFIRMER,À CONFIRMER,À CONFIRMER,À CONFIRMER,À CONFIRMER,À CONFIRMER,À CONFIRMER,À CONFIRMER,À CONFIRMER,ESSENTIEL,2,palier de prix d'achat (3.55 € HT) → 2,PROPOSITION AUTOMATIQUE – À VALIDER EN BACK-OFFICE,À CONFIRMER,À CONFIRMER,NON,À CONFIRMER,FAIBLE_COUT_LOGISTIQUE,À CONFIRMER,À CONFIRMER,À CONFIRMER,À CONFIRMER,À CONFIRMER,À CONFIRMER,SUR_COMMANDE (document = tarif et bon de commande 2026),PRODUIT,,,,36,Tarif et bon de commande 2026 – onglet « TARIF NORMAND DIRECT 2026 »,ligne 102
PROD-0094,À CONFIRMER,Pâté de foie aux pommes calva 180 grs,Pâté de foie aux pommes calva 180 grs,À CONFIRMER,TRAITEUR_CHARCUTERIE,CHARCUTERIE_ET_TERRINE,règle 25,PÈRE ROUPSARD,FOUR-0011,PÈRE ROUPSARD,PÈRE ROUPSARD TRAITEUR 180 Gr,FOUR-0001,NORMAND DIRECT TERROIR,Commande directe auprès de Normand Direct Terroir,À CONFIRMER,À CONFIRMER,À CONFIRMER,À CONFIRMER,À CONFIRMER,,AUCUNE_INFORMATION_DANS_LES_DOCUMENTS,À CONFIRMER,À CONFIRMER,180.0,,180 grs,,NON,,36 MOIS,,3.98,3.98,unité,PU HT,0.055,4.1989,,,,,,,,,,TRAITEUR 180 Gr,,6/,6,À CONFIRMER,À CONFIRMER,À CONFIRMER,À CONFIRMER,À CONFIRMER,À CONFIRMER,À CONFIRMER,À CONFIRMER,À CONFIRMER,NON,À CONFIRMER,À CONFIRMER,À CONFIRMER,À CONFIRMER,À CONFIRMER,À CONFIRMER,À CONFIRMER,À CONFIRMER,À CONFIRMER,ESSENTIEL,2,palier de prix d'achat (3.98 € HT) → 2,PROPOSITION AUTOMATIQUE – À VALIDER EN BACK-OFFICE,À CONFIRMER,À CONFIRMER,NON,À CONFIRMER,FAIBLE_COUT_LOGISTIQUE,À CONFIRMER,À CONFIRMER,À CONFIRMER,À CONFIRMER,À CONFIRMER,À CONFIRMER,SUR_COMMANDE (document = tarif et bon de commande 2026),PRODUIT,LIBELLÉ IDENTIQUE – MÊME PRODUCTEUR,,,36,Tarif et bon de commande 2026 – onglet « TARIF NORMAND DIRECT 2026 »,ligne 103
PROD-0095,À CONFIRMER,Terrine de campagne 180 grs,Terrine de campagne 180 grs,À CONFIRMER,TRAITEUR_CHARCUTERIE,CHARCUTERIE_ET_TERRINE,règle 25,PÈRE ROUPSARD,FOUR-0011,PÈRE ROUPSARD,PÈRE ROUPSARD TRAITEUR 180 Gr,FOUR-0001,NORMAND DIRECT TERROIR,Commande directe auprès de Normand Direct Terroir,À CONFIRMER,À CONFIRMER,À CONFIRMER,À CONFIRMER,À CONFIRMER,,AUCUNE_INFORMATION_DANS_LES_DOCUMENTS,À CONFIRMER,À CONFIRMER,180.0,,180 grs,,NON,,36 MOIS,,3.98,3.98,unité,PU HT,0.055,4.1989,,,,,,,,,,TRAITEUR 180 Gr,,6/,6,À CONFIRMER,À CONFIRMER,À CONFIRMER,À CONFIRMER,À CONFIRMER,À CONFIRMER,À CONFIRMER,À CONFIRMER,À CONFIRMER,NON,À CONFIRMER,À CONFIRMER,À CONFIRMER,À CONFIRMER,À CONFIRMER,À CONFIRMER,À CONFIRMER,À CONFIRMER,À CONFIRMER,ESSENTIEL,2,palier de prix d'achat (3.98 € HT) → 2,PROPOSITION AUTOMATIQUE – À VALIDER EN BACK-OFFICE,À CONFIRMER,À CONFIRMER,NON,À CONFIRMER,FAIBLE_COUT_LOGISTIQUE,À CONFIRMER,À CONFIRMER,À CONFIRMER,À CONFIRMER,À CONFIRMER,À CONFIRMER,SUR_COMMANDE (document = tarif et bon de commande 2026),PRODUIT,LIBELLÉ IDENTIQUE – MÊME PRODUCTEUR,,,36,Tarif et bon de commande 2026 – onglet « TARIF NORMAND DIRECT 2026 »,ligne 104
PROD-0096,À CONFIRMER,Rillettes de porc fumé 180 grs,Rillettes de porc fumé 180 grs,À CONFIRMER,TRAITEUR_CHARCUTERIE,CHARCUTERIE_ET_TERRINE,règle 25,PÈRE ROUPSARD,FOUR-0011,PÈRE ROUPSARD,PÈRE ROUPSARD TRAITEUR 180 Gr,FOUR-0001,NORMAND DIRECT TERROIR,Commande directe auprès de Normand Direct Terroir,À CONFIRMER,À CONFIRMER,À CONFIRMER,À CONFIRMER,À CONFIRMER,,AUCUNE_INFORMATION_DANS_LES_DOCUMENTS,À CONFIRMER,À CONFIRMER,180.0,,180 grs,,NON,,36 MOIS,,3.98,3.98,unité,PU HT,0.055,4.1989,,,,,,,,,,TRAITEUR 180 Gr,,6/,6,À CONFIRMER,À CONFIRMER,À CONFIRMER,À CONFIRMER,À CONFIRMER,À CONFIRMER,À CONFIRMER,À CONFIRMER,À CONFIRMER,NON,À CONFIRMER,À CONFIRMER,À CONFIRMER,À CONFIRMER,À CONFIRMER,À CONFIRMER,À CONFIRMER,À CONFIRMER,À CONFIRMER,ESSENTIEL,2,palier de prix d'achat (3.98 € HT) → 2,PROPOSITION AUTOMATIQUE – À VALIDER EN BACK-OFFICE,À CONFIRMER,À CONFIRMER,NON,À CONFIRMER,FAIBLE_COUT_LOGISTIQUE,À CONFIRMER,À CONFIRMER,À CONFIRMER,À CONFIRMER,À CONFIRMER,À CONFIRMER,SUR_COMMANDE (document = tarif et bon de commande 2026),PRODUIT,LIBELLÉ IDENTIQUE – MÊME PRODUCTEUR,,,36,Tarif et bon de commande 2026 – onglet « TARIF NORMAND DIRECT 2026 »,ligne 105
PROD-0097,À CONFIRMER,Rillettes de porc à l'anciènne 180 grs,Rillettes de porc à l'anciènne 180 grs,À CONFIRMER,TRAITEUR_CHARCUTERIE,CHARCUTERIE_ET_TERRINE,règle 25,PÈRE ROUPSARD,FOUR-0011,PÈRE ROUPSARD,PÈRE ROUPSARD TRAITEUR 180 Gr,FOUR-0001,NORMAND DIRECT TERROIR,Commande directe auprès de Normand Direct Terroir,À CONFIRMER,À CONFIRMER,À CONFIRMER,À CONFIRMER,À CONFIRMER,,AUCUNE_INFORMATION_DANS_LES_DOCUMENTS,À CONFIRMER,À CONFIRMER,180.0,,180 grs,,NON,,36 MOIS,,3.98,3.98,unité,PU HT,0.055,4.1989,,,,,,,,,,TRAITEUR 180 Gr,,6/,6,À CONFIRMER,À CONFIRMER,À CONFIRMER,À CONFIRMER,À CONFIRMER,À CONFIRMER,À CONFIRMER,À CONFIRMER,À CONFIRMER,NON,À CONFIRMER,À CONFIRMER,À CONFIRMER,À CONFIRMER,À CONFIRMER,À CONFIRMER,À CONFIRMER,À CONFIRMER,À CONFIRMER,ESSENTIEL,2,palier de prix d'achat (3.98 € HT) → 2,PROPOSITION AUTOMATIQUE – À VALIDER EN BACK-OFFICE,À CONFIRMER,À CONFIRMER,NON,À CONFIRMER,FAIBLE_COUT_LOGISTIQUE,À CONFIRMER,À CONFIRMER,À CONFIRMER,À CONFIRMER,À CONFIRMER,À CONFIRMER,SUR_COMMANDE (document = tarif et bon de commande 2026),PRODUIT,LIBELLÉ IDENTIQUE – MÊME PRODUCTEUR,,,36,Tarif et bon de commande 2026 – onglet « TARIF NORMAND DIRECT 2026 »,ligne 106
PROD-0098,À CONFIRMER,Rillettes du Cotentin 180 grs,Rillettes du Cotentin 180 grs,À CONFIRMER,TRAITEUR_CHARCUTERIE,CHARCUTERIE_ET_TERRINE,règle 25,PÈRE ROUPSARD,FOUR-0011,PÈRE ROUPSARD,PÈRE ROUPSARD TRAITEUR 180 Gr,FOUR-0001,NORMAND DIRECT TERROIR,Commande directe auprès de Normand Direct Terroir,À CONFIRMER,À CONFIRMER,À CONFIRMER,À CONFIRMER,À CONFIRMER,,INDICE_DANS_LE_NOM_DU_PRODUIT_SEULEMENT,NORMANDIE_INDIQUEE_DANS_LE_NOM_A_VERIFIER,À CONFIRMER,180.0,,180 grs,,NON,,36 MOIS,,3.98,3.98,unité,PU HT,0.055,4.1989,,,,,,,,,,TRAITEUR 180 Gr,,6/,6,À CONFIRMER,À CONFIRMER,À CONFIRMER,À CONFIRMER,À CONFIRMER,À CONFIRMER,À CONFIRMER,À CONFIRMER,À CONFIRMER,NON,À CONFIRMER,À CONFIRMER,À CONFIRMER,À CONFIRMER,À CONFIRMER,À CONFIRMER,À CONFIRMER,À CONFIRMER,À CONFIRMER,ESSENTIEL,2,palier de prix d'achat (3.98 € HT) → 2,PROPOSITION AUTOMATIQUE – À VALIDER EN BACK-OFFICE,À CONFIRMER,À CONFIRMER,NON,À CONFIRMER,FAIBLE_COUT_LOGISTIQUE,À CONFIRMER,À CONFIRMER,À CONFIRMER,À CONFIRMER,À CONFIRMER,À CONFIRMER,SUR_COMMANDE (document = tarif et bon de commande 2026),PRODUIT,LIBELLÉ IDENTIQUE – MÊME PRODUCTEUR,,,35,Tarif et bon de commande 2026 – onglet « TARIF NORMAND DIRECT 2026 »,ligne 107
PROD-0099,À CONFIRMER,Terrine de canard aux pommes 180 grs,Terrine de canard aux pommes 180 grs,À CONFIRMER,TRAITEUR_CHARCUTERIE,CHARCUTERIE_ET_TERRINE,règle 25,PÈRE ROUPSARD,FOUR-0011,PÈRE ROUPSARD,PÈRE ROUPSARD TRAITEUR 180 Gr,FOUR-0001,NORMAND DIRECT TERROIR,Commande directe auprès de Normand Direct Terroir,À CONFIRMER,À CONFIRMER,À CONFIRMER,À CONFIRMER,À CONFIRMER,,AUCUNE_INFORMATION_DANS_LES_DOCUMENTS,À CONFIRMER,À CONFIRMER,180.0,,180 grs,,NON,,36 MOIS,,3.98,3.98,unité,PU HT,0.055,4.1989,,,,,,,,,,TRAITEUR 180 Gr,,6/,6,À CONFIRMER,À CONFIRMER,À CONFIRMER,À CONFIRMER,À CONFIRMER,À CONFIRMER,À CONFIRMER,À CONFIRMER,À CONFIRMER,NON,À CONFIRMER,À CONFIRMER,À CONFIRMER,À CONFIRMER,À CONFIRMER,À CONFIRMER,À CONFIRMER,À CONFIRMER,À CONFIRMER,ESSENTIEL,2,palier de prix d'achat (3.98 € HT) → 2,PROPOSITION AUTOMATIQUE – À VALIDER EN BACK-OFFICE,À CONFIRMER,À CONFIRMER,NON,À CONFIRMER,FAIBLE_COUT_LOGISTIQUE,À CONFIRMER,À CONFIRMER,À CONFIRMER,À CONFIRMER,À CONFIRMER,À CONFIRMER,SUR_COMMANDE (document = tarif et bon de commande 2026),PRODUIT,LIBELLÉ IDENTIQUE – MÊME PRODUCTEUR,,,36,Tarif et bon de commande 2026 – onglet « TARIF NORMAND DIRECT 2026 »,ligne 108
PROD-0100,À CONFIRMER,Terrine de lapin au pommeau 180 grs,Terrine de lapin au pommeau 180 grs,À CONFIRMER,TRAITEUR_CHARCUTERIE,CHARCUTERIE_ET_TERRINE,règle 25,PÈRE ROUPSARD,FOUR-0011,PÈRE ROUPSARD,PÈRE ROUPSARD TRAITEUR 180 Gr,FOUR-0001,NORMAND DIRECT TERROIR,Commande directe auprès de Normand Direct Terroir,À CONFIRMER,À CONFIRMER,À CONFIRMER,À CONFIRMER,À CONFIRMER,,AUCUNE_INFORMATION_DANS_LES_DOCUMENTS,À CONFIRMER,À CONFIRMER,180.0,,180 grs,À CONFIRMER,INGREDIENT_ALCOOLISE,Alcool cité comme ingrédient dans le libellé,36 MOIS,,3.98,3.98,unité,PU HT,0.055,4.1989,,,,,,,,,,TRAITEUR 180 Gr,,6/,6,À CONFIRMER,À CONFIRMER,À CONFIRMER,À CONFIRMER,À CONFIRMER,À CONFIRMER,À CONFIRMER,À CONFIRMER,À CONFIRMER,NON,À CONFIRMER,À CONFIRMER,À CONFIRMER,À CONFIRMER,À CONFIRMER,À CONFIRMER,À CONFIRMER,À CONFIRMER,À CONFIRMER,ESSENTIEL,2,palier de prix d'achat (3.98 € HT) → 2,PROPOSITION AUTOMATIQUE – À VALIDER EN BACK-OFFICE,À CONFIRMER,À CONFIRMER,NON,À CONFIRMER,FAIBLE_COUT_LOGISTIQUE,À CONFIRMER,À CONFIRMER,À CONFIRMER,À CONFIRMER,À CONFIRMER,À CONFIRMER,SUR_COMMANDE (document = tarif et bon de commande 2026),PRODUIT,LIBELLÉ IDENTIQUE – MÊME PRODUCTEUR,,,37,Tarif et bon de commande 2026 – onglet « TARIF NORMAND DIRECT 2026 »,ligne 109
PROD-0101,À CONFIRMER,Terrine porc livarot 180 grs,Terrine porc livarot 180 grs,À CONFIRMER,TRAITEUR_CHARCUTERIE,CHARCUTERIE_ET_TERRINE,règle 25,PÈRE ROUPSARD,FOUR-0011,PÈRE ROUPSARD,PÈRE ROUPSARD TRAITEUR 180 Gr,FOUR-0001,NORMAND DIRECT TERROIR,Commande directe auprès de Normand Direct Terroir,À CONFIRMER,À CONFIRMER,À CONFIRMER,À CONFIRMER,À CONFIRMER,,AUCUNE_INFORMATION_DANS_LES_DOCUMENTS,À CONFIRMER,À CONFIRMER,180.0,,180 grs,,NON,,36 MOIS,,3.98,3.98,unité,PU HT,0.055,4.1989,,,,,,,,,,TRAITEUR 180 Gr,,6/,6,À CONFIRMER,À CONFIRMER,À CONFIRMER,À CONFIRMER,À CONFIRMER,À CONFIRMER,À CONFIRMER,À CONFIRMER,À CONFIRMER,NON,À CONFIRMER,À CONFIRMER,À CONFIRMER,À CONFIRMER,À CONFIRMER,À CONFIRMER,À CONFIRMER,À CONFIRMER,À CONFIRMER,ESSENTIEL,2,palier de prix d'achat (3.98 € HT) → 2,PROPOSITION AUTOMATIQUE – À VALIDER EN BACK-OFFICE,À CONFIRMER,À CONFIRMER,NON,À CONFIRMER,FAIBLE_COUT_LOGISTIQUE,À CONFIRMER,À CONFIRMER,À CONFIRMER,À CONFIRMER,À CONFIRMER,À CONFIRMER,SUR_COMMANDE (document = tarif et bon de commande 2026),PRODUIT,LIBELLÉ IDENTIQUE – MÊME PRODUCTEUR,,,36,Tarif et bon de commande 2026 – onglet « TARIF NORMAND DIRECT 2026 »,ligne 110
PROD-0102,À CONFIRMER,Terrine porc camembert 180 grs,Terrine porc camembert 180 grs,À CONFIRMER,TRAITEUR_CHARCUTERIE,CHARCUTERIE_ET_TERRINE,règle 25,PÈRE ROUPSARD,FOUR-0011,PÈRE ROUPSARD,PÈRE ROUPSARD TRAITEUR 180 Gr,FOUR-0001,NORMAND DIRECT TERROIR,Commande directe auprès de Normand Direct Terroir,À CONFIRMER,À CONFIRMER,À CONFIRMER,À CONFIRMER,À CONFIRMER,,AUCUNE_INFORMATION_DANS_LES_DOCUMENTS,À CONFIRMER,À CONFIRMER,180.0,,180 grs,,NON,,36 MOIS,,3.98,3.98,unité,PU HT,0.055,4.1989,,,,,,,,,,TRAITEUR 180 Gr,,6/,6,À CONFIRMER,À CONFIRMER,À CONFIRMER,À CONFIRMER,À CONFIRMER,À CONFIRMER,À CONFIRMER,À CONFIRMER,À CONFIRMER,NON,À CONFIRMER,À CONFIRMER,À CONFIRMER,À CONFIRMER,À CONFIRMER,À CONFIRMER,À CONFIRMER,À CONFIRMER,À CONFIRMER,ESSENTIEL,2,palier de prix d'achat (3.98 € HT) → 2,PROPOSITION AUTOMATIQUE – À VALIDER EN BACK-OFFICE,À CONFIRMER,À CONFIRMER,NON,À CONFIRMER,FAIBLE_COUT_LOGISTIQUE,À CONFIRMER,À CONFIRMER,À CONFIRMER,À CONFIRMER,À CONFIRMER,À CONFIRMER,SUR_COMMANDE (document = tarif et bon de commande 2026),PRODUIT,LIBELLÉ IDENTIQUE – MÊME PRODUCTEUR,,,36,Tarif et bon de commande 2026 – onglet « TARIF NORMAND DIRECT 2026 »,ligne 111
PROD-0103,À CONFIRMER,Terrine campagne au cidre 180 grs,Terrine campagne au cidre 180 grs,À CONFIRMER,TRAITEUR_CHARCUTERIE,CHARCUTERIE_ET_TERRINE,règle 25,PÈRE ROUPSARD,FOUR-0011,PÈRE ROUPSARD,PÈRE ROUPSARD TRAITEUR 180 Gr,FOUR-0001,NORMAND DIRECT TERROIR,Commande directe auprès de Normand Direct Terroir,À CONFIRMER,À CONFIRMER,À CONFIRMER,À CONFIRMER,À CONFIRMER,,AUCUNE_INFORMATION_DANS_LES_DOCUMENTS,À CONFIRMER,À CONFIRMER,180.0,,180 grs,À CONFIRMER,INGREDIENT_ALCOOLISE,Alcool cité comme ingrédient dans le libellé,36 MOIS,,3.98,3.98,unité,PU HT,0.055,4.1989,,,,,,,,,,TRAITEUR 180 Gr,,6/,6,À CONFIRMER,À CONFIRMER,À CONFIRMER,À CONFIRMER,À CONFIRMER,À CONFIRMER,À CONFIRMER,À CONFIRMER,À CONFIRMER,NON,À CONFIRMER,À CONFIRMER,À CONFIRMER,À CONFIRMER,À CONFIRMER,À CONFIRMER,À CONFIRMER,À CONFIRMER,À CONFIRMER,ESSENTIEL,2,palier de prix d'achat (3.98 € HT) → 2,PROPOSITION AUTOMATIQUE – À VALIDER EN BACK-OFFICE,À CONFIRMER,À CONFIRMER,NON,À CONFIRMER,FAIBLE_COUT_LOGISTIQUE,À CONFIRMER,À CONFIRMER,À CONFIRMER,À CONFIRMER,À CONFIRMER,À CONFIRMER,SUR_COMMANDE (document = tarif et bon de commande 2026),PRODUIT,,,,37,Tarif et bon de commande 2026 – onglet « TARIF NORMAND DIRECT 2026 »,ligne 112
PROD-0104,À CONFIRMER,Terrine campagne pomme foie gras 180 g,Terrine campagne pomme foie gras 180 g,À CONFIRMER,TRAITEUR_CHARCUTERIE,FOIE_GRAS,règle 24,PÈRE ROUPSARD,FOUR-0011,PÈRE ROUPSARD,PÈRE ROUPSARD TRAITEUR 180 Gr,FOUR-0001,NORMAND DIRECT TERROIR,Commande directe auprès de Normand Direct Terroir,À CONFIRMER,À CONFIRMER,À CONFIRMER,À CONFIRMER,À CONFIRMER,,AUCUNE_INFORMATION_DANS_LES_DOCUMENTS,À CONFIRMER,À CONFIRMER,180.0,,180 g,,NON,,36 MOIS,,3.98,3.98,unité,PU HT,0.055,4.1989,,,,,,,,,,TRAITEUR 180 Gr,,6/,6,À CONFIRMER,À CONFIRMER,À CONFIRMER,À CONFIRMER,À CONFIRMER,À CONFIRMER,À CONFIRMER,À CONFIRMER,À CONFIRMER,NON,À CONFIRMER,À CONFIRMER,À CONFIRMER,À CONFIRMER,À CONFIRMER,À CONFIRMER,À CONFIRMER,À CONFIRMER,À CONFIRMER,ESSENTIEL,2,palier de prix d'achat (3.98 € HT) → 2,PROPOSITION AUTOMATIQUE – À VALIDER EN BACK-OFFICE,À CONFIRMER,OUI,NON,À CONFIRMER,PRODUIT_DE_NOEL ; FAIBLE_COUT_LOGISTIQUE,À CONFIRMER,À CONFIRMER,À CONFIRMER,À CONFIRMER,À CONFIRMER,À CONFIRMER,SUR_COMMANDE (document = tarif et bon de commande 2026),PRODUIT,LIBELLÉ IDENTIQUE – MÊME PRODUCTEUR,,,35,Tarif et bon de commande 2026 – onglet « TARIF NORMAND DIRECT 2026 »,ligne 113
PROD-0105,À CONFIRMER,Terrine de lièvre au Calvados 180 grs,Terrine de lièvre au Calvados 180 grs,À CONFIRMER,TRAITEUR_CHARCUTERIE,CHARCUTERIE_ET_TERRINE,règle 25,PÈRE ROUPSARD,FOUR-0011,PÈRE ROUPSARD,PÈRE ROUPSARD TRAITEUR 180 Gr,FOUR-0001,NORMAND DIRECT TERROIR,Commande directe auprès de Normand Direct Terroir,À CONFIRMER,À CONFIRMER,À CONFIRMER,À CONFIRMER,À CONFIRMER,,AUCUNE_INFORMATION_DANS_LES_DOCUMENTS,À CONFIRMER,À CONFIRMER,180.0,,180 grs,À CONFIRMER,INGREDIENT_ALCOOLISE,Alcool cité comme ingrédient dans le libellé,36 MOIS,,3.98,3.98,unité,PU HT,0.055,4.1989,,,,,,,,,,TRAITEUR 180 Gr,,6/,6,À CONFIRMER,À CONFIRMER,À CONFIRMER,À CONFIRMER,À CONFIRMER,À CONFIRMER,À CONFIRMER,À CONFIRMER,À CONFIRMER,NON,À CONFIRMER,À CONFIRMER,À CONFIRMER,À CONFIRMER,À CONFIRMER,À CONFIRMER,À CONFIRMER,À CONFIRMER,À CONFIRMER,ESSENTIEL,2,palier de prix d'achat (3.98 € HT) → 2,PROPOSITION AUTOMATIQUE – À VALIDER EN BACK-OFFICE,À CONFIRMER,À CONFIRMER,NON,À CONFIRMER,FAIBLE_COUT_LOGISTIQUE,À CONFIRMER,À CONFIRMER,À CONFIRMER,À CONFIRMER,À CONFIRMER,À CONFIRMER,SUR_COMMANDE (document = tarif et bon de commande 2026),PRODUIT,LIBELLÉ IDENTIQUE – MÊME PRODUCTEUR,,,37,Tarif et bon de commande 2026 – onglet « TARIF NORMAND DIRECT 2026 »,ligne 114
PROD-0106,À CONFIRMER,Terrine de faisan au Calvados 180 grs,Terrine de faisan au Calvados 180 grs,À CONFIRMER,TRAITEUR_CHARCUTERIE,CHARCUTERIE_ET_TERRINE,règle 25,PÈRE ROUPSARD,FOUR-0011,PÈRE ROUPSARD,PÈRE ROUPSARD TRAITEUR 180 Gr,FOUR-0001,NORMAND DIRECT TERROIR,Commande directe auprès de Normand Direct Terroir,À CONFIRMER,À CONFIRMER,À CONFIRMER,À CONFIRMER,À CONFIRMER,,AUCUNE_INFORMATION_DANS_LES_DOCUMENTS,À CONFIRMER,À CONFIRMER,180.0,,180 grs,À CONFIRMER,INGREDIENT_ALCOOLISE,Alcool cité comme ingrédient dans le libellé,36 MOIS,,3.98,3.98,unité,PU HT,0.055,4.1989,,,,,,,,,,TRAITEUR 180 Gr,,6/,6,À CONFIRMER,À CONFIRMER,À CONFIRMER,À CONFIRMER,À CONFIRMER,À CONFIRMER,À CONFIRMER,À CONFIRMER,À CONFIRMER,NON,À CONFIRMER,À CONFIRMER,À CONFIRMER,À CONFIRMER,À CONFIRMER,À CONFIRMER,À CONFIRMER,À CONFIRMER,À CONFIRMER,ESSENTIEL,2,palier de prix d'achat (3.98 € HT) → 2,PROPOSITION AUTOMATIQUE – À VALIDER EN BACK-OFFICE,À CONFIRMER,À CONFIRMER,NON,À CONFIRMER,FAIBLE_COUT_LOGISTIQUE,À CONFIRMER,À CONFIRMER,À CONFIRMER,À CONFIRMER,À CONFIRMER,À CONFIRMER,SUR_COMMANDE (document = tarif et bon de commande 2026),PRODUIT,LIBELLÉ IDENTIQUE – MÊME PRODUCTEUR,,,37,Tarif et bon de commande 2026 – onglet « TARIF NORMAND DIRECT 2026 »,ligne 115
PROD-0107,À CONFIRMER,Terrine pomme porc andouille 180 grs,Terrine pomme porc andouille 180 grs,À CONFIRMER,TRAITEUR_CHARCUTERIE,CHARCUTERIE_ET_TERRINE,règle 25,PÈRE ROUPSARD,FOUR-0011,PÈRE ROUPSARD,PÈRE ROUPSARD TRAITEUR 180 Gr,FOUR-0001,NORMAND DIRECT TERROIR,Commande directe auprès de Normand Direct Terroir,À CONFIRMER,À CONFIRMER,À CONFIRMER,À CONFIRMER,À CONFIRMER,,AUCUNE_INFORMATION_DANS_LES_DOCUMENTS,À CONFIRMER,À CONFIRMER,180.0,,180 grs,,NON,,36 MOIS,,3.98,3.98,unité,PU HT,0.055,4.1989,,,,,,,,,,TRAITEUR 180 Gr,,6/,6,À CONFIRMER,À CONFIRMER,À CONFIRMER,À CONFIRMER,À CONFIRMER,À CONFIRMER,À CONFIRMER,À CONFIRMER,À CONFIRMER,NON,À CONFIRMER,À CONFIRMER,À CONFIRMER,À CONFIRMER,À CONFIRMER,À CONFIRMER,À CONFIRMER,À CONFIRMER,À CONFIRMER,ESSENTIEL,2,palier de prix d'achat (3.98 € HT) → 2,PROPOSITION AUTOMATIQUE – À VALIDER EN BACK-OFFICE,À CONFIRMER,À CONFIRMER,NON,À CONFIRMER,FAIBLE_COUT_LOGISTIQUE,À CONFIRMER,À CONFIRMER,À CONFIRMER,À CONFIRMER,À CONFIRMER,À CONFIRMER,SUR_COMMANDE (document = tarif et bon de commande 2026),PRODUIT,LIBELLÉ IDENTIQUE – MÊME PRODUCTEUR,,,36,Tarif et bon de commande 2026 – onglet « TARIF NORMAND DIRECT 2026 »,ligne 116
PROD-0108,À CONFIRMER,Rillettes de poulet citron confit 180 grs,Rillettes de poulet citron confit 180 grs,À CONFIRMER,TRAITEUR_CHARCUTERIE,CHARCUTERIE_ET_TERRINE,règle 25,PÈRE ROUPSARD,FOUR-0011,PÈRE ROUPSARD,PÈRE ROUPSARD TRAITEUR 180 Gr,FOUR-0001,NORMAND DIRECT TERROIR,Commande directe auprès de Normand Direct Terroir,À CONFIRMER,À CONFIRMER,À CONFIRMER,À CONFIRMER,À CONFIRMER,,AUCUNE_INFORMATION_DANS_LES_DOCUMENTS,À CONFIRMER,À CONFIRMER,180.0,,180 grs,,NON,,36 MOIS,,3.98,3.98,unité,PU HT,0.055,4.1989,,,,,,,,,,TRAITEUR 180 Gr,,6/,6,À CONFIRMER,À CONFIRMER,À CONFIRMER,À CONFIRMER,À CONFIRMER,À CONFIRMER,À CONFIRMER,À CONFIRMER,À CONFIRMER,NON,À CONFIRMER,À CONFIRMER,À CONFIRMER,À CONFIRMER,À CONFIRMER,À CONFIRMER,À CONFIRMER,À CONFIRMER,À CONFIRMER,ESSENTIEL,2,palier de prix d'achat (3.98 € HT) → 2,PROPOSITION AUTOMATIQUE – À VALIDER EN BACK-OFFICE,À CONFIRMER,À CONFIRMER,NON,À CONFIRMER,FAIBLE_COUT_LOGISTIQUE,À CONFIRMER,À CONFIRMER,À CONFIRMER,À CONFIRMER,À CONFIRMER,À CONFIRMER,SUR_COMMANDE (document = tarif et bon de commande 2026),PRODUIT,LIBELLÉ IDENTIQUE – MÊME PRODUCTEUR,,,36,Tarif et bon de commande 2026 – onglet « TARIF NORMAND DIRECT 2026 »,ligne 117
PROD-0109,À CONFIRMER,Rillettes de poulet piment d'Espelette 180 grs,Rillettes de poulet piment d'Espelette 180 grs,À CONFIRMER,TRAITEUR_CHARCUTERIE,CHARCUTERIE_ET_TERRINE,règle 25,PÈRE ROUPSARD,FOUR-0011,PÈRE ROUPSARD,PÈRE ROUPSARD TRAITEUR 180 Gr,FOUR-0001,NORMAND DIRECT TERROIR,Commande directe auprès de Normand Direct Terroir,À CONFIRMER,À CONFIRMER,À CONFIRMER,À CONFIRMER,À CONFIRMER,,AUCUNE_INFORMATION_DANS_LES_DOCUMENTS,À CONFIRMER,À CONFIRMER,180.0,,180 grs,,NON,,36 MOIS,,3.98,3.98,unité,PU HT,0.055,4.1989,,,,,,,,,,TRAITEUR 180 Gr,,6/,6,À CONFIRMER,À CONFIRMER,À CONFIRMER,À CONFIRMER,À CONFIRMER,À CONFIRMER,À CONFIRMER,À CONFIRMER,À CONFIRMER,NON,À CONFIRMER,À CONFIRMER,À CONFIRMER,À CONFIRMER,À CONFIRMER,À CONFIRMER,À CONFIRMER,À CONFIRMER,À CONFIRMER,ESSENTIEL,2,palier de prix d'achat (3.98 € HT) → 2,PROPOSITION AUTOMATIQUE – À VALIDER EN BACK-OFFICE,À CONFIRMER,À CONFIRMER,NON,À CONFIRMER,FAIBLE_COUT_LOGISTIQUE,À CONFIRMER,À CONFIRMER,À CONFIRMER,À CONFIRMER,À CONFIRMER,À CONFIRMER,SUR_COMMANDE (document = tarif et bon de commande 2026),PRODUIT,,,,36,Tarif et bon de commande 2026 – onglet « TARIF NORMAND DIRECT 2026 »,ligne 118
PROD-0110,À CONFIRMER,Rillettes de poulet poivre vert 180 grs,Rillettes de poulet poivre vert 180 grs,À CONFIRMER,TRAITEUR_CHARCUTERIE,CHARCUTERIE_ET_TERRINE,règle 25,PÈRE ROUPSARD,FOUR-0011,PÈRE ROUPSARD,PÈRE ROUPSARD TRAITEUR 180 Gr,FOUR-0001,NORMAND DIRECT TERROIR,Commande directe auprès de Normand Direct Terroir,À CONFIRMER,À CONFIRMER,À CONFIRMER,À CONFIRMER,À CONFIRMER,,AUCUNE_INFORMATION_DANS_LES_DOCUMENTS,À CONFIRMER,À CONFIRMER,180.0,,180 grs,,NON,,36 MOIS,,3.98,3.98,unité,PU HT,0.055,4.1989,,,,,,,,,,TRAITEUR 180 Gr,,6/,6,À CONFIRMER,À CONFIRMER,À CONFIRMER,À CONFIRMER,À CONFIRMER,À CONFIRMER,À CONFIRMER,À CONFIRMER,À CONFIRMER,NON,À CONFIRMER,À CONFIRMER,À CONFIRMER,À CONFIRMER,À CONFIRMER,À CONFIRMER,À CONFIRMER,À CONFIRMER,À CONFIRMER,ESSENTIEL,2,palier de prix d'achat (3.98 € HT) → 2,PROPOSITION AUTOMATIQUE – À VALIDER EN BACK-OFFICE,À CONFIRMER,À CONFIRMER,NON,À CONFIRMER,FAIBLE_COUT_LOGISTIQUE,À CONFIRMER,À CONFIRMER,À CONFIRMER,À CONFIRMER,À CONFIRMER,À CONFIRMER,SUR_COMMANDE (document = tarif et bon de commande 2026),PRODUIT,,,,36,Tarif et bon de commande 2026 – onglet « TARIF NORMAND DIRECT 2026 »,ligne 119
PROD-0111,À CONFIRMER,Rillettes de canard au foie gras 180 grs,Rillettes de canard au foie gras 180 grs,À CONFIRMER,TRAITEUR_CHARCUTERIE,FOIE_GRAS,règle 24,PÈRE ROUPSARD,FOUR-0011,PÈRE ROUPSARD,PÈRE ROUPSARD TRAITEUR 180 Gr,FOUR-0001,NORMAND DIRECT TERROIR,Commande directe auprès de Normand Direct Terroir,À CONFIRMER,À CONFIRMER,À CONFIRMER,À CONFIRMER,À CONFIRMER,,AUCUNE_INFORMATION_DANS_LES_DOCUMENTS,À CONFIRMER,À CONFIRMER,180.0,,180 grs,,NON,,36 MOIS,,3.98,3.98,unité,PU HT,0.055,4.1989,,,,,,,,,,TRAITEUR 180 Gr,,6/,6,À CONFIRMER,À CONFIRMER,À CONFIRMER,À CONFIRMER,À CONFIRMER,À CONFIRMER,À CONFIRMER,À CONFIRMER,À CONFIRMER,NON,À CONFIRMER,À CONFIRMER,À CONFIRMER,À CONFIRMER,À CONFIRMER,À CONFIRMER,À CONFIRMER,À CONFIRMER,À CONFIRMER,ESSENTIEL,2,palier de prix d'achat (3.98 € HT) → 2,PROPOSITION AUTOMATIQUE – À VALIDER EN BACK-OFFICE,À CONFIRMER,OUI,NON,À CONFIRMER,PRODUIT_DE_NOEL ; FAIBLE_COUT_LOGISTIQUE,À CONFIRMER,À CONFIRMER,À CONFIRMER,À CONFIRMER,À CONFIRMER,À CONFIRMER,SUR_COMMANDE (document = tarif et bon de commande 2026),PRODUIT,LIBELLÉ IDENTIQUE – MÊME PRODUCTEUR,,,35,Tarif et bon de commande 2026 – onglet « TARIF NORMAND DIRECT 2026 »,ligne 120
PROD-0112,À CONFIRMER,Foie gras de canard pot le parfait 120 grs,Foie gras de canard pot le parfait 120 grs,À CONFIRMER,TRAITEUR_CHARCUTERIE,FOIE_GRAS,règle 24,PÈRE ROUPSARD TRAITEUR,FOUR-0012,PÈRE ROUPSARD TRAITEUR,PÈRE ROUPSARD TRAITEUR,FOUR-0001,NORMAND DIRECT TERROIR,Commande directe auprès de Normand Direct Terroir,À CONFIRMER,À CONFIRMER,À CONFIRMER,À CONFIRMER,À CONFIRMER,,AUCUNE_INFORMATION_DANS_LES_DOCUMENTS,À CONFIRMER,À CONFIRMER,120.0,,120 grs,,NON,,24 MOIS,,14.65,14.65,unité,PU HT,0.055,15.4558,,,,,,,,,,À CONFIRMER,,6/,6,À CONFIRMER,À CONFIRMER,À CONFIRMER,À CONFIRMER,À CONFIRMER,À CONFIRMER,À CONFIRMER,OUI_DEDUIT,PROBABLE_DEDUIT_DU_CONDITIONNEMENT,NON,OUI_DEDUIT,OUI,PROTECTION_BOUTEILLE_OU_CONTENANT_VERRE,À CONFIRMER,À CONFIRMER,À CONFIRMER,À CONFIRMER,À CONFIRMER,À CONFIRMER,PREMIUM,4,palier de prix d'achat (14.65 € HT) → 4,PROPOSITION AUTOMATIQUE – À VALIDER EN BACK-OFFICE,À CONFIRMER,OUI,OUI,À CONFIRMER,PRODUIT_DE_NOEL ; PRODUIT_FRAGILE ; PREMIUM,À CONFIRMER,À CONFIRMER,À CONFIRMER,À CONFIRMER,À CONFIRMER,À CONFIRMER,SUR_COMMANDE (document = tarif et bon de commande 2026),PRODUIT,LIBELLÉ IDENTIQUE – MÊME PRODUCTEUR,,,31,Tarif et bon de commande 2026 – onglet « TARIF NORMAND DIRECT 2026 »,ligne 121
PROD-0113,À CONFIRMER,Foie gras de canard pot le parfait 180 grs,Foie gras de canard pot le parfait 180 grs,À CONFIRMER,TRAITEUR_CHARCUTERIE,FOIE_GRAS,règle 24,PÈRE ROUPSARD TRAITEUR,FOUR-0012,PÈRE ROUPSARD TRAITEUR,PÈRE ROUPSARD TRAITEUR,FOUR-0001,NORMAND DIRECT TERROIR,Commande directe auprès de Normand Direct Terroir,À CONFIRMER,À CONFIRMER,À CONFIRMER,À CONFIRMER,À CONFIRMER,,AUCUNE_INFORMATION_DANS_LES_DOCUMENTS,À CONFIRMER,À CONFIRMER,180.0,,180 grs,,NON,,24 MOIS,,20.6,20.6,unité,PU HT,0.055,21.733,,,,,,,,,,À CONFIRMER,,6/,6,À CONFIRMER,À CONFIRMER,À CONFIRMER,À CONFIRMER,À CONFIRMER,À CONFIRMER,À CONFIRMER,OUI_DEDUIT,PROBABLE_DEDUIT_DU_CONDITIONNEMENT,NON,OUI_DEDUIT,OUI,PROTECTION_BOUTEILLE_OU_CONTENANT_VERRE,À CONFIRMER,À CONFIRMER,À CONFIRMER,À CONFIRMER,À CONFIRMER,À CONFIRMER,PREMIUM,4,palier de prix d'achat (20.60 € HT) → 4,PROPOSITION AUTOMATIQUE – À VALIDER EN BACK-OFFICE,À CONFIRMER,OUI,OUI,À CONFIRMER,PRODUIT_DE_NOEL ; PRODUIT_FRAGILE ; PREMIUM,À CONFIRMER,À CONFIRMER,À CONFIRMER,À CONFIRMER,À CONFIRMER,À CONFIRMER,SUR_COMMANDE (document = tarif et bon de commande 2026),PRODUIT,LIBELLÉ IDENTIQUE – MÊME PRODUCTEUR,,,31,Tarif et bon de commande 2026 – onglet « TARIF NORMAND DIRECT 2026 »,ligne 122
PROD-0114,À CONFIRMER,Sauté de porc forestier 400grs,Sauté de porc forestier 400grs,À CONFIRMER,TRAITEUR_PLATS,PLAT_CUISINE,règle 26,PÈRE ROUPSARD LES MIJOTES,FOUR-0013,PÈRE ROUPSARD LES MIJOTES,PÈRE ROUPSARD LES MIJOTES,FOUR-0001,NORMAND DIRECT TERROIR,Commande directe auprès de Normand Direct Terroir,À CONFIRMER,À CONFIRMER,À CONFIRMER,À CONFIRMER,À CONFIRMER,,AUCUNE_INFORMATION_DANS_LES_DOCUMENTS,À CONFIRMER,À CONFIRMER,400.0,,400grs,,NON,,36 MOIS,,5.42,5.42,unité,PU HT,0.055,5.7181,,,,,,,,,,À CONFIRMER,,9/,9,À CONFIRMER,À CONFIRMER,À CONFIRMER,À CONFIRMER,À CONFIRMER,À CONFIRMER,À CONFIRMER,À CONFIRMER,À CONFIRMER,NON,À CONFIRMER,À CONFIRMER,À CONFIRMER,À CONFIRMER,À CONFIRMER,À CONFIRMER,À CONFIRMER,À CONFIRMER,À CONFIRMER,SIGNATURE,3,palier de prix d'achat (5.42 € HT) → 3,PROPOSITION AUTOMATIQUE – À VALIDER EN BACK-OFFICE,À CONFIRMER,À CONFIRMER,NON,À CONFIRMER,,À CONFIRMER,À CONFIRMER,À CONFIRMER,À CONFIRMER,À CONFIRMER,À CONFIRMER,SUR_COMMANDE (document = tarif et bon de commande 2026),PRODUIT,,,,37,Tarif et bon de commande 2026 – onglet « TARIF NORMAND DIRECT 2026 »,ligne 123
PROD-0115,À CONFIRMER,Boeuf au cidre 400 grs,Boeuf au cidre 400 grs,À CONFIRMER,TRAITEUR_PLATS,PLAT_CUISINE,règle 26,PÈRE ROUPSARD LES MIJOTES,FOUR-0013,PÈRE ROUPSARD LES MIJOTES,PÈRE ROUPSARD LES MIJOTES,FOUR-0001,NORMAND DIRECT TERROIR,Commande directe auprès de Normand Direct Terroir,À CONFIRMER,À CONFIRMER,À CONFIRMER,À CONFIRMER,À CONFIRMER,,AUCUNE_INFORMATION_DANS_LES_DOCUMENTS,À CONFIRMER,À CONFIRMER,400.0,,400 grs,À CONFIRMER,INGREDIENT_ALCOOLISE,Alcool cité comme ingrédient dans le libellé,36 MOIS,,5.42,5.42,unité,PU HT,0.055,5.7181,,,,,,,,,,À CONFIRMER,,9/,9,À CONFIRMER,À CONFIRMER,À CONFIRMER,À CONFIRMER,À CONFIRMER,À CONFIRMER,À CONFIRMER,À CONFIRMER,À CONFIRMER,NON,À CONFIRMER,À CONFIRMER,À CONFIRMER,À CONFIRMER,À CONFIRMER,À CONFIRMER,À CONFIRMER,À CONFIRMER,À CONFIRMER,SIGNATURE,3,palier de prix d'achat (5.42 € HT) → 3,PROPOSITION AUTOMATIQUE – À VALIDER EN BACK-OFFICE,À CONFIRMER,À CONFIRMER,NON,À CONFIRMER,,À CONFIRMER,À CONFIRMER,À CONFIRMER,À CONFIRMER,À CONFIRMER,À CONFIRMER,SUR_COMMANDE (document = tarif et bon de commande 2026),PRODUIT,,,,38,Tarif et bon de commande 2026 – onglet « TARIF NORMAND DIRECT 2026 »,ligne 124
PROD-0116,À CONFIRMER,Blanquette de veau 400 grs,Blanquette de veau 400 grs,À CONFIRMER,TRAITEUR_PLATS,PLAT_CUISINE,règle 26,PÈRE ROUPSARD LES MIJOTES,FOUR-0013,PÈRE ROUPSARD LES MIJOTES,PÈRE ROUPSARD LES MIJOTES,FOUR-0001,NORMAND DIRECT TERROIR,Commande directe auprès de Normand Direct Terroir,À CONFIRMER,À CONFIRMER,À CONFIRMER,À CONFIRMER,À CONFIRMER,,AUCUNE_INFORMATION_DANS_LES_DOCUMENTS,À CONFIRMER,À CONFIRMER,400.0,,400 grs,,NON,,36 MOIS,,5.42,5.42,unité,PU HT,0.055,5.7181,,,,,,,,,,À CONFIRMER,,9/,9,À CONFIRMER,À CONFIRMER,À CONFIRMER,À CONFIRMER,À CONFIRMER,À CONFIRMER,À CONFIRMER,À CONFIRMER,À CONFIRMER,NON,À CONFIRMER,À CONFIRMER,À CONFIRMER,À CONFIRMER,À CONFIRMER,À CONFIRMER,À CONFIRMER,À CONFIRMER,À CONFIRMER,SIGNATURE,3,palier de prix d'achat (5.42 € HT) → 3,PROPOSITION AUTOMATIQUE – À VALIDER EN BACK-OFFICE,À CONFIRMER,À CONFIRMER,NON,À CONFIRMER,,À CONFIRMER,À CONFIRMER,À CONFIRMER,À CONFIRMER,À CONFIRMER,À CONFIRMER,SUR_COMMANDE (document = tarif et bon de commande 2026),PRODUIT,,,,37,Tarif et bon de commande 2026 – onglet « TARIF NORMAND DIRECT 2026 »,ligne 125
PROD-0117,À CONFIRMER,Veau aux chaloignons des bois 400grs,Veau aux chaloignons des bois 400grs,À CONFIRMER,TRAITEUR_PLATS,PLAT_CUISINE,règle 26,PÈRE ROUPSARD LES MIJOTES,FOUR-0013,PÈRE ROUPSARD LES MIJOTES,PÈRE ROUPSARD LES MIJOTES,FOUR-0001,NORMAND DIRECT TERROIR,Commande directe auprès de Normand Direct Terroir,À CONFIRMER,À CONFIRMER,À CONFIRMER,À CONFIRMER,À CONFIRMER,,AUCUNE_INFORMATION_DANS_LES_DOCUMENTS,À CONFIRMER,À CONFIRMER,400.0,,400grs,,NON,,36 MOIS,,5.42,5.42,unité,PU HT,0.055,5.7181,,,,,,,,,,À CONFIRMER,,9/,9,À CONFIRMER,À CONFIRMER,À CONFIRMER,À CONFIRMER,À CONFIRMER,À CONFIRMER,À CONFIRMER,À CONFIRMER,À CONFIRMER,NON,À CONFIRMER,À CONFIRMER,À CONFIRMER,À CONFIRMER,À CONFIRMER,À CONFIRMER,À CONFIRMER,À CONFIRMER,À CONFIRMER,SIGNATURE,3,palier de prix d'achat (5.42 € HT) → 3,PROPOSITION AUTOMATIQUE – À VALIDER EN BACK-OFFICE,À CONFIRMER,À CONFIRMER,NON,À CONFIRMER,,À CONFIRMER,À CONFIRMER,À CONFIRMER,À CONFIRMER,À CONFIRMER,À CONFIRMER,SUR_COMMANDE (document = tarif et bon de commande 2026),PRODUIT,,,,37,Tarif et bon de commande 2026 – onglet « TARIF NORMAND DIRECT 2026 »,ligne 126
PROD-0118,À CONFIRMER,Tripes au cidre 400 grs,Tripes au cidre 400 grs,À CONFIRMER,TRAITEUR_PLATS,PLAT_CUISINE,règle 26,PÈRE ROUPSARD LES MIJOTES,FOUR-0013,PÈRE ROUPSARD LES MIJOTES,PÈRE ROUPSARD LES MIJOTES,FOUR-0001,NORMAND DIRECT TERROIR,Commande directe auprès de Normand Direct Terroir,À CONFIRMER,À CONFIRMER,À CONFIRMER,À CONFIRMER,À CONFIRMER,,AUCUNE_INFORMATION_DANS_LES_DOCUMENTS,À CONFIRMER,À CONFIRMER,400.0,,400 grs,À CONFIRMER,INGREDIENT_ALCOOLISE,Alcool cité comme ingrédient dans le libellé,36 MOIS,,5.42,5.42,unité,PU HT,0.055,5.7181,,,,,,,,,,À CONFIRMER,,9/,9,À CONFIRMER,À CONFIRMER,À CONFIRMER,À CONFIRMER,À CONFIRMER,À CONFIRMER,À CONFIRMER,À CONFIRMER,À CONFIRMER,NON,À CONFIRMER,À CONFIRMER,À CONFIRMER,À CONFIRMER,À CONFIRMER,À CONFIRMER,À CONFIRMER,À CONFIRMER,À CONFIRMER,SIGNATURE,3,palier de prix d'achat (5.42 € HT) → 3,PROPOSITION AUTOMATIQUE – À VALIDER EN BACK-OFFICE,À CONFIRMER,À CONFIRMER,NON,À CONFIRMER,,À CONFIRMER,À CONFIRMER,À CONFIRMER,À CONFIRMER,À CONFIRMER,À CONFIRMER,SUR_COMMANDE (document = tarif et bon de commande 2026),PRODUIT,,,,38,Tarif et bon de commande 2026 – onglet « TARIF NORMAND DIRECT 2026 »,ligne 127
PROD-0119,À CONFIRMER,Poulet valée d'Auge 400 grs,Poulet valée d'Auge 400 grs,À CONFIRMER,TRAITEUR_PLATS,PLAT_CUISINE,règle 26,PÈRE ROUPSARD LES MIJOTES,FOUR-0013,PÈRE ROUPSARD LES MIJOTES,PÈRE ROUPSARD LES MIJOTES,FOUR-0001,NORMAND DIRECT TERROIR,Commande directe auprès de Normand Direct Terroir,À CONFIRMER,À CONFIRMER,À CONFIRMER,À CONFIRMER,À CONFIRMER,,AUCUNE_INFORMATION_DANS_LES_DOCUMENTS,À CONFIRMER,À CONFIRMER,400.0,,400 grs,,NON,,36 MOIS,,5.42,5.42,unité,PU HT,0.055,5.7181,,,,,,,,,,À CONFIRMER,,9/,9,À CONFIRMER,À CONFIRMER,À CONFIRMER,À CONFIRMER,À CONFIRMER,À CONFIRMER,À CONFIRMER,À CONFIRMER,À CONFIRMER,NON,À CONFIRMER,À CONFIRMER,À CONFIRMER,À CONFIRMER,À CONFIRMER,À CONFIRMER,À CONFIRMER,À CONFIRMER,À CONFIRMER,SIGNATURE,3,palier de prix d'achat (5.42 € HT) → 3,PROPOSITION AUTOMATIQUE – À VALIDER EN BACK-OFFICE,À CONFIRMER,À CONFIRMER,NON,À CONFIRMER,,À CONFIRMER,À CONFIRMER,À CONFIRMER,À CONFIRMER,À CONFIRMER,À CONFIRMER,SUR_COMMANDE (document = tarif et bon de commande 2026),PRODUIT,,,,37,Tarif et bon de commande 2026 – onglet « TARIF NORMAND DIRECT 2026 »,ligne 128
PROD-0120,À CONFIRMER,Sauté de porc au caramel de porc 400 grs,Sauté de porc au caramel de porc 400 grs,À CONFIRMER,TRAITEUR_PLATS,PLAT_CUISINE,règle 26,PÈRE ROUPSARD LES MIJOTES,FOUR-0013,PÈRE ROUPSARD LES MIJOTES,PÈRE ROUPSARD LES MIJOTES,FOUR-0001,NORMAND DIRECT TERROIR,Commande directe auprès de Normand Direct Terroir,À CONFIRMER,À CONFIRMER,À CONFIRMER,À CONFIRMER,À CONFIRMER,,AUCUNE_INFORMATION_DANS_LES_DOCUMENTS,À CONFIRMER,À CONFIRMER,400.0,,400 grs,,NON,,36 MOIS,,5.42,5.42,unité,PU HT,0.055,5.7181,,,,,,,,,,À CONFIRMER,,9/,9,À CONFIRMER,À CONFIRMER,À CONFIRMER,À CONFIRMER,À CONFIRMER,À CONFIRMER,À CONFIRMER,À CONFIRMER,À CONFIRMER,NON,À CONFIRMER,À CONFIRMER,À CONFIRMER,À CONFIRMER,À CONFIRMER,À CONFIRMER,À CONFIRMER,À CONFIRMER,À CONFIRMER,SIGNATURE,3,palier de prix d'achat (5.42 € HT) → 3,PROPOSITION AUTOMATIQUE – À VALIDER EN BACK-OFFICE,À CONFIRMER,À CONFIRMER,NON,À CONFIRMER,,À CONFIRMER,À CONFIRMER,À CONFIRMER,À CONFIRMER,À CONFIRMER,À CONFIRMER,SUR_COMMANDE (document = tarif et bon de commande 2026),PRODUIT,,,,37,Tarif et bon de commande 2026 – onglet « TARIF NORMAND DIRECT 2026 »,ligne 129
PROD-0121,À CONFIRMER,Chili con carne de porc 400 grs,Chili con carne de porc 400 grs,À CONFIRMER,TRAITEUR_PLATS,PLAT_CUISINE,règle 26,PÈRE ROUPSARD LES MIJOTES,FOUR-0013,PÈRE ROUPSARD LES MIJOTES,PÈRE ROUPSARD LES MIJOTES,FOUR-0001,NORMAND DIRECT TERROIR,Commande directe auprès de Normand Direct Terroir,À CONFIRMER,À CONFIRMER,À CONFIRMER,À CONFIRMER,À CONFIRMER,,AUCUNE_INFORMATION_DANS_LES_DOCUMENTS,À CONFIRMER,À CONFIRMER,400.0,,400 grs,,NON,,36 MOIS,,5.42,5.42,unité,PU HT,0.055,5.7181,,,,,,,,,,À CONFIRMER,,9/,9,À CONFIRMER,À CONFIRMER,À CONFIRMER,À CONFIRMER,À CONFIRMER,À CONFIRMER,À CONFIRMER,À CONFIRMER,À CONFIRMER,NON,À CONFIRMER,À CONFIRMER,À CONFIRMER,À CONFIRMER,À CONFIRMER,À CONFIRMER,À CONFIRMER,À CONFIRMER,À CONFIRMER,SIGNATURE,3,palier de prix d'achat (5.42 € HT) → 3,PROPOSITION AUTOMATIQUE – À VALIDER EN BACK-OFFICE,À CONFIRMER,À CONFIRMER,NON,À CONFIRMER,,À CONFIRMER,À CONFIRMER,À CONFIRMER,À CONFIRMER,À CONFIRMER,À CONFIRMER,SUR_COMMANDE (document = tarif et bon de commande 2026),PRODUIT,,,,37,Tarif et bon de commande 2026 – onglet « TARIF NORMAND DIRECT 2026 »,ligne 130
PROD-0122,À CONFIRMER,Paupiettes de porc forestières 400 grs,Paupiettes de porc forestières 400 grs,À CONFIRMER,TRAITEUR_PLATS,PLAT_CUISINE,règle 26,PÈRE ROUPSARD LES MIJOTES,FOUR-0013,PÈRE ROUPSARD LES MIJOTES,PÈRE ROUPSARD LES MIJOTES,FOUR-0001,NORMAND DIRECT TERROIR,Commande directe auprès de Normand Direct Terroir,À CONFIRMER,À CONFIRMER,À CONFIRMER,À CONFIRMER,À CONFIRMER,,AUCUNE_INFORMATION_DANS_LES_DOCUMENTS,À CONFIRMER,À CONFIRMER,400.0,,400 grs,,NON,,36 MOIS,,5.42,5.42,unité,PU HT,0.055,5.7181,,,,,,,,,,À CONFIRMER,,9/,9,À CONFIRMER,À CONFIRMER,À CONFIRMER,À CONFIRMER,À CONFIRMER,À CONFIRMER,À CONFIRMER,À CONFIRMER,À CONFIRMER,NON,À CONFIRMER,À CONFIRMER,À CONFIRMER,À CONFIRMER,À CONFIRMER,À CONFIRMER,À CONFIRMER,À CONFIRMER,À CONFIRMER,SIGNATURE,3,palier de prix d'achat (5.42 € HT) → 3,PROPOSITION AUTOMATIQUE – À VALIDER EN BACK-OFFICE,À CONFIRMER,À CONFIRMER,NON,À CONFIRMER,,À CONFIRMER,À CONFIRMER,À CONFIRMER,À CONFIRMER,À CONFIRMER,À CONFIRMER,SUR_COMMANDE (document = tarif et bon de commande 2026),PRODUIT,,,,37,Tarif et bon de commande 2026 – onglet « TARIF NORMAND DIRECT 2026 »,ligne 131
PROD-0123,À CONFIRMER,Blanquette de la mer au petits légumes 400 grs,Blanquette de la mer au petits légumes 400 grs,À CONFIRMER,TRAITEUR_PLATS,PLAT_CUISINE,règle 26,PÈRE ROUPSARD LES MIJOTES,FOUR-0013,PÈRE ROUPSARD LES MIJOTES,PÈRE ROUPSARD LES MIJOTES,FOUR-0001,NORMAND DIRECT TERROIR,Commande directe auprès de Normand Direct Terroir,À CONFIRMER,À CONFIRMER,À CONFIRMER,À CONFIRMER,À CONFIRMER,,AUCUNE_INFORMATION_DANS_LES_DOCUMENTS,À CONFIRMER,À CONFIRMER,400.0,,400 grs,,NON,,36 MOIS,,5.42,5.42,unité,PU HT,0.055,5.7181,,,,,,,,,,À CONFIRMER,,9/,9,À CONFIRMER,À CONFIRMER,À CONFIRMER,À CONFIRMER,À CONFIRMER,À CONFIRMER,À CONFIRMER,À CONFIRMER,À CONFIRMER,NON,À CONFIRMER,À CONFIRMER,À CONFIRMER,À CONFIRMER,À CONFIRMER,À CONFIRMER,À CONFIRMER,À CONFIRMER,À CONFIRMER,SIGNATURE,3,palier de prix d'achat (5.42 € HT) → 3,PROPOSITION AUTOMATIQUE – À VALIDER EN BACK-OFFICE,À CONFIRMER,À CONFIRMER,NON,À CONFIRMER,,À CONFIRMER,À CONFIRMER,À CONFIRMER,À CONFIRMER,À CONFIRMER,À CONFIRMER,SUR_COMMANDE (document = tarif et bon de commande 2026),PRODUIT,,,,37,Tarif et bon de commande 2026 – onglet « TARIF NORMAND DIRECT 2026 »,ligne 132
PROD-0124,À CONFIRMER,Soupe de poisson 1 litre,Soupe de poisson 1 litre,À CONFIRMER,TRAITEUR_MER,SOUPE_ET_BISQUE,règle 22,PÈRE ROUPSARD TRAITEUR,FOUR-0012,PÈRE ROUPSARD TRAITEUR,PÈRE ROUPSARD TRAITEUR,FOUR-0001,NORMAND DIRECT TERROIR,Commande directe auprès de Normand Direct Terroir,À CONFIRMER,À CONFIRMER,À CONFIRMER,À CONFIRMER,À CONFIRMER,,AUCUNE_INFORMATION_DANS_LES_DOCUMENTS,À CONFIRMER,À CONFIRMER,,1000.0,1 litre,,NON,,36 MOIS,,3.4,3.4,unité,PU HT,0.055,3.587,,,,,,,,,,À CONFIRMER,,6/,6,À CONFIRMER,À CONFIRMER,À CONFIRMER,À CONFIRMER,À CONFIRMER,À CONFIRMER,À CONFIRMER,À CONFIRMER,À CONFIRMER,OUI_DEDUIT_DU_CONDITIONNEMENT,À CONFIRMER,À CONFIRMER,À CONFIRMER,À CONFIRMER,À CONFIRMER,À CONFIRMER,À CONFIRMER,À CONFIRMER,À CONFIRMER,ESSENTIEL,2,palier de prix d'achat (3.40 € HT) → 2,PROPOSITION AUTOMATIQUE – À VALIDER EN BACK-OFFICE,À CONFIRMER,À CONFIRMER,NON,À CONFIRMER,,À CONFIRMER,À CONFIRMER,À CONFIRMER,À CONFIRMER,À CONFIRMER,À CONFIRMER,SUR_COMMANDE (document = tarif et bon de commande 2026),PRODUIT,LIBELLÉ IDENTIQUE – PRODUCTEURS DIFFÉRENTS,,,37,Tarif et bon de commande 2026 – onglet « TARIF NORMAND DIRECT 2026 »,ligne 133
PROD-0125,À CONFIRMER,Soupe de poisson 50 cl,Soupe de poisson 50 cl,À CONFIRMER,TRAITEUR_MER,SOUPE_ET_BISQUE,règle 22,PÈRE ROUPSARD TRAITEUR,FOUR-0012,PÈRE ROUPSARD TRAITEUR,PÈRE ROUPSARD TRAITEUR,FOUR-0001,NORMAND DIRECT TERROIR,Commande directe auprès de Normand Direct Terroir,À CONFIRMER,À CONFIRMER,À CONFIRMER,À CONFIRMER,À CONFIRMER,,AUCUNE_INFORMATION_DANS_LES_DOCUMENTS,À CONFIRMER,À CONFIRMER,,500.0,50 cl,,NON,,36 MOIS,,2.05,2.05,unité,PU HT,0.055,2.1627,,,,,,,,,,À CONFIRMER,,9/,9,À CONFIRMER,À CONFIRMER,À CONFIRMER,À CONFIRMER,À CONFIRMER,À CONFIRMER,À CONFIRMER,OUI_DEDUIT,PROBABLE_DEDUIT_DU_CONDITIONNEMENT,OUI_DEDUIT_DU_CONDITIONNEMENT,OUI_DEDUIT,OUI,PROTECTION_BOUTEILLE_OU_CONTENANT_VERRE,À CONFIRMER,À CONFIRMER,À CONFIRMER,À CONFIRMER,À CONFIRMER,À CONFIRMER,ESSENTIEL,1,palier de prix d'achat (2.05 € HT) → 1,PROPOSITION AUTOMATIQUE – À VALIDER EN BACK-OFFICE,À CONFIRMER,À CONFIRMER,NON,À CONFIRMER,PRODUIT_FRAGILE,À CONFIRMER,À CONFIRMER,À CONFIRMER,À CONFIRMER,À CONFIRMER,À CONFIRMER,SUR_COMMANDE (document = tarif et bon de commande 2026),PRODUIT,LIBELLÉ IDENTIQUE – PRODUCTEURS DIFFÉRENTS,,,32,Tarif et bon de commande 2026 – onglet « TARIF NORMAND DIRECT 2026 »,ligne 134
PROD-0126,À CONFIRMER,Velouté de homard 1 litre,Velouté de homard 1 litre,À CONFIRMER,TRAITEUR_MER,SOUPE_ET_BISQUE,règle 22,PÈRE ROUPSARD TRAITEUR,FOUR-0012,PÈRE ROUPSARD TRAITEUR,PÈRE ROUPSARD TRAITEUR,FOUR-0001,NORMAND DIRECT TERROIR,Commande directe auprès de Normand Direct Terroir,À CONFIRMER,À CONFIRMER,À CONFIRMER,À CONFIRMER,À CONFIRMER,,AUCUNE_INFORMATION_DANS_LES_DOCUMENTS,À CONFIRMER,À CONFIRMER,,1000.0,1 litre,,NON,,36 MOIS,,5.95,5.95,unité,PU HT,0.055,6.2772,,,,,,,,,,À CONFIRMER,,6/,6,À CONFIRMER,À CONFIRMER,À CONFIRMER,À CONFIRMER,À CONFIRMER,À CONFIRMER,À CONFIRMER,À CONFIRMER,À CONFIRMER,OUI_DEDUIT_DU_CONDITIONNEMENT,À CONFIRMER,À CONFIRMER,À CONFIRMER,À CONFIRMER,À CONFIRMER,À CONFIRMER,À CONFIRMER,À CONFIRMER,À CONFIRMER,SIGNATURE,3,palier de prix d'achat (5.95 € HT) → 3,PROPOSITION AUTOMATIQUE – À VALIDER EN BACK-OFFICE,À CONFIRMER,À CONFIRMER,NON,À CONFIRMER,,À CONFIRMER,À CONFIRMER,À CONFIRMER,À CONFIRMER,À CONFIRMER,À CONFIRMER,SUR_COMMANDE (document = tarif et bon de commande 2026),PRODUIT,LIBELLÉ IDENTIQUE – MÊME PRODUCTEUR,,,37,Tarif et bon de commande 2026 – onglet « TARIF NORMAND DIRECT 2026 »,ligne 135
PROD-0127,À CONFIRMER,Velouté de homard 50 cl,Velouté de homard 50 cl,À CONFIRMER,TRAITEUR_MER,SOUPE_ET_BISQUE,règle 22,PÈRE ROUPSARD TRAITEUR,FOUR-0012,PÈRE ROUPSARD TRAITEUR,PÈRE ROUPSARD TRAITEUR,FOUR-0001,NORMAND DIRECT TERROIR,Commande directe auprès de Normand Direct Terroir,À CONFIRMER,À CONFIRMER,À CONFIRMER,À CONFIRMER,À CONFIRMER,,AUCUNE_INFORMATION_DANS_LES_DOCUMENTS,À CONFIRMER,À CONFIRMER,,500.0,50 cl,,NON,,36 MOIS,,3.68,3.68,unité,PU HT,0.055,3.8824,,,,,,,,,,À CONFIRMER,,9/,9,À CONFIRMER,À CONFIRMER,À CONFIRMER,À CONFIRMER,À CONFIRMER,À CONFIRMER,À CONFIRMER,OUI_DEDUIT,PROBABLE_DEDUIT_DU_CONDITIONNEMENT,OUI_DEDUIT_DU_CONDITIONNEMENT,OUI_DEDUIT,OUI,PROTECTION_BOUTEILLE_OU_CONTENANT_VERRE,À CONFIRMER,À CONFIRMER,À CONFIRMER,À CONFIRMER,À CONFIRMER,À CONFIRMER,ESSENTIEL,2,palier de prix d'achat (3.68 € HT) → 2,PROPOSITION AUTOMATIQUE – À VALIDER EN BACK-OFFICE,À CONFIRMER,À CONFIRMER,NON,À CONFIRMER,PRODUIT_FRAGILE,À CONFIRMER,À CONFIRMER,À CONFIRMER,À CONFIRMER,À CONFIRMER,À CONFIRMER,SUR_COMMANDE (document = tarif et bon de commande 2026),PRODUIT,LIBELLÉ IDENTIQUE – MÊME PRODUCTEUR,,,32,Tarif et bon de commande 2026 – onglet « TARIF NORMAND DIRECT 2026 »,ligne 136
PROD-0128,À CONFIRMER,Soupe d'étrilles 1 litre,Soupe d'étrilles 1 litre,À CONFIRMER,TRAITEUR_MER,SOUPE_ET_BISQUE,règle 22,PÈRE ROUPSARD TRAITEUR,FOUR-0012,PÈRE ROUPSARD TRAITEUR,PÈRE ROUPSARD TRAITEUR,FOUR-0001,NORMAND DIRECT TERROIR,Commande directe auprès de Normand Direct Terroir,À CONFIRMER,À CONFIRMER,À CONFIRMER,À CONFIRMER,À CONFIRMER,,AUCUNE_INFORMATION_DANS_LES_DOCUMENTS,À CONFIRMER,À CONFIRMER,,1000.0,1 litre,,NON,,36 MOIS,,4.05,4.05,unité,PU HT,0.055,4.2727,,,,,,,,,,À CONFIRMER,,6/,6,À CONFIRMER,À CONFIRMER,À CONFIRMER,À CONFIRMER,À CONFIRMER,À CONFIRMER,À CONFIRMER,À CONFIRMER,À CONFIRMER,OUI_DEDUIT_DU_CONDITIONNEMENT,À CONFIRMER,À CONFIRMER,À CONFIRMER,À CONFIRMER,À CONFIRMER,À CONFIRMER,À CONFIRMER,À CONFIRMER,À CONFIRMER,ESSENTIEL,2,palier de prix d'achat (4.05 € HT) → 2,PROPOSITION AUTOMATIQUE – À VALIDER EN BACK-OFFICE,À CONFIRMER,À CONFIRMER,NON,À CONFIRMER,,À CONFIRMER,À CONFIRMER,À CONFIRMER,À CONFIRMER,À CONFIRMER,À CONFIRMER,SUR_COMMANDE (document = tarif et bon de commande 2026),PRODUIT,LIBELLÉ IDENTIQUE – MÊME PRODUCTEUR,,,37,Tarif et bon de commande 2026 – onglet « TARIF NORMAND DIRECT 2026 »,ligne 137
PROD-0129,À CONFIRMER,Soupe d'étrilles 50 cl,Soupe d'étrilles 50 cl,À CONFIRMER,TRAITEUR_MER,SOUPE_ET_BISQUE,règle 22,PÈRE ROUPSARD TRAITEUR,FOUR-0012,PÈRE ROUPSARD TRAITEUR,PÈRE ROUPSARD TRAITEUR,FOUR-0001,NORMAND DIRECT TERROIR,Commande directe auprès de Normand Direct Terroir,À CONFIRMER,À CONFIRMER,À CONFIRMER,À CONFIRMER,À CONFIRMER,,AUCUNE_INFORMATION_DANS_LES_DOCUMENTS,À CONFIRMER,À CONFIRMER,,500.0,50 cl,,NON,,36 MOIS,,2.31,2.31,unité,PU HT,0.055,2.437,,,,,,,,,,À CONFIRMER,,9/,9,À CONFIRMER,À CONFIRMER,À CONFIRMER,À CONFIRMER,À CONFIRMER,À CONFIRMER,À CONFIRMER,OUI_DEDUIT,PROBABLE_DEDUIT_DU_CONDITIONNEMENT,OUI_DEDUIT_DU_CONDITIONNEMENT,OUI_DEDUIT,OUI,PROTECTION_BOUTEILLE_OU_CONTENANT_VERRE,À CONFIRMER,À CONFIRMER,À CONFIRMER,À CONFIRMER,À CONFIRMER,À CONFIRMER,ESSENTIEL,1,palier de prix d'achat (2.31 € HT) → 1,PROPOSITION AUTOMATIQUE – À VALIDER EN BACK-OFFICE,À CONFIRMER,À CONFIRMER,NON,À CONFIRMER,PRODUIT_FRAGILE,À CONFIRMER,À CONFIRMER,À CONFIRMER,À CONFIRMER,À CONFIRMER,À CONFIRMER,SUR_COMMANDE (document = tarif et bon de commande 2026),PRODUIT,LIBELLÉ IDENTIQUE – MÊME PRODUCTEUR,,,32,Tarif et bon de commande 2026 – onglet « TARIF NORMAND DIRECT 2026 »,ligne 138
PROD-0130,À CONFIRMER,Soupe de langoustines 1 litre,Soupe de langoustines 1 litre,À CONFIRMER,TRAITEUR_MER,SOUPE_ET_BISQUE,règle 22,PÈRE ROUPSARD TRAITEUR,FOUR-0012,PÈRE ROUPSARD TRAITEUR,PÈRE ROUPSARD TRAITEUR,FOUR-0001,NORMAND DIRECT TERROIR,Commande directe auprès de Normand Direct Terroir,À CONFIRMER,À CONFIRMER,À CONFIRMER,À CONFIRMER,À CONFIRMER,,AUCUNE_INFORMATION_DANS_LES_DOCUMENTS,À CONFIRMER,À CONFIRMER,,1000.0,1 litre,,NON,,36 MOIS,,4.05,4.05,unité,PU HT,0.055,4.2727,,,,,,,,,,À CONFIRMER,,6/,6,À CONFIRMER,À CONFIRMER,À CONFIRMER,À CONFIRMER,À CONFIRMER,À CONFIRMER,À CONFIRMER,À CONFIRMER,À CONFIRMER,OUI_DEDUIT_DU_CONDITIONNEMENT,À CONFIRMER,À CONFIRMER,À CONFIRMER,À CONFIRMER,À CONFIRMER,À CONFIRMER,À CONFIRMER,À CONFIRMER,À CONFIRMER,ESSENTIEL,2,palier de prix d'achat (4.05 € HT) → 2,PROPOSITION AUTOMATIQUE – À VALIDER EN BACK-OFFICE,À CONFIRMER,À CONFIRMER,NON,À CONFIRMER,,À CONFIRMER,À CONFIRMER,À CONFIRMER,À CONFIRMER,À CONFIRMER,À CONFIRMER,SUR_COMMANDE (document = tarif et bon de commande 2026),PRODUIT,LIBELLÉ IDENTIQUE – MÊME PRODUCTEUR,,,37,Tarif et bon de commande 2026 – onglet « TARIF NORMAND DIRECT 2026 »,ligne 139
PROD-0131,À CONFIRMER,Soupe de langoustines 50 cl,Soupe de langoustines 50 cl,À CONFIRMER,TRAITEUR_MER,SOUPE_ET_BISQUE,règle 22,PÈRE ROUPSARD TRAITEUR,FOUR-0012,PÈRE ROUPSARD TRAITEUR,PÈRE ROUPSARD TRAITEUR,FOUR-0001,NORMAND DIRECT TERROIR,Commande directe auprès de Normand Direct Terroir,À CONFIRMER,À CONFIRMER,À CONFIRMER,À CONFIRMER,À CONFIRMER,,AUCUNE_INFORMATION_DANS_LES_DOCUMENTS,À CONFIRMER,À CONFIRMER,,500.0,50 cl,,NON,,36 MOIS,,2.31,2.31,unité,PU HT,0.055,2.437,,,,,,,,,,À CONFIRMER,,9/,9,À CONFIRMER,À CONFIRMER,À CONFIRMER,À CONFIRMER,À CONFIRMER,À CONFIRMER,À CONFIRMER,OUI_DEDUIT,PROBABLE_DEDUIT_DU_CONDITIONNEMENT,OUI_DEDUIT_DU_CONDITIONNEMENT,OUI_DEDUIT,OUI,PROTECTION_BOUTEILLE_OU_CONTENANT_VERRE,À CONFIRMER,À CONFIRMER,À CONFIRMER,À CONFIRMER,À CONFIRMER,À CONFIRMER,ESSENTIEL,1,palier de prix d'achat (2.31 € HT) → 1,PROPOSITION AUTOMATIQUE – À VALIDER EN BACK-OFFICE,À CONFIRMER,À CONFIRMER,NON,À CONFIRMER,PRODUIT_FRAGILE,À CONFIRMER,À CONFIRMER,À CONFIRMER,À CONFIRMER,À CONFIRMER,À CONFIRMER,SUR_COMMANDE (document = tarif et bon de commande 2026),PRODUIT,LIBELLÉ IDENTIQUE – MÊME PRODUCTEUR,,,32,Tarif et bon de commande 2026 – onglet « TARIF NORMAND DIRECT 2026 »,ligne 140
PROD-0132,À CONFIRMER,Thon ail et fines herbes 90 g,Thon ail et fines herbes 90 g,À CONFIRMER,TRAITEUR_MER,PRODUIT_DE_LA_MER,règle 23,LES DINATOIRES DU PÈRE ROUPSARD,FOUR-0014,LES DINATOIRES DU PÈRE ROUPSARD,LES DINATOIRES DU PÈRE ROUPSARD,FOUR-0001,NORMAND DIRECT TERROIR,Commande directe auprès de Normand Direct Terroir,À CONFIRMER,À CONFIRMER,À CONFIRMER,À CONFIRMER,À CONFIRMER,,AUCUNE_INFORMATION_DANS_LES_DOCUMENTS,À CONFIRMER,À CONFIRMER,90.0,,90 g,,NON,,36 MOIS,,3.25,3.25,unité,PU HT,0.055,3.4287,,,,,,,,,,À CONFIRMER,,6/,6,À CONFIRMER,À CONFIRMER,À CONFIRMER,À CONFIRMER,À CONFIRMER,À CONFIRMER,À CONFIRMER,À CONFIRMER,À CONFIRMER,NON,À CONFIRMER,À CONFIRMER,À CONFIRMER,À CONFIRMER,À CONFIRMER,À CONFIRMER,À CONFIRMER,À CONFIRMER,À CONFIRMER,ESSENTIEL,2,palier de prix d'achat (3.25 € HT) → 2,PROPOSITION AUTOMATIQUE – À VALIDER EN BACK-OFFICE,À CONFIRMER,À CONFIRMER,NON,À CONFIRMER,FAIBLE_COUT_LOGISTIQUE,À CONFIRMER,À CONFIRMER,À CONFIRMER,À CONFIRMER,À CONFIRMER,À CONFIRMER,SUR_COMMANDE (document = tarif et bon de commande 2026),PRODUIT,,,,37,Tarif et bon de commande 2026 – onglet « TARIF NORMAND DIRECT 2026 »,ligne 141
PROD-0133,À CONFIRMER,Deux saumon et basilic 90 g  NOUVEAU,Deux saumon et basilic 90 g  NOUVEAU,À CONFIRMER,TRAITEUR_MER,PRODUIT_DE_LA_MER,règle 23,LES DINATOIRES DU PÈRE ROUPSARD,FOUR-0014,LES DINATOIRES DU PÈRE ROUPSARD,LES DINATOIRES DU PÈRE ROUPSARD,FOUR-0001,NORMAND DIRECT TERROIR,Commande directe auprès de Normand Direct Terroir,À CONFIRMER,À CONFIRMER,À CONFIRMER,À CONFIRMER,À CONFIRMER,,AUCUNE_INFORMATION_DANS_LES_DOCUMENTS,À CONFIRMER,À CONFIRMER,90.0,,90 g,,NON,,36 MOIS,NOUVEAU,3.25,3.25,unité,PU HT,0.055,3.4287,,,,,,,,,,À CONFIRMER,,6/,6,À CONFIRMER,À CONFIRMER,À CONFIRMER,À CONFIRMER,À CONFIRMER,À CONFIRMER,À CONFIRMER,À CONFIRMER,À CONFIRMER,NON,À CONFIRMER,À CONFIRMER,À CONFIRMER,À CONFIRMER,À CONFIRMER,À CONFIRMER,À CONFIRMER,À CONFIRMER,À CONFIRMER,ESSENTIEL,2,palier de prix d'achat (3.25 € HT) → 2,PROPOSITION AUTOMATIQUE – À VALIDER EN BACK-OFFICE,À CONFIRMER,À CONFIRMER,NON,À CONFIRMER,NOUVEAUTE ; FAIBLE_COUT_LOGISTIQUE,À CONFIRMER,À CONFIRMER,À CONFIRMER,À CONFIRMER,À CONFIRMER,À CONFIRMER,SUR_COMMANDE (document = tarif et bon de commande 2026),PRODUIT,,,,37,Tarif et bon de commande 2026 – onglet « TARIF NORMAND DIRECT 2026 »,ligne 142
PROD-0134,À CONFIRMER,St jacques éclats de porc fumés 90 grs,St jacques éclats de porc fumés 90 grs,À CONFIRMER,TRAITEUR_MER,PRODUIT_DE_LA_MER,règle 23,LES DINATOIRES DU PÈRE ROUPSARD,FOUR-0014,LES DINATOIRES DU PÈRE ROUPSARD,LES DINATOIRES DU PÈRE ROUPSARD,FOUR-0001,NORMAND DIRECT TERROIR,Commande directe auprès de Normand Direct Terroir,À CONFIRMER,À CONFIRMER,À CONFIRMER,À CONFIRMER,À CONFIRMER,,AUCUNE_INFORMATION_DANS_LES_DOCUMENTS,À CONFIRMER,À CONFIRMER,90.0,,90 grs,,NON,,36 MOIS,,3.25,3.25,unité,PU HT,0.055,3.4287,,,,,,,,,,À CONFIRMER,,6/,6,À CONFIRMER,À CONFIRMER,À CONFIRMER,À CONFIRMER,À CONFIRMER,À CONFIRMER,À CONFIRMER,À CONFIRMER,À CONFIRMER,NON,À CONFIRMER,À CONFIRMER,À CONFIRMER,À CONFIRMER,À CONFIRMER,À CONFIRMER,À CONFIRMER,À CONFIRMER,À CONFIRMER,ESSENTIEL,2,palier de prix d'achat (3.25 € HT) → 2,PROPOSITION AUTOMATIQUE – À VALIDER EN BACK-OFFICE,À CONFIRMER,À CONFIRMER,NON,À CONFIRMER,FAIBLE_COUT_LOGISTIQUE,À CONFIRMER,À CONFIRMER,À CONFIRMER,À CONFIRMER,À CONFIRMER,À CONFIRMER,SUR_COMMANDE (document = tarif et bon de commande 2026),PRODUIT,,,,37,Tarif et bon de commande 2026 – onglet « TARIF NORMAND DIRECT 2026 »,ligne 143
PROD-0135,À CONFIRMER,St jacques algues 90 grs,St jacques algues 90 grs,À CONFIRMER,TRAITEUR_MER,PRODUIT_DE_LA_MER,règle 23,LES DINATOIRES DU PÈRE ROUPSARD,FOUR-0014,LES DINATOIRES DU PÈRE ROUPSARD,LES DINATOIRES DU PÈRE ROUPSARD,FOUR-0001,NORMAND DIRECT TERROIR,Commande directe auprès de Normand Direct Terroir,À CONFIRMER,À CONFIRMER,À CONFIRMER,À CONFIRMER,À CONFIRMER,,AUCUNE_INFORMATION_DANS_LES_DOCUMENTS,À CONFIRMER,À CONFIRMER,90.0,,90 grs,,NON,,36 MOIS,,3.25,3.25,unité,PU HT,0.055,3.4287,,,,,,,,,,À CONFIRMER,,6/,6,À CONFIRMER,À CONFIRMER,À CONFIRMER,À CONFIRMER,À CONFIRMER,À CONFIRMER,À CONFIRMER,À CONFIRMER,À CONFIRMER,NON,À CONFIRMER,À CONFIRMER,À CONFIRMER,À CONFIRMER,À CONFIRMER,À CONFIRMER,À CONFIRMER,À CONFIRMER,À CONFIRMER,ESSENTIEL,2,palier de prix d'achat (3.25 € HT) → 2,PROPOSITION AUTOMATIQUE – À VALIDER EN BACK-OFFICE,À CONFIRMER,À CONFIRMER,NON,À CONFIRMER,FAIBLE_COUT_LOGISTIQUE,À CONFIRMER,À CONFIRMER,À CONFIRMER,À CONFIRMER,À CONFIRMER,À CONFIRMER,SUR_COMMANDE (document = tarif et bon de commande 2026),PRODUIT,,,,37,Tarif et bon de commande 2026 – onglet « TARIF NORMAND DIRECT 2026 »,ligne 144
PROD-0136,À CONFIRMER,St jacques chorizo 90 grs,St jacques chorizo 90 grs,À CONFIRMER,TRAITEUR_MER,PRODUIT_DE_LA_MER,règle 23,LES DINATOIRES DU PÈRE ROUPSARD,FOUR-0014,LES DINATOIRES DU PÈRE ROUPSARD,LES DINATOIRES DU PÈRE ROUPSARD,FOUR-0001,NORMAND DIRECT TERROIR,Commande directe auprès de Normand Direct Terroir,À CONFIRMER,À CONFIRMER,À CONFIRMER,À CONFIRMER,À CONFIRMER,,AUCUNE_INFORMATION_DANS_LES_DOCUMENTS,À CONFIRMER,À CONFIRMER,90.0,,90 grs,,NON,,36 MOIS,,3.25,3.25,unité,PU HT,0.055,3.4287,,,,,,,,,,À CONFIRMER,,6/,6,À CONFIRMER,À CONFIRMER,À CONFIRMER,À CONFIRMER,À CONFIRMER,À CONFIRMER,À CONFIRMER,À CONFIRMER,À CONFIRMER,NON,À CONFIRMER,À CONFIRMER,À CONFIRMER,À CONFIRMER,À CONFIRMER,À CONFIRMER,À CONFIRMER,À CONFIRMER,À CONFIRMER,ESSENTIEL,2,palier de prix d'achat (3.25 € HT) → 2,PROPOSITION AUTOMATIQUE – À VALIDER EN BACK-OFFICE,À CONFIRMER,À CONFIRMER,NON,À CONFIRMER,FAIBLE_COUT_LOGISTIQUE,À CONFIRMER,À CONFIRMER,À CONFIRMER,À CONFIRMER,À CONFIRMER,À CONFIRMER,SUR_COMMANDE (document = tarif et bon de commande 2026),PRODUIT,,,,37,Tarif et bon de commande 2026 – onglet « TARIF NORMAND DIRECT 2026 »,ligne 145
PROD-0137,À CONFIRMER,Sardine piment d'Espelette 90 grs,Sardine piment d'Espelette 90 grs,À CONFIRMER,TRAITEUR_MER,PRODUIT_DE_LA_MER,règle 23,LES DINATOIRES DU PÈRE ROUPSARD,FOUR-0014,LES DINATOIRES DU PÈRE ROUPSARD,LES DINATOIRES DU PÈRE ROUPSARD,FOUR-0001,NORMAND DIRECT TERROIR,Commande directe auprès de Normand Direct Terroir,À CONFIRMER,À CONFIRMER,À CONFIRMER,À CONFIRMER,À CONFIRMER,,AUCUNE_INFORMATION_DANS_LES_DOCUMENTS,À CONFIRMER,À CONFIRMER,90.0,,90 grs,,NON,,36 MOIS,,3.25,3.25,unité,PU HT,0.055,3.4287,,,,,,,,,,À CONFIRMER,,6/,6,À CONFIRMER,À CONFIRMER,À CONFIRMER,À CONFIRMER,À CONFIRMER,À CONFIRMER,À CONFIRMER,À CONFIRMER,À CONFIRMER,NON,À CONFIRMER,À CONFIRMER,À CONFIRMER,À CONFIRMER,À CONFIRMER,À CONFIRMER,À CONFIRMER,À CONFIRMER,À CONFIRMER,ESSENTIEL,2,palier de prix d'achat (3.25 € HT) → 2,PROPOSITION AUTOMATIQUE – À VALIDER EN BACK-OFFICE,À CONFIRMER,À CONFIRMER,NON,À CONFIRMER,FAIBLE_COUT_LOGISTIQUE,À CONFIRMER,À CONFIRMER,À CONFIRMER,À CONFIRMER,À CONFIRMER,À CONFIRMER,SUR_COMMANDE (document = tarif et bon de commande 2026),PRODUIT,,,,37,Tarif et bon de commande 2026 – onglet « TARIF NORMAND DIRECT 2026 »,ligne 146
PROD-0138,À CONFIRMER,Rouget poireau 90 grs,Rouget poireau 90 grs,À CONFIRMER,TRAITEUR_MER,PRODUIT_DE_LA_MER,règle 23,LES DINATOIRES DU PÈRE ROUPSARD,FOUR-0014,LES DINATOIRES DU PÈRE ROUPSARD,LES DINATOIRES DU PÈRE ROUPSARD,FOUR-0001,NORMAND DIRECT TERROIR,Commande directe auprès de Normand Direct Terroir,À CONFIRMER,À CONFIRMER,À CONFIRMER,À CONFIRMER,À CONFIRMER,,AUCUNE_INFORMATION_DANS_LES_DOCUMENTS,À CONFIRMER,À CONFIRMER,90.0,,90 grs,,NON,,36 MOIS,,3.25,3.25,unité,PU HT,0.055,3.4287,,,,,,,,,,À CONFIRMER,,6/,6,À CONFIRMER,À CONFIRMER,À CONFIRMER,À CONFIRMER,À CONFIRMER,À CONFIRMER,À CONFIRMER,À CONFIRMER,À CONFIRMER,NON,À CONFIRMER,À CONFIRMER,À CONFIRMER,À CONFIRMER,À CONFIRMER,À CONFIRMER,À CONFIRMER,À CONFIRMER,À CONFIRMER,ESSENTIEL,2,palier de prix d'achat (3.25 € HT) → 2,PROPOSITION AUTOMATIQUE – À VALIDER EN BACK-OFFICE,À CONFIRMER,À CONFIRMER,NON,À CONFIRMER,FAIBLE_COUT_LOGISTIQUE,À CONFIRMER,À CONFIRMER,À CONFIRMER,À CONFIRMER,À CONFIRMER,À CONFIRMER,SUR_COMMANDE (document = tarif et bon de commande 2026),PRODUIT,,,,37,Tarif et bon de commande 2026 – onglet « TARIF NORMAND DIRECT 2026 »,ligne 147
PROD-0139,À CONFIRMER,Maquereaux en rillettes 90 grs,Maquereaux en rillettes 90 grs,À CONFIRMER,TRAITEUR_MER,PRODUIT_DE_LA_MER,règle 23,LES DINATOIRES DU PÈRE ROUPSARD,FOUR-0014,LES DINATOIRES DU PÈRE ROUPSARD,LES DINATOIRES DU PÈRE ROUPSARD,FOUR-0001,NORMAND DIRECT TERROIR,Commande directe auprès de Normand Direct Terroir,À CONFIRMER,À CONFIRMER,À CONFIRMER,À CONFIRMER,À CONFIRMER,,AUCUNE_INFORMATION_DANS_LES_DOCUMENTS,À CONFIRMER,À CONFIRMER,90.0,,90 grs,,NON,,36 MOIS,,3.25,3.25,unité,PU HT,0.055,3.4287,,,,,,,,,,À CONFIRMER,,6/,6,À CONFIRMER,À CONFIRMER,À CONFIRMER,À CONFIRMER,À CONFIRMER,À CONFIRMER,À CONFIRMER,À CONFIRMER,À CONFIRMER,NON,À CONFIRMER,À CONFIRMER,À CONFIRMER,À CONFIRMER,À CONFIRMER,À CONFIRMER,À CONFIRMER,À CONFIRMER,À CONFIRMER,ESSENTIEL,2,palier de prix d'achat (3.25 € HT) → 2,PROPOSITION AUTOMATIQUE – À VALIDER EN BACK-OFFICE,À CONFIRMER,À CONFIRMER,NON,À CONFIRMER,FAIBLE_COUT_LOGISTIQUE,À CONFIRMER,À CONFIRMER,À CONFIRMER,À CONFIRMER,À CONFIRMER,À CONFIRMER,SUR_COMMANDE (document = tarif et bon de commande 2026),PRODUIT,,,,37,Tarif et bon de commande 2026 – onglet « TARIF NORMAND DIRECT 2026 »,ligne 148
PROD-0140,À CONFIRMER,Crevette mangue 90 grs,Crevette mangue 90 grs,À CONFIRMER,TRAITEUR_MER,PRODUIT_DE_LA_MER,règle 23,LES DINATOIRES DU PÈRE ROUPSARD,FOUR-0014,LES DINATOIRES DU PÈRE ROUPSARD,LES DINATOIRES DU PÈRE ROUPSARD,FOUR-0001,NORMAND DIRECT TERROIR,Commande directe auprès de Normand Direct Terroir,À CONFIRMER,À CONFIRMER,À CONFIRMER,À CONFIRMER,À CONFIRMER,,AUCUNE_INFORMATION_DANS_LES_DOCUMENTS,À CONFIRMER,À CONFIRMER,90.0,,90 grs,,NON,,36 MOIS,,3.25,3.25,unité,PU HT,0.055,3.4287,,,,,,,,,,À CONFIRMER,,6/,6,À CONFIRMER,À CONFIRMER,À CONFIRMER,À CONFIRMER,À CONFIRMER,À CONFIRMER,À CONFIRMER,À CONFIRMER,À CONFIRMER,NON,À CONFIRMER,À CONFIRMER,À CONFIRMER,À CONFIRMER,À CONFIRMER,À CONFIRMER,À CONFIRMER,À CONFIRMER,À CONFIRMER,ESSENTIEL,2,palier de prix d'achat (3.25 € HT) → 2,PROPOSITION AUTOMATIQUE – À VALIDER EN BACK-OFFICE,À CONFIRMER,À CONFIRMER,NON,À CONFIRMER,FAIBLE_COUT_LOGISTIQUE,À CONFIRMER,À CONFIRMER,À CONFIRMER,À CONFIRMER,À CONFIRMER,À CONFIRMER,SUR_COMMANDE (document = tarif et bon de commande 2026),PRODUIT,,,,37,Tarif et bon de commande 2026 – onglet « TARIF NORMAND DIRECT 2026 »,ligne 149
PROD-0141,À CONFIRMER,Cabillaud fumé 90 grs,Cabillaud fumé 90 grs,À CONFIRMER,TRAITEUR_MER,PRODUIT_DE_LA_MER,règle 23,LES DINATOIRES DU PÈRE ROUPSARD,FOUR-0014,LES DINATOIRES DU PÈRE ROUPSARD,LES DINATOIRES DU PÈRE ROUPSARD,FOUR-0001,NORMAND DIRECT TERROIR,Commande directe auprès de Normand Direct Terroir,À CONFIRMER,À CONFIRMER,À CONFIRMER,À CONFIRMER,À CONFIRMER,,AUCUNE_INFORMATION_DANS_LES_DOCUMENTS,À CONFIRMER,À CONFIRMER,90.0,,90 grs,,NON,,36 MOIS,,3.25,3.25,unité,PU HT,0.055,3.4287,,,,,,,,,,À CONFIRMER,,6/,6,À CONFIRMER,À CONFIRMER,À CONFIRMER,À CONFIRMER,À CONFIRMER,À CONFIRMER,À CONFIRMER,À CONFIRMER,À CONFIRMER,NON,À CONFIRMER,À CONFIRMER,À CONFIRMER,À CONFIRMER,À CONFIRMER,À CONFIRMER,À CONFIRMER,À CONFIRMER,À CONFIRMER,ESSENTIEL,2,palier de prix d'achat (3.25 € HT) → 2,PROPOSITION AUTOMATIQUE – À VALIDER EN BACK-OFFICE,À CONFIRMER,À CONFIRMER,NON,À CONFIRMER,FAIBLE_COUT_LOGISTIQUE,À CONFIRMER,À CONFIRMER,À CONFIRMER,À CONFIRMER,À CONFIRMER,À CONFIRMER,SUR_COMMANDE (document = tarif et bon de commande 2026),PRODUIT,,,,37,Tarif et bon de commande 2026 – onglet « TARIF NORMAND DIRECT 2026 »,ligne 150
PROD-0142,À CONFIRMER,Boudin gelée de pomme 90 grs,Boudin gelée de pomme 90 grs,À CONFIRMER,TRAITEUR_CHARCUTERIE,CHARCUTERIE_ET_TERRINE,règle 25,LES DINATOIRES DU PÈRE ROUPSARD,FOUR-0014,LES DINATOIRES DU PÈRE ROUPSARD,LES DINATOIRES DU PÈRE ROUPSARD,FOUR-0001,NORMAND DIRECT TERROIR,Commande directe auprès de Normand Direct Terroir,À CONFIRMER,À CONFIRMER,À CONFIRMER,À CONFIRMER,À CONFIRMER,,AUCUNE_INFORMATION_DANS_LES_DOCUMENTS,À CONFIRMER,À CONFIRMER,90.0,,90 grs,,NON,,36 MOIS,,3.16,3.16,unité,PU HT,0.055,3.3338,,,,,,,,,,À CONFIRMER,,6/,6,À CONFIRMER,À CONFIRMER,À CONFIRMER,À CONFIRMER,À CONFIRMER,À CONFIRMER,À CONFIRMER,À CONFIRMER,À CONFIRMER,NON,À CONFIRMER,À CONFIRMER,À CONFIRMER,À CONFIRMER,À CONFIRMER,À CONFIRMER,À CONFIRMER,À CONFIRMER,À CONFIRMER,ESSENTIEL,2,palier de prix d'achat (3.16 € HT) → 2,PROPOSITION AUTOMATIQUE – À VALIDER EN BACK-OFFICE,À CONFIRMER,À CONFIRMER,NON,À CONFIRMER,FAIBLE_COUT_LOGISTIQUE,À CONFIRMER,À CONFIRMER,À CONFIRMER,À CONFIRMER,À CONFIRMER,À CONFIRMER,SUR_COMMANDE (document = tarif et bon de commande 2026),PRODUIT,,,,37,Tarif et bon de commande 2026 – onglet « TARIF NORMAND DIRECT 2026 »,ligne 151
PROD-0143,À CONFIRMER,Poulet caramel beurre salé 90 grs,Poulet caramel beurre salé 90 grs,À CONFIRMER,CONFISERIE,CARAMEL,règle 28,LES DINATOIRES DU PÈRE ROUPSARD,FOUR-0014,LES DINATOIRES DU PÈRE ROUPSARD,LES DINATOIRES DU PÈRE ROUPSARD,FOUR-0001,NORMAND DIRECT TERROIR,Commande directe auprès de Normand Direct Terroir,À CONFIRMER,À CONFIRMER,À CONFIRMER,À CONFIRMER,À CONFIRMER,,AUCUNE_INFORMATION_DANS_LES_DOCUMENTS,À CONFIRMER,À CONFIRMER,90.0,,90 grs,,NON,,36 MOIS,,3.16,3.16,unité,PU HT,0.055,3.3338,,,,,,,,,,À CONFIRMER,,6/,6,À CONFIRMER,À CONFIRMER,À CONFIRMER,À CONFIRMER,À CONFIRMER,À CONFIRMER,À CONFIRMER,À CONFIRMER,À CONFIRMER,NON,À CONFIRMER,À CONFIRMER,À CONFIRMER,À CONFIRMER,À CONFIRMER,À CONFIRMER,À CONFIRMER,À CONFIRMER,À CONFIRMER,ESSENTIEL,2,palier de prix d'achat (3.16 € HT) → 2,PROPOSITION AUTOMATIQUE – À VALIDER EN BACK-OFFICE,À CONFIRMER,À CONFIRMER,NON,À CONFIRMER,FAIBLE_COUT_LOGISTIQUE,À CONFIRMER,À CONFIRMER,À CONFIRMER,À CONFIRMER,À CONFIRMER,À CONFIRMER,SUR_COMMANDE (document = tarif et bon de commande 2026),PRODUIT,,,,37,Tarif et bon de commande 2026 – onglet « TARIF NORMAND DIRECT 2026 »,ligne 152
PROD-0144,À CONFIRMER,Andouille pommeau 90 grs,Andouille pommeau 90 grs,À CONFIRMER,TRAITEUR_CHARCUTERIE,CHARCUTERIE_ET_TERRINE,règle 25,LES DINATOIRES DU PÈRE ROUPSARD,FOUR-0014,LES DINATOIRES DU PÈRE ROUPSARD,LES DINATOIRES DU PÈRE ROUPSARD,FOUR-0001,NORMAND DIRECT TERROIR,Commande directe auprès de Normand Direct Terroir,À CONFIRMER,À CONFIRMER,À CONFIRMER,À CONFIRMER,À CONFIRMER,,AUCUNE_INFORMATION_DANS_LES_DOCUMENTS,À CONFIRMER,À CONFIRMER,90.0,,90 grs,À CONFIRMER,INGREDIENT_ALCOOLISE,Alcool cité comme ingrédient dans le libellé,36 MOIS,,3.16,3.16,unité,PU HT,0.055,3.3338,,,,,,,,,,À CONFIRMER,,6/,6,À CONFIRMER,À CONFIRMER,À CONFIRMER,À CONFIRMER,À CONFIRMER,À CONFIRMER,À CONFIRMER,À CONFIRMER,À CONFIRMER,NON,À CONFIRMER,À CONFIRMER,À CONFIRMER,À CONFIRMER,À CONFIRMER,À CONFIRMER,À CONFIRMER,À CONFIRMER,À CONFIRMER,ESSENTIEL,2,palier de prix d'achat (3.16 € HT) → 2,PROPOSITION AUTOMATIQUE – À VALIDER EN BACK-OFFICE,À CONFIRMER,À CONFIRMER,NON,À CONFIRMER,FAIBLE_COUT_LOGISTIQUE,À CONFIRMER,À CONFIRMER,À CONFIRMER,À CONFIRMER,À CONFIRMER,À CONFIRMER,SUR_COMMANDE (document = tarif et bon de commande 2026),PRODUIT,,,,38,Tarif et bon de commande 2026 – onglet « TARIF NORMAND DIRECT 2026 »,ligne 153
PROD-0145,À CONFIRMER,Rillette au Chorizo 90 grs,Rillette au Chorizo 90 grs,À CONFIRMER,TRAITEUR_CHARCUTERIE,CHARCUTERIE_ET_TERRINE,règle 25,LES DINATOIRES DU PÈRE ROUPSARD,FOUR-0014,LES DINATOIRES DU PÈRE ROUPSARD,LES DINATOIRES DU PÈRE ROUPSARD,FOUR-0001,NORMAND DIRECT TERROIR,Commande directe auprès de Normand Direct Terroir,À CONFIRMER,À CONFIRMER,À CONFIRMER,À CONFIRMER,À CONFIRMER,,AUCUNE_INFORMATION_DANS_LES_DOCUMENTS,À CONFIRMER,À CONFIRMER,90.0,,90 grs,,NON,,36 MOIS,,3.16,3.16,unité,PU HT,0.055,3.3338,,,,,,,,,,À CONFIRMER,,6/,6,À CONFIRMER,À CONFIRMER,À CONFIRMER,À CONFIRMER,À CONFIRMER,À CONFIRMER,À CONFIRMER,À CONFIRMER,À CONFIRMER,NON,À CONFIRMER,À CONFIRMER,À CONFIRMER,À CONFIRMER,À CONFIRMER,À CONFIRMER,À CONFIRMER,À CONFIRMER,À CONFIRMER,ESSENTIEL,2,palier de prix d'achat (3.16 € HT) → 2,PROPOSITION AUTOMATIQUE – À VALIDER EN BACK-OFFICE,À CONFIRMER,À CONFIRMER,NON,À CONFIRMER,FAIBLE_COUT_LOGISTIQUE,À CONFIRMER,À CONFIRMER,À CONFIRMER,À CONFIRMER,À CONFIRMER,À CONFIRMER,SUR_COMMANDE (document = tarif et bon de commande 2026),PRODUIT,,,,37,Tarif et bon de commande 2026 – onglet « TARIF NORMAND DIRECT 2026 »,ligne 154
PROD-0146,À CONFIRMER,Camembert au chorizo 90 grs,Camembert au chorizo 90 grs,À CONFIRMER,TRAITEUR_CHARCUTERIE,CHARCUTERIE_ET_TERRINE,règle 25,LES DINATOIRES DU PÈRE ROUPSARD,FOUR-0014,LES DINATOIRES DU PÈRE ROUPSARD,LES DINATOIRES DU PÈRE ROUPSARD,FOUR-0001,NORMAND DIRECT TERROIR,Commande directe auprès de Normand Direct Terroir,À CONFIRMER,À CONFIRMER,À CONFIRMER,À CONFIRMER,À CONFIRMER,,AUCUNE_INFORMATION_DANS_LES_DOCUMENTS,À CONFIRMER,À CONFIRMER,90.0,,90 grs,,NON,,36 MOIS,,3.16,3.16,unité,PU HT,0.055,3.3338,,,,,,,,,,À CONFIRMER,,6/,6,À CONFIRMER,À CONFIRMER,À CONFIRMER,À CONFIRMER,À CONFIRMER,À CONFIRMER,À CONFIRMER,À CONFIRMER,À CONFIRMER,NON,À CONFIRMER,À CONFIRMER,À CONFIRMER,À CONFIRMER,À CONFIRMER,À CONFIRMER,À CONFIRMER,À CONFIRMER,À CONFIRMER,ESSENTIEL,2,palier de prix d'achat (3.16 € HT) → 2,PROPOSITION AUTOMATIQUE – À VALIDER EN BACK-OFFICE,À CONFIRMER,À CONFIRMER,NON,À CONFIRMER,FAIBLE_COUT_LOGISTIQUE,À CONFIRMER,À CONFIRMER,À CONFIRMER,À CONFIRMER,À CONFIRMER,À CONFIRMER,SUR_COMMANDE (document = tarif et bon de commande 2026),PRODUIT,,,,37,Tarif et bon de commande 2026 – onglet « TARIF NORMAND DIRECT 2026 »,ligne 155
PROD-0147,À CONFIRMER,Brie de Meaux cernaux de noix 90 grs,Brie de Meaux cernaux de noix 90 grs,À CONFIRMER,TRAITEUR_CHARCUTERIE,CHARCUTERIE_ET_TERRINE,règle 25,LES DINATOIRES DU PÈRE ROUPSARD,FOUR-0014,LES DINATOIRES DU PÈRE ROUPSARD,LES DINATOIRES DU PÈRE ROUPSARD,FOUR-0001,NORMAND DIRECT TERROIR,Commande directe auprès de Normand Direct Terroir,À CONFIRMER,À CONFIRMER,À CONFIRMER,À CONFIRMER,À CONFIRMER,,AUCUNE_INFORMATION_DANS_LES_DOCUMENTS,À CONFIRMER,À CONFIRMER,90.0,,90 grs,,NON,,36 MOIS,,3.16,3.16,unité,PU HT,0.055,3.3338,,,,,,,,,,À CONFIRMER,,6/,6,À CONFIRMER,À CONFIRMER,À CONFIRMER,À CONFIRMER,À CONFIRMER,À CONFIRMER,À CONFIRMER,À CONFIRMER,À CONFIRMER,NON,À CONFIRMER,À CONFIRMER,À CONFIRMER,À CONFIRMER,À CONFIRMER,À CONFIRMER,À CONFIRMER,À CONFIRMER,À CONFIRMER,ESSENTIEL,2,palier de prix d'achat (3.16 € HT) → 2,PROPOSITION AUTOMATIQUE – À VALIDER EN BACK-OFFICE,À CONFIRMER,À CONFIRMER,NON,À CONFIRMER,FAIBLE_COUT_LOGISTIQUE,À CONFIRMER,À CONFIRMER,À CONFIRMER,À CONFIRMER,À CONFIRMER,À CONFIRMER,SUR_COMMANDE (document = tarif et bon de commande 2026),PRODUIT,,,,37,Tarif et bon de commande 2026 – onglet « TARIF NORMAND DIRECT 2026 »,ligne 156
PROD-0148,À CONFIRMER,Livarot Calvados 90 grs,Livarot Calvados 90 grs,À CONFIRMER,TRAITEUR_CHARCUTERIE,CHARCUTERIE_ET_TERRINE,règle 25,LES DINATOIRES DU PÈRE ROUPSARD,FOUR-0014,LES DINATOIRES DU PÈRE ROUPSARD,LES DINATOIRES DU PÈRE ROUPSARD,FOUR-0001,NORMAND DIRECT TERROIR,Commande directe auprès de Normand Direct Terroir,À CONFIRMER,À CONFIRMER,À CONFIRMER,À CONFIRMER,À CONFIRMER,,AUCUNE_INFORMATION_DANS_LES_DOCUMENTS,À CONFIRMER,À CONFIRMER,90.0,,90 grs,À CONFIRMER,INGREDIENT_ALCOOLISE,Alcool cité comme ingrédient dans le libellé,36 MOIS,,3.16,3.16,unité,PU HT,0.055,3.3338,,,,,,,,,,À CONFIRMER,,6/,6,À CONFIRMER,À CONFIRMER,À CONFIRMER,À CONFIRMER,À CONFIRMER,À CONFIRMER,À CONFIRMER,À CONFIRMER,À CONFIRMER,NON,À CONFIRMER,À CONFIRMER,À CONFIRMER,À CONFIRMER,À CONFIRMER,À CONFIRMER,À CONFIRMER,À CONFIRMER,À CONFIRMER,ESSENTIEL,2,palier de prix d'achat (3.16 € HT) → 2,PROPOSITION AUTOMATIQUE – À VALIDER EN BACK-OFFICE,À CONFIRMER,À CONFIRMER,NON,À CONFIRMER,FAIBLE_COUT_LOGISTIQUE,À CONFIRMER,À CONFIRMER,À CONFIRMER,À CONFIRMER,À CONFIRMER,À CONFIRMER,SUR_COMMANDE (document = tarif et bon de commande 2026),PRODUIT,,,,38,Tarif et bon de commande 2026 – onglet « TARIF NORMAND DIRECT 2026 »,ligne 157
PROD-0149,À CONFIRMER,Pont l'évêque échalote 90 grs,Pont l'évêque échalote 90 grs,À CONFIRMER,TRAITEUR_CHARCUTERIE,CHARCUTERIE_ET_TERRINE,règle 25,LES DINATOIRES DU PÈRE ROUPSARD,FOUR-0014,LES DINATOIRES DU PÈRE ROUPSARD,LES DINATOIRES DU PÈRE ROUPSARD,FOUR-0001,NORMAND DIRECT TERROIR,Commande directe auprès de Normand Direct Terroir,À CONFIRMER,À CONFIRMER,À CONFIRMER,À CONFIRMER,À CONFIRMER,,AUCUNE_INFORMATION_DANS_LES_DOCUMENTS,À CONFIRMER,À CONFIRMER,90.0,,90 grs,,NON,,36 MOIS,,3.16,3.16,unité,PU HT,0.055,3.3338,,,,,,,,,,À CONFIRMER,,6/,6,À CONFIRMER,À CONFIRMER,À CONFIRMER,À CONFIRMER,À CONFIRMER,À CONFIRMER,À CONFIRMER,À CONFIRMER,À CONFIRMER,NON,À CONFIRMER,À CONFIRMER,À CONFIRMER,À CONFIRMER,À CONFIRMER,À CONFIRMER,À CONFIRMER,À CONFIRMER,À CONFIRMER,ESSENTIEL,2,palier de prix d'achat (3.16 € HT) → 2,PROPOSITION AUTOMATIQUE – À VALIDER EN BACK-OFFICE,À CONFIRMER,À CONFIRMER,NON,À CONFIRMER,FAIBLE_COUT_LOGISTIQUE,À CONFIRMER,À CONFIRMER,À CONFIRMER,À CONFIRMER,À CONFIRMER,À CONFIRMER,SUR_COMMANDE (document = tarif et bon de commande 2026),PRODUIT,,,,37,Tarif et bon de commande 2026 – onglet « TARIF NORMAND DIRECT 2026 »,ligne 158
PROD-0150,À CONFIRMER,Chèvre confit de figue 90 grs,Chèvre confit de figue 90 grs,À CONFIRMER,TRAITEUR_CHARCUTERIE,CHARCUTERIE_ET_TERRINE,règle 25,LES DINATOIRES DU PÈRE ROUPSARD,FOUR-0014,LES DINATOIRES DU PÈRE ROUPSARD,LES DINATOIRES DU PÈRE ROUPSARD,FOUR-0001,NORMAND DIRECT TERROIR,Commande directe auprès de Normand Direct Terroir,À CONFIRMER,À CONFIRMER,À CONFIRMER,À CONFIRMER,À CONFIRMER,,AUCUNE_INFORMATION_DANS_LES_DOCUMENTS,À CONFIRMER,À CONFIRMER,90.0,,90 grs,,NON,,36 MOIS,,3.16,3.16,unité,PU HT,0.055,3.3338,,,,,,,,,,À CONFIRMER,,6/,6,À CONFIRMER,À CONFIRMER,À CONFIRMER,À CONFIRMER,À CONFIRMER,À CONFIRMER,À CONFIRMER,À CONFIRMER,À CONFIRMER,NON,À CONFIRMER,À CONFIRMER,À CONFIRMER,À CONFIRMER,À CONFIRMER,À CONFIRMER,À CONFIRMER,À CONFIRMER,À CONFIRMER,ESSENTIEL,2,palier de prix d'achat (3.16 € HT) → 2,PROPOSITION AUTOMATIQUE – À VALIDER EN BACK-OFFICE,À CONFIRMER,À CONFIRMER,NON,À CONFIRMER,FAIBLE_COUT_LOGISTIQUE,À CONFIRMER,À CONFIRMER,À CONFIRMER,À CONFIRMER,À CONFIRMER,À CONFIRMER,SUR_COMMANDE (document = tarif et bon de commande 2026),PRODUIT,,,,37,Tarif et bon de commande 2026 – onglet « TARIF NORMAND DIRECT 2026 »,ligne 159
PROD-0151,À CONFIRMER,Bleu tomates confites 90 grs,Bleu tomates confites 90 grs,À CONFIRMER,TRAITEUR_CHARCUTERIE,CHARCUTERIE_ET_TERRINE,règle 25,LES DINATOIRES DU PÈRE ROUPSARD,FOUR-0014,LES DINATOIRES DU PÈRE ROUPSARD,LES DINATOIRES DU PÈRE ROUPSARD,FOUR-0001,NORMAND DIRECT TERROIR,Commande directe auprès de Normand Direct Terroir,À CONFIRMER,À CONFIRMER,À CONFIRMER,À CONFIRMER,À CONFIRMER,,AUCUNE_INFORMATION_DANS_LES_DOCUMENTS,À CONFIRMER,À CONFIRMER,90.0,,90 grs,,NON,,36 MOIS,,3.16,3.16,unité,PU HT,0.055,3.3338,,,,,,,,,,À CONFIRMER,,6/,6,À CONFIRMER,À CONFIRMER,À CONFIRMER,À CONFIRMER,À CONFIRMER,À CONFIRMER,À CONFIRMER,À CONFIRMER,À CONFIRMER,NON,À CONFIRMER,À CONFIRMER,À CONFIRMER,À CONFIRMER,À CONFIRMER,À CONFIRMER,À CONFIRMER,À CONFIRMER,À CONFIRMER,ESSENTIEL,2,palier de prix d'achat (3.16 € HT) → 2,PROPOSITION AUTOMATIQUE – À VALIDER EN BACK-OFFICE,À CONFIRMER,À CONFIRMER,NON,À CONFIRMER,FAIBLE_COUT_LOGISTIQUE,À CONFIRMER,À CONFIRMER,À CONFIRMER,À CONFIRMER,À CONFIRMER,À CONFIRMER,SUR_COMMANDE (document = tarif et bon de commande 2026),PRODUIT,,,,37,Tarif et bon de commande 2026 – onglet « TARIF NORMAND DIRECT 2026 »,ligne 160
PROD-0152,À CONFIRMER,Neufchâtel cramberries 90 grs,Neufchâtel cramberries 90 grs,À CONFIRMER,TRAITEUR_CHARCUTERIE,CHARCUTERIE_ET_TERRINE,règle 25,LES DINATOIRES DU PÈRE ROUPSARD,FOUR-0014,LES DINATOIRES DU PÈRE ROUPSARD,LES DINATOIRES DU PÈRE ROUPSARD,FOUR-0001,NORMAND DIRECT TERROIR,Commande directe auprès de Normand Direct Terroir,À CONFIRMER,À CONFIRMER,À CONFIRMER,À CONFIRMER,À CONFIRMER,,AUCUNE_INFORMATION_DANS_LES_DOCUMENTS,À CONFIRMER,À CONFIRMER,90.0,,90 grs,,NON,,36 MOIS,,3.16,3.16,unité,PU HT,0.055,3.3338,,,,,,,,,,À CONFIRMER,,6/,6,À CONFIRMER,À CONFIRMER,À CONFIRMER,À CONFIRMER,À CONFIRMER,À CONFIRMER,À CONFIRMER,À CONFIRMER,À CONFIRMER,NON,À CONFIRMER,À CONFIRMER,À CONFIRMER,À CONFIRMER,À CONFIRMER,À CONFIRMER,À CONFIRMER,À CONFIRMER,À CONFIRMER,ESSENTIEL,2,palier de prix d'achat (3.16 € HT) → 2,PROPOSITION AUTOMATIQUE – À VALIDER EN BACK-OFFICE,À CONFIRMER,À CONFIRMER,NON,À CONFIRMER,FAIBLE_COUT_LOGISTIQUE,À CONFIRMER,À CONFIRMER,À CONFIRMER,À CONFIRMER,À CONFIRMER,À CONFIRMER,SUR_COMMANDE (document = tarif et bon de commande 2026),PRODUIT,,,,37,Tarif et bon de commande 2026 – onglet « TARIF NORMAND DIRECT 2026 »,ligne 161
PROD-0153,À CONFIRMER,St jacques foie gras 90 grs,St jacques foie gras 90 grs,À CONFIRMER,TRAITEUR_MER,PRODUIT_DE_LA_MER,règle 23,LES DINATOIRES DU PÈRE ROUPSARD,FOUR-0014,LES DINATOIRES DU PÈRE ROUPSARD,LES DINATOIRES DU PÈRE ROUPSARD,FOUR-0001,NORMAND DIRECT TERROIR,Commande directe auprès de Normand Direct Terroir,À CONFIRMER,À CONFIRMER,À CONFIRMER,À CONFIRMER,À CONFIRMER,,AUCUNE_INFORMATION_DANS_LES_DOCUMENTS,À CONFIRMER,À CONFIRMER,90.0,,90 grs,,NON,,36 MOIS,,4.0,4,unité,PU HT,0.055,4.22,,,,,,,,,,À CONFIRMER,,6/,6,À CONFIRMER,À CONFIRMER,À CONFIRMER,À CONFIRMER,À CONFIRMER,À CONFIRMER,À CONFIRMER,À CONFIRMER,À CONFIRMER,NON,À CONFIRMER,À CONFIRMER,À CONFIRMER,À CONFIRMER,À CONFIRMER,À CONFIRMER,À CONFIRMER,À CONFIRMER,À CONFIRMER,ESSENTIEL,2,palier de prix d'achat (4.00 € HT) → 2,PROPOSITION AUTOMATIQUE – À VALIDER EN BACK-OFFICE,À CONFIRMER,OUI,NON,À CONFIRMER,PRODUIT_DE_NOEL ; FAIBLE_COUT_LOGISTIQUE,À CONFIRMER,À CONFIRMER,À CONFIRMER,À CONFIRMER,À CONFIRMER,À CONFIRMER,SUR_COMMANDE (document = tarif et bon de commande 2026),PRODUIT,,,,36,Tarif et bon de commande 2026 – onglet « TARIF NORMAND DIRECT 2026 »,ligne 162
PROD-0154,À CONFIRMER,Ris de veau cèpes 90 grs,Ris de veau cèpes 90 grs,À CONFIRMER,TRAITEUR_CHARCUTERIE,CHARCUTERIE_ET_TERRINE,règle 25,LES DINATOIRES DU PÈRE ROUPSARD,FOUR-0014,LES DINATOIRES DU PÈRE ROUPSARD,LES DINATOIRES DU PÈRE ROUPSARD,FOUR-0001,NORMAND DIRECT TERROIR,Commande directe auprès de Normand Direct Terroir,À CONFIRMER,À CONFIRMER,À CONFIRMER,À CONFIRMER,À CONFIRMER,,AUCUNE_INFORMATION_DANS_LES_DOCUMENTS,À CONFIRMER,À CONFIRMER,90.0,,90 grs,,NON,,36 MOIS,,4.0,4,unité,PU HT,0.055,4.22,,,,,,,,,,À CONFIRMER,,6/,6,À CONFIRMER,À CONFIRMER,À CONFIRMER,À CONFIRMER,À CONFIRMER,À CONFIRMER,À CONFIRMER,À CONFIRMER,À CONFIRMER,NON,À CONFIRMER,À CONFIRMER,À CONFIRMER,À CONFIRMER,À CONFIRMER,À CONFIRMER,À CONFIRMER,À CONFIRMER,À CONFIRMER,ESSENTIEL,2,palier de prix d'achat (4.00 € HT) → 2,PROPOSITION AUTOMATIQUE – À VALIDER EN BACK-OFFICE,À CONFIRMER,À CONFIRMER,NON,À CONFIRMER,FAIBLE_COUT_LOGISTIQUE,À CONFIRMER,À CONFIRMER,À CONFIRMER,À CONFIRMER,À CONFIRMER,À CONFIRMER,SUR_COMMANDE (document = tarif et bon de commande 2026),PRODUIT,,,,37,Tarif et bon de commande 2026 – onglet « TARIF NORMAND DIRECT 2026 »,ligne 163
PROD-0155,À CONFIRMER,Saumon  oseille 90 grs,Saumon  oseille 90 grs,À CONFIRMER,TRAITEUR_MER,PRODUIT_DE_LA_MER,règle 23,LES DINATOIRES DU PÈRE ROUPSARD,FOUR-0014,LES DINATOIRES DU PÈRE ROUPSARD,LES DINATOIRES DU PÈRE ROUPSARD,FOUR-0001,NORMAND DIRECT TERROIR,Commande directe auprès de Normand Direct Terroir,À CONFIRMER,À CONFIRMER,À CONFIRMER,À CONFIRMER,À CONFIRMER,,AUCUNE_INFORMATION_DANS_LES_DOCUMENTS,À CONFIRMER,À CONFIRMER,90.0,,90 grs,,NON,,36 MOIS,,4.0,4,unité,PU HT,0.055,4.22,,,,,,,,,,À CONFIRMER,,6/,6,À CONFIRMER,À CONFIRMER,À CONFIRMER,À CONFIRMER,À CONFIRMER,À CONFIRMER,À CONFIRMER,À CONFIRMER,À CONFIRMER,NON,À CONFIRMER,À CONFIRMER,À CONFIRMER,À CONFIRMER,À CONFIRMER,À CONFIRMER,À CONFIRMER,À CONFIRMER,À CONFIRMER,ESSENTIEL,2,palier de prix d'achat (4.00 € HT) → 2,PROPOSITION AUTOMATIQUE – À VALIDER EN BACK-OFFICE,À CONFIRMER,À CONFIRMER,NON,À CONFIRMER,FAIBLE_COUT_LOGISTIQUE,À CONFIRMER,À CONFIRMER,À CONFIRMER,À CONFIRMER,À CONFIRMER,À CONFIRMER,SUR_COMMANDE (document = tarif et bon de commande 2026),PRODUIT,,,,37,Tarif et bon de commande 2026 – onglet « TARIF NORMAND DIRECT 2026 »,ligne 164
PROD-0156,À CONFIRMER,Lotte jambon fumé 90 grs,Lotte jambon fumé 90 grs,À CONFIRMER,TRAITEUR_MER,PRODUIT_DE_LA_MER,règle 23,LES DINATOIRES DU PÈRE ROUPSARD,FOUR-0014,LES DINATOIRES DU PÈRE ROUPSARD,LES DINATOIRES DU PÈRE ROUPSARD,FOUR-0001,NORMAND DIRECT TERROIR,Commande directe auprès de Normand Direct Terroir,À CONFIRMER,À CONFIRMER,À CONFIRMER,À CONFIRMER,À CONFIRMER,,AUCUNE_INFORMATION_DANS_LES_DOCUMENTS,À CONFIRMER,À CONFIRMER,90.0,,90 grs,,NON,,36 MOIS,,4.0,4,unité,PU HT,0.055,4.22,,,,,,,,,,À CONFIRMER,,6/,6,À CONFIRMER,À CONFIRMER,À CONFIRMER,À CONFIRMER,À CONFIRMER,À CONFIRMER,À CONFIRMER,À CONFIRMER,À CONFIRMER,NON,À CONFIRMER,À CONFIRMER,À CONFIRMER,À CONFIRMER,À CONFIRMER,À CONFIRMER,À CONFIRMER,À CONFIRMER,À CONFIRMER,ESSENTIEL,2,palier de prix d'achat (4.00 € HT) → 2,PROPOSITION AUTOMATIQUE – À VALIDER EN BACK-OFFICE,À CONFIRMER,À CONFIRMER,NON,À CONFIRMER,FAIBLE_COUT_LOGISTIQUE,À CONFIRMER,À CONFIRMER,À CONFIRMER,À CONFIRMER,À CONFIRMER,À CONFIRMER,SUR_COMMANDE (document = tarif et bon de commande 2026),PRODUIT,,,,37,Tarif et bon de commande 2026 – onglet « TARIF NORMAND DIRECT 2026 »,ligne 165
PROD-0157,À CONFIRMER,Bisque de homard 480 ml,Bisque de homard 480 ml,À CONFIRMER,TRAITEUR_MER,SOUPE_ET_BISQUE,règle 22,MAISON SAINT LO,FOUR-0015,MAISON SAINT LO,MAISON SAINT LO,FOUR-0001,NORMAND DIRECT TERROIR,Commande directe auprès de Normand Direct Terroir,À CONFIRMER,À CONFIRMER,À CONFIRMER,À CONFIRMER,À CONFIRMER,,AUCUNE_INFORMATION_DANS_LES_DOCUMENTS,À CONFIRMER,À CONFIRMER,,480.0,480 ml,,NON,,24 MOIS,,5.9,5.9,unité,PU HT,0.055,6.2245,,,,,,,,,,À CONFIRMER,,6/,6,À CONFIRMER,À CONFIRMER,À CONFIRMER,À CONFIRMER,À CONFIRMER,À CONFIRMER,À CONFIRMER,À CONFIRMER,À CONFIRMER,OUI_DEDUIT_DU_CONDITIONNEMENT,À CONFIRMER,À CONFIRMER,À CONFIRMER,À CONFIRMER,À CONFIRMER,À CONFIRMER,À CONFIRMER,À CONFIRMER,À CONFIRMER,SIGNATURE,3,palier de prix d'achat (5.90 € HT) → 3,PROPOSITION AUTOMATIQUE – À VALIDER EN BACK-OFFICE,À CONFIRMER,À CONFIRMER,NON,À CONFIRMER,,À CONFIRMER,À CONFIRMER,À CONFIRMER,À CONFIRMER,À CONFIRMER,À CONFIRMER,SUR_COMMANDE (document = tarif et bon de commande 2026),PRODUIT,,,,37,Tarif et bon de commande 2026 – onglet « TARIF NORMAND DIRECT 2026 »,ligne 166
PROD-0158,À CONFIRMER,Bisque de langoustines 480 ml,Bisque de langoustines 480 ml,À CONFIRMER,TRAITEUR_MER,SOUPE_ET_BISQUE,règle 22,MAISON SAINT LO,FOUR-0015,MAISON SAINT LO,MAISON SAINT LO,FOUR-0001,NORMAND DIRECT TERROIR,Commande directe auprès de Normand Direct Terroir,À CONFIRMER,À CONFIRMER,À CONFIRMER,À CONFIRMER,À CONFIRMER,,AUCUNE_INFORMATION_DANS_LES_DOCUMENTS,À CONFIRMER,À CONFIRMER,,480.0,480 ml,,NON,,24 MOIS,,5.9,5.9,unité,PU HT,0.055,6.2245,,,,,,,,,,À CONFIRMER,,6/,6,À CONFIRMER,À CONFIRMER,À CONFIRMER,À CONFIRMER,À CONFIRMER,À CONFIRMER,À CONFIRMER,À CONFIRMER,À CONFIRMER,OUI_DEDUIT_DU_CONDITIONNEMENT,À CONFIRMER,À CONFIRMER,À CONFIRMER,À CONFIRMER,À CONFIRMER,À CONFIRMER,À CONFIRMER,À CONFIRMER,À CONFIRMER,SIGNATURE,3,palier de prix d'achat (5.90 € HT) → 3,PROPOSITION AUTOMATIQUE – À VALIDER EN BACK-OFFICE,À CONFIRMER,À CONFIRMER,NON,À CONFIRMER,,À CONFIRMER,À CONFIRMER,À CONFIRMER,À CONFIRMER,À CONFIRMER,À CONFIRMER,SUR_COMMANDE (document = tarif et bon de commande 2026),PRODUIT,,,,37,Tarif et bon de commande 2026 – onglet « TARIF NORMAND DIRECT 2026 »,ligne 167
PROD-0159,À CONFIRMER,Terrine de haddock fumé 150 grs,Terrine de haddock fumé 150 grs,À CONFIRMER,TRAITEUR_MER,PRODUIT_DE_LA_MER,règle 23,MAISON SAINT LO,FOUR-0015,MAISON SAINT LO,MAISON SAINT LO,FOUR-0001,NORMAND DIRECT TERROIR,Commande directe auprès de Normand Direct Terroir,À CONFIRMER,À CONFIRMER,À CONFIRMER,À CONFIRMER,À CONFIRMER,,AUCUNE_INFORMATION_DANS_LES_DOCUMENTS,À CONFIRMER,À CONFIRMER,150.0,,150 grs,,NON,,24 MOIS,,5.2,5.2,unité,PU HT,0.055,5.486,,,,,,,,,,À CONFIRMER,,6/,6,À CONFIRMER,À CONFIRMER,À CONFIRMER,À CONFIRMER,À CONFIRMER,À CONFIRMER,À CONFIRMER,À CONFIRMER,À CONFIRMER,NON,À CONFIRMER,À CONFIRMER,À CONFIRMER,À CONFIRMER,À CONFIRMER,À CONFIRMER,À CONFIRMER,À CONFIRMER,À CONFIRMER,SIGNATURE,3,palier de prix d'achat (5.20 € HT) → 3,PROPOSITION AUTOMATIQUE – À VALIDER EN BACK-OFFICE,À CONFIRMER,À CONFIRMER,NON,À CONFIRMER,FAIBLE_COUT_LOGISTIQUE,À CONFIRMER,À CONFIRMER,À CONFIRMER,À CONFIRMER,À CONFIRMER,À CONFIRMER,SUR_COMMANDE (document = tarif et bon de commande 2026),PRODUIT,,,,37,Tarif et bon de commande 2026 – onglet « TARIF NORMAND DIRECT 2026 »,ligne 168
PROD-0160,À CONFIRMER,Terrine saumon fumé 180 grs,Terrine saumon fumé 180 grs,À CONFIRMER,TRAITEUR_MER,PRODUIT_DE_LA_MER,règle 23,MAISON SAINT LO,FOUR-0015,MAISON SAINT LO,MAISON SAINT LO,FOUR-0001,NORMAND DIRECT TERROIR,Commande directe auprès de Normand Direct Terroir,À CONFIRMER,À CONFIRMER,À CONFIRMER,À CONFIRMER,À CONFIRMER,,AUCUNE_INFORMATION_DANS_LES_DOCUMENTS,À CONFIRMER,À CONFIRMER,180.0,,180 grs,,NON,,24 MOIS,,5.2,5.2,unité,PU HT,0.055,5.486,,,,,,,,,,À CONFIRMER,,6/,6,À CONFIRMER,À CONFIRMER,À CONFIRMER,À CONFIRMER,À CONFIRMER,À CONFIRMER,À CONFIRMER,À CONFIRMER,À CONFIRMER,NON,À CONFIRMER,À CONFIRMER,À CONFIRMER,À CONFIRMER,À CONFIRMER,À CONFIRMER,À CONFIRMER,À CONFIRMER,À CONFIRMER,SIGNATURE,3,palier de prix d'achat (5.20 € HT) → 3,PROPOSITION AUTOMATIQUE – À VALIDER EN BACK-OFFICE,À CONFIRMER,À CONFIRMER,NON,À CONFIRMER,FAIBLE_COUT_LOGISTIQUE,À CONFIRMER,À CONFIRMER,À CONFIRMER,À CONFIRMER,À CONFIRMER,À CONFIRMER,SUR_COMMANDE (document = tarif et bon de commande 2026),PRODUIT,LIBELLÉ IDENTIQUE – MÊME PRODUCTEUR,,,37,Tarif et bon de commande 2026 – onglet « TARIF NORMAND DIRECT 2026 »,ligne 169
PROD-0161,À CONFIRMER,Bisque d'étrille 480 ml,Bisque d'étrille 480 ml,À CONFIRMER,TRAITEUR_MER,SOUPE_ET_BISQUE,règle 22,MAISON SAINT LO,FOUR-0015,MAISON SAINT LO,MAISON SAINT LO,FOUR-0001,NORMAND DIRECT TERROIR,Commande directe auprès de Normand Direct Terroir,À CONFIRMER,À CONFIRMER,À CONFIRMER,À CONFIRMER,À CONFIRMER,,AUCUNE_INFORMATION_DANS_LES_DOCUMENTS,À CONFIRMER,À CONFIRMER,,480.0,480 ml,,NON,,24 MOIS,,4.9,4.9,unité,PU HT,0.055,5.1695,,,,,,,,,,À CONFIRMER,,6/,6,À CONFIRMER,À CONFIRMER,À CONFIRMER,À CONFIRMER,À CONFIRMER,À CONFIRMER,À CONFIRMER,À CONFIRMER,À CONFIRMER,OUI_DEDUIT_DU_CONDITIONNEMENT,À CONFIRMER,À CONFIRMER,À CONFIRMER,À CONFIRMER,À CONFIRMER,À CONFIRMER,À CONFIRMER,À CONFIRMER,À CONFIRMER,ESSENTIEL,2,palier de prix d'achat (4.90 € HT) → 2,PROPOSITION AUTOMATIQUE – À VALIDER EN BACK-OFFICE,À CONFIRMER,À CONFIRMER,NON,À CONFIRMER,,À CONFIRMER,À CONFIRMER,À CONFIRMER,À CONFIRMER,À CONFIRMER,À CONFIRMER,SUR_COMMANDE (document = tarif et bon de commande 2026),PRODUIT,,,,37,Tarif et bon de commande 2026 – onglet « TARIF NORMAND DIRECT 2026 »,ligne 170
PROD-0162,À CONFIRMER,Choucroute de la mer 320 grs,Choucroute de la mer 320 grs,À CONFIRMER,TRAITEUR_MER,SOUPE_ET_BISQUE,règle 22,MAISON SAINT LO,FOUR-0015,MAISON SAINT LO,MAISON SAINT LO,FOUR-0001,NORMAND DIRECT TERROIR,Commande directe auprès de Normand Direct Terroir,À CONFIRMER,À CONFIRMER,À CONFIRMER,À CONFIRMER,À CONFIRMER,,AUCUNE_INFORMATION_DANS_LES_DOCUMENTS,À CONFIRMER,À CONFIRMER,320.0,,320 grs,,NON,,24 MOIS,,4.2,4.2,unité,PU HT,0.055,4.431,,,,,,,,,,À CONFIRMER,,6/,6,À CONFIRMER,À CONFIRMER,À CONFIRMER,À CONFIRMER,À CONFIRMER,À CONFIRMER,À CONFIRMER,À CONFIRMER,À CONFIRMER,NON,À CONFIRMER,À CONFIRMER,À CONFIRMER,À CONFIRMER,À CONFIRMER,À CONFIRMER,À CONFIRMER,À CONFIRMER,À CONFIRMER,ESSENTIEL,2,palier de prix d'achat (4.20 € HT) → 2,PROPOSITION AUTOMATIQUE – À VALIDER EN BACK-OFFICE,À CONFIRMER,À CONFIRMER,NON,À CONFIRMER,,À CONFIRMER,À CONFIRMER,À CONFIRMER,À CONFIRMER,À CONFIRMER,À CONFIRMER,SUR_COMMANDE (document = tarif et bon de commande 2026),PRODUIT,,,,37,Tarif et bon de commande 2026 – onglet « TARIF NORMAND DIRECT 2026 »,ligne 171
PROD-0163,À CONFIRMER,Maquereaux marinés 320 g vin blanc,Maquereaux marinés 320 g vin blanc,À CONFIRMER,TRAITEUR_MER,PRODUIT_DE_LA_MER,règle 23,MAISON SAINT LO,FOUR-0015,MAISON SAINT LO,MAISON SAINT LO,FOUR-0001,NORMAND DIRECT TERROIR,Commande directe auprès de Normand Direct Terroir,À CONFIRMER,À CONFIRMER,À CONFIRMER,À CONFIRMER,À CONFIRMER,,AUCUNE_INFORMATION_DANS_LES_DOCUMENTS,À CONFIRMER,À CONFIRMER,320.0,,320 g,À CONFIRMER,INGREDIENT_ALCOOLISE,Alcool cité comme ingrédient dans le libellé,24 MOIS,,4.2,4.2,unité,PU HT,0.055,4.431,,,,,,,,,,À CONFIRMER,,6/,6,À CONFIRMER,À CONFIRMER,À CONFIRMER,À CONFIRMER,À CONFIRMER,À CONFIRMER,À CONFIRMER,À CONFIRMER,À CONFIRMER,NON,À CONFIRMER,À CONFIRMER,À CONFIRMER,À CONFIRMER,À CONFIRMER,À CONFIRMER,À CONFIRMER,À CONFIRMER,À CONFIRMER,ESSENTIEL,2,palier de prix d'achat (4.20 € HT) → 2,PROPOSITION AUTOMATIQUE – À VALIDER EN BACK-OFFICE,À CONFIRMER,À CONFIRMER,NON,À CONFIRMER,,À CONFIRMER,À CONFIRMER,À CONFIRMER,À CONFIRMER,À CONFIRMER,À CONFIRMER,SUR_COMMANDE (document = tarif et bon de commande 2026),PRODUIT,,,,38,Tarif et bon de commande 2026 – onglet « TARIF NORMAND DIRECT 2026 »,ligne 172
PROD-0164,À CONFIRMER,Maquereaux marinés 320 grs moutarde,Maquereaux marinés 320 grs moutarde,À CONFIRMER,EPICERIE_SALEE,CONDIMENT,règle 19,MAISON SAINT LO,FOUR-0015,MAISON SAINT LO,MAISON SAINT LO,FOUR-0001,NORMAND DIRECT TERROIR,Commande directe auprès de Normand Direct Terroir,À CONFIRMER,À CONFIRMER,À CONFIRMER,À CONFIRMER,À CONFIRMER,,AUCUNE_INFORMATION_DANS_LES_DOCUMENTS,À CONFIRMER,À CONFIRMER,320.0,,320 grs,,NON,,24 MOIS,,4.2,4.2,unité,PU HT,0.055,4.431,,,,,,,,,,À CONFIRMER,,6/,6,À CONFIRMER,À CONFIRMER,À CONFIRMER,À CONFIRMER,À CONFIRMER,À CONFIRMER,À CONFIRMER,À CONFIRMER,À CONFIRMER,NON,À CONFIRMER,À CONFIRMER,À CONFIRMER,À CONFIRMER,À CONFIRMER,À CONFIRMER,À CONFIRMER,À CONFIRMER,À CONFIRMER,ESSENTIEL,2,palier de prix d'achat (4.20 € HT) → 2,PROPOSITION AUTOMATIQUE – À VALIDER EN BACK-OFFICE,À CONFIRMER,À CONFIRMER,NON,À CONFIRMER,,À CONFIRMER,À CONFIRMER,À CONFIRMER,À CONFIRMER,À CONFIRMER,À CONFIRMER,SUR_COMMANDE (document = tarif et bon de commande 2026),PRODUIT,,,,37,Tarif et bon de commande 2026 – onglet « TARIF NORMAND DIRECT 2026 »,ligne 173
PROD-0165,À CONFIRMER,Maquereaux marinés 320g curry,Maquereaux marinés 320g curry,À CONFIRMER,TRAITEUR_MER,PRODUIT_DE_LA_MER,règle 23,MAISON SAINT LO,FOUR-0015,MAISON SAINT LO,MAISON SAINT LO,FOUR-0001,NORMAND DIRECT TERROIR,Commande directe auprès de Normand Direct Terroir,À CONFIRMER,À CONFIRMER,À CONFIRMER,À CONFIRMER,À CONFIRMER,,AUCUNE_INFORMATION_DANS_LES_DOCUMENTS,À CONFIRMER,À CONFIRMER,320.0,,320g,,NON,,24 MOIS,,4.2,4.2,unité,PU HT,0.055,4.431,,,,,,,,,,À CONFIRMER,,6/,6,À CONFIRMER,À CONFIRMER,À CONFIRMER,À CONFIRMER,À CONFIRMER,À CONFIRMER,À CONFIRMER,À CONFIRMER,À CONFIRMER,NON,À CONFIRMER,À CONFIRMER,À CONFIRMER,À CONFIRMER,À CONFIRMER,À CONFIRMER,À CONFIRMER,À CONFIRMER,À CONFIRMER,ESSENTIEL,2,palier de prix d'achat (4.20 € HT) → 2,PROPOSITION AUTOMATIQUE – À VALIDER EN BACK-OFFICE,À CONFIRMER,À CONFIRMER,NON,À CONFIRMER,,À CONFIRMER,À CONFIRMER,À CONFIRMER,À CONFIRMER,À CONFIRMER,À CONFIRMER,SUR_COMMANDE (document = tarif et bon de commande 2026),PRODUIT,,,,37,Tarif et bon de commande 2026 – onglet « TARIF NORMAND DIRECT 2026 »,ligne 174
PROD-0166,À CONFIRMER,Maquereaux marinés 320g tomate,Maquereaux marinés 320g tomate,À CONFIRMER,TRAITEUR_MER,PRODUIT_DE_LA_MER,règle 23,MAISON SAINT LO,FOUR-0015,MAISON SAINT LO,MAISON SAINT LO,FOUR-0001,NORMAND DIRECT TERROIR,Commande directe auprès de Normand Direct Terroir,À CONFIRMER,À CONFIRMER,À CONFIRMER,À CONFIRMER,À CONFIRMER,,AUCUNE_INFORMATION_DANS_LES_DOCUMENTS,À CONFIRMER,À CONFIRMER,320.0,,320g,,NON,,24 MOIS,,4.2,4.2,unité,PU HT,0.055,4.431,,,,,,,,,,À CONFIRMER,,6/,6,À CONFIRMER,À CONFIRMER,À CONFIRMER,À CONFIRMER,À CONFIRMER,À CONFIRMER,À CONFIRMER,À CONFIRMER,À CONFIRMER,NON,À CONFIRMER,À CONFIRMER,À CONFIRMER,À CONFIRMER,À CONFIRMER,À CONFIRMER,À CONFIRMER,À CONFIRMER,À CONFIRMER,ESSENTIEL,2,palier de prix d'achat (4.20 € HT) → 2,PROPOSITION AUTOMATIQUE – À VALIDER EN BACK-OFFICE,À CONFIRMER,À CONFIRMER,NON,À CONFIRMER,,À CONFIRMER,À CONFIRMER,À CONFIRMER,À CONFIRMER,À CONFIRMER,À CONFIRMER,SUR_COMMANDE (document = tarif et bon de commande 2026),PRODUIT,,,,37,Tarif et bon de commande 2026 – onglet « TARIF NORMAND DIRECT 2026 »,ligne 175
PROD-0167,À CONFIRMER,Soupe de saumon fumé 740 ml,Soupe de saumon fumé 740 ml,À CONFIRMER,TRAITEUR_MER,SOUPE_ET_BISQUE,règle 22,MAISON SAINT LO,FOUR-0015,MAISON SAINT LO,MAISON SAINT LO,FOUR-0001,NORMAND DIRECT TERROIR,Commande directe auprès de Normand Direct Terroir,À CONFIRMER,À CONFIRMER,À CONFIRMER,À CONFIRMER,À CONFIRMER,,AUCUNE_INFORMATION_DANS_LES_DOCUMENTS,À CONFIRMER,À CONFIRMER,,740.0,740 ml,,NON,,24 MOIS,,4.2,4.2,unité,PU HT,0.055,4.431,,,,,,,,,,À CONFIRMER,,6/,6,À CONFIRMER,À CONFIRMER,À CONFIRMER,À CONFIRMER,À CONFIRMER,À CONFIRMER,À CONFIRMER,À CONFIRMER,À CONFIRMER,OUI_DEDUIT_DU_CONDITIONNEMENT,À CONFIRMER,À CONFIRMER,À CONFIRMER,À CONFIRMER,À CONFIRMER,À CONFIRMER,À CONFIRMER,À CONFIRMER,À CONFIRMER,ESSENTIEL,2,palier de prix d'achat (4.20 € HT) → 2,PROPOSITION AUTOMATIQUE – À VALIDER EN BACK-OFFICE,À CONFIRMER,À CONFIRMER,NON,À CONFIRMER,,À CONFIRMER,À CONFIRMER,À CONFIRMER,À CONFIRMER,À CONFIRMER,À CONFIRMER,SUR_COMMANDE (document = tarif et bon de commande 2026),PRODUIT,LIBELLÉ IDENTIQUE – MÊME PRODUCTEUR,,,37,Tarif et bon de commande 2026 – onglet « TARIF NORMAND DIRECT 2026 »,ligne 176
PROD-0168,À CONFIRMER,Soupe de truite fumée 740 ml,Soupe de truite fumée 740 ml,À CONFIRMER,TRAITEUR_MER,SOUPE_ET_BISQUE,règle 22,MAISON SAINT LO,FOUR-0015,MAISON SAINT LO,MAISON SAINT LO,FOUR-0001,NORMAND DIRECT TERROIR,Commande directe auprès de Normand Direct Terroir,À CONFIRMER,À CONFIRMER,À CONFIRMER,À CONFIRMER,À CONFIRMER,,AUCUNE_INFORMATION_DANS_LES_DOCUMENTS,À CONFIRMER,À CONFIRMER,,740.0,740 ml,,NON,,24 MOIS,,4.2,4.2,unité,PU HT,0.055,4.431,,,,,,,,,,À CONFIRMER,,6/,6,À CONFIRMER,À CONFIRMER,À CONFIRMER,À CONFIRMER,À CONFIRMER,À CONFIRMER,À CONFIRMER,À CONFIRMER,À CONFIRMER,OUI_DEDUIT_DU_CONDITIONNEMENT,À CONFIRMER,À CONFIRMER,À CONFIRMER,À CONFIRMER,À CONFIRMER,À CONFIRMER,À CONFIRMER,À CONFIRMER,À CONFIRMER,ESSENTIEL,2,palier de prix d'achat (4.20 € HT) → 2,PROPOSITION AUTOMATIQUE – À VALIDER EN BACK-OFFICE,À CONFIRMER,À CONFIRMER,NON,À CONFIRMER,,À CONFIRMER,À CONFIRMER,À CONFIRMER,À CONFIRMER,À CONFIRMER,À CONFIRMER,SUR_COMMANDE (document = tarif et bon de commande 2026),PRODUIT,LIBELLÉ IDENTIQUE – MÊME PRODUCTEUR,,,37,Tarif et bon de commande 2026 – onglet « TARIF NORMAND DIRECT 2026 »,ligne 177
PROD-0169,À CONFIRMER,Velouté de saumon 740 ml,Velouté de saumon 740 ml,À CONFIRMER,TRAITEUR_MER,SOUPE_ET_BISQUE,règle 22,MAISON SAINT LO,FOUR-0015,MAISON SAINT LO,MAISON SAINT LO,FOUR-0001,NORMAND DIRECT TERROIR,Commande directe auprès de Normand Direct Terroir,À CONFIRMER,À CONFIRMER,À CONFIRMER,À CONFIRMER,À CONFIRMER,,AUCUNE_INFORMATION_DANS_LES_DOCUMENTS,À CONFIRMER,À CONFIRMER,,740.0,740 ml,,NON,,24 MOIS,,4.2,4.2,unité,PU HT,0.055,4.431,,,,,,,,,,À CONFIRMER,,6/,6,À CONFIRMER,À CONFIRMER,À CONFIRMER,À CONFIRMER,À CONFIRMER,À CONFIRMER,À CONFIRMER,À CONFIRMER,À CONFIRMER,OUI_DEDUIT_DU_CONDITIONNEMENT,À CONFIRMER,À CONFIRMER,À CONFIRMER,À CONFIRMER,À CONFIRMER,À CONFIRMER,À CONFIRMER,À CONFIRMER,À CONFIRMER,ESSENTIEL,2,palier de prix d'achat (4.20 € HT) → 2,PROPOSITION AUTOMATIQUE – À VALIDER EN BACK-OFFICE,À CONFIRMER,À CONFIRMER,NON,À CONFIRMER,,À CONFIRMER,À CONFIRMER,À CONFIRMER,À CONFIRMER,À CONFIRMER,À CONFIRMER,SUR_COMMANDE (document = tarif et bon de commande 2026),PRODUIT,LIBELLÉ IDENTIQUE – MÊME PRODUCTEUR,,,37,Tarif et bon de commande 2026 – onglet « TARIF NORMAND DIRECT 2026 »,ligne 178
PROD-0170,À CONFIRMER,Velouté de truite 740 ml,Velouté de truite 740 ml,À CONFIRMER,TRAITEUR_MER,SOUPE_ET_BISQUE,règle 22,MAISON SAINT LO,FOUR-0015,MAISON SAINT LO,MAISON SAINT LO,FOUR-0001,NORMAND DIRECT TERROIR,Commande directe auprès de Normand Direct Terroir,À CONFIRMER,À CONFIRMER,À CONFIRMER,À CONFIRMER,À CONFIRMER,,AUCUNE_INFORMATION_DANS_LES_DOCUMENTS,À CONFIRMER,À CONFIRMER,,740.0,740 ml,,NON,,24 MOIS,,4.2,4.2,unité,PU HT,0.055,4.431,,,,,,,,,,À CONFIRMER,,6/,6,À CONFIRMER,À CONFIRMER,À CONFIRMER,À CONFIRMER,À CONFIRMER,À CONFIRMER,À CONFIRMER,À CONFIRMER,À CONFIRMER,OUI_DEDUIT_DU_CONDITIONNEMENT,À CONFIRMER,À CONFIRMER,À CONFIRMER,À CONFIRMER,À CONFIRMER,À CONFIRMER,À CONFIRMER,À CONFIRMER,À CONFIRMER,ESSENTIEL,2,palier de prix d'achat (4.20 € HT) → 2,PROPOSITION AUTOMATIQUE – À VALIDER EN BACK-OFFICE,À CONFIRMER,À CONFIRMER,NON,À CONFIRMER,,À CONFIRMER,À CONFIRMER,À CONFIRMER,À CONFIRMER,À CONFIRMER,À CONFIRMER,SUR_COMMANDE (document = tarif et bon de commande 2026),PRODUIT,LIBELLÉ IDENTIQUE – MÊME PRODUCTEUR,,,37,Tarif et bon de commande 2026 – onglet « TARIF NORMAND DIRECT 2026 »,ligne 179
PROD-0171,À CONFIRMER,Soupe de poisson 740 ml,Soupe de poisson 740 ml,À CONFIRMER,TRAITEUR_MER,SOUPE_ET_BISQUE,règle 22,MAISON SAINT LO,FOUR-0015,MAISON SAINT LO,MAISON SAINT LO,FOUR-0001,NORMAND DIRECT TERROIR,Commande directe auprès de Normand Direct Terroir,À CONFIRMER,À CONFIRMER,À CONFIRMER,À CONFIRMER,À CONFIRMER,,AUCUNE_INFORMATION_DANS_LES_DOCUMENTS,À CONFIRMER,À CONFIRMER,,740.0,740 ml,,NON,,24 MOIS,,4.2,4.2,unité,PU HT,0.055,4.431,,,,,,,,,,À CONFIRMER,,6/,6,À CONFIRMER,À CONFIRMER,À CONFIRMER,À CONFIRMER,À CONFIRMER,À CONFIRMER,À CONFIRMER,À CONFIRMER,À CONFIRMER,OUI_DEDUIT_DU_CONDITIONNEMENT,À CONFIRMER,À CONFIRMER,À CONFIRMER,À CONFIRMER,À CONFIRMER,À CONFIRMER,À CONFIRMER,À CONFIRMER,À CONFIRMER,ESSENTIEL,2,palier de prix d'achat (4.20 € HT) → 2,PROPOSITION AUTOMATIQUE – À VALIDER EN BACK-OFFICE,À CONFIRMER,À CONFIRMER,NON,À CONFIRMER,,À CONFIRMER,À CONFIRMER,À CONFIRMER,À CONFIRMER,À CONFIRMER,À CONFIRMER,SUR_COMMANDE (document = tarif et bon de commande 2026),PRODUIT,LIBELLÉ IDENTIQUE – PRODUCTEURS DIFFÉRENTS,,,37,Tarif et bon de commande 2026 – onglet « TARIF NORMAND DIRECT 2026 »,ligne 180
PROD-0172,À CONFIRMER,Soupe de saumon fumé  480 ml,Soupe de saumon fumé  480 ml,À CONFIRMER,TRAITEUR_MER,SOUPE_ET_BISQUE,règle 22,MAISON SAINT LO,FOUR-0015,MAISON SAINT LO,MAISON SAINT LO,FOUR-0001,NORMAND DIRECT TERROIR,Commande directe auprès de Normand Direct Terroir,À CONFIRMER,À CONFIRMER,À CONFIRMER,À CONFIRMER,À CONFIRMER,,AUCUNE_INFORMATION_DANS_LES_DOCUMENTS,À CONFIRMER,À CONFIRMER,,480.0,480 ml,,NON,,24 MOIS,,3.5,3.5,unité,PU HT,0.055,3.6925,,,,,,,,,,À CONFIRMER,,6/,6,À CONFIRMER,À CONFIRMER,À CONFIRMER,À CONFIRMER,À CONFIRMER,À CONFIRMER,À CONFIRMER,À CONFIRMER,À CONFIRMER,OUI_DEDUIT_DU_CONDITIONNEMENT,À CONFIRMER,À CONFIRMER,À CONFIRMER,À CONFIRMER,À CONFIRMER,À CONFIRMER,À CONFIRMER,À CONFIRMER,À CONFIRMER,ESSENTIEL,2,palier de prix d'achat (3.50 € HT) → 2,PROPOSITION AUTOMATIQUE – À VALIDER EN BACK-OFFICE,À CONFIRMER,À CONFIRMER,NON,À CONFIRMER,,À CONFIRMER,À CONFIRMER,À CONFIRMER,À CONFIRMER,À CONFIRMER,À CONFIRMER,SUR_COMMANDE (document = tarif et bon de commande 2026),PRODUIT,LIBELLÉ IDENTIQUE – MÊME PRODUCTEUR,,,37,Tarif et bon de commande 2026 – onglet « TARIF NORMAND DIRECT 2026 »,ligne 181
PROD-0173,À CONFIRMER,Soupe de truite fumée 480 ml,Soupe de truite fumée 480 ml,À CONFIRMER,TRAITEUR_MER,SOUPE_ET_BISQUE,règle 22,MAISON SAINT LO,FOUR-0015,MAISON SAINT LO,MAISON SAINT LO,FOUR-0001,NORMAND DIRECT TERROIR,Commande directe auprès de Normand Direct Terroir,À CONFIRMER,À CONFIRMER,À CONFIRMER,À CONFIRMER,À CONFIRMER,,AUCUNE_INFORMATION_DANS_LES_DOCUMENTS,À CONFIRMER,À CONFIRMER,,480.0,480 ml,,NON,,24 MOIS,,3.5,3.5,unité,PU HT,0.055,3.6925,,,,,,,,,,À CONFIRMER,,6/,6,À CONFIRMER,À CONFIRMER,À CONFIRMER,À CONFIRMER,À CONFIRMER,À CONFIRMER,À CONFIRMER,À CONFIRMER,À CONFIRMER,OUI_DEDUIT_DU_CONDITIONNEMENT,À CONFIRMER,À CONFIRMER,À CONFIRMER,À CONFIRMER,À CONFIRMER,À CONFIRMER,À CONFIRMER,À CONFIRMER,À CONFIRMER,ESSENTIEL,2,palier de prix d'achat (3.50 € HT) → 2,PROPOSITION AUTOMATIQUE – À VALIDER EN BACK-OFFICE,À CONFIRMER,À CONFIRMER,NON,À CONFIRMER,,À CONFIRMER,À CONFIRMER,À CONFIRMER,À CONFIRMER,À CONFIRMER,À CONFIRMER,SUR_COMMANDE (document = tarif et bon de commande 2026),PRODUIT,LIBELLÉ IDENTIQUE – MÊME PRODUCTEUR,,,37,Tarif et bon de commande 2026 – onglet « TARIF NORMAND DIRECT 2026 »,ligne 182
PROD-0174,À CONFIRMER,Velouté de saumon 480 ml,Velouté de saumon 480 ml,À CONFIRMER,TRAITEUR_MER,SOUPE_ET_BISQUE,règle 22,MAISON SAINT LO,FOUR-0015,MAISON SAINT LO,MAISON SAINT LO,FOUR-0001,NORMAND DIRECT TERROIR,Commande directe auprès de Normand Direct Terroir,À CONFIRMER,À CONFIRMER,À CONFIRMER,À CONFIRMER,À CONFIRMER,,AUCUNE_INFORMATION_DANS_LES_DOCUMENTS,À CONFIRMER,À CONFIRMER,,480.0,480 ml,,NON,,24 MOIS,,3.5,3.5,unité,PU HT,0.055,3.6925,,,,,,,,,,À CONFIRMER,,6/,6,À CONFIRMER,À CONFIRMER,À CONFIRMER,À CONFIRMER,À CONFIRMER,À CONFIRMER,À CONFIRMER,À CONFIRMER,À CONFIRMER,OUI_DEDUIT_DU_CONDITIONNEMENT,À CONFIRMER,À CONFIRMER,À CONFIRMER,À CONFIRMER,À CONFIRMER,À CONFIRMER,À CONFIRMER,À CONFIRMER,À CONFIRMER,ESSENTIEL,2,palier de prix d'achat (3.50 € HT) → 2,PROPOSITION AUTOMATIQUE – À VALIDER EN BACK-OFFICE,À CONFIRMER,À CONFIRMER,NON,À CONFIRMER,,À CONFIRMER,À CONFIRMER,À CONFIRMER,À CONFIRMER,À CONFIRMER,À CONFIRMER,SUR_COMMANDE (document = tarif et bon de commande 2026),PRODUIT,LIBELLÉ IDENTIQUE – MÊME PRODUCTEUR,,,37,Tarif et bon de commande 2026 – onglet « TARIF NORMAND DIRECT 2026 »,ligne 183
PROD-0175,À CONFIRMER,Velouté de truite 480 ml,Velouté de truite 480 ml,À CONFIRMER,TRAITEUR_MER,SOUPE_ET_BISQUE,règle 22,MAISON SAINT LO,FOUR-0015,MAISON SAINT LO,MAISON SAINT LO,FOUR-0001,NORMAND DIRECT TERROIR,Commande directe auprès de Normand Direct Terroir,À CONFIRMER,À CONFIRMER,À CONFIRMER,À CONFIRMER,À CONFIRMER,,AUCUNE_INFORMATION_DANS_LES_DOCUMENTS,À CONFIRMER,À CONFIRMER,,480.0,480 ml,,NON,,24 MOIS,,3.5,3.5,unité,PU HT,0.055,3.6925,,,,,,,,,,À CONFIRMER,,6/,6,À CONFIRMER,À CONFIRMER,À CONFIRMER,À CONFIRMER,À CONFIRMER,À CONFIRMER,À CONFIRMER,À CONFIRMER,À CONFIRMER,OUI_DEDUIT_DU_CONDITIONNEMENT,À CONFIRMER,À CONFIRMER,À CONFIRMER,À CONFIRMER,À CONFIRMER,À CONFIRMER,À CONFIRMER,À CONFIRMER,À CONFIRMER,ESSENTIEL,2,palier de prix d'achat (3.50 € HT) → 2,PROPOSITION AUTOMATIQUE – À VALIDER EN BACK-OFFICE,À CONFIRMER,À CONFIRMER,NON,À CONFIRMER,,À CONFIRMER,À CONFIRMER,À CONFIRMER,À CONFIRMER,À CONFIRMER,À CONFIRMER,SUR_COMMANDE (document = tarif et bon de commande 2026),PRODUIT,LIBELLÉ IDENTIQUE – MÊME PRODUCTEUR,,,37,Tarif et bon de commande 2026 – onglet « TARIF NORMAND DIRECT 2026 »,ligne 184
PROD-0176,À CONFIRMER,Soupe de poisson 480 ml,Soupe de poisson 480 ml,À CONFIRMER,TRAITEUR_MER,SOUPE_ET_BISQUE,règle 22,MAISON SAINT LO,FOUR-0015,MAISON SAINT LO,MAISON SAINT LO,FOUR-0001,NORMAND DIRECT TERROIR,Commande directe auprès de Normand Direct Terroir,À CONFIRMER,À CONFIRMER,À CONFIRMER,À CONFIRMER,À CONFIRMER,,AUCUNE_INFORMATION_DANS_LES_DOCUMENTS,À CONFIRMER,À CONFIRMER,,480.0,480 ml,,NON,,24 MOIS,,3.5,3.5,unité,PU HT,0.055,3.6925,,,,,,,,,,À CONFIRMER,,6/,6,À CONFIRMER,À CONFIRMER,À CONFIRMER,À CONFIRMER,À CONFIRMER,À CONFIRMER,À CONFIRMER,À CONFIRMER,À CONFIRMER,OUI_DEDUIT_DU_CONDITIONNEMENT,À CONFIRMER,À CONFIRMER,À CONFIRMER,À CONFIRMER,À CONFIRMER,À CONFIRMER,À CONFIRMER,À CONFIRMER,À CONFIRMER,ESSENTIEL,2,palier de prix d'achat (3.50 € HT) → 2,PROPOSITION AUTOMATIQUE – À VALIDER EN BACK-OFFICE,À CONFIRMER,À CONFIRMER,NON,À CONFIRMER,,À CONFIRMER,À CONFIRMER,À CONFIRMER,À CONFIRMER,À CONFIRMER,À CONFIRMER,SUR_COMMANDE (document = tarif et bon de commande 2026),PRODUIT,LIBELLÉ IDENTIQUE – PRODUCTEURS DIFFÉRENTS,,,37,Tarif et bon de commande 2026 – onglet « TARIF NORMAND DIRECT 2026 »,ligne 185
PROD-0177,À CONFIRMER,Rillettes de saumon noix st Jacques 140 grs,Rillettes de saumon noix st Jacques 140 grs,À CONFIRMER,TRAITEUR_MER,PRODUIT_DE_LA_MER,règle 23,MAISON SAINT LO,FOUR-0015,MAISON SAINT LO,MAISON SAINT LO,FOUR-0001,NORMAND DIRECT TERROIR,Commande directe auprès de Normand Direct Terroir,À CONFIRMER,À CONFIRMER,À CONFIRMER,À CONFIRMER,À CONFIRMER,,AUCUNE_INFORMATION_DANS_LES_DOCUMENTS,À CONFIRMER,À CONFIRMER,140.0,,140 grs,,NON,,24 MOIS,,4.9,4.9,unité,PU HT,0.055,5.1695,,,,,,,,,,À CONFIRMER,,6/,6,À CONFIRMER,À CONFIRMER,À CONFIRMER,À CONFIRMER,À CONFIRMER,À CONFIRMER,À CONFIRMER,À CONFIRMER,À CONFIRMER,NON,À CONFIRMER,À CONFIRMER,À CONFIRMER,À CONFIRMER,À CONFIRMER,À CONFIRMER,À CONFIRMER,À CONFIRMER,À CONFIRMER,ESSENTIEL,2,palier de prix d'achat (4.90 € HT) → 2,PROPOSITION AUTOMATIQUE – À VALIDER EN BACK-OFFICE,À CONFIRMER,À CONFIRMER,NON,À CONFIRMER,FAIBLE_COUT_LOGISTIQUE,À CONFIRMER,À CONFIRMER,À CONFIRMER,À CONFIRMER,À CONFIRMER,À CONFIRMER,SUR_COMMANDE (document = tarif et bon de commande 2026),PRODUIT,,,,37,Tarif et bon de commande 2026 – onglet « TARIF NORMAND DIRECT 2026 »,ligne 186
PROD-0178,À CONFIRMER,Rillettes de truite noix de st jacques 140 grs,Rillettes de truite noix de st jacques 140 grs,À CONFIRMER,TRAITEUR_MER,PRODUIT_DE_LA_MER,règle 23,MAISON SAINT LO,FOUR-0015,MAISON SAINT LO,MAISON SAINT LO,FOUR-0001,NORMAND DIRECT TERROIR,Commande directe auprès de Normand Direct Terroir,À CONFIRMER,À CONFIRMER,À CONFIRMER,À CONFIRMER,À CONFIRMER,,AUCUNE_INFORMATION_DANS_LES_DOCUMENTS,À CONFIRMER,À CONFIRMER,140.0,,140 grs,,NON,,24 MOIS,,4.9,4.9,unité,PU HT,0.055,5.1695,,,,,,,,,,À CONFIRMER,,6/,6,À CONFIRMER,À CONFIRMER,À CONFIRMER,À CONFIRMER,À CONFIRMER,À CONFIRMER,À CONFIRMER,À CONFIRMER,À CONFIRMER,NON,À CONFIRMER,À CONFIRMER,À CONFIRMER,À CONFIRMER,À CONFIRMER,À CONFIRMER,À CONFIRMER,À CONFIRMER,À CONFIRMER,ESSENTIEL,2,palier de prix d'achat (4.90 € HT) → 2,PROPOSITION AUTOMATIQUE – À VALIDER EN BACK-OFFICE,À CONFIRMER,À CONFIRMER,NON,À CONFIRMER,FAIBLE_COUT_LOGISTIQUE,À CONFIRMER,À CONFIRMER,À CONFIRMER,À CONFIRMER,À CONFIRMER,À CONFIRMER,SUR_COMMANDE (document = tarif et bon de commande 2026),PRODUIT,LIBELLÉ IDENTIQUE – MÊME PRODUCTEUR,,,37,Tarif et bon de commande 2026 – onglet « TARIF NORMAND DIRECT 2026 »,ligne 187
PROD-0179,À CONFIRMER,Terrine de truite fumée 140 grs,Terrine de truite fumée 140 grs,À CONFIRMER,TRAITEUR_MER,PRODUIT_DE_LA_MER,règle 23,MAISON SAINT LO,FOUR-0015,MAISON SAINT LO,MAISON SAINT LO,FOUR-0001,NORMAND DIRECT TERROIR,Commande directe auprès de Normand Direct Terroir,À CONFIRMER,À CONFIRMER,À CONFIRMER,À CONFIRMER,À CONFIRMER,,AUCUNE_INFORMATION_DANS_LES_DOCUMENTS,À CONFIRMER,À CONFIRMER,140.0,,140 grs,,NON,,24 MOIS,,4.9,4.9,unité,PU HT,0.055,5.1695,,,,,,,,,,À CONFIRMER,,6/,6,À CONFIRMER,À CONFIRMER,À CONFIRMER,À CONFIRMER,À CONFIRMER,À CONFIRMER,À CONFIRMER,À CONFIRMER,À CONFIRMER,NON,À CONFIRMER,À CONFIRMER,À CONFIRMER,À CONFIRMER,À CONFIRMER,À CONFIRMER,À CONFIRMER,À CONFIRMER,À CONFIRMER,ESSENTIEL,2,palier de prix d'achat (4.90 € HT) → 2,PROPOSITION AUTOMATIQUE – À VALIDER EN BACK-OFFICE,À CONFIRMER,À CONFIRMER,NON,À CONFIRMER,FAIBLE_COUT_LOGISTIQUE,À CONFIRMER,À CONFIRMER,À CONFIRMER,À CONFIRMER,À CONFIRMER,À CONFIRMER,SUR_COMMANDE (document = tarif et bon de commande 2026),PRODUIT,LIBELLÉ IDENTIQUE – MÊME PRODUCTEUR,,,37,Tarif et bon de commande 2026 – onglet « TARIF NORMAND DIRECT 2026 »,ligne 188
PROD-0180,À CONFIRMER,Rillettes de hareng 140 grs,Rillettes de hareng 140 grs,À CONFIRMER,TRAITEUR_MER,PRODUIT_DE_LA_MER,règle 23,MAISON SAINT LO,FOUR-0015,MAISON SAINT LO,MAISON SAINT LO,FOUR-0001,NORMAND DIRECT TERROIR,Commande directe auprès de Normand Direct Terroir,À CONFIRMER,À CONFIRMER,À CONFIRMER,À CONFIRMER,À CONFIRMER,,AUCUNE_INFORMATION_DANS_LES_DOCUMENTS,À CONFIRMER,À CONFIRMER,140.0,,140 grs,,NON,,24 MOIS,,4.5,4.5,unité,PU HT,0.055,4.7475,,,,,,,,,,À CONFIRMER,,6/,6,À CONFIRMER,À CONFIRMER,À CONFIRMER,À CONFIRMER,À CONFIRMER,À CONFIRMER,À CONFIRMER,À CONFIRMER,À CONFIRMER,NON,À CONFIRMER,À CONFIRMER,À CONFIRMER,À CONFIRMER,À CONFIRMER,À CONFIRMER,À CONFIRMER,À CONFIRMER,À CONFIRMER,ESSENTIEL,2,palier de prix d'achat (4.50 € HT) → 2,PROPOSITION AUTOMATIQUE – À VALIDER EN BACK-OFFICE,À CONFIRMER,À CONFIRMER,NON,À CONFIRMER,FAIBLE_COUT_LOGISTIQUE,À CONFIRMER,À CONFIRMER,À CONFIRMER,À CONFIRMER,À CONFIRMER,À CONFIRMER,SUR_COMMANDE (document = tarif et bon de commande 2026),PRODUIT,,,,37,Tarif et bon de commande 2026 – onglet « TARIF NORMAND DIRECT 2026 »,ligne 189
PROD-0181,À CONFIRMER,Rillettes de lieu andouille de Vire 140 grs,Rillettes de lieu andouille de Vire 140 grs,À CONFIRMER,TRAITEUR_MER,PRODUIT_DE_LA_MER,règle 23,MAISON SAINT LO,FOUR-0015,MAISON SAINT LO,MAISON SAINT LO,FOUR-0001,NORMAND DIRECT TERROIR,Commande directe auprès de Normand Direct Terroir,À CONFIRMER,À CONFIRMER,À CONFIRMER,À CONFIRMER,À CONFIRMER,,APPELLATION_PORTANT_SUR_UN_INGREDIENT_SEULEMENT,NORMANDIE_INDIQUEE_DANS_LE_NOM_A_VERIFIER,À CONFIRMER,140.0,,140 grs,,NON,,24 MOIS,,4.5,4.5,unité,PU HT,0.055,4.7475,,,,,,,,,,À CONFIRMER,,6/,6,À CONFIRMER,À CONFIRMER,À CONFIRMER,À CONFIRMER,À CONFIRMER,À CONFIRMER,À CONFIRMER,À CONFIRMER,À CONFIRMER,NON,À CONFIRMER,À CONFIRMER,À CONFIRMER,À CONFIRMER,À CONFIRMER,À CONFIRMER,À CONFIRMER,À CONFIRMER,À CONFIRMER,ESSENTIEL,2,palier de prix d'achat (4.50 € HT) → 2,PROPOSITION AUTOMATIQUE – À VALIDER EN BACK-OFFICE,À CONFIRMER,À CONFIRMER,NON,À CONFIRMER,FAIBLE_COUT_LOGISTIQUE,À CONFIRMER,À CONFIRMER,À CONFIRMER,À CONFIRMER,À CONFIRMER,À CONFIRMER,SUR_COMMANDE (document = tarif et bon de commande 2026),PRODUIT,,,,36,Tarif et bon de commande 2026 – onglet « TARIF NORMAND DIRECT 2026 »,ligne 190
PROD-0182,À CONFIRMER,Rillettes de maquereaux moutarde 140grs,Rillettes de maquereaux moutarde 140grs,À CONFIRMER,EPICERIE_SALEE,CONDIMENT,règle 19,MAISON SAINT LO,FOUR-0015,MAISON SAINT LO,MAISON SAINT LO,FOUR-0001,NORMAND DIRECT TERROIR,Commande directe auprès de Normand Direct Terroir,À CONFIRMER,À CONFIRMER,À CONFIRMER,À CONFIRMER,À CONFIRMER,,AUCUNE_INFORMATION_DANS_LES_DOCUMENTS,À CONFIRMER,À CONFIRMER,140.0,,140grs,,NON,,24 MOIS,,4.5,4.5,unité,PU HT,0.055,4.7475,,,,,,,,,,À CONFIRMER,,6/,6,À CONFIRMER,À CONFIRMER,À CONFIRMER,À CONFIRMER,À CONFIRMER,À CONFIRMER,À CONFIRMER,À CONFIRMER,À CONFIRMER,NON,À CONFIRMER,À CONFIRMER,À CONFIRMER,À CONFIRMER,À CONFIRMER,À CONFIRMER,À CONFIRMER,À CONFIRMER,À CONFIRMER,ESSENTIEL,2,palier de prix d'achat (4.50 € HT) → 2,PROPOSITION AUTOMATIQUE – À VALIDER EN BACK-OFFICE,À CONFIRMER,À CONFIRMER,NON,À CONFIRMER,FAIBLE_COUT_LOGISTIQUE,À CONFIRMER,À CONFIRMER,À CONFIRMER,À CONFIRMER,À CONFIRMER,À CONFIRMER,SUR_COMMANDE (document = tarif et bon de commande 2026),PRODUIT,,,,37,Tarif et bon de commande 2026 – onglet « TARIF NORMAND DIRECT 2026 »,ligne 191
PROD-0183,À CONFIRMER,Rillettes de saumon 140 grs,Rillettes de saumon 140 grs,À CONFIRMER,TRAITEUR_MER,PRODUIT_DE_LA_MER,règle 23,MAISON SAINT LO,FOUR-0015,MAISON SAINT LO,MAISON SAINT LO,FOUR-0001,NORMAND DIRECT TERROIR,Commande directe auprès de Normand Direct Terroir,À CONFIRMER,À CONFIRMER,À CONFIRMER,À CONFIRMER,À CONFIRMER,,AUCUNE_INFORMATION_DANS_LES_DOCUMENTS,À CONFIRMER,À CONFIRMER,140.0,,140 grs,,NON,,24 MOIS,,4.5,4.5,unité,PU HT,0.055,4.7475,,,,,,,,,,À CONFIRMER,,6/,6,À CONFIRMER,À CONFIRMER,À CONFIRMER,À CONFIRMER,À CONFIRMER,À CONFIRMER,À CONFIRMER,À CONFIRMER,À CONFIRMER,NON,À CONFIRMER,À CONFIRMER,À CONFIRMER,À CONFIRMER,À CONFIRMER,À CONFIRMER,À CONFIRMER,À CONFIRMER,À CONFIRMER,ESSENTIEL,2,palier de prix d'achat (4.50 € HT) → 2,PROPOSITION AUTOMATIQUE – À VALIDER EN BACK-OFFICE,À CONFIRMER,À CONFIRMER,NON,À CONFIRMER,FAIBLE_COUT_LOGISTIQUE,À CONFIRMER,À CONFIRMER,À CONFIRMER,À CONFIRMER,À CONFIRMER,À CONFIRMER,SUR_COMMANDE (document = tarif et bon de commande 2026),PRODUIT,LIBELLÉ IDENTIQUE – MÊME PRODUCTEUR,,,37,Tarif et bon de commande 2026 – onglet « TARIF NORMAND DIRECT 2026 »,ligne 192
PROD-0184,À CONFIRMER,Rillettes de saumon à l'aneth fraîche 140 grs,Rillettes de saumon à l'aneth fraîche 140 grs,À CONFIRMER,TRAITEUR_MER,PRODUIT_DE_LA_MER,règle 23,MAISON SAINT LO,FOUR-0015,MAISON SAINT LO,MAISON SAINT LO,FOUR-0001,NORMAND DIRECT TERROIR,Commande directe auprès de Normand Direct Terroir,À CONFIRMER,À CONFIRMER,À CONFIRMER,À CONFIRMER,À CONFIRMER,,AUCUNE_INFORMATION_DANS_LES_DOCUMENTS,À CONFIRMER,À CONFIRMER,140.0,,140 grs,,NON,,24 MOIS,,4.5,4.5,unité,PU HT,0.055,4.7475,,,,,,,,,,À CONFIRMER,,6/,6,À CONFIRMER,À CONFIRMER,À CONFIRMER,À CONFIRMER,À CONFIRMER,À CONFIRMER,À CONFIRMER,À CONFIRMER,À CONFIRMER,NON,À CONFIRMER,À CONFIRMER,À CONFIRMER,À CONFIRMER,À CONFIRMER,À CONFIRMER,À CONFIRMER,À CONFIRMER,À CONFIRMER,ESSENTIEL,2,palier de prix d'achat (4.50 € HT) → 2,PROPOSITION AUTOMATIQUE – À VALIDER EN BACK-OFFICE,À CONFIRMER,À CONFIRMER,NON,À CONFIRMER,FAIBLE_COUT_LOGISTIQUE,À CONFIRMER,À CONFIRMER,À CONFIRMER,À CONFIRMER,À CONFIRMER,À CONFIRMER,SUR_COMMANDE (document = tarif et bon de commande 2026),PRODUIT,LIBELLÉ IDENTIQUE – MÊME PRODUCTEUR,,,37,Tarif et bon de commande 2026 – onglet « TARIF NORMAND DIRECT 2026 »,ligne 193
PROD-0185,À CONFIRMER,Rillettes de saumon au camembert 140 grs,Rillettes de saumon au camembert 140 grs,À CONFIRMER,TRAITEUR_MER,PRODUIT_DE_LA_MER,règle 23,MAISON SAINT LO,FOUR-0015,MAISON SAINT LO,MAISON SAINT LO,FOUR-0001,NORMAND DIRECT TERROIR,Commande directe auprès de Normand Direct Terroir,À CONFIRMER,À CONFIRMER,À CONFIRMER,À CONFIRMER,À CONFIRMER,,AUCUNE_INFORMATION_DANS_LES_DOCUMENTS,À CONFIRMER,À CONFIRMER,140.0,,140 grs,,NON,,24 MOIS,,4.5,4.5,unité,PU HT,0.055,4.7475,,,,,,,,,,À CONFIRMER,,6/,6,À CONFIRMER,À CONFIRMER,À CONFIRMER,À CONFIRMER,À CONFIRMER,À CONFIRMER,À CONFIRMER,À CONFIRMER,À CONFIRMER,NON,À CONFIRMER,À CONFIRMER,À CONFIRMER,À CONFIRMER,À CONFIRMER,À CONFIRMER,À CONFIRMER,À CONFIRMER,À CONFIRMER,ESSENTIEL,2,palier de prix d'achat (4.50 € HT) → 2,PROPOSITION AUTOMATIQUE – À VALIDER EN BACK-OFFICE,À CONFIRMER,À CONFIRMER,NON,À CONFIRMER,FAIBLE_COUT_LOGISTIQUE,À CONFIRMER,À CONFIRMER,À CONFIRMER,À CONFIRMER,À CONFIRMER,À CONFIRMER,SUR_COMMANDE (document = tarif et bon de commande 2026),PRODUIT,,,,37,Tarif et bon de commande 2026 – onglet « TARIF NORMAND DIRECT 2026 »,ligne 194
PROD-0186,À CONFIRMER,Rillettes de truite 140 grs,Rillettes de truite 140 grs,À CONFIRMER,TRAITEUR_MER,PRODUIT_DE_LA_MER,règle 23,MAISON SAINT LO,FOUR-0015,MAISON SAINT LO,MAISON SAINT LO,FOUR-0001,NORMAND DIRECT TERROIR,Commande directe auprès de Normand Direct Terroir,À CONFIRMER,À CONFIRMER,À CONFIRMER,À CONFIRMER,À CONFIRMER,,AUCUNE_INFORMATION_DANS_LES_DOCUMENTS,À CONFIRMER,À CONFIRMER,140.0,,140 grs,,NON,,24 MOIS,,4.5,4.5,unité,PU HT,0.055,4.7475,,,,,,,,,,À CONFIRMER,,6/,6,À CONFIRMER,À CONFIRMER,À CONFIRMER,À CONFIRMER,À CONFIRMER,À CONFIRMER,À CONFIRMER,À CONFIRMER,À CONFIRMER,NON,À CONFIRMER,À CONFIRMER,À CONFIRMER,À CONFIRMER,À CONFIRMER,À CONFIRMER,À CONFIRMER,À CONFIRMER,À CONFIRMER,ESSENTIEL,2,palier de prix d'achat (4.50 € HT) → 2,PROPOSITION AUTOMATIQUE – À VALIDER EN BACK-OFFICE,À CONFIRMER,À CONFIRMER,NON,À CONFIRMER,FAIBLE_COUT_LOGISTIQUE,À CONFIRMER,À CONFIRMER,À CONFIRMER,À CONFIRMER,À CONFIRMER,À CONFIRMER,SUR_COMMANDE (document = tarif et bon de commande 2026),PRODUIT,LIBELLÉ IDENTIQUE – MÊME PRODUCTEUR,,,37,Tarif et bon de commande 2026 – onglet « TARIF NORMAND DIRECT 2026 »,ligne 195
PROD-0187,À CONFIRMER,Rillettes truite moutarde ancienne 140 grs,Rillettes truite moutarde ancienne 140 grs,À CONFIRMER,EPICERIE_SALEE,CONDIMENT,règle 19,MAISON SAINT LO,FOUR-0015,MAISON SAINT LO,MAISON SAINT LO,FOUR-0001,NORMAND DIRECT TERROIR,Commande directe auprès de Normand Direct Terroir,À CONFIRMER,À CONFIRMER,À CONFIRMER,À CONFIRMER,À CONFIRMER,,AUCUNE_INFORMATION_DANS_LES_DOCUMENTS,À CONFIRMER,À CONFIRMER,140.0,,140 grs,,NON,,24 MOIS,,4.5,4.5,unité,PU HT,0.055,4.7475,,,,,,,,,,À CONFIRMER,,6/,6,À CONFIRMER,À CONFIRMER,À CONFIRMER,À CONFIRMER,À CONFIRMER,À CONFIRMER,À CONFIRMER,À CONFIRMER,À CONFIRMER,NON,À CONFIRMER,À CONFIRMER,À CONFIRMER,À CONFIRMER,À CONFIRMER,À CONFIRMER,À CONFIRMER,À CONFIRMER,À CONFIRMER,ESSENTIEL,2,palier de prix d'achat (4.50 € HT) → 2,PROPOSITION AUTOMATIQUE – À VALIDER EN BACK-OFFICE,À CONFIRMER,À CONFIRMER,NON,À CONFIRMER,FAIBLE_COUT_LOGISTIQUE,À CONFIRMER,À CONFIRMER,À CONFIRMER,À CONFIRMER,À CONFIRMER,À CONFIRMER,SUR_COMMANDE (document = tarif et bon de commande 2026),PRODUIT,,,,37,Tarif et bon de commande 2026 – onglet « TARIF NORMAND DIRECT 2026 »,ligne 196
PROD-0188,À CONFIRMER,Rillettes de truite à l'aneth fraîche 140 grs,Rillettes de truite à l'aneth fraîche 140 grs,À CONFIRMER,TRAITEUR_MER,PRODUIT_DE_LA_MER,règle 23,MAISON SAINT LO,FOUR-0015,MAISON SAINT LO,MAISON SAINT LO,FOUR-0001,NORMAND DIRECT TERROIR,Commande directe auprès de Normand Direct Terroir,À CONFIRMER,À CONFIRMER,À CONFIRMER,À CONFIRMER,À CONFIRMER,,AUCUNE_INFORMATION_DANS_LES_DOCUMENTS,À CONFIRMER,À CONFIRMER,140.0,,140 grs,,NON,,24 MOIS,,4.5,4.5,unité,PU HT,0.055,4.7475,,,,,,,,,,À CONFIRMER,,6/,6,À CONFIRMER,À CONFIRMER,À CONFIRMER,À CONFIRMER,À CONFIRMER,À CONFIRMER,À CONFIRMER,À CONFIRMER,À CONFIRMER,NON,À CONFIRMER,À CONFIRMER,À CONFIRMER,À CONFIRMER,À CONFIRMER,À CONFIRMER,À CONFIRMER,À CONFIRMER,À CONFIRMER,ESSENTIEL,2,palier de prix d'achat (4.50 € HT) → 2,PROPOSITION AUTOMATIQUE – À VALIDER EN BACK-OFFICE,À CONFIRMER,À CONFIRMER,NON,À CONFIRMER,FAIBLE_COUT_LOGISTIQUE,À CONFIRMER,À CONFIRMER,À CONFIRMER,À CONFIRMER,À CONFIRMER,À CONFIRMER,SUR_COMMANDE (document = tarif et bon de commande 2026),PRODUIT,LIBELLÉ IDENTIQUE – MÊME PRODUCTEUR,,,37,Tarif et bon de commande 2026 – onglet « TARIF NORMAND DIRECT 2026 »,ligne 197
PROD-0189,À CONFIRMER,Rillettes saumon curry 140 grs,Rillettes saumon curry 140 grs,À CONFIRMER,TRAITEUR_MER,PRODUIT_DE_LA_MER,règle 23,MAISON SAINT LO,FOUR-0015,MAISON SAINT LO,MAISON SAINT LO,FOUR-0001,NORMAND DIRECT TERROIR,Commande directe auprès de Normand Direct Terroir,À CONFIRMER,À CONFIRMER,À CONFIRMER,À CONFIRMER,À CONFIRMER,,AUCUNE_INFORMATION_DANS_LES_DOCUMENTS,À CONFIRMER,À CONFIRMER,140.0,,140 grs,,NON,,24 MOIS,,4.5,4.5,unité,PU HT,0.055,4.7475,,,,,,,,,,À CONFIRMER,,6/,6,À CONFIRMER,À CONFIRMER,À CONFIRMER,À CONFIRMER,À CONFIRMER,À CONFIRMER,À CONFIRMER,À CONFIRMER,À CONFIRMER,NON,À CONFIRMER,À CONFIRMER,À CONFIRMER,À CONFIRMER,À CONFIRMER,À CONFIRMER,À CONFIRMER,À CONFIRMER,À CONFIRMER,ESSENTIEL,2,palier de prix d'achat (4.50 € HT) → 2,PROPOSITION AUTOMATIQUE – À VALIDER EN BACK-OFFICE,À CONFIRMER,À CONFIRMER,NON,À CONFIRMER,FAIBLE_COUT_LOGISTIQUE,À CONFIRMER,À CONFIRMER,À CONFIRMER,À CONFIRMER,À CONFIRMER,À CONFIRMER,SUR_COMMANDE (document = tarif et bon de commande 2026),PRODUIT,,,,37,Tarif et bon de commande 2026 – onglet « TARIF NORMAND DIRECT 2026 »,ligne 198
PROD-0190,À CONFIRMER,Rillettes de langoustines 90 grs,Rillettes de langoustines 90 grs,À CONFIRMER,TRAITEUR_MER,PRODUIT_DE_LA_MER,règle 23,MAISON SAINT LO,FOUR-0015,MAISON SAINT LO,MAISON SAINT LO,FOUR-0001,NORMAND DIRECT TERROIR,Commande directe auprès de Normand Direct Terroir,À CONFIRMER,À CONFIRMER,À CONFIRMER,À CONFIRMER,À CONFIRMER,,AUCUNE_INFORMATION_DANS_LES_DOCUMENTS,À CONFIRMER,À CONFIRMER,90.0,,90 grs,,NON,,24 MOIS,,4.6,4.6,unité,PU HT,0.055,4.853,,,,,,,,,,À CONFIRMER,,6/,6,À CONFIRMER,À CONFIRMER,À CONFIRMER,À CONFIRMER,À CONFIRMER,À CONFIRMER,À CONFIRMER,À CONFIRMER,À CONFIRMER,NON,À CONFIRMER,À CONFIRMER,À CONFIRMER,À CONFIRMER,À CONFIRMER,À CONFIRMER,À CONFIRMER,À CONFIRMER,À CONFIRMER,ESSENTIEL,2,palier de prix d'achat (4.60 € HT) → 2,PROPOSITION AUTOMATIQUE – À VALIDER EN BACK-OFFICE,À CONFIRMER,À CONFIRMER,NON,À CONFIRMER,FAIBLE_COUT_LOGISTIQUE,À CONFIRMER,À CONFIRMER,À CONFIRMER,À CONFIRMER,À CONFIRMER,À CONFIRMER,SUR_COMMANDE (document = tarif et bon de commande 2026),PRODUIT,,,,37,Tarif et bon de commande 2026 – onglet « TARIF NORMAND DIRECT 2026 »,ligne 199
PROD-0191,À CONFIRMER,Rillettes de homard 90 grs,Rillettes de homard 90 grs,À CONFIRMER,TRAITEUR_MER,PRODUIT_DE_LA_MER,règle 23,MAISON SAINT LO,FOUR-0015,MAISON SAINT LO,MAISON SAINT LO,FOUR-0001,NORMAND DIRECT TERROIR,Commande directe auprès de Normand Direct Terroir,À CONFIRMER,À CONFIRMER,À CONFIRMER,À CONFIRMER,À CONFIRMER,,AUCUNE_INFORMATION_DANS_LES_DOCUMENTS,À CONFIRMER,À CONFIRMER,90.0,,90 grs,,NON,,24 MOIS,,4.6,4.6,unité,PU HT,0.055,4.853,,,,,,,,,,À CONFIRMER,,6/,6,À CONFIRMER,À CONFIRMER,À CONFIRMER,À CONFIRMER,À CONFIRMER,À CONFIRMER,À CONFIRMER,À CONFIRMER,À CONFIRMER,NON,À CONFIRMER,À CONFIRMER,À CONFIRMER,À CONFIRMER,À CONFIRMER,À CONFIRMER,À CONFIRMER,À CONFIRMER,À CONFIRMER,ESSENTIEL,2,palier de prix d'achat (4.60 € HT) → 2,PROPOSITION AUTOMATIQUE – À VALIDER EN BACK-OFFICE,À CONFIRMER,À CONFIRMER,NON,À CONFIRMER,FAIBLE_COUT_LOGISTIQUE,À CONFIRMER,À CONFIRMER,À CONFIRMER,À CONFIRMER,À CONFIRMER,À CONFIRMER,SUR_COMMANDE (document = tarif et bon de commande 2026),PRODUIT,,,,37,Tarif et bon de commande 2026 – onglet « TARIF NORMAND DIRECT 2026 »,ligne 200
PROD-0192,À CONFIRMER,Rillettes de lotte 90 grs,Rillettes de lotte 90 grs,À CONFIRMER,TRAITEUR_MER,PRODUIT_DE_LA_MER,règle 23,MAISON SAINT LO,FOUR-0015,MAISON SAINT LO,MAISON SAINT LO,FOUR-0001,NORMAND DIRECT TERROIR,Commande directe auprès de Normand Direct Terroir,À CONFIRMER,À CONFIRMER,À CONFIRMER,À CONFIRMER,À CONFIRMER,,AUCUNE_INFORMATION_DANS_LES_DOCUMENTS,À CONFIRMER,À CONFIRMER,90.0,,90 grs,,NON,,24 MOIS,,4.5,4.5,unité,PU HT,0.055,4.7475,,,,,,,,,,À CONFIRMER,,6/,6,À CONFIRMER,À CONFIRMER,À CONFIRMER,À CONFIRMER,À CONFIRMER,À CONFIRMER,À CONFIRMER,À CONFIRMER,À CONFIRMER,NON,À CONFIRMER,À CONFIRMER,À CONFIRMER,À CONFIRMER,À CONFIRMER,À CONFIRMER,À CONFIRMER,À CONFIRMER,À CONFIRMER,ESSENTIEL,2,palier de prix d'achat (4.50 € HT) → 2,PROPOSITION AUTOMATIQUE – À VALIDER EN BACK-OFFICE,À CONFIRMER,À CONFIRMER,NON,À CONFIRMER,FAIBLE_COUT_LOGISTIQUE,À CONFIRMER,À CONFIRMER,À CONFIRMER,À CONFIRMER,À CONFIRMER,À CONFIRMER,SUR_COMMANDE (document = tarif et bon de commande 2026),PRODUIT,,,,37,Tarif et bon de commande 2026 – onglet « TARIF NORMAND DIRECT 2026 »,ligne 201
PROD-0193,À CONFIRMER,Rillettes de lotte au chorizo 90 grs,Rillettes de lotte au chorizo 90 grs,À CONFIRMER,TRAITEUR_MER,PRODUIT_DE_LA_MER,règle 23,MAISON SAINT LO,FOUR-0015,MAISON SAINT LO,MAISON SAINT LO,FOUR-0001,NORMAND DIRECT TERROIR,Commande directe auprès de Normand Direct Terroir,À CONFIRMER,À CONFIRMER,À CONFIRMER,À CONFIRMER,À CONFIRMER,,AUCUNE_INFORMATION_DANS_LES_DOCUMENTS,À CONFIRMER,À CONFIRMER,90.0,,90 grs,,NON,,24 MOIS,,4.5,4.5,unité,PU HT,0.055,4.7475,,,,,,,,,,À CONFIRMER,,6/,6,À CONFIRMER,À CONFIRMER,À CONFIRMER,À CONFIRMER,À CONFIRMER,À CONFIRMER,À CONFIRMER,À CONFIRMER,À CONFIRMER,NON,À CONFIRMER,À CONFIRMER,À CONFIRMER,À CONFIRMER,À CONFIRMER,À CONFIRMER,À CONFIRMER,À CONFIRMER,À CONFIRMER,ESSENTIEL,2,palier de prix d'achat (4.50 € HT) → 2,PROPOSITION AUTOMATIQUE – À VALIDER EN BACK-OFFICE,À CONFIRMER,À CONFIRMER,NON,À CONFIRMER,FAIBLE_COUT_LOGISTIQUE,À CONFIRMER,À CONFIRMER,À CONFIRMER,À CONFIRMER,À CONFIRMER,À CONFIRMER,SUR_COMMANDE (document = tarif et bon de commande 2026),PRODUIT,,,,37,Tarif et bon de commande 2026 – onglet « TARIF NORMAND DIRECT 2026 »,ligne 202
PROD-0194,À CONFIRMER,Rillettes noix de st jacques pomme miel 85 g,Rillettes noix de st jacques pomme miel 85 g,À CONFIRMER,TRAITEUR_MER,PRODUIT_DE_LA_MER,règle 23,MAISON SAINT LO,FOUR-0015,MAISON SAINT LO,MAISON SAINT LO,FOUR-0001,NORMAND DIRECT TERROIR,Commande directe auprès de Normand Direct Terroir,À CONFIRMER,À CONFIRMER,À CONFIRMER,À CONFIRMER,À CONFIRMER,,AUCUNE_INFORMATION_DANS_LES_DOCUMENTS,À CONFIRMER,À CONFIRMER,85.0,,85 g,,NON,,24 MOIS,,4.5,4.5,unité,PU HT,0.055,4.7475,,,,,,,,,,À CONFIRMER,,6/,6,À CONFIRMER,À CONFIRMER,À CONFIRMER,À CONFIRMER,À CONFIRMER,À CONFIRMER,À CONFIRMER,À CONFIRMER,À CONFIRMER,NON,À CONFIRMER,À CONFIRMER,À CONFIRMER,À CONFIRMER,À CONFIRMER,À CONFIRMER,À CONFIRMER,À CONFIRMER,À CONFIRMER,ESSENTIEL,2,palier de prix d'achat (4.50 € HT) → 2,PROPOSITION AUTOMATIQUE – À VALIDER EN BACK-OFFICE,À CONFIRMER,À CONFIRMER,NON,À CONFIRMER,FAIBLE_COUT_LOGISTIQUE,À CONFIRMER,À CONFIRMER,À CONFIRMER,À CONFIRMER,À CONFIRMER,À CONFIRMER,SUR_COMMANDE (document = tarif et bon de commande 2026),PRODUIT,,,,37,Tarif et bon de commande 2026 – onglet « TARIF NORMAND DIRECT 2026 »,ligne 203
PROD-0195,À CONFIRMER,Rillettes de truite fumée au safran 90 g,Rillettes de truite fumée au safran 90 g,À CONFIRMER,TRAITEUR_MER,PRODUIT_DE_LA_MER,règle 23,MAISON SAINT LO,FOUR-0015,MAISON SAINT LO,MAISON SAINT LO,FOUR-0001,NORMAND DIRECT TERROIR,Commande directe auprès de Normand Direct Terroir,À CONFIRMER,À CONFIRMER,À CONFIRMER,À CONFIRMER,À CONFIRMER,,AUCUNE_INFORMATION_DANS_LES_DOCUMENTS,À CONFIRMER,À CONFIRMER,90.0,,90 g,,NON,,24 MOIS,,3.8,3.8,unité,PU HT,0.055,4.009,,,,,,,,,,À CONFIRMER,,6/,6,À CONFIRMER,À CONFIRMER,À CONFIRMER,À CONFIRMER,À CONFIRMER,À CONFIRMER,À CONFIRMER,À CONFIRMER,À CONFIRMER,NON,À CONFIRMER,À CONFIRMER,À CONFIRMER,À CONFIRMER,À CONFIRMER,À CONFIRMER,À CONFIRMER,À CONFIRMER,À CONFIRMER,ESSENTIEL,2,palier de prix d'achat (3.80 € HT) → 2,PROPOSITION AUTOMATIQUE – À VALIDER EN BACK-OFFICE,À CONFIRMER,À CONFIRMER,NON,À CONFIRMER,FAIBLE_COUT_LOGISTIQUE,À CONFIRMER,À CONFIRMER,À CONFIRMER,À CONFIRMER,À CONFIRMER,À CONFIRMER,SUR_COMMANDE (document = tarif et bon de commande 2026),PRODUIT,,,,37,Tarif et bon de commande 2026 – onglet « TARIF NORMAND DIRECT 2026 »,ligne 204
PROD-0196,À CONFIRMER,Rillettes saumon aux noix  St Jacques 90 grs,Rillettes saumon aux noix  St Jacques 90 grs,À CONFIRMER,TRAITEUR_MER,PRODUIT_DE_LA_MER,règle 23,MAISON SAINT LO,FOUR-0015,MAISON SAINT LO,MAISON SAINT LO,FOUR-0001,NORMAND DIRECT TERROIR,Commande directe auprès de Normand Direct Terroir,À CONFIRMER,À CONFIRMER,À CONFIRMER,À CONFIRMER,À CONFIRMER,,AUCUNE_INFORMATION_DANS_LES_DOCUMENTS,À CONFIRMER,À CONFIRMER,90.0,,90 grs,,NON,,24 MOIS,,3.5,3.5,unité,PU HT,0.055,3.6925,,,,,,,,,,À CONFIRMER,,6/,6,À CONFIRMER,À CONFIRMER,À CONFIRMER,À CONFIRMER,À CONFIRMER,À CONFIRMER,À CONFIRMER,À CONFIRMER,À CONFIRMER,NON,À CONFIRMER,À CONFIRMER,À CONFIRMER,À CONFIRMER,À CONFIRMER,À CONFIRMER,À CONFIRMER,À CONFIRMER,À CONFIRMER,ESSENTIEL,2,palier de prix d'achat (3.50 € HT) → 2,PROPOSITION AUTOMATIQUE – À VALIDER EN BACK-OFFICE,À CONFIRMER,À CONFIRMER,NON,À CONFIRMER,FAIBLE_COUT_LOGISTIQUE,À CONFIRMER,À CONFIRMER,À CONFIRMER,À CONFIRMER,À CONFIRMER,À CONFIRMER,SUR_COMMANDE (document = tarif et bon de commande 2026),PRODUIT,,,,37,Tarif et bon de commande 2026 – onglet « TARIF NORMAND DIRECT 2026 »,ligne 205
PROD-0197,À CONFIRMER,Rillettes de truite noix de st jacques 90 grs,Rillettes de truite noix de st jacques 90 grs,À CONFIRMER,TRAITEUR_MER,PRODUIT_DE_LA_MER,règle 23,MAISON SAINT LO,FOUR-0015,MAISON SAINT LO,MAISON SAINT LO,FOUR-0001,NORMAND DIRECT TERROIR,Commande directe auprès de Normand Direct Terroir,À CONFIRMER,À CONFIRMER,À CONFIRMER,À CONFIRMER,À CONFIRMER,,AUCUNE_INFORMATION_DANS_LES_DOCUMENTS,À CONFIRMER,À CONFIRMER,90.0,,90 grs,,NON,,24 MOIS,,3.5,3.5,unité,PU HT,0.055,3.6925,,,,,,,,,,À CONFIRMER,,6/,6,À CONFIRMER,À CONFIRMER,À CONFIRMER,À CONFIRMER,À CONFIRMER,À CONFIRMER,À CONFIRMER,À CONFIRMER,À CONFIRMER,NON,À CONFIRMER,À CONFIRMER,À CONFIRMER,À CONFIRMER,À CONFIRMER,À CONFIRMER,À CONFIRMER,À CONFIRMER,À CONFIRMER,ESSENTIEL,2,palier de prix d'achat (3.50 € HT) → 2,PROPOSITION AUTOMATIQUE – À VALIDER EN BACK-OFFICE,À CONFIRMER,À CONFIRMER,NON,À CONFIRMER,FAIBLE_COUT_LOGISTIQUE,À CONFIRMER,À CONFIRMER,À CONFIRMER,À CONFIRMER,À CONFIRMER,À CONFIRMER,SUR_COMMANDE (document = tarif et bon de commande 2026),PRODUIT,LIBELLÉ IDENTIQUE – MÊME PRODUCTEUR,,,37,Tarif et bon de commande 2026 – onglet « TARIF NORMAND DIRECT 2026 »,ligne 206
PROD-0198,À CONFIRMER,Terrine de haddock 90 grs,Terrine de haddock 90 grs,À CONFIRMER,TRAITEUR_MER,PRODUIT_DE_LA_MER,règle 23,MAISON SAINT LO,FOUR-0015,MAISON SAINT LO,MAISON SAINT LO,FOUR-0001,NORMAND DIRECT TERROIR,Commande directe auprès de Normand Direct Terroir,À CONFIRMER,À CONFIRMER,À CONFIRMER,À CONFIRMER,À CONFIRMER,,AUCUNE_INFORMATION_DANS_LES_DOCUMENTS,À CONFIRMER,À CONFIRMER,90.0,,90 grs,,NON,,24 MOIS,,3.5,3.5,unité,PU HT,0.055,3.6925,,,,,,,,,,À CONFIRMER,,6/,6,À CONFIRMER,À CONFIRMER,À CONFIRMER,À CONFIRMER,À CONFIRMER,À CONFIRMER,À CONFIRMER,À CONFIRMER,À CONFIRMER,NON,À CONFIRMER,À CONFIRMER,À CONFIRMER,À CONFIRMER,À CONFIRMER,À CONFIRMER,À CONFIRMER,À CONFIRMER,À CONFIRMER,ESSENTIEL,2,palier de prix d'achat (3.50 € HT) → 2,PROPOSITION AUTOMATIQUE – À VALIDER EN BACK-OFFICE,À CONFIRMER,À CONFIRMER,NON,À CONFIRMER,FAIBLE_COUT_LOGISTIQUE,À CONFIRMER,À CONFIRMER,À CONFIRMER,À CONFIRMER,À CONFIRMER,À CONFIRMER,SUR_COMMANDE (document = tarif et bon de commande 2026),PRODUIT,,,,37,Tarif et bon de commande 2026 – onglet « TARIF NORMAND DIRECT 2026 »,ligne 207
PROD-0199,À CONFIRMER,Terrine de truite fumée 90 grs,Terrine de truite fumée 90 grs,À CONFIRMER,TRAITEUR_MER,PRODUIT_DE_LA_MER,règle 23,MAISON SAINT LO,FOUR-0015,MAISON SAINT LO,MAISON SAINT LO,FOUR-0001,NORMAND DIRECT TERROIR,Commande directe auprès de Normand Direct Terroir,À CONFIRMER,À CONFIRMER,À CONFIRMER,À CONFIRMER,À CONFIRMER,,AUCUNE_INFORMATION_DANS_LES_DOCUMENTS,À CONFIRMER,À CONFIRMER,90.0,,90 grs,,NON,,24 MOIS,,3.5,3.5,unité,PU HT,0.055,3.6925,,,,,,,,,,À CONFIRMER,,6/,6,À CONFIRMER,À CONFIRMER,À CONFIRMER,À CONFIRMER,À CONFIRMER,À CONFIRMER,À CONFIRMER,À CONFIRMER,À CONFIRMER,NON,À CONFIRMER,À CONFIRMER,À CONFIRMER,À CONFIRMER,À CONFIRMER,À CONFIRMER,À CONFIRMER,À CONFIRMER,À CONFIRMER,ESSENTIEL,2,palier de prix d'achat (3.50 € HT) → 2,PROPOSITION AUTOMATIQUE – À VALIDER EN BACK-OFFICE,À CONFIRMER,À CONFIRMER,NON,À CONFIRMER,FAIBLE_COUT_LOGISTIQUE,À CONFIRMER,À CONFIRMER,À CONFIRMER,À CONFIRMER,À CONFIRMER,À CONFIRMER,SUR_COMMANDE (document = tarif et bon de commande 2026),PRODUIT,LIBELLÉ IDENTIQUE – MÊME PRODUCTEUR,,,37,Tarif et bon de commande 2026 – onglet « TARIF NORMAND DIRECT 2026 »,ligne 208
PROD-0200,À CONFIRMER,Terrine saumon fumé 90 grs,Terrine saumon fumé 90 grs,À CONFIRMER,TRAITEUR_MER,PRODUIT_DE_LA_MER,règle 23,MAISON SAINT LO,FOUR-0015,MAISON SAINT LO,MAISON SAINT LO,FOUR-0001,NORMAND DIRECT TERROIR,Commande directe auprès de Normand Direct Terroir,À CONFIRMER,À CONFIRMER,À CONFIRMER,À CONFIRMER,À CONFIRMER,,AUCUNE_INFORMATION_DANS_LES_DOCUMENTS,À CONFIRMER,À CONFIRMER,90.0,,90 grs,,NON,,24 MOIS,,3.5,3.5,unité,PU HT,0.055,3.6925,,,,,,,,,,À CONFIRMER,,6/,6,À CONFIRMER,À CONFIRMER,À CONFIRMER,À CONFIRMER,À CONFIRMER,À CONFIRMER,À CONFIRMER,À CONFIRMER,À CONFIRMER,NON,À CONFIRMER,À CONFIRMER,À CONFIRMER,À CONFIRMER,À CONFIRMER,À CONFIRMER,À CONFIRMER,À CONFIRMER,À CONFIRMER,ESSENTIEL,2,palier de prix d'achat (3.50 € HT) → 2,PROPOSITION AUTOMATIQUE – À VALIDER EN BACK-OFFICE,À CONFIRMER,À CONFIRMER,NON,À CONFIRMER,FAIBLE_COUT_LOGISTIQUE,À CONFIRMER,À CONFIRMER,À CONFIRMER,À CONFIRMER,À CONFIRMER,À CONFIRMER,SUR_COMMANDE (document = tarif et bon de commande 2026),PRODUIT,LIBELLÉ IDENTIQUE – MÊME PRODUCTEUR,,,37,Tarif et bon de commande 2026 – onglet « TARIF NORMAND DIRECT 2026 »,ligne 209
PROD-0201,À CONFIRMER,Rillettes saumon au miel et curry 90 grs,Rillettes saumon au miel et curry 90 grs,À CONFIRMER,TRAITEUR_MER,PRODUIT_DE_LA_MER,règle 23,MAISON SAINT LO,FOUR-0015,MAISON SAINT LO,MAISON SAINT LO,FOUR-0001,NORMAND DIRECT TERROIR,Commande directe auprès de Normand Direct Terroir,À CONFIRMER,À CONFIRMER,À CONFIRMER,À CONFIRMER,À CONFIRMER,,AUCUNE_INFORMATION_DANS_LES_DOCUMENTS,À CONFIRMER,À CONFIRMER,90.0,,90 grs,,NON,,24 MOIS,,3.2,3.2,unité,PU HT,0.055,3.376,,,,,,,,,,À CONFIRMER,,6/,6,À CONFIRMER,À CONFIRMER,À CONFIRMER,À CONFIRMER,À CONFIRMER,À CONFIRMER,À CONFIRMER,À CONFIRMER,À CONFIRMER,NON,À CONFIRMER,À CONFIRMER,À CONFIRMER,À CONFIRMER,À CONFIRMER,À CONFIRMER,À CONFIRMER,À CONFIRMER,À CONFIRMER,ESSENTIEL,2,palier de prix d'achat (3.20 € HT) → 2,PROPOSITION AUTOMATIQUE – À VALIDER EN BACK-OFFICE,À CONFIRMER,À CONFIRMER,NON,À CONFIRMER,FAIBLE_COUT_LOGISTIQUE,À CONFIRMER,À CONFIRMER,À CONFIRMER,À CONFIRMER,À CONFIRMER,À CONFIRMER,SUR_COMMANDE (document = tarif et bon de commande 2026),PRODUIT,,,,37,Tarif et bon de commande 2026 – onglet « TARIF NORMAND DIRECT 2026 »,ligne 210
PROD-0202,À CONFIRMER,Rillettes de hareng à la tomate 90 grs,Rillettes de hareng à la tomate 90 grs,À CONFIRMER,TRAITEUR_MER,PRODUIT_DE_LA_MER,règle 23,MAISON SAINT LO,FOUR-0015,MAISON SAINT LO,MAISON SAINT LO,FOUR-0001,NORMAND DIRECT TERROIR,Commande directe auprès de Normand Direct Terroir,À CONFIRMER,À CONFIRMER,À CONFIRMER,À CONFIRMER,À CONFIRMER,,AUCUNE_INFORMATION_DANS_LES_DOCUMENTS,À CONFIRMER,À CONFIRMER,90.0,,90 grs,,NON,,24 MOIS,,3.2,3.2,unité,PU HT,0.055,3.376,,,,,,,,,,À CONFIRMER,,6/,6,À CONFIRMER,À CONFIRMER,À CONFIRMER,À CONFIRMER,À CONFIRMER,À CONFIRMER,À CONFIRMER,À CONFIRMER,À CONFIRMER,NON,À CONFIRMER,À CONFIRMER,À CONFIRMER,À CONFIRMER,À CONFIRMER,À CONFIRMER,À CONFIRMER,À CONFIRMER,À CONFIRMER,ESSENTIEL,2,palier de prix d'achat (3.20 € HT) → 2,PROPOSITION AUTOMATIQUE – À VALIDER EN BACK-OFFICE,À CONFIRMER,À CONFIRMER,NON,À CONFIRMER,FAIBLE_COUT_LOGISTIQUE,À CONFIRMER,À CONFIRMER,À CONFIRMER,À CONFIRMER,À CONFIRMER,À CONFIRMER,SUR_COMMANDE (document = tarif et bon de commande 2026),PRODUIT,,,,37,Tarif et bon de commande 2026 – onglet « TARIF NORMAND DIRECT 2026 »,ligne 211
PROD-0203,À CONFIRMER,Rillettes maquereaux moutarde 90 grs,Rillettes maquereaux moutarde 90 grs,À CONFIRMER,EPICERIE_SALEE,CONDIMENT,règle 19,MAISON SAINT LO,FOUR-0015,MAISON SAINT LO,MAISON SAINT LO,FOUR-0001,NORMAND DIRECT TERROIR,Commande directe auprès de Normand Direct Terroir,À CONFIRMER,À CONFIRMER,À CONFIRMER,À CONFIRMER,À CONFIRMER,,AUCUNE_INFORMATION_DANS_LES_DOCUMENTS,À CONFIRMER,À CONFIRMER,90.0,,90 grs,,NON,,24 MOIS,,3.2,3.2,unité,PU HT,0.055,3.376,,,,,,,,,,À CONFIRMER,,6/,6,À CONFIRMER,À CONFIRMER,À CONFIRMER,À CONFIRMER,À CONFIRMER,À CONFIRMER,À CONFIRMER,À CONFIRMER,À CONFIRMER,NON,À CONFIRMER,À CONFIRMER,À CONFIRMER,À CONFIRMER,À CONFIRMER,À CONFIRMER,À CONFIRMER,À CONFIRMER,À CONFIRMER,ESSENTIEL,2,palier de prix d'achat (3.20 € HT) → 2,PROPOSITION AUTOMATIQUE – À VALIDER EN BACK-OFFICE,À CONFIRMER,À CONFIRMER,NON,À CONFIRMER,FAIBLE_COUT_LOGISTIQUE,À CONFIRMER,À CONFIRMER,À CONFIRMER,À CONFIRMER,À CONFIRMER,À CONFIRMER,SUR_COMMANDE (document = tarif et bon de commande 2026),PRODUIT,,,,37,Tarif et bon de commande 2026 – onglet « TARIF NORMAND DIRECT 2026 »,ligne 212
PROD-0204,À CONFIRMER,Rillettes de sardine 90 grs,Rillettes de sardine 90 grs,À CONFIRMER,TRAITEUR_MER,PRODUIT_DE_LA_MER,règle 23,MAISON SAINT LO,FOUR-0015,MAISON SAINT LO,MAISON SAINT LO,FOUR-0001,NORMAND DIRECT TERROIR,Commande directe auprès de Normand Direct Terroir,À CONFIRMER,À CONFIRMER,À CONFIRMER,À CONFIRMER,À CONFIRMER,,AUCUNE_INFORMATION_DANS_LES_DOCUMENTS,À CONFIRMER,À CONFIRMER,90.0,,90 grs,,NON,,24 MOIS,,3.2,3.2,unité,PU HT,0.055,3.376,,,,,,,,,,À CONFIRMER,,6/,6,À CONFIRMER,À CONFIRMER,À CONFIRMER,À CONFIRMER,À CONFIRMER,À CONFIRMER,À CONFIRMER,À CONFIRMER,À CONFIRMER,NON,À CONFIRMER,À CONFIRMER,À CONFIRMER,À CONFIRMER,À CONFIRMER,À CONFIRMER,À CONFIRMER,À CONFIRMER,À CONFIRMER,ESSENTIEL,2,palier de prix d'achat (3.20 € HT) → 2,PROPOSITION AUTOMATIQUE – À VALIDER EN BACK-OFFICE,À CONFIRMER,À CONFIRMER,NON,À CONFIRMER,FAIBLE_COUT_LOGISTIQUE,À CONFIRMER,À CONFIRMER,À CONFIRMER,À CONFIRMER,À CONFIRMER,À CONFIRMER,SUR_COMMANDE (document = tarif et bon de commande 2026),PRODUIT,,,,37,Tarif et bon de commande 2026 – onglet « TARIF NORMAND DIRECT 2026 »,ligne 213
PROD-0205,À CONFIRMER,Rillettes de sardine aux olives 90 grs,Rillettes de sardine aux olives 90 grs,À CONFIRMER,TRAITEUR_MER,PRODUIT_DE_LA_MER,règle 23,MAISON SAINT LO,FOUR-0015,MAISON SAINT LO,MAISON SAINT LO,FOUR-0001,NORMAND DIRECT TERROIR,Commande directe auprès de Normand Direct Terroir,À CONFIRMER,À CONFIRMER,À CONFIRMER,À CONFIRMER,À CONFIRMER,,AUCUNE_INFORMATION_DANS_LES_DOCUMENTS,À CONFIRMER,À CONFIRMER,90.0,,90 grs,,NON,,24 MOIS,,3.2,3.2,unité,PU HT,0.055,3.376,,,,,,,,,,À CONFIRMER,,6/,6,À CONFIRMER,À CONFIRMER,À CONFIRMER,À CONFIRMER,À CONFIRMER,À CONFIRMER,À CONFIRMER,À CONFIRMER,À CONFIRMER,NON,À CONFIRMER,À CONFIRMER,À CONFIRMER,À CONFIRMER,À CONFIRMER,À CONFIRMER,À CONFIRMER,À CONFIRMER,À CONFIRMER,ESSENTIEL,2,palier de prix d'achat (3.20 € HT) → 2,PROPOSITION AUTOMATIQUE – À VALIDER EN BACK-OFFICE,À CONFIRMER,À CONFIRMER,NON,À CONFIRMER,FAIBLE_COUT_LOGISTIQUE,À CONFIRMER,À CONFIRMER,À CONFIRMER,À CONFIRMER,À CONFIRMER,À CONFIRMER,SUR_COMMANDE (document = tarif et bon de commande 2026),PRODUIT,,,,37,Tarif et bon de commande 2026 – onglet « TARIF NORMAND DIRECT 2026 »,ligne 214
PROD-0206,À CONFIRMER,Rillettes de saumon 90 grs/12,Rillettes de saumon 90 grs/12,À CONFIRMER,TRAITEUR_MER,PRODUIT_DE_LA_MER,règle 23,MAISON SAINT LO,FOUR-0015,MAISON SAINT LO,MAISON SAINT LO,FOUR-0001,NORMAND DIRECT TERROIR,Commande directe auprès de Normand Direct Terroir,À CONFIRMER,À CONFIRMER,À CONFIRMER,À CONFIRMER,À CONFIRMER,,AUCUNE_INFORMATION_DANS_LES_DOCUMENTS,À CONFIRMER,À CONFIRMER,90.0,,90 grs,,NON,,24 MOIS,,3.2,3.2,unité,PU HT,0.055,3.376,,,,,,,,,,À CONFIRMER,,6/,6,À CONFIRMER,À CONFIRMER,À CONFIRMER,À CONFIRMER,À CONFIRMER,À CONFIRMER,À CONFIRMER,À CONFIRMER,À CONFIRMER,NON,À CONFIRMER,À CONFIRMER,À CONFIRMER,À CONFIRMER,À CONFIRMER,À CONFIRMER,À CONFIRMER,À CONFIRMER,À CONFIRMER,ESSENTIEL,2,palier de prix d'achat (3.20 € HT) → 2,PROPOSITION AUTOMATIQUE – À VALIDER EN BACK-OFFICE,À CONFIRMER,À CONFIRMER,NON,À CONFIRMER,FAIBLE_COUT_LOGISTIQUE,À CONFIRMER,À CONFIRMER,À CONFIRMER,À CONFIRMER,À CONFIRMER,À CONFIRMER,SUR_COMMANDE (document = tarif et bon de commande 2026),PRODUIT,LIBELLÉ IDENTIQUE – MÊME PRODUCTEUR,,,37,Tarif et bon de commande 2026 – onglet « TARIF NORMAND DIRECT 2026 »,ligne 215
PROD-0207,À CONFIRMER,Rillettes de saumon à l'aneth fraîche 90 grs,Rillettes de saumon à l'aneth fraîche 90 grs,À CONFIRMER,TRAITEUR_MER,PRODUIT_DE_LA_MER,règle 23,MAISON SAINT LO,FOUR-0015,MAISON SAINT LO,MAISON SAINT LO,FOUR-0001,NORMAND DIRECT TERROIR,Commande directe auprès de Normand Direct Terroir,À CONFIRMER,À CONFIRMER,À CONFIRMER,À CONFIRMER,À CONFIRMER,,AUCUNE_INFORMATION_DANS_LES_DOCUMENTS,À CONFIRMER,À CONFIRMER,90.0,,90 grs,,NON,,24 MOIS,,3.2,3.2,unité,PU HT,0.055,3.376,,,,,,,,,,À CONFIRMER,,6/,6,À CONFIRMER,À CONFIRMER,À CONFIRMER,À CONFIRMER,À CONFIRMER,À CONFIRMER,À CONFIRMER,À CONFIRMER,À CONFIRMER,NON,À CONFIRMER,À CONFIRMER,À CONFIRMER,À CONFIRMER,À CONFIRMER,À CONFIRMER,À CONFIRMER,À CONFIRMER,À CONFIRMER,ESSENTIEL,2,palier de prix d'achat (3.20 € HT) → 2,PROPOSITION AUTOMATIQUE – À VALIDER EN BACK-OFFICE,À CONFIRMER,À CONFIRMER,NON,À CONFIRMER,FAIBLE_COUT_LOGISTIQUE,À CONFIRMER,À CONFIRMER,À CONFIRMER,À CONFIRMER,À CONFIRMER,À CONFIRMER,SUR_COMMANDE (document = tarif et bon de commande 2026),PRODUIT,LIBELLÉ IDENTIQUE – MÊME PRODUCTEUR,,,37,Tarif et bon de commande 2026 – onglet « TARIF NORMAND DIRECT 2026 »,ligne 216
PROD-0208,À CONFIRMER,Rillettes de saumon au confit d'oignon 90 grs,Rillettes de saumon au confit d'oignon 90 grs,À CONFIRMER,EPICERIE_SALEE,CONDIMENT,règle 19,MAISON SAINT LO,FOUR-0015,MAISON SAINT LO,MAISON SAINT LO,FOUR-0001,NORMAND DIRECT TERROIR,Commande directe auprès de Normand Direct Terroir,À CONFIRMER,À CONFIRMER,À CONFIRMER,À CONFIRMER,À CONFIRMER,,AUCUNE_INFORMATION_DANS_LES_DOCUMENTS,À CONFIRMER,À CONFIRMER,90.0,,90 grs,,NON,,24 MOIS,,3.2,3.2,unité,PU HT,0.055,3.376,,,,,,,,,,À CONFIRMER,,6/,6,À CONFIRMER,À CONFIRMER,À CONFIRMER,À CONFIRMER,À CONFIRMER,À CONFIRMER,À CONFIRMER,À CONFIRMER,À CONFIRMER,NON,À CONFIRMER,À CONFIRMER,À CONFIRMER,À CONFIRMER,À CONFIRMER,À CONFIRMER,À CONFIRMER,À CONFIRMER,À CONFIRMER,ESSENTIEL,2,palier de prix d'achat (3.20 € HT) → 2,PROPOSITION AUTOMATIQUE – À VALIDER EN BACK-OFFICE,À CONFIRMER,À CONFIRMER,NON,À CONFIRMER,FAIBLE_COUT_LOGISTIQUE,À CONFIRMER,À CONFIRMER,À CONFIRMER,À CONFIRMER,À CONFIRMER,À CONFIRMER,SUR_COMMANDE (document = tarif et bon de commande 2026),PRODUIT,,,,37,Tarif et bon de commande 2026 – onglet « TARIF NORMAND DIRECT 2026 »,ligne 217
PROD-0209,À CONFIRMER,Rillettes de truite 90 grs,Rillettes de truite 90 grs,À CONFIRMER,TRAITEUR_MER,PRODUIT_DE_LA_MER,règle 23,MAISON SAINT LO,FOUR-0015,MAISON SAINT LO,MAISON SAINT LO,FOUR-0001,NORMAND DIRECT TERROIR,Commande directe auprès de Normand Direct Terroir,À CONFIRMER,À CONFIRMER,À CONFIRMER,À CONFIRMER,À CONFIRMER,,AUCUNE_INFORMATION_DANS_LES_DOCUMENTS,À CONFIRMER,À CONFIRMER,90.0,,90 grs,,NON,,24 MOIS,,3.2,3.2,unité,PU HT,0.055,3.376,,,,,,,,,,À CONFIRMER,,6/,6,À CONFIRMER,À CONFIRMER,À CONFIRMER,À CONFIRMER,À CONFIRMER,À CONFIRMER,À CONFIRMER,À CONFIRMER,À CONFIRMER,NON,À CONFIRMER,À CONFIRMER,À CONFIRMER,À CONFIRMER,À CONFIRMER,À CONFIRMER,À CONFIRMER,À CONFIRMER,À CONFIRMER,ESSENTIEL,2,palier de prix d'achat (3.20 € HT) → 2,PROPOSITION AUTOMATIQUE – À VALIDER EN BACK-OFFICE,À CONFIRMER,À CONFIRMER,NON,À CONFIRMER,FAIBLE_COUT_LOGISTIQUE,À CONFIRMER,À CONFIRMER,À CONFIRMER,À CONFIRMER,À CONFIRMER,À CONFIRMER,SUR_COMMANDE (document = tarif et bon de commande 2026),PRODUIT,LIBELLÉ IDENTIQUE – MÊME PRODUCTEUR,,,37,Tarif et bon de commande 2026 – onglet « TARIF NORMAND DIRECT 2026 »,ligne 218
PROD-0210,À CONFIRMER,Rillettes de truite à l'aneth fraîche 90 grs,Rillettes de truite à l'aneth fraîche 90 grs,À CONFIRMER,TRAITEUR_MER,PRODUIT_DE_LA_MER,règle 23,MAISON SAINT LO,FOUR-0015,MAISON SAINT LO,MAISON SAINT LO,FOUR-0001,NORMAND DIRECT TERROIR,Commande directe auprès de Normand Direct Terroir,À CONFIRMER,À CONFIRMER,À CONFIRMER,À CONFIRMER,À CONFIRMER,,AUCUNE_INFORMATION_DANS_LES_DOCUMENTS,À CONFIRMER,À CONFIRMER,90.0,,90 grs,,NON,,24 MOIS,,3.2,3.2,unité,PU HT,0.055,3.376,,,,,,,,,,À CONFIRMER,,6/,6,À CONFIRMER,À CONFIRMER,À CONFIRMER,À CONFIRMER,À CONFIRMER,À CONFIRMER,À CONFIRMER,À CONFIRMER,À CONFIRMER,NON,À CONFIRMER,À CONFIRMER,À CONFIRMER,À CONFIRMER,À CONFIRMER,À CONFIRMER,À CONFIRMER,À CONFIRMER,À CONFIRMER,ESSENTIEL,2,palier de prix d'achat (3.20 € HT) → 2,PROPOSITION AUTOMATIQUE – À VALIDER EN BACK-OFFICE,À CONFIRMER,À CONFIRMER,NON,À CONFIRMER,FAIBLE_COUT_LOGISTIQUE,À CONFIRMER,À CONFIRMER,À CONFIRMER,À CONFIRMER,À CONFIRMER,À CONFIRMER,SUR_COMMANDE (document = tarif et bon de commande 2026),PRODUIT,LIBELLÉ IDENTIQUE – MÊME PRODUCTEUR,,,37,Tarif et bon de commande 2026 – onglet « TARIF NORMAND DIRECT 2026 »,ligne 219
PROD-0211,À CONFIRMER,Rillettes de truite moutarde ancienne 90 grs,Rillettes de truite moutarde ancienne 90 grs,À CONFIRMER,EPICERIE_SALEE,CONDIMENT,règle 19,MAISON SAINT LO,FOUR-0015,MAISON SAINT LO,MAISON SAINT LO,FOUR-0001,NORMAND DIRECT TERROIR,Commande directe auprès de Normand Direct Terroir,À CONFIRMER,À CONFIRMER,À CONFIRMER,À CONFIRMER,À CONFIRMER,,AUCUNE_INFORMATION_DANS_LES_DOCUMENTS,À CONFIRMER,À CONFIRMER,90.0,,90 grs,,NON,,24 MOIS,,3.2,3.2,unité,PU HT,0.055,3.376,,,,,,,,,,À CONFIRMER,,6/,6,À CONFIRMER,À CONFIRMER,À CONFIRMER,À CONFIRMER,À CONFIRMER,À CONFIRMER,À CONFIRMER,À CONFIRMER,À CONFIRMER,NON,À CONFIRMER,À CONFIRMER,À CONFIRMER,À CONFIRMER,À CONFIRMER,À CONFIRMER,À CONFIRMER,À CONFIRMER,À CONFIRMER,ESSENTIEL,2,palier de prix d'achat (3.20 € HT) → 2,PROPOSITION AUTOMATIQUE – À VALIDER EN BACK-OFFICE,À CONFIRMER,À CONFIRMER,NON,À CONFIRMER,FAIBLE_COUT_LOGISTIQUE,À CONFIRMER,À CONFIRMER,À CONFIRMER,À CONFIRMER,À CONFIRMER,À CONFIRMER,SUR_COMMANDE (document = tarif et bon de commande 2026),PRODUIT,,,,37,Tarif et bon de commande 2026 – onglet « TARIF NORMAND DIRECT 2026 »,ligne 220
PROD-0212,À CONFIRMER,Rillettes lieu andouille de Vire 90 grs,Rillettes lieu andouille de Vire 90 grs,À CONFIRMER,TRAITEUR_MER,PRODUIT_DE_LA_MER,règle 23,MAISON SAINT LO,FOUR-0015,MAISON SAINT LO,MAISON SAINT LO,FOUR-0001,NORMAND DIRECT TERROIR,Commande directe auprès de Normand Direct Terroir,À CONFIRMER,À CONFIRMER,À CONFIRMER,À CONFIRMER,À CONFIRMER,,APPELLATION_PORTANT_SUR_UN_INGREDIENT_SEULEMENT,NORMANDIE_INDIQUEE_DANS_LE_NOM_A_VERIFIER,À CONFIRMER,90.0,,90 grs,,NON,,24 MOIS,,3.2,3.2,unité,PU HT,0.055,3.376,,,,,,,,,,À CONFIRMER,,6/,6,À CONFIRMER,À CONFIRMER,À CONFIRMER,À CONFIRMER,À CONFIRMER,À CONFIRMER,À CONFIRMER,À CONFIRMER,À CONFIRMER,NON,À CONFIRMER,À CONFIRMER,À CONFIRMER,À CONFIRMER,À CONFIRMER,À CONFIRMER,À CONFIRMER,À CONFIRMER,À CONFIRMER,ESSENTIEL,2,palier de prix d'achat (3.20 € HT) → 2,PROPOSITION AUTOMATIQUE – À VALIDER EN BACK-OFFICE,À CONFIRMER,À CONFIRMER,NON,À CONFIRMER,FAIBLE_COUT_LOGISTIQUE,À CONFIRMER,À CONFIRMER,À CONFIRMER,À CONFIRMER,À CONFIRMER,À CONFIRMER,SUR_COMMANDE (document = tarif et bon de commande 2026),PRODUIT,,,,36,Tarif et bon de commande 2026 – onglet « TARIF NORMAND DIRECT 2026 »,ligne 221
PROD-0213,À CONFIRMER,rillettes sardine à la tomate 90 grs,rillettes sardine à la tomate 90 grs,À CONFIRMER,TRAITEUR_MER,PRODUIT_DE_LA_MER,règle 23,MAISON SAINT LO,FOUR-0015,MAISON SAINT LO,MAISON SAINT LO,FOUR-0001,NORMAND DIRECT TERROIR,Commande directe auprès de Normand Direct Terroir,À CONFIRMER,À CONFIRMER,À CONFIRMER,À CONFIRMER,À CONFIRMER,,AUCUNE_INFORMATION_DANS_LES_DOCUMENTS,À CONFIRMER,À CONFIRMER,90.0,,90 grs,,NON,,24 MOIS,,3.2,3.2,unité,PU HT,0.055,3.376,,,,,,,,,,À CONFIRMER,,6/,6,À CONFIRMER,À CONFIRMER,À CONFIRMER,À CONFIRMER,À CONFIRMER,À CONFIRMER,À CONFIRMER,À CONFIRMER,À CONFIRMER,NON,À CONFIRMER,À CONFIRMER,À CONFIRMER,À CONFIRMER,À CONFIRMER,À CONFIRMER,À CONFIRMER,À CONFIRMER,À CONFIRMER,ESSENTIEL,2,palier de prix d'achat (3.20 € HT) → 2,PROPOSITION AUTOMATIQUE – À VALIDER EN BACK-OFFICE,À CONFIRMER,À CONFIRMER,NON,À CONFIRMER,FAIBLE_COUT_LOGISTIQUE,À CONFIRMER,À CONFIRMER,À CONFIRMER,À CONFIRMER,À CONFIRMER,À CONFIRMER,SUR_COMMANDE (document = tarif et bon de commande 2026),PRODUIT,,,,37,Tarif et bon de commande 2026 – onglet « TARIF NORMAND DIRECT 2026 »,ligne 222
PROD-0214,À CONFIRMER,Rillettes sardine confit d'oignon 90 grs,Rillettes sardine confit d'oignon 90 grs,À CONFIRMER,EPICERIE_SALEE,CONDIMENT,règle 19,MAISON SAINT LO,FOUR-0015,MAISON SAINT LO,MAISON SAINT LO,FOUR-0001,NORMAND DIRECT TERROIR,Commande directe auprès de Normand Direct Terroir,À CONFIRMER,À CONFIRMER,À CONFIRMER,À CONFIRMER,À CONFIRMER,,AUCUNE_INFORMATION_DANS_LES_DOCUMENTS,À CONFIRMER,À CONFIRMER,90.0,,90 grs,,NON,,24 MOIS,,3.2,3.2,unité,PU HT,0.055,3.376,,,,,,,,,,À CONFIRMER,,6/,6,À CONFIRMER,À CONFIRMER,À CONFIRMER,À CONFIRMER,À CONFIRMER,À CONFIRMER,À CONFIRMER,À CONFIRMER,À CONFIRMER,NON,À CONFIRMER,À CONFIRMER,À CONFIRMER,À CONFIRMER,À CONFIRMER,À CONFIRMER,À CONFIRMER,À CONFIRMER,À CONFIRMER,ESSENTIEL,2,palier de prix d'achat (3.20 € HT) → 2,PROPOSITION AUTOMATIQUE – À VALIDER EN BACK-OFFICE,À CONFIRMER,À CONFIRMER,NON,À CONFIRMER,FAIBLE_COUT_LOGISTIQUE,À CONFIRMER,À CONFIRMER,À CONFIRMER,À CONFIRMER,À CONFIRMER,À CONFIRMER,SUR_COMMANDE (document = tarif et bon de commande 2026),PRODUIT,,,,37,Tarif et bon de commande 2026 – onglet « TARIF NORMAND DIRECT 2026 »,ligne 223
PROD-0215,À CONFIRMER,Rillettes saumon à l'andouille de Vire 90 grs,Rillettes saumon à l'andouille de Vire 90 grs,À CONFIRMER,TRAITEUR_MER,PRODUIT_DE_LA_MER,règle 23,MAISON SAINT LO,FOUR-0015,MAISON SAINT LO,MAISON SAINT LO,FOUR-0001,NORMAND DIRECT TERROIR,Commande directe auprès de Normand Direct Terroir,À CONFIRMER,À CONFIRMER,À CONFIRMER,À CONFIRMER,À CONFIRMER,,APPELLATION_PORTANT_SUR_UN_INGREDIENT_SEULEMENT,NORMANDIE_INDIQUEE_DANS_LE_NOM_A_VERIFIER,À CONFIRMER,90.0,,90 grs,,NON,,24 MOIS,,3.2,3.2,unité,PU HT,0.055,3.376,,,,,,,,,,À CONFIRMER,,6/,6,À CONFIRMER,À CONFIRMER,À CONFIRMER,À CONFIRMER,À CONFIRMER,À CONFIRMER,À CONFIRMER,À CONFIRMER,À CONFIRMER,NON,À CONFIRMER,À CONFIRMER,À CONFIRMER,À CONFIRMER,À CONFIRMER,À CONFIRMER,À CONFIRMER,À CONFIRMER,À CONFIRMER,ESSENTIEL,2,palier de prix d'achat (3.20 € HT) → 2,PROPOSITION AUTOMATIQUE – À VALIDER EN BACK-OFFICE,À CONFIRMER,À CONFIRMER,NON,À CONFIRMER,FAIBLE_COUT_LOGISTIQUE,À CONFIRMER,À CONFIRMER,À CONFIRMER,À CONFIRMER,À CONFIRMER,À CONFIRMER,SUR_COMMANDE (document = tarif et bon de commande 2026),PRODUIT,,,,36,Tarif et bon de commande 2026 – onglet « TARIF NORMAND DIRECT 2026 »,ligne 224
PROD-0216,À CONFIRMER,Rillettes saumon au curry 90 grs,Rillettes saumon au curry 90 grs,À CONFIRMER,TRAITEUR_MER,PRODUIT_DE_LA_MER,règle 23,MAISON SAINT LO,FOUR-0015,MAISON SAINT LO,MAISON SAINT LO,FOUR-0001,NORMAND DIRECT TERROIR,Commande directe auprès de Normand Direct Terroir,À CONFIRMER,À CONFIRMER,À CONFIRMER,À CONFIRMER,À CONFIRMER,,AUCUNE_INFORMATION_DANS_LES_DOCUMENTS,À CONFIRMER,À CONFIRMER,90.0,,90 grs,,NON,,24 MOIS,,3.2,3.2,unité,PU HT,0.055,3.376,,,,,,,,,,À CONFIRMER,,6/,6,À CONFIRMER,À CONFIRMER,À CONFIRMER,À CONFIRMER,À CONFIRMER,À CONFIRMER,À CONFIRMER,À CONFIRMER,À CONFIRMER,NON,À CONFIRMER,À CONFIRMER,À CONFIRMER,À CONFIRMER,À CONFIRMER,À CONFIRMER,À CONFIRMER,À CONFIRMER,À CONFIRMER,ESSENTIEL,2,palier de prix d'achat (3.20 € HT) → 2,PROPOSITION AUTOMATIQUE – À VALIDER EN BACK-OFFICE,À CONFIRMER,À CONFIRMER,NON,À CONFIRMER,FAIBLE_COUT_LOGISTIQUE,À CONFIRMER,À CONFIRMER,À CONFIRMER,À CONFIRMER,À CONFIRMER,À CONFIRMER,SUR_COMMANDE (document = tarif et bon de commande 2026),PRODUIT,,,,37,Tarif et bon de commande 2026 – onglet « TARIF NORMAND DIRECT 2026 »,ligne 225
PROD-0217,À CONFIRMER,Rillettes saumon camembert 90 grs,Rillettes saumon camembert 90 grs,À CONFIRMER,TRAITEUR_MER,PRODUIT_DE_LA_MER,règle 23,MAISON SAINT LO,FOUR-0015,MAISON SAINT LO,MAISON SAINT LO,FOUR-0001,NORMAND DIRECT TERROIR,Commande directe auprès de Normand Direct Terroir,À CONFIRMER,À CONFIRMER,À CONFIRMER,À CONFIRMER,À CONFIRMER,,AUCUNE_INFORMATION_DANS_LES_DOCUMENTS,À CONFIRMER,À CONFIRMER,90.0,,90 grs,,NON,,24 MOIS,,3.2,3.2,unité,PU HT,0.055,3.376,,,,,,,,,,À CONFIRMER,,6/,6,À CONFIRMER,À CONFIRMER,À CONFIRMER,À CONFIRMER,À CONFIRMER,À CONFIRMER,À CONFIRMER,À CONFIRMER,À CONFIRMER,NON,À CONFIRMER,À CONFIRMER,À CONFIRMER,À CONFIRMER,À CONFIRMER,À CONFIRMER,À CONFIRMER,À CONFIRMER,À CONFIRMER,ESSENTIEL,2,palier de prix d'achat (3.20 € HT) → 2,PROPOSITION AUTOMATIQUE – À VALIDER EN BACK-OFFICE,À CONFIRMER,À CONFIRMER,NON,À CONFIRMER,FAIBLE_COUT_LOGISTIQUE,À CONFIRMER,À CONFIRMER,À CONFIRMER,À CONFIRMER,À CONFIRMER,À CONFIRMER,SUR_COMMANDE (document = tarif et bon de commande 2026),PRODUIT,,,,37,Tarif et bon de commande 2026 – onglet « TARIF NORMAND DIRECT 2026 »,ligne 226
PROD-0218,À CONFIRMER,Rillettes saumon chèvre 90 grs,Rillettes saumon chèvre 90 grs,À CONFIRMER,TRAITEUR_MER,PRODUIT_DE_LA_MER,règle 23,MAISON SAINT LO,FOUR-0015,MAISON SAINT LO,MAISON SAINT LO,FOUR-0001,NORMAND DIRECT TERROIR,Commande directe auprès de Normand Direct Terroir,À CONFIRMER,À CONFIRMER,À CONFIRMER,À CONFIRMER,À CONFIRMER,,AUCUNE_INFORMATION_DANS_LES_DOCUMENTS,À CONFIRMER,À CONFIRMER,90.0,,90 grs,,NON,,24 MOIS,,3.2,3.2,unité,PU HT,0.055,3.376,,,,,,,,,,À CONFIRMER,,6/,6,À CONFIRMER,À CONFIRMER,À CONFIRMER,À CONFIRMER,À CONFIRMER,À CONFIRMER,À CONFIRMER,À CONFIRMER,À CONFIRMER,NON,À CONFIRMER,À CONFIRMER,À CONFIRMER,À CONFIRMER,À CONFIRMER,À CONFIRMER,À CONFIRMER,À CONFIRMER,À CONFIRMER,ESSENTIEL,2,palier de prix d'achat (3.20 € HT) → 2,PROPOSITION AUTOMATIQUE – À VALIDER EN BACK-OFFICE,À CONFIRMER,À CONFIRMER,NON,À CONFIRMER,FAIBLE_COUT_LOGISTIQUE,À CONFIRMER,À CONFIRMER,À CONFIRMER,À CONFIRMER,À CONFIRMER,À CONFIRMER,SUR_COMMANDE (document = tarif et bon de commande 2026),PRODUIT,,,,37,Tarif et bon de commande 2026 – onglet « TARIF NORMAND DIRECT 2026 »,ligne 227
PROD-0219,À CONFIRMER,Mousse de saumon 90 grs,Mousse de saumon 90 grs,À CONFIRMER,TRAITEUR_MER,PRODUIT_DE_LA_MER,règle 23,MAISON SAINT LO,FOUR-0015,MAISON SAINT LO,MAISON SAINT LO,FOUR-0001,NORMAND DIRECT TERROIR,Commande directe auprès de Normand Direct Terroir,À CONFIRMER,À CONFIRMER,À CONFIRMER,À CONFIRMER,À CONFIRMER,,AUCUNE_INFORMATION_DANS_LES_DOCUMENTS,À CONFIRMER,À CONFIRMER,90.0,,90 grs,,NON,,24 MOIS,,3.2,3.2,unité,PU HT,0.055,3.376,,,,,,,,,,À CONFIRMER,,6/,6,À CONFIRMER,À CONFIRMER,À CONFIRMER,À CONFIRMER,À CONFIRMER,À CONFIRMER,À CONFIRMER,À CONFIRMER,À CONFIRMER,NON,À CONFIRMER,À CONFIRMER,À CONFIRMER,À CONFIRMER,À CONFIRMER,À CONFIRMER,À CONFIRMER,À CONFIRMER,À CONFIRMER,ESSENTIEL,2,palier de prix d'achat (3.20 € HT) → 2,PROPOSITION AUTOMATIQUE – À VALIDER EN BACK-OFFICE,À CONFIRMER,À CONFIRMER,NON,À CONFIRMER,FAIBLE_COUT_LOGISTIQUE,À CONFIRMER,À CONFIRMER,À CONFIRMER,À CONFIRMER,À CONFIRMER,À CONFIRMER,SUR_COMMANDE (document = tarif et bon de commande 2026),PRODUIT,,,,37,Tarif et bon de commande 2026 – onglet « TARIF NORMAND DIRECT 2026 »,ligne 228
PROD-0220,À CONFIRMER,Mousse de truite 90 grs,Mousse de truite 90 grs,À CONFIRMER,TRAITEUR_MER,PRODUIT_DE_LA_MER,règle 23,MAISON SAINT LO,FOUR-0015,MAISON SAINT LO,MAISON SAINT LO,FOUR-0001,NORMAND DIRECT TERROIR,Commande directe auprès de Normand Direct Terroir,À CONFIRMER,À CONFIRMER,À CONFIRMER,À CONFIRMER,À CONFIRMER,,AUCUNE_INFORMATION_DANS_LES_DOCUMENTS,À CONFIRMER,À CONFIRMER,90.0,,90 grs,,NON,,24 MOIS,,3.2,3.2,unité,PU HT,0.055,3.376,,,,,,,,,,À CONFIRMER,,6/,6,À CONFIRMER,À CONFIRMER,À CONFIRMER,À CONFIRMER,À CONFIRMER,À CONFIRMER,À CONFIRMER,À CONFIRMER,À CONFIRMER,NON,À CONFIRMER,À CONFIRMER,À CONFIRMER,À CONFIRMER,À CONFIRMER,À CONFIRMER,À CONFIRMER,À CONFIRMER,À CONFIRMER,ESSENTIEL,2,palier de prix d'achat (3.20 € HT) → 2,PROPOSITION AUTOMATIQUE – À VALIDER EN BACK-OFFICE,À CONFIRMER,À CONFIRMER,NON,À CONFIRMER,FAIBLE_COUT_LOGISTIQUE,À CONFIRMER,À CONFIRMER,À CONFIRMER,À CONFIRMER,À CONFIRMER,À CONFIRMER,SUR_COMMANDE (document = tarif et bon de commande 2026),PRODUIT,,,,37,Tarif et bon de commande 2026 – onglet « TARIF NORMAND DIRECT 2026 »,ligne 229
PROD-0221,À CONFIRMER,Rouille 85 grs,Rouille 85 grs,À CONFIRMER,TRAITEUR_MER,SOUPE_ET_BISQUE,règle 22,MAISON SAINT LO,FOUR-0015,MAISON SAINT LO,MAISON SAINT LO,FOUR-0001,NORMAND DIRECT TERROIR,Commande directe auprès de Normand Direct Terroir,À CONFIRMER,À CONFIRMER,À CONFIRMER,À CONFIRMER,À CONFIRMER,,AUCUNE_INFORMATION_DANS_LES_DOCUMENTS,À CONFIRMER,À CONFIRMER,85.0,,85 grs,,NON,,24 MOIS,,2.8,2.8,unité,PU HT,0.055,2.954,,,,,,,,,,À CONFIRMER,,6/,6,À CONFIRMER,À CONFIRMER,À CONFIRMER,À CONFIRMER,À CONFIRMER,À CONFIRMER,À CONFIRMER,À CONFIRMER,À CONFIRMER,NON,À CONFIRMER,À CONFIRMER,À CONFIRMER,À CONFIRMER,À CONFIRMER,À CONFIRMER,À CONFIRMER,À CONFIRMER,À CONFIRMER,ESSENTIEL,2,palier de prix d'achat (2.80 € HT) → 2,PROPOSITION AUTOMATIQUE – À VALIDER EN BACK-OFFICE,À CONFIRMER,À CONFIRMER,NON,À CONFIRMER,FAIBLE_COUT_LOGISTIQUE,À CONFIRMER,À CONFIRMER,À CONFIRMER,À CONFIRMER,À CONFIRMER,À CONFIRMER,SUR_COMMANDE (document = tarif et bon de commande 2026),PRODUIT,,,,37,Tarif et bon de commande 2026 – onglet « TARIF NORMAND DIRECT 2026 »,ligne 230
PROD-0222,À CONFIRMER,"Café ""la tasse de Lola"" 250 grs","Café ""la tasse de Lola"" 250 grs",À CONFIRMER,BOISSON_SANS_ALCOOL,CAFE,règle 30,LA BRULERIE,FOUR-0016,LA BRULERIE,LA BRULERIE,FOUR-0001,NORMAND DIRECT TERROIR,Commande directe auprès de Normand Direct Terroir,À CONFIRMER,À CONFIRMER,À CONFIRMER,À CONFIRMER,À CONFIRMER,,AUCUNE_INFORMATION_DANS_LES_DOCUMENTS,À CONFIRMER,À CONFIRMER,250.0,,250 grs,,NON,,12 MOIS,,5.0,5,unité,PU HT,0.055,5.275,,,,,,,,,,À CONFIRMER,,20/,20,À CONFIRMER,À CONFIRMER,À CONFIRMER,À CONFIRMER,À CONFIRMER,À CONFIRMER,À CONFIRMER,À CONFIRMER,À CONFIRMER,OUI_DEDUIT_DU_CONDITIONNEMENT,À CONFIRMER,À CONFIRMER,À CONFIRMER,À CONFIRMER,À CONFIRMER,À CONFIRMER,À CONFIRMER,À CONFIRMER,À CONFIRMER,SIGNATURE,3,palier de prix d'achat (5.00 € HT) → 3,PROPOSITION AUTOMATIQUE – À VALIDER EN BACK-OFFICE,À CONFIRMER,À CONFIRMER,NON,À CONFIRMER,FAIBLE_COUT_LOGISTIQUE,À CONFIRMER,À CONFIRMER,À CONFIRMER,À CONFIRMER,À CONFIRMER,À CONFIRMER,SUR_COMMANDE (document = tarif et bon de commande 2026),PRODUIT,,,,37,Tarif et bon de commande 2026 – onglet « TARIF NORMAND DIRECT 2026 »,ligne 231
PROD-0223,À CONFIRMER,"Café grains ""la tasse de Lola"" 250 grs","Café grains ""la tasse de Lola"" 250 grs",À CONFIRMER,BOISSON_SANS_ALCOOL,CAFE,règle 30,LA BRULERIE,FOUR-0016,LA BRULERIE,LA BRULERIE,FOUR-0001,NORMAND DIRECT TERROIR,Commande directe auprès de Normand Direct Terroir,À CONFIRMER,À CONFIRMER,À CONFIRMER,À CONFIRMER,À CONFIRMER,,AUCUNE_INFORMATION_DANS_LES_DOCUMENTS,À CONFIRMER,À CONFIRMER,250.0,,250 grs,,NON,,12 MOIS,,5.08,5.08,unité,PU HT,0.055,5.3594,,,,,,,,,,À CONFIRMER,,20/,20,À CONFIRMER,À CONFIRMER,À CONFIRMER,À CONFIRMER,À CONFIRMER,À CONFIRMER,À CONFIRMER,À CONFIRMER,À CONFIRMER,OUI_DEDUIT_DU_CONDITIONNEMENT,À CONFIRMER,À CONFIRMER,À CONFIRMER,À CONFIRMER,À CONFIRMER,À CONFIRMER,À CONFIRMER,À CONFIRMER,À CONFIRMER,SIGNATURE,3,palier de prix d'achat (5.08 € HT) → 3,PROPOSITION AUTOMATIQUE – À VALIDER EN BACK-OFFICE,À CONFIRMER,À CONFIRMER,NON,À CONFIRMER,FAIBLE_COUT_LOGISTIQUE,À CONFIRMER,À CONFIRMER,À CONFIRMER,À CONFIRMER,À CONFIRMER,À CONFIRMER,SUR_COMMANDE (document = tarif et bon de commande 2026),PRODUIT,,,,37,Tarif et bon de commande 2026 – onglet « TARIF NORMAND DIRECT 2026 »,ligne 232
PROD-0224,À CONFIRMER,Thé noir  God save the tea,Thé noir  God save the tea,À CONFIRMER,BOISSON_SANS_ALCOOL,THE_ET_INFUSION,règle 29,TATASSE,FOUR-0017,TATASSE,TATASSE Sachet Kraft 100g,FOUR-0001,NORMAND DIRECT TERROIR,Commande directe auprès de Normand Direct Terroir,À CONFIRMER,À CONFIRMER,À CONFIRMER,À CONFIRMER,À CONFIRMER,,AUCUNE_INFORMATION_DANS_LES_DOCUMENTS,À CONFIRMER,À CONFIRMER,100.0,,100g,,NON,,12 MOIS,,5.78,5.78,unité,PU HT,0.055,6.0979,,,,,,,,,,Sachet Kraft 100g,,6/,6,À CONFIRMER,À CONFIRMER,À CONFIRMER,À CONFIRMER,À CONFIRMER,À CONFIRMER,À CONFIRMER,À CONFIRMER,NON_DEDUIT_DU_CONDITIONNEMENT,OUI_DEDUIT_DU_CONDITIONNEMENT,À CONFIRMER,À CONFIRMER,À CONFIRMER,À CONFIRMER,À CONFIRMER,À CONFIRMER,À CONFIRMER,À CONFIRMER,À CONFIRMER,SIGNATURE,3,palier de prix d'achat (5.78 € HT) → 3,PROPOSITION AUTOMATIQUE – À VALIDER EN BACK-OFFICE,À CONFIRMER,À CONFIRMER,NON,À CONFIRMER,FAIBLE_COUT_LOGISTIQUE,À CONFIRMER,À CONFIRMER,À CONFIRMER,À CONFIRMER,À CONFIRMER,À CONFIRMER,SUR_COMMANDE (document = tarif et bon de commande 2026),PRODUIT,,,,35,Tarif et bon de commande 2026 – onglet « TARIF NORMAND DIRECT 2026 »,ligne 233
PROD-0225,À CONFIRMER,Thé noir Vahiné,Thé noir Vahiné,À CONFIRMER,BOISSON_SANS_ALCOOL,THE_ET_INFUSION,règle 29,TATASSE,FOUR-0017,TATASSE,TATASSE Sachet Kraft 100g,FOUR-0001,NORMAND DIRECT TERROIR,Commande directe auprès de Normand Direct Terroir,À CONFIRMER,À CONFIRMER,À CONFIRMER,À CONFIRMER,À CONFIRMER,,AUCUNE_INFORMATION_DANS_LES_DOCUMENTS,À CONFIRMER,À CONFIRMER,100.0,,100g,,NON,,12 MOIS,,5.78,5.78,unité,PU HT,0.055,6.0979,,,,,,,,,,Sachet Kraft 100g,,6/,6,À CONFIRMER,À CONFIRMER,À CONFIRMER,À CONFIRMER,À CONFIRMER,À CONFIRMER,À CONFIRMER,À CONFIRMER,NON_DEDUIT_DU_CONDITIONNEMENT,OUI_DEDUIT_DU_CONDITIONNEMENT,À CONFIRMER,À CONFIRMER,À CONFIRMER,À CONFIRMER,À CONFIRMER,À CONFIRMER,À CONFIRMER,À CONFIRMER,À CONFIRMER,SIGNATURE,3,palier de prix d'achat (5.78 € HT) → 3,PROPOSITION AUTOMATIQUE – À VALIDER EN BACK-OFFICE,À CONFIRMER,À CONFIRMER,NON,À CONFIRMER,FAIBLE_COUT_LOGISTIQUE,À CONFIRMER,À CONFIRMER,À CONFIRMER,À CONFIRMER,À CONFIRMER,À CONFIRMER,SUR_COMMANDE (document = tarif et bon de commande 2026),PRODUIT,,,,35,Tarif et bon de commande 2026 – onglet « TARIF NORMAND DIRECT 2026 »,ligne 234
PROD-0226,À CONFIRMER,Thé noir Blue twist,Thé noir Blue twist,À CONFIRMER,BOISSON_SANS_ALCOOL,THE_ET_INFUSION,règle 29,TATASSE,FOUR-0017,TATASSE,TATASSE Sachet Kraft 100g,FOUR-0001,NORMAND DIRECT TERROIR,Commande directe auprès de Normand Direct Terroir,À CONFIRMER,À CONFIRMER,À CONFIRMER,À CONFIRMER,À CONFIRMER,,AUCUNE_INFORMATION_DANS_LES_DOCUMENTS,À CONFIRMER,À CONFIRMER,100.0,,100g,,NON,,12 MOIS,,5.78,5.78,unité,PU HT,0.055,6.0979,,,,,,,,,,Sachet Kraft 100g,,6/,6,À CONFIRMER,À CONFIRMER,À CONFIRMER,À CONFIRMER,À CONFIRMER,À CONFIRMER,À CONFIRMER,À CONFIRMER,NON_DEDUIT_DU_CONDITIONNEMENT,OUI_DEDUIT_DU_CONDITIONNEMENT,À CONFIRMER,À CONFIRMER,À CONFIRMER,À CONFIRMER,À CONFIRMER,À CONFIRMER,À CONFIRMER,À CONFIRMER,À CONFIRMER,SIGNATURE,3,palier de prix d'achat (5.78 € HT) → 3,PROPOSITION AUTOMATIQUE – À VALIDER EN BACK-OFFICE,À CONFIRMER,À CONFIRMER,NON,À CONFIRMER,FAIBLE_COUT_LOGISTIQUE,À CONFIRMER,À CONFIRMER,À CONFIRMER,À CONFIRMER,À CONFIRMER,À CONFIRMER,SUR_COMMANDE (document = tarif et bon de commande 2026),PRODUIT,,,,35,Tarif et bon de commande 2026 – onglet « TARIF NORMAND DIRECT 2026 »,ligne 235
PROD-0227,À CONFIRMER,Thé noir Back in Black,Thé noir Back in Black,À CONFIRMER,BOISSON_SANS_ALCOOL,THE_ET_INFUSION,règle 29,TATASSE,FOUR-0017,TATASSE,TATASSE Sachet Kraft 100g,FOUR-0001,NORMAND DIRECT TERROIR,Commande directe auprès de Normand Direct Terroir,À CONFIRMER,À CONFIRMER,À CONFIRMER,À CONFIRMER,À CONFIRMER,,AUCUNE_INFORMATION_DANS_LES_DOCUMENTS,À CONFIRMER,À CONFIRMER,100.0,,100g,,NON,,12 MOIS,,5.78,5.78,unité,PU HT,0.055,6.0979,,,,,,,,,,Sachet Kraft 100g,,6/,6,À CONFIRMER,À CONFIRMER,À CONFIRMER,À CONFIRMER,À CONFIRMER,À CONFIRMER,À CONFIRMER,À CONFIRMER,NON_DEDUIT_DU_CONDITIONNEMENT,OUI_DEDUIT_DU_CONDITIONNEMENT,À CONFIRMER,À CONFIRMER,À CONFIRMER,À CONFIRMER,À CONFIRMER,À CONFIRMER,À CONFIRMER,À CONFIRMER,À CONFIRMER,SIGNATURE,3,palier de prix d'achat (5.78 € HT) → 3,PROPOSITION AUTOMATIQUE – À VALIDER EN BACK-OFFICE,À CONFIRMER,À CONFIRMER,NON,À CONFIRMER,FAIBLE_COUT_LOGISTIQUE,À CONFIRMER,À CONFIRMER,À CONFIRMER,À CONFIRMER,À CONFIRMER,À CONFIRMER,SUR_COMMANDE (document = tarif et bon de commande 2026),PRODUIT,,,,35,Tarif et bon de commande 2026 – onglet « TARIF NORMAND DIRECT 2026 »,ligne 236
PROD-0228,À CONFIRMER,Thé noir Jeu de l'agrume,Thé noir Jeu de l'agrume,À CONFIRMER,BOISSON_SANS_ALCOOL,THE_ET_INFUSION,règle 29,TATASSE,FOUR-0017,TATASSE,TATASSE Sachet Kraft 100g,FOUR-0001,NORMAND DIRECT TERROIR,Commande directe auprès de Normand Direct Terroir,À CONFIRMER,À CONFIRMER,À CONFIRMER,À CONFIRMER,À CONFIRMER,,AUCUNE_INFORMATION_DANS_LES_DOCUMENTS,À CONFIRMER,À CONFIRMER,100.0,,100g,,NON,,12 MOIS,,5.78,5.78,unité,PU HT,0.055,6.0979,,,,,,,,,,Sachet Kraft 100g,,6/,6,À CONFIRMER,À CONFIRMER,À CONFIRMER,À CONFIRMER,À CONFIRMER,À CONFIRMER,À CONFIRMER,À CONFIRMER,NON_DEDUIT_DU_CONDITIONNEMENT,OUI_DEDUIT_DU_CONDITIONNEMENT,À CONFIRMER,À CONFIRMER,À CONFIRMER,À CONFIRMER,À CONFIRMER,À CONFIRMER,À CONFIRMER,À CONFIRMER,À CONFIRMER,SIGNATURE,3,palier de prix d'achat (5.78 € HT) → 3,PROPOSITION AUTOMATIQUE – À VALIDER EN BACK-OFFICE,À CONFIRMER,À CONFIRMER,NON,À CONFIRMER,FAIBLE_COUT_LOGISTIQUE,À CONFIRMER,À CONFIRMER,À CONFIRMER,À CONFIRMER,À CONFIRMER,À CONFIRMER,SUR_COMMANDE (document = tarif et bon de commande 2026),PRODUIT,,,,35,Tarif et bon de commande 2026 – onglet « TARIF NORMAND DIRECT 2026 »,ligne 237
PROD-0229,À CONFIRMER,Thé vert Chaud Mojito,Thé vert Chaud Mojito,À CONFIRMER,BOISSON_SANS_ALCOOL,THE_ET_INFUSION,règle 29,TATASSE,FOUR-0017,TATASSE,TATASSE Sachet Kraft 100g,FOUR-0001,NORMAND DIRECT TERROIR,Commande directe auprès de Normand Direct Terroir,À CONFIRMER,À CONFIRMER,À CONFIRMER,À CONFIRMER,À CONFIRMER,,AUCUNE_INFORMATION_DANS_LES_DOCUMENTS,À CONFIRMER,À CONFIRMER,100.0,,100g,,NON,,12 MOIS,,5.78,5.78,unité,PU HT,0.055,6.0979,,,,,,,,,,Sachet Kraft 100g,,6/,6,À CONFIRMER,À CONFIRMER,À CONFIRMER,À CONFIRMER,À CONFIRMER,À CONFIRMER,À CONFIRMER,À CONFIRMER,NON_DEDUIT_DU_CONDITIONNEMENT,OUI_DEDUIT_DU_CONDITIONNEMENT,À CONFIRMER,À CONFIRMER,À CONFIRMER,À CONFIRMER,À CONFIRMER,À CONFIRMER,À CONFIRMER,À CONFIRMER,À CONFIRMER,SIGNATURE,3,palier de prix d'achat (5.78 € HT) → 3,PROPOSITION AUTOMATIQUE – À VALIDER EN BACK-OFFICE,À CONFIRMER,À CONFIRMER,NON,À CONFIRMER,FAIBLE_COUT_LOGISTIQUE,À CONFIRMER,À CONFIRMER,À CONFIRMER,À CONFIRMER,À CONFIRMER,À CONFIRMER,SUR_COMMANDE (document = tarif et bon de commande 2026),PRODUIT,,,,35,Tarif et bon de commande 2026 – onglet « TARIF NORMAND DIRECT 2026 »,ligne 238
PROD-0230,À CONFIRMER,Thé vert Tasse de Génie,Thé vert Tasse de Génie,À CONFIRMER,BOISSON_SANS_ALCOOL,THE_ET_INFUSION,règle 29,TATASSE,FOUR-0017,TATASSE,TATASSE Sachet Kraft 100g,FOUR-0001,NORMAND DIRECT TERROIR,Commande directe auprès de Normand Direct Terroir,À CONFIRMER,À CONFIRMER,À CONFIRMER,À CONFIRMER,À CONFIRMER,,AUCUNE_INFORMATION_DANS_LES_DOCUMENTS,À CONFIRMER,À CONFIRMER,100.0,,100g,,NON,,12 MOIS,,5.78,5.78,unité,PU HT,0.055,6.0979,,,,,,,,,,Sachet Kraft 100g,,6/,6,À CONFIRMER,À CONFIRMER,À CONFIRMER,À CONFIRMER,À CONFIRMER,À CONFIRMER,À CONFIRMER,À CONFIRMER,NON_DEDUIT_DU_CONDITIONNEMENT,OUI_DEDUIT_DU_CONDITIONNEMENT,À CONFIRMER,À CONFIRMER,À CONFIRMER,À CONFIRMER,À CONFIRMER,À CONFIRMER,À CONFIRMER,À CONFIRMER,À CONFIRMER,SIGNATURE,3,palier de prix d'achat (5.78 € HT) → 3,PROPOSITION AUTOMATIQUE – À VALIDER EN BACK-OFFICE,À CONFIRMER,À CONFIRMER,NON,À CONFIRMER,FAIBLE_COUT_LOGISTIQUE,À CONFIRMER,À CONFIRMER,À CONFIRMER,À CONFIRMER,À CONFIRMER,À CONFIRMER,SUR_COMMANDE (document = tarif et bon de commande 2026),PRODUIT,,,,35,Tarif et bon de commande 2026 – onglet « TARIF NORMAND DIRECT 2026 »,ligne 239
PROD-0231,À CONFIRMER,Thé vert Hakuna Matatasse,Thé vert Hakuna Matatasse,À CONFIRMER,BOISSON_SANS_ALCOOL,THE_ET_INFUSION,règle 29,TATASSE,FOUR-0017,TATASSE,TATASSE Sachet Kraft 100g,FOUR-0001,NORMAND DIRECT TERROIR,Commande directe auprès de Normand Direct Terroir,À CONFIRMER,À CONFIRMER,À CONFIRMER,À CONFIRMER,À CONFIRMER,,AUCUNE_INFORMATION_DANS_LES_DOCUMENTS,À CONFIRMER,À CONFIRMER,100.0,,100g,,NON,,12 MOIS,,5.78,5.78,unité,PU HT,0.055,6.0979,,,,,,,,,,Sachet Kraft 100g,,6/,6,À CONFIRMER,À CONFIRMER,À CONFIRMER,À CONFIRMER,À CONFIRMER,À CONFIRMER,À CONFIRMER,À CONFIRMER,NON_DEDUIT_DU_CONDITIONNEMENT,OUI_DEDUIT_DU_CONDITIONNEMENT,À CONFIRMER,À CONFIRMER,À CONFIRMER,À CONFIRMER,À CONFIRMER,À CONFIRMER,À CONFIRMER,À CONFIRMER,À CONFIRMER,SIGNATURE,3,palier de prix d'achat (5.78 € HT) → 3,PROPOSITION AUTOMATIQUE – À VALIDER EN BACK-OFFICE,À CONFIRMER,À CONFIRMER,NON,À CONFIRMER,FAIBLE_COUT_LOGISTIQUE,À CONFIRMER,À CONFIRMER,À CONFIRMER,À CONFIRMER,À CONFIRMER,À CONFIRMER,SUR_COMMANDE (document = tarif et bon de commande 2026),PRODUIT,,,,35,Tarif et bon de commande 2026 – onglet « TARIF NORMAND DIRECT 2026 »,ligne 240
PROD-0232,À CONFIRMER,Thé vert Jardin d'agrumes,Thé vert Jardin d'agrumes,À CONFIRMER,BOISSON_SANS_ALCOOL,THE_ET_INFUSION,règle 29,TATASSE,FOUR-0017,TATASSE,TATASSE Sachet Kraft 100g,FOUR-0001,NORMAND DIRECT TERROIR,Commande directe auprès de Normand Direct Terroir,À CONFIRMER,À CONFIRMER,À CONFIRMER,À CONFIRMER,À CONFIRMER,,AUCUNE_INFORMATION_DANS_LES_DOCUMENTS,À CONFIRMER,À CONFIRMER,100.0,,100g,,NON,,12 MOIS,,5.78,5.78,unité,PU HT,0.055,6.0979,,,,,,,,,,Sachet Kraft 100g,,6/,6,À CONFIRMER,À CONFIRMER,À CONFIRMER,À CONFIRMER,À CONFIRMER,À CONFIRMER,À CONFIRMER,À CONFIRMER,NON_DEDUIT_DU_CONDITIONNEMENT,OUI_DEDUIT_DU_CONDITIONNEMENT,À CONFIRMER,À CONFIRMER,À CONFIRMER,À CONFIRMER,À CONFIRMER,À CONFIRMER,À CONFIRMER,À CONFIRMER,À CONFIRMER,SIGNATURE,3,palier de prix d'achat (5.78 € HT) → 3,PROPOSITION AUTOMATIQUE – À VALIDER EN BACK-OFFICE,À CONFIRMER,À CONFIRMER,NON,À CONFIRMER,FAIBLE_COUT_LOGISTIQUE,À CONFIRMER,À CONFIRMER,À CONFIRMER,À CONFIRMER,À CONFIRMER,À CONFIRMER,SUR_COMMANDE (document = tarif et bon de commande 2026),PRODUIT,,,,35,Tarif et bon de commande 2026 – onglet « TARIF NORMAND DIRECT 2026 »,ligne 241
PROD-0233,À CONFIRMER,Thé vert Rouge aux joues,Thé vert Rouge aux joues,À CONFIRMER,BOISSON_SANS_ALCOOL,THE_ET_INFUSION,règle 29,TATASSE,FOUR-0017,TATASSE,TATASSE Sachet Kraft 100g,FOUR-0001,NORMAND DIRECT TERROIR,Commande directe auprès de Normand Direct Terroir,À CONFIRMER,À CONFIRMER,À CONFIRMER,À CONFIRMER,À CONFIRMER,,AUCUNE_INFORMATION_DANS_LES_DOCUMENTS,À CONFIRMER,À CONFIRMER,100.0,,100g,,NON,,12 MOIS,,5.78,5.78,unité,PU HT,0.055,6.0979,,,,,,,,,,Sachet Kraft 100g,,6/,6,À CONFIRMER,À CONFIRMER,À CONFIRMER,À CONFIRMER,À CONFIRMER,À CONFIRMER,À CONFIRMER,À CONFIRMER,NON_DEDUIT_DU_CONDITIONNEMENT,OUI_DEDUIT_DU_CONDITIONNEMENT,À CONFIRMER,À CONFIRMER,À CONFIRMER,À CONFIRMER,À CONFIRMER,À CONFIRMER,À CONFIRMER,À CONFIRMER,À CONFIRMER,SIGNATURE,3,palier de prix d'achat (5.78 € HT) → 3,PROPOSITION AUTOMATIQUE – À VALIDER EN BACK-OFFICE,À CONFIRMER,À CONFIRMER,NON,À CONFIRMER,FAIBLE_COUT_LOGISTIQUE,À CONFIRMER,À CONFIRMER,À CONFIRMER,À CONFIRMER,À CONFIRMER,À CONFIRMER,SUR_COMMANDE (document = tarif et bon de commande 2026),PRODUIT,,,,35,Tarif et bon de commande 2026 – onglet « TARIF NORMAND DIRECT 2026 »,ligne 242
PROD-0234,À CONFIRMER,Thé blanc Blanc de poire,Thé blanc Blanc de poire,À CONFIRMER,BOISSON_SANS_ALCOOL,THE_ET_INFUSION,règle 29,TATASSE,FOUR-0017,TATASSE,TATASSE Sachet Kraft 100g,FOUR-0001,NORMAND DIRECT TERROIR,Commande directe auprès de Normand Direct Terroir,À CONFIRMER,À CONFIRMER,À CONFIRMER,À CONFIRMER,À CONFIRMER,,AUCUNE_INFORMATION_DANS_LES_DOCUMENTS,À CONFIRMER,À CONFIRMER,100.0,,100g,,NON,,12 MOIS,,5.78,5.78,unité,PU HT,0.055,6.0979,,,,,,,,,,Sachet Kraft 100g,,6/,6,À CONFIRMER,À CONFIRMER,À CONFIRMER,À CONFIRMER,À CONFIRMER,À CONFIRMER,À CONFIRMER,À CONFIRMER,NON_DEDUIT_DU_CONDITIONNEMENT,OUI_DEDUIT_DU_CONDITIONNEMENT,À CONFIRMER,À CONFIRMER,À CONFIRMER,À CONFIRMER,À CONFIRMER,À CONFIRMER,À CONFIRMER,À CONFIRMER,À CONFIRMER,SIGNATURE,3,palier de prix d'achat (5.78 € HT) → 3,PROPOSITION AUTOMATIQUE – À VALIDER EN BACK-OFFICE,À CONFIRMER,À CONFIRMER,NON,À CONFIRMER,FAIBLE_COUT_LOGISTIQUE,À CONFIRMER,À CONFIRMER,À CONFIRMER,À CONFIRMER,À CONFIRMER,À CONFIRMER,SUR_COMMANDE (document = tarif et bon de commande 2026),PRODUIT,,,,35,Tarif et bon de commande 2026 – onglet « TARIF NORMAND DIRECT 2026 »,ligne 243
PROD-0235,À CONFIRMER,Thé blanc Tasse des Bois,Thé blanc Tasse des Bois,À CONFIRMER,BOISSON_SANS_ALCOOL,THE_ET_INFUSION,règle 29,TATASSE,FOUR-0017,TATASSE,TATASSE Sachet Kraft 100g,FOUR-0001,NORMAND DIRECT TERROIR,Commande directe auprès de Normand Direct Terroir,À CONFIRMER,À CONFIRMER,À CONFIRMER,À CONFIRMER,À CONFIRMER,,AUCUNE_INFORMATION_DANS_LES_DOCUMENTS,À CONFIRMER,À CONFIRMER,100.0,,100g,,NON,,12 MOIS,,5.78,5.78,unité,PU HT,0.055,6.0979,,,,,,,,,,Sachet Kraft 100g,,6/,6,À CONFIRMER,À CONFIRMER,À CONFIRMER,À CONFIRMER,À CONFIRMER,À CONFIRMER,À CONFIRMER,À CONFIRMER,NON_DEDUIT_DU_CONDITIONNEMENT,OUI_DEDUIT_DU_CONDITIONNEMENT,À CONFIRMER,À CONFIRMER,À CONFIRMER,À CONFIRMER,À CONFIRMER,À CONFIRMER,À CONFIRMER,À CONFIRMER,À CONFIRMER,SIGNATURE,3,palier de prix d'achat (5.78 € HT) → 3,PROPOSITION AUTOMATIQUE – À VALIDER EN BACK-OFFICE,À CONFIRMER,À CONFIRMER,NON,À CONFIRMER,FAIBLE_COUT_LOGISTIQUE,À CONFIRMER,À CONFIRMER,À CONFIRMER,À CONFIRMER,À CONFIRMER,À CONFIRMER,SUR_COMMANDE (document = tarif et bon de commande 2026),PRODUIT,,,,35,Tarif et bon de commande 2026 – onglet « TARIF NORMAND DIRECT 2026 »,ligne 244
PROD-0236,À CONFIRMER,Thé blanc White Sweetness,Thé blanc White Sweetness,À CONFIRMER,BOISSON_SANS_ALCOOL,THE_ET_INFUSION,règle 29,TATASSE,FOUR-0017,TATASSE,TATASSE Sachet Kraft 100g,FOUR-0001,NORMAND DIRECT TERROIR,Commande directe auprès de Normand Direct Terroir,À CONFIRMER,À CONFIRMER,À CONFIRMER,À CONFIRMER,À CONFIRMER,,AUCUNE_INFORMATION_DANS_LES_DOCUMENTS,À CONFIRMER,À CONFIRMER,100.0,,100g,,NON,,12 MOIS,,5.78,5.78,unité,PU HT,0.055,6.0979,,,,,,,,,,Sachet Kraft 100g,,6/,6,À CONFIRMER,À CONFIRMER,À CONFIRMER,À CONFIRMER,À CONFIRMER,À CONFIRMER,À CONFIRMER,À CONFIRMER,NON_DEDUIT_DU_CONDITIONNEMENT,OUI_DEDUIT_DU_CONDITIONNEMENT,À CONFIRMER,À CONFIRMER,À CONFIRMER,À CONFIRMER,À CONFIRMER,À CONFIRMER,À CONFIRMER,À CONFIRMER,À CONFIRMER,SIGNATURE,3,palier de prix d'achat (5.78 € HT) → 3,PROPOSITION AUTOMATIQUE – À VALIDER EN BACK-OFFICE,À CONFIRMER,À CONFIRMER,NON,À CONFIRMER,FAIBLE_COUT_LOGISTIQUE,À CONFIRMER,À CONFIRMER,À CONFIRMER,À CONFIRMER,À CONFIRMER,À CONFIRMER,SUR_COMMANDE (document = tarif et bon de commande 2026),PRODUIT,,,,35,Tarif et bon de commande 2026 – onglet « TARIF NORMAND DIRECT 2026 »,ligne 245
PROD-0237,À CONFIRMER,Tisane Bien être Stop Migraine,Tisane Bien être Stop Migraine,À CONFIRMER,BOISSON_SANS_ALCOOL,THE_ET_INFUSION,règle 29,TATASSE,FOUR-0017,TATASSE,TATASSE Sachet Kraft 100g,FOUR-0001,NORMAND DIRECT TERROIR,Commande directe auprès de Normand Direct Terroir,À CONFIRMER,À CONFIRMER,À CONFIRMER,À CONFIRMER,À CONFIRMER,,AUCUNE_INFORMATION_DANS_LES_DOCUMENTS,À CONFIRMER,À CONFIRMER,100.0,,100g,,NON,,12 MOIS,,5.78,5.78,unité,PU HT,0.055,6.0979,,,,,,,,,,Sachet Kraft 100g,,6/,6,À CONFIRMER,À CONFIRMER,À CONFIRMER,À CONFIRMER,À CONFIRMER,À CONFIRMER,À CONFIRMER,À CONFIRMER,NON_DEDUIT_DU_CONDITIONNEMENT,OUI_DEDUIT_DU_CONDITIONNEMENT,À CONFIRMER,À CONFIRMER,À CONFIRMER,À CONFIRMER,À CONFIRMER,À CONFIRMER,À CONFIRMER,À CONFIRMER,À CONFIRMER,SIGNATURE,3,palier de prix d'achat (5.78 € HT) → 3,PROPOSITION AUTOMATIQUE – À VALIDER EN BACK-OFFICE,À CONFIRMER,À CONFIRMER,NON,À CONFIRMER,FAIBLE_COUT_LOGISTIQUE,À CONFIRMER,À CONFIRMER,À CONFIRMER,À CONFIRMER,À CONFIRMER,À CONFIRMER,SUR_COMMANDE (document = tarif et bon de commande 2026),PRODUIT,,,,35,Tarif et bon de commande 2026 – onglet « TARIF NORMAND DIRECT 2026 »,ligne 246
PROD-0238,À CONFIRMER,Tisane Bien être Digest Cup,Tisane Bien être Digest Cup,À CONFIRMER,BOISSON_SANS_ALCOOL,THE_ET_INFUSION,règle 29,TATASSE,FOUR-0017,TATASSE,TATASSE Sachet Kraft 100g,FOUR-0001,NORMAND DIRECT TERROIR,Commande directe auprès de Normand Direct Terroir,À CONFIRMER,À CONFIRMER,À CONFIRMER,À CONFIRMER,À CONFIRMER,,AUCUNE_INFORMATION_DANS_LES_DOCUMENTS,À CONFIRMER,À CONFIRMER,100.0,,100g,,NON,,12 MOIS,,5.78,5.78,unité,PU HT,0.055,6.0979,,,,,,,,,,Sachet Kraft 100g,,6/,6,À CONFIRMER,À CONFIRMER,À CONFIRMER,À CONFIRMER,À CONFIRMER,À CONFIRMER,À CONFIRMER,À CONFIRMER,NON_DEDUIT_DU_CONDITIONNEMENT,OUI_DEDUIT_DU_CONDITIONNEMENT,À CONFIRMER,À CONFIRMER,À CONFIRMER,À CONFIRMER,À CONFIRMER,À CONFIRMER,À CONFIRMER,À CONFIRMER,À CONFIRMER,SIGNATURE,3,palier de prix d'achat (5.78 € HT) → 3,PROPOSITION AUTOMATIQUE – À VALIDER EN BACK-OFFICE,À CONFIRMER,À CONFIRMER,NON,À CONFIRMER,FAIBLE_COUT_LOGISTIQUE,À CONFIRMER,À CONFIRMER,À CONFIRMER,À CONFIRMER,À CONFIRMER,À CONFIRMER,SUR_COMMANDE (document = tarif et bon de commande 2026),PRODUIT,,,,35,Tarif et bon de commande 2026 – onglet « TARIF NORMAND DIRECT 2026 »,ligne 247
PROD-0239,À CONFIRMER,Tisane Bien être Oust le rhume,Tisane Bien être Oust le rhume,À CONFIRMER,BOISSON_SANS_ALCOOL,THE_ET_INFUSION,règle 29,TATASSE,FOUR-0017,TATASSE,TATASSE Sachet Kraft 100g,FOUR-0001,NORMAND DIRECT TERROIR,Commande directe auprès de Normand Direct Terroir,À CONFIRMER,À CONFIRMER,À CONFIRMER,À CONFIRMER,À CONFIRMER,,AUCUNE_INFORMATION_DANS_LES_DOCUMENTS,À CONFIRMER,À CONFIRMER,100.0,,100g,,NON,,12 MOIS,,5.78,5.78,unité,PU HT,0.055,6.0979,,,,,,,,,,Sachet Kraft 100g,,6/,6,À CONFIRMER,À CONFIRMER,À CONFIRMER,À CONFIRMER,À CONFIRMER,À CONFIRMER,À CONFIRMER,À CONFIRMER,NON_DEDUIT_DU_CONDITIONNEMENT,OUI_DEDUIT_DU_CONDITIONNEMENT,À CONFIRMER,À CONFIRMER,À CONFIRMER,À CONFIRMER,À CONFIRMER,À CONFIRMER,À CONFIRMER,À CONFIRMER,À CONFIRMER,SIGNATURE,3,palier de prix d'achat (5.78 € HT) → 3,PROPOSITION AUTOMATIQUE – À VALIDER EN BACK-OFFICE,À CONFIRMER,À CONFIRMER,NON,À CONFIRMER,FAIBLE_COUT_LOGISTIQUE,À CONFIRMER,À CONFIRMER,À CONFIRMER,À CONFIRMER,À CONFIRMER,À CONFIRMER,SUR_COMMANDE (document = tarif et bon de commande 2026),PRODUIT,,,,35,Tarif et bon de commande 2026 – onglet « TARIF NORMAND DIRECT 2026 »,ligne 248
PROD-0240,À CONFIRMER,Tisane Bien être Punch Power,Tisane Bien être Punch Power,À CONFIRMER,BOISSON_SANS_ALCOOL,THE_ET_INFUSION,règle 29,TATASSE,FOUR-0017,TATASSE,TATASSE Sachet Kraft 100g,FOUR-0001,NORMAND DIRECT TERROIR,Commande directe auprès de Normand Direct Terroir,À CONFIRMER,À CONFIRMER,À CONFIRMER,À CONFIRMER,À CONFIRMER,,AUCUNE_INFORMATION_DANS_LES_DOCUMENTS,À CONFIRMER,À CONFIRMER,100.0,,100g,,NON,,12 MOIS,,5.78,5.78,unité,PU HT,0.055,6.0979,,,,,,,,,,Sachet Kraft 100g,,6/,6,À CONFIRMER,À CONFIRMER,À CONFIRMER,À CONFIRMER,À CONFIRMER,À CONFIRMER,À CONFIRMER,À CONFIRMER,NON_DEDUIT_DU_CONDITIONNEMENT,OUI_DEDUIT_DU_CONDITIONNEMENT,À CONFIRMER,À CONFIRMER,À CONFIRMER,À CONFIRMER,À CONFIRMER,À CONFIRMER,À CONFIRMER,À CONFIRMER,À CONFIRMER,SIGNATURE,3,palier de prix d'achat (5.78 € HT) → 3,PROPOSITION AUTOMATIQUE – À VALIDER EN BACK-OFFICE,À CONFIRMER,À CONFIRMER,NON,À CONFIRMER,FAIBLE_COUT_LOGISTIQUE,À CONFIRMER,À CONFIRMER,À CONFIRMER,À CONFIRMER,À CONFIRMER,À CONFIRMER,SUR_COMMANDE (document = tarif et bon de commande 2026),PRODUIT,,,,35,Tarif et bon de commande 2026 – onglet « TARIF NORMAND DIRECT 2026 »,ligne 249
PROD-0241,À CONFIRMER,Tisane Bien être SO Quiet,Tisane Bien être SO Quiet,À CONFIRMER,BOISSON_SANS_ALCOOL,THE_ET_INFUSION,règle 29,TATASSE,FOUR-0017,TATASSE,TATASSE Sachet Kraft 100g,FOUR-0001,NORMAND DIRECT TERROIR,Commande directe auprès de Normand Direct Terroir,À CONFIRMER,À CONFIRMER,À CONFIRMER,À CONFIRMER,À CONFIRMER,,AUCUNE_INFORMATION_DANS_LES_DOCUMENTS,À CONFIRMER,À CONFIRMER,100.0,,100g,,NON,,12 MOIS,,5.78,5.78,unité,PU HT,0.055,6.0979,,,,,,,,,,Sachet Kraft 100g,,6/,6,À CONFIRMER,À CONFIRMER,À CONFIRMER,À CONFIRMER,À CONFIRMER,À CONFIRMER,À CONFIRMER,À CONFIRMER,NON_DEDUIT_DU_CONDITIONNEMENT,OUI_DEDUIT_DU_CONDITIONNEMENT,À CONFIRMER,À CONFIRMER,À CONFIRMER,À CONFIRMER,À CONFIRMER,À CONFIRMER,À CONFIRMER,À CONFIRMER,À CONFIRMER,SIGNATURE,3,palier de prix d'achat (5.78 € HT) → 3,PROPOSITION AUTOMATIQUE – À VALIDER EN BACK-OFFICE,À CONFIRMER,À CONFIRMER,NON,À CONFIRMER,FAIBLE_COUT_LOGISTIQUE,À CONFIRMER,À CONFIRMER,À CONFIRMER,À CONFIRMER,À CONFIRMER,À CONFIRMER,SUR_COMMANDE (document = tarif et bon de commande 2026),PRODUIT,,,,35,Tarif et bon de commande 2026 – onglet « TARIF NORMAND DIRECT 2026 »,ligne 250
PROD-0242,À CONFIRMER,Tisane fruitée La Reine encahntée,Tisane fruitée La Reine encahntée,À CONFIRMER,BOISSON_SANS_ALCOOL,THE_ET_INFUSION,règle 29,TATASSE,FOUR-0017,TATASSE,TATASSE Sachet Kraft 100g,FOUR-0001,NORMAND DIRECT TERROIR,Commande directe auprès de Normand Direct Terroir,À CONFIRMER,À CONFIRMER,À CONFIRMER,À CONFIRMER,À CONFIRMER,,AUCUNE_INFORMATION_DANS_LES_DOCUMENTS,À CONFIRMER,À CONFIRMER,100.0,,100g,,NON,,12 MOIS,,5.78,5.78,unité,PU HT,0.055,6.0979,,,,,,,,,,Sachet Kraft 100g,,6/,6,À CONFIRMER,À CONFIRMER,À CONFIRMER,À CONFIRMER,À CONFIRMER,À CONFIRMER,À CONFIRMER,À CONFIRMER,NON_DEDUIT_DU_CONDITIONNEMENT,OUI_DEDUIT_DU_CONDITIONNEMENT,À CONFIRMER,À CONFIRMER,À CONFIRMER,À CONFIRMER,À CONFIRMER,À CONFIRMER,À CONFIRMER,À CONFIRMER,À CONFIRMER,SIGNATURE,3,palier de prix d'achat (5.78 € HT) → 3,PROPOSITION AUTOMATIQUE – À VALIDER EN BACK-OFFICE,À CONFIRMER,À CONFIRMER,NON,À CONFIRMER,FAIBLE_COUT_LOGISTIQUE,À CONFIRMER,À CONFIRMER,À CONFIRMER,À CONFIRMER,À CONFIRMER,À CONFIRMER,SUR_COMMANDE (document = tarif et bon de commande 2026),PRODUIT,,,,35,Tarif et bon de commande 2026 – onglet « TARIF NORMAND DIRECT 2026 »,ligne 251
PROD-0243,À CONFIRMER,Tisane fruitée Sorbet Exotique,Tisane fruitée Sorbet Exotique,À CONFIRMER,BOISSON_SANS_ALCOOL,THE_ET_INFUSION,règle 29,TATASSE,FOUR-0017,TATASSE,TATASSE Sachet Kraft 100g,FOUR-0001,NORMAND DIRECT TERROIR,Commande directe auprès de Normand Direct Terroir,À CONFIRMER,À CONFIRMER,À CONFIRMER,À CONFIRMER,À CONFIRMER,,AUCUNE_INFORMATION_DANS_LES_DOCUMENTS,À CONFIRMER,À CONFIRMER,100.0,,100g,,NON,,12 MOIS,,5.78,5.78,unité,PU HT,0.055,6.0979,,,,,,,,,,Sachet Kraft 100g,,6/,6,À CONFIRMER,À CONFIRMER,À CONFIRMER,À CONFIRMER,À CONFIRMER,À CONFIRMER,À CONFIRMER,À CONFIRMER,NON_DEDUIT_DU_CONDITIONNEMENT,OUI_DEDUIT_DU_CONDITIONNEMENT,À CONFIRMER,À CONFIRMER,À CONFIRMER,À CONFIRMER,À CONFIRMER,À CONFIRMER,À CONFIRMER,À CONFIRMER,À CONFIRMER,SIGNATURE,3,palier de prix d'achat (5.78 € HT) → 3,PROPOSITION AUTOMATIQUE – À VALIDER EN BACK-OFFICE,À CONFIRMER,À CONFIRMER,NON,À CONFIRMER,FAIBLE_COUT_LOGISTIQUE,À CONFIRMER,À CONFIRMER,À CONFIRMER,À CONFIRMER,À CONFIRMER,À CONFIRMER,SUR_COMMANDE (document = tarif et bon de commande 2026),PRODUIT,,,,35,Tarif et bon de commande 2026 – onglet « TARIF NORMAND DIRECT 2026 »,ligne 252
PROD-0244,À CONFIRMER,Tisane fruitée La Dame de cœur,Tisane fruitée La Dame de cœur,À CONFIRMER,BOISSON_SANS_ALCOOL,THE_ET_INFUSION,règle 29,TATASSE,FOUR-0017,TATASSE,TATASSE Sachet Kraft 100g,FOUR-0001,NORMAND DIRECT TERROIR,Commande directe auprès de Normand Direct Terroir,À CONFIRMER,À CONFIRMER,À CONFIRMER,À CONFIRMER,À CONFIRMER,,AUCUNE_INFORMATION_DANS_LES_DOCUMENTS,À CONFIRMER,À CONFIRMER,100.0,,100g,,NON,,12 MOIS,,5.78,5.78,unité,PU HT,0.055,6.0979,,,,,,,,,,Sachet Kraft 100g,,6/,6,À CONFIRMER,À CONFIRMER,À CONFIRMER,À CONFIRMER,À CONFIRMER,À CONFIRMER,À CONFIRMER,À CONFIRMER,NON_DEDUIT_DU_CONDITIONNEMENT,OUI_DEDUIT_DU_CONDITIONNEMENT,À CONFIRMER,À CONFIRMER,À CONFIRMER,À CONFIRMER,À CONFIRMER,À CONFIRMER,À CONFIRMER,À CONFIRMER,À CONFIRMER,SIGNATURE,3,palier de prix d'achat (5.78 € HT) → 3,PROPOSITION AUTOMATIQUE – À VALIDER EN BACK-OFFICE,À CONFIRMER,À CONFIRMER,NON,À CONFIRMER,FAIBLE_COUT_LOGISTIQUE,À CONFIRMER,À CONFIRMER,À CONFIRMER,À CONFIRMER,À CONFIRMER,À CONFIRMER,SUR_COMMANDE (document = tarif et bon de commande 2026),PRODUIT,,,,35,Tarif et bon de commande 2026 – onglet « TARIF NORMAND DIRECT 2026 »,ligne 253
PROD-0245,À CONFIRMER,Detox Jeune et jolie,Detox Jeune et jolie,À CONFIRMER,BOISSON_SANS_ALCOOL,THE_ET_INFUSION,règle 29,TATASSE,FOUR-0017,TATASSE,TATASSE Sachet Kraft 100g,FOUR-0001,NORMAND DIRECT TERROIR,Commande directe auprès de Normand Direct Terroir,À CONFIRMER,À CONFIRMER,À CONFIRMER,À CONFIRMER,À CONFIRMER,,AUCUNE_INFORMATION_DANS_LES_DOCUMENTS,À CONFIRMER,À CONFIRMER,100.0,,100g,,NON,,12 MOIS,,5.78,5.78,unité,PU HT,0.055,6.0979,,,,,,,,,,Sachet Kraft 100g,,6/,6,À CONFIRMER,À CONFIRMER,À CONFIRMER,À CONFIRMER,À CONFIRMER,À CONFIRMER,À CONFIRMER,À CONFIRMER,NON_DEDUIT_DU_CONDITIONNEMENT,OUI_DEDUIT_DU_CONDITIONNEMENT,À CONFIRMER,À CONFIRMER,À CONFIRMER,À CONFIRMER,À CONFIRMER,À CONFIRMER,À CONFIRMER,À CONFIRMER,À CONFIRMER,SIGNATURE,3,palier de prix d'achat (5.78 € HT) → 3,PROPOSITION AUTOMATIQUE – À VALIDER EN BACK-OFFICE,À CONFIRMER,À CONFIRMER,NON,À CONFIRMER,FAIBLE_COUT_LOGISTIQUE,À CONFIRMER,À CONFIRMER,À CONFIRMER,À CONFIRMER,À CONFIRMER,À CONFIRMER,SUR_COMMANDE (document = tarif et bon de commande 2026),PRODUIT,,,,35,Tarif et bon de commande 2026 – onglet « TARIF NORMAND DIRECT 2026 »,ligne 254
PROD-0246,À CONFIRMER,Detox Beau Teint,Detox Beau Teint,À CONFIRMER,BOISSON_SANS_ALCOOL,THE_ET_INFUSION,règle 29,TATASSE,FOUR-0017,TATASSE,TATASSE Sachet Kraft 100g,FOUR-0001,NORMAND DIRECT TERROIR,Commande directe auprès de Normand Direct Terroir,À CONFIRMER,À CONFIRMER,À CONFIRMER,À CONFIRMER,À CONFIRMER,,AUCUNE_INFORMATION_DANS_LES_DOCUMENTS,À CONFIRMER,À CONFIRMER,100.0,,100g,,NON,,12 MOIS,,5.78,5.78,unité,PU HT,0.055,6.0979,,,,,,,,,,Sachet Kraft 100g,,6/,6,À CONFIRMER,À CONFIRMER,À CONFIRMER,À CONFIRMER,À CONFIRMER,À CONFIRMER,À CONFIRMER,À CONFIRMER,NON_DEDUIT_DU_CONDITIONNEMENT,OUI_DEDUIT_DU_CONDITIONNEMENT,À CONFIRMER,À CONFIRMER,À CONFIRMER,À CONFIRMER,À CONFIRMER,À CONFIRMER,À CONFIRMER,À CONFIRMER,À CONFIRMER,SIGNATURE,3,palier de prix d'achat (5.78 € HT) → 3,PROPOSITION AUTOMATIQUE – À VALIDER EN BACK-OFFICE,À CONFIRMER,À CONFIRMER,NON,À CONFIRMER,FAIBLE_COUT_LOGISTIQUE,À CONFIRMER,À CONFIRMER,À CONFIRMER,À CONFIRMER,À CONFIRMER,À CONFIRMER,SUR_COMMANDE (document = tarif et bon de commande 2026),PRODUIT,,,,35,Tarif et bon de commande 2026 – onglet « TARIF NORMAND DIRECT 2026 »,ligne 255
PROD-0247,À CONFIRMER,Detox Chill Time,Detox Chill Time,À CONFIRMER,BOISSON_SANS_ALCOOL,THE_ET_INFUSION,règle 29,TATASSE,FOUR-0017,TATASSE,TATASSE Sachet Kraft 100g,FOUR-0001,NORMAND DIRECT TERROIR,Commande directe auprès de Normand Direct Terroir,À CONFIRMER,À CONFIRMER,À CONFIRMER,À CONFIRMER,À CONFIRMER,,AUCUNE_INFORMATION_DANS_LES_DOCUMENTS,À CONFIRMER,À CONFIRMER,100.0,,100g,,NON,,12 MOIS,,5.78,5.78,unité,PU HT,0.055,6.0979,,,,,,,,,,Sachet Kraft 100g,,6/,6,À CONFIRMER,À CONFIRMER,À CONFIRMER,À CONFIRMER,À CONFIRMER,À CONFIRMER,À CONFIRMER,À CONFIRMER,NON_DEDUIT_DU_CONDITIONNEMENT,OUI_DEDUIT_DU_CONDITIONNEMENT,À CONFIRMER,À CONFIRMER,À CONFIRMER,À CONFIRMER,À CONFIRMER,À CONFIRMER,À CONFIRMER,À CONFIRMER,À CONFIRMER,SIGNATURE,3,palier de prix d'achat (5.78 € HT) → 3,PROPOSITION AUTOMATIQUE – À VALIDER EN BACK-OFFICE,À CONFIRMER,À CONFIRMER,NON,À CONFIRMER,FAIBLE_COUT_LOGISTIQUE,À CONFIRMER,À CONFIRMER,À CONFIRMER,À CONFIRMER,À CONFIRMER,À CONFIRMER,SUR_COMMANDE (document = tarif et bon de commande 2026),PRODUIT,,,,35,Tarif et bon de commande 2026 – onglet « TARIF NORMAND DIRECT 2026 »,ligne 256
PROD-0248,À CONFIRMER,Maté KA'MATE KA'MATE,Maté KA'MATE KA'MATE,À CONFIRMER,BOISSON_SANS_ALCOOL,THE_ET_INFUSION,règle 29,TATASSE,FOUR-0017,TATASSE,TATASSE Sachet Kraft 100g,FOUR-0001,NORMAND DIRECT TERROIR,Commande directe auprès de Normand Direct Terroir,À CONFIRMER,À CONFIRMER,À CONFIRMER,À CONFIRMER,À CONFIRMER,,AUCUNE_INFORMATION_DANS_LES_DOCUMENTS,À CONFIRMER,À CONFIRMER,100.0,,100g,,NON,,12 MOIS,,5.78,5.78,unité,PU HT,0.055,6.0979,,,,,,,,,,Sachet Kraft 100g,,6/,6,À CONFIRMER,À CONFIRMER,À CONFIRMER,À CONFIRMER,À CONFIRMER,À CONFIRMER,À CONFIRMER,À CONFIRMER,NON_DEDUIT_DU_CONDITIONNEMENT,OUI_DEDUIT_DU_CONDITIONNEMENT,À CONFIRMER,À CONFIRMER,À CONFIRMER,À CONFIRMER,À CONFIRMER,À CONFIRMER,À CONFIRMER,À CONFIRMER,À CONFIRMER,SIGNATURE,3,palier de prix d'achat (5.78 € HT) → 3,PROPOSITION AUTOMATIQUE – À VALIDER EN BACK-OFFICE,À CONFIRMER,À CONFIRMER,NON,À CONFIRMER,FAIBLE_COUT_LOGISTIQUE,À CONFIRMER,À CONFIRMER,À CONFIRMER,À CONFIRMER,À CONFIRMER,À CONFIRMER,SUR_COMMANDE (document = tarif et bon de commande 2026),PRODUIT,,,,35,Tarif et bon de commande 2026 – onglet « TARIF NORMAND DIRECT 2026 »,ligne 257
PROD-0249,À CONFIRMER,Maté Balance,Maté Balance,À CONFIRMER,BOISSON_SANS_ALCOOL,THE_ET_INFUSION,règle 29,TATASSE,FOUR-0017,TATASSE,TATASSE Sachet Kraft 100g,FOUR-0001,NORMAND DIRECT TERROIR,Commande directe auprès de Normand Direct Terroir,À CONFIRMER,À CONFIRMER,À CONFIRMER,À CONFIRMER,À CONFIRMER,,AUCUNE_INFORMATION_DANS_LES_DOCUMENTS,À CONFIRMER,À CONFIRMER,100.0,,100g,,NON,,12 MOIS,,5.78,5.78,unité,PU HT,0.055,6.0979,,,,,,,,,,Sachet Kraft 100g,,6/,6,À CONFIRMER,À CONFIRMER,À CONFIRMER,À CONFIRMER,À CONFIRMER,À CONFIRMER,À CONFIRMER,À CONFIRMER,NON_DEDUIT_DU_CONDITIONNEMENT,OUI_DEDUIT_DU_CONDITIONNEMENT,À CONFIRMER,À CONFIRMER,À CONFIRMER,À CONFIRMER,À CONFIRMER,À CONFIRMER,À CONFIRMER,À CONFIRMER,À CONFIRMER,SIGNATURE,3,palier de prix d'achat (5.78 € HT) → 3,PROPOSITION AUTOMATIQUE – À VALIDER EN BACK-OFFICE,À CONFIRMER,À CONFIRMER,NON,À CONFIRMER,FAIBLE_COUT_LOGISTIQUE,À CONFIRMER,À CONFIRMER,À CONFIRMER,À CONFIRMER,À CONFIRMER,À CONFIRMER,SUR_COMMANDE (document = tarif et bon de commande 2026),PRODUIT,,,,35,Tarif et bon de commande 2026 – onglet « TARIF NORMAND DIRECT 2026 »,ligne 258
PROD-0250,À CONFIRMER,Maternité Divine Mama,Maternité Divine Mama,À CONFIRMER,BOISSON_SANS_ALCOOL,THE_ET_INFUSION,règle 29,TATASSE,FOUR-0017,TATASSE,TATASSE Sachet Kraft 100g,FOUR-0001,NORMAND DIRECT TERROIR,Commande directe auprès de Normand Direct Terroir,À CONFIRMER,À CONFIRMER,À CONFIRMER,À CONFIRMER,À CONFIRMER,,AUCUNE_INFORMATION_DANS_LES_DOCUMENTS,À CONFIRMER,À CONFIRMER,100.0,,100g,,NON,,12 MOIS,,5.78,5.78,unité,PU HT,0.055,6.0979,,,,,,,,,,Sachet Kraft 100g,,6/,6,À CONFIRMER,À CONFIRMER,À CONFIRMER,À CONFIRMER,À CONFIRMER,À CONFIRMER,À CONFIRMER,À CONFIRMER,NON_DEDUIT_DU_CONDITIONNEMENT,OUI_DEDUIT_DU_CONDITIONNEMENT,À CONFIRMER,À CONFIRMER,À CONFIRMER,À CONFIRMER,À CONFIRMER,À CONFIRMER,À CONFIRMER,À CONFIRMER,À CONFIRMER,SIGNATURE,3,palier de prix d'achat (5.78 € HT) → 3,PROPOSITION AUTOMATIQUE – À VALIDER EN BACK-OFFICE,À CONFIRMER,À CONFIRMER,NON,À CONFIRMER,FAIBLE_COUT_LOGISTIQUE,À CONFIRMER,À CONFIRMER,À CONFIRMER,À CONFIRMER,À CONFIRMER,À CONFIRMER,SUR_COMMANDE (document = tarif et bon de commande 2026),PRODUIT,,,,35,Tarif et bon de commande 2026 – onglet « TARIF NORMAND DIRECT 2026 »,ligne 259
PROD-0251,À CONFIRMER,Maternité Voie Lactée,Maternité Voie Lactée,À CONFIRMER,BOISSON_SANS_ALCOOL,THE_ET_INFUSION,règle 29,TATASSE,FOUR-0017,TATASSE,TATASSE Sachet Kraft 100g,FOUR-0001,NORMAND DIRECT TERROIR,Commande directe auprès de Normand Direct Terroir,À CONFIRMER,À CONFIRMER,À CONFIRMER,À CONFIRMER,À CONFIRMER,,AUCUNE_INFORMATION_DANS_LES_DOCUMENTS,À CONFIRMER,À CONFIRMER,100.0,,100g,,NON,,12 MOIS,,5.78,5.78,unité,PU HT,0.055,6.0979,,,,,,,,,,Sachet Kraft 100g,,6/,6,À CONFIRMER,À CONFIRMER,À CONFIRMER,À CONFIRMER,À CONFIRMER,À CONFIRMER,À CONFIRMER,À CONFIRMER,NON_DEDUIT_DU_CONDITIONNEMENT,OUI_DEDUIT_DU_CONDITIONNEMENT,À CONFIRMER,À CONFIRMER,À CONFIRMER,À CONFIRMER,À CONFIRMER,À CONFIRMER,À CONFIRMER,À CONFIRMER,À CONFIRMER,SIGNATURE,3,palier de prix d'achat (5.78 € HT) → 3,PROPOSITION AUTOMATIQUE – À VALIDER EN BACK-OFFICE,À CONFIRMER,À CONFIRMER,NON,À CONFIRMER,FAIBLE_COUT_LOGISTIQUE,À CONFIRMER,À CONFIRMER,À CONFIRMER,À CONFIRMER,À CONFIRMER,À CONFIRMER,SUR_COMMANDE (document = tarif et bon de commande 2026),PRODUIT,,,,35,Tarif et bon de commande 2026 – onglet « TARIF NORMAND DIRECT 2026 »,ligne 260
PROD-0252,À CONFIRMER,Rooibos Lemon Curd,Rooibos Lemon Curd,À CONFIRMER,BOISSON_SANS_ALCOOL,THE_ET_INFUSION,règle 29,TATASSE,FOUR-0017,TATASSE,TATASSE Sachet Kraft 100g,FOUR-0001,NORMAND DIRECT TERROIR,Commande directe auprès de Normand Direct Terroir,À CONFIRMER,À CONFIRMER,À CONFIRMER,À CONFIRMER,À CONFIRMER,,AUCUNE_INFORMATION_DANS_LES_DOCUMENTS,À CONFIRMER,À CONFIRMER,100.0,,100g,,NON,,12 MOIS,,5.78,5.78,unité,PU HT,0.055,6.0979,,,,,,,,,,Sachet Kraft 100g,,6/,6,À CONFIRMER,À CONFIRMER,À CONFIRMER,À CONFIRMER,À CONFIRMER,À CONFIRMER,À CONFIRMER,À CONFIRMER,NON_DEDUIT_DU_CONDITIONNEMENT,OUI_DEDUIT_DU_CONDITIONNEMENT,À CONFIRMER,À CONFIRMER,À CONFIRMER,À CONFIRMER,À CONFIRMER,À CONFIRMER,À CONFIRMER,À CONFIRMER,À CONFIRMER,SIGNATURE,3,palier de prix d'achat (5.78 € HT) → 3,PROPOSITION AUTOMATIQUE – À VALIDER EN BACK-OFFICE,À CONFIRMER,À CONFIRMER,NON,À CONFIRMER,FAIBLE_COUT_LOGISTIQUE,À CONFIRMER,À CONFIRMER,À CONFIRMER,À CONFIRMER,À CONFIRMER,À CONFIRMER,SUR_COMMANDE (document = tarif et bon de commande 2026),PRODUIT,,,,35,Tarif et bon de commande 2026 – onglet « TARIF NORMAND DIRECT 2026 »,ligne 261
PROD-0253,À CONFIRMER,Rooibos Cheri Coco,Rooibos Cheri Coco,À CONFIRMER,BOISSON_SANS_ALCOOL,THE_ET_INFUSION,règle 29,TATASSE,FOUR-0017,TATASSE,TATASSE Sachet Kraft 100g,FOUR-0001,NORMAND DIRECT TERROIR,Commande directe auprès de Normand Direct Terroir,À CONFIRMER,À CONFIRMER,À CONFIRMER,À CONFIRMER,À CONFIRMER,,AUCUNE_INFORMATION_DANS_LES_DOCUMENTS,À CONFIRMER,À CONFIRMER,100.0,,100g,,NON,,12 MOIS,,5.78,5.78,unité,PU HT,0.055,6.0979,,,,,,,,,,Sachet Kraft 100g,,6/,6,À CONFIRMER,À CONFIRMER,À CONFIRMER,À CONFIRMER,À CONFIRMER,À CONFIRMER,À CONFIRMER,À CONFIRMER,NON_DEDUIT_DU_CONDITIONNEMENT,OUI_DEDUIT_DU_CONDITIONNEMENT,À CONFIRMER,À CONFIRMER,À CONFIRMER,À CONFIRMER,À CONFIRMER,À CONFIRMER,À CONFIRMER,À CONFIRMER,À CONFIRMER,SIGNATURE,3,palier de prix d'achat (5.78 € HT) → 3,PROPOSITION AUTOMATIQUE – À VALIDER EN BACK-OFFICE,À CONFIRMER,À CONFIRMER,NON,À CONFIRMER,FAIBLE_COUT_LOGISTIQUE,À CONFIRMER,À CONFIRMER,À CONFIRMER,À CONFIRMER,À CONFIRMER,À CONFIRMER,SUR_COMMANDE (document = tarif et bon de commande 2026),PRODUIT,,,,35,Tarif et bon de commande 2026 – onglet « TARIF NORMAND DIRECT 2026 »,ligne 262
PROD-0254,À CONFIRMER,Rooibos Saveur Macaron,Rooibos Saveur Macaron,À CONFIRMER,BOISSON_SANS_ALCOOL,THE_ET_INFUSION,règle 29,TATASSE,FOUR-0017,TATASSE,TATASSE Sachet Kraft 100g,FOUR-0001,NORMAND DIRECT TERROIR,Commande directe auprès de Normand Direct Terroir,À CONFIRMER,À CONFIRMER,À CONFIRMER,À CONFIRMER,À CONFIRMER,,AUCUNE_INFORMATION_DANS_LES_DOCUMENTS,À CONFIRMER,À CONFIRMER,100.0,,100g,,NON,,12 MOIS,,5.78,5.78,unité,PU HT,0.055,6.0979,,,,,,,,,,Sachet Kraft 100g,,6/,6,À CONFIRMER,À CONFIRMER,À CONFIRMER,À CONFIRMER,À CONFIRMER,À CONFIRMER,À CONFIRMER,À CONFIRMER,NON_DEDUIT_DU_CONDITIONNEMENT,OUI_DEDUIT_DU_CONDITIONNEMENT,À CONFIRMER,À CONFIRMER,À CONFIRMER,À CONFIRMER,À CONFIRMER,À CONFIRMER,À CONFIRMER,À CONFIRMER,À CONFIRMER,SIGNATURE,3,palier de prix d'achat (5.78 € HT) → 3,PROPOSITION AUTOMATIQUE – À VALIDER EN BACK-OFFICE,À CONFIRMER,À CONFIRMER,NON,À CONFIRMER,FAIBLE_COUT_LOGISTIQUE,À CONFIRMER,À CONFIRMER,À CONFIRMER,À CONFIRMER,À CONFIRMER,À CONFIRMER,SUR_COMMANDE (document = tarif et bon de commande 2026),PRODUIT,,,,35,Tarif et bon de commande 2026 – onglet « TARIF NORMAND DIRECT 2026 »,ligne 263
PROD-0255,À CONFIRMER,Rooibos Menthe Givrée,Rooibos Menthe Givrée,À CONFIRMER,BOISSON_SANS_ALCOOL,THE_ET_INFUSION,règle 29,TATASSE,FOUR-0017,TATASSE,TATASSE Sachet Kraft 100g,FOUR-0001,NORMAND DIRECT TERROIR,Commande directe auprès de Normand Direct Terroir,À CONFIRMER,À CONFIRMER,À CONFIRMER,À CONFIRMER,À CONFIRMER,,AUCUNE_INFORMATION_DANS_LES_DOCUMENTS,À CONFIRMER,À CONFIRMER,100.0,,100g,,NON,,12 MOIS,,5.78,5.78,unité,PU HT,0.055,6.0979,,,,,,,,,,Sachet Kraft 100g,,6/,6,À CONFIRMER,À CONFIRMER,À CONFIRMER,À CONFIRMER,À CONFIRMER,À CONFIRMER,À CONFIRMER,À CONFIRMER,NON_DEDUIT_DU_CONDITIONNEMENT,OUI_DEDUIT_DU_CONDITIONNEMENT,À CONFIRMER,À CONFIRMER,À CONFIRMER,À CONFIRMER,À CONFIRMER,À CONFIRMER,À CONFIRMER,À CONFIRMER,À CONFIRMER,SIGNATURE,3,palier de prix d'achat (5.78 € HT) → 3,PROPOSITION AUTOMATIQUE – À VALIDER EN BACK-OFFICE,À CONFIRMER,À CONFIRMER,NON,À CONFIRMER,FAIBLE_COUT_LOGISTIQUE,À CONFIRMER,À CONFIRMER,À CONFIRMER,À CONFIRMER,À CONFIRMER,À CONFIRMER,SUR_COMMANDE (document = tarif et bon de commande 2026),PRODUIT,,,,35,Tarif et bon de commande 2026 – onglet « TARIF NORMAND DIRECT 2026 »,ligne 264
PROD-0256,À CONFIRMER,Rooibos Agrumes Tonic,Rooibos Agrumes Tonic,À CONFIRMER,BOISSON_SANS_ALCOOL,THE_ET_INFUSION,règle 29,TATASSE,FOUR-0017,TATASSE,TATASSE Sachet Kraft 100g,FOUR-0001,NORMAND DIRECT TERROIR,Commande directe auprès de Normand Direct Terroir,À CONFIRMER,À CONFIRMER,À CONFIRMER,À CONFIRMER,À CONFIRMER,,AUCUNE_INFORMATION_DANS_LES_DOCUMENTS,À CONFIRMER,À CONFIRMER,100.0,,100g,,NON,,12 MOIS,,5.78,5.78,unité,PU HT,0.055,6.0979,,,,,,,,,,Sachet Kraft 100g,,6/,6,À CONFIRMER,À CONFIRMER,À CONFIRMER,À CONFIRMER,À CONFIRMER,À CONFIRMER,À CONFIRMER,À CONFIRMER,NON_DEDUIT_DU_CONDITIONNEMENT,OUI_DEDUIT_DU_CONDITIONNEMENT,À CONFIRMER,À CONFIRMER,À CONFIRMER,À CONFIRMER,À CONFIRMER,À CONFIRMER,À CONFIRMER,À CONFIRMER,À CONFIRMER,SIGNATURE,3,palier de prix d'achat (5.78 € HT) → 3,PROPOSITION AUTOMATIQUE – À VALIDER EN BACK-OFFICE,À CONFIRMER,À CONFIRMER,NON,À CONFIRMER,FAIBLE_COUT_LOGISTIQUE,À CONFIRMER,À CONFIRMER,À CONFIRMER,À CONFIRMER,À CONFIRMER,À CONFIRMER,SUR_COMMANDE (document = tarif et bon de commande 2026),PRODUIT,,,,35,Tarif et bon de commande 2026 – onglet « TARIF NORMAND DIRECT 2026 »,ligne 265
PROD-0257,À CONFIRMER,NORMAND Cambremer Pays D'Auge,NORMAND Cambremer Pays D'Auge,À CONFIRMER,BOISSON_SANS_ALCOOL,THE_ET_INFUSION,repli documenté : TATASSE Sachet Kraft 100g,TATASSE,FOUR-0017,TATASSE,TATASSE Sachet Kraft 100g,FOUR-0001,NORMAND DIRECT TERROIR,Commande directe auprès de Normand Direct Terroir,À CONFIRMER,À CONFIRMER,À CONFIRMER,À CONFIRMER,À CONFIRMER,,INDICE_DANS_LE_NOM_DU_PRODUIT_SEULEMENT,NORMANDIE_INDIQUEE_DANS_LE_NOM_A_VERIFIER,À CONFIRMER,100.0,,100g,,NON,,12 MOIS,,5.78,5.78,unité,PU HT,0.055,6.0979,,,,,,,,,,Sachet Kraft 100g,,6/,6,À CONFIRMER,À CONFIRMER,À CONFIRMER,À CONFIRMER,À CONFIRMER,À CONFIRMER,À CONFIRMER,À CONFIRMER,NON_DEDUIT_DU_CONDITIONNEMENT,OUI_DEDUIT_DU_CONDITIONNEMENT,À CONFIRMER,À CONFIRMER,À CONFIRMER,À CONFIRMER,À CONFIRMER,À CONFIRMER,À CONFIRMER,À CONFIRMER,À CONFIRMER,SIGNATURE,3,palier de prix d'achat (5.78 € HT) → 3,PROPOSITION AUTOMATIQUE – À VALIDER EN BACK-OFFICE,À CONFIRMER,À CONFIRMER,NON,À CONFIRMER,FAIBLE_COUT_LOGISTIQUE,À CONFIRMER,À CONFIRMER,À CONFIRMER,À CONFIRMER,À CONFIRMER,À CONFIRMER,SUR_COMMANDE (document = tarif et bon de commande 2026),PRODUIT,,,,34,Tarif et bon de commande 2026 – onglet « TARIF NORMAND DIRECT 2026 »,ligne 266
PROD-0258,À CONFIRMER,NORMAND Rouen Gros Horloge,NORMAND Rouen Gros Horloge,À CONFIRMER,BOISSON_SANS_ALCOOL,THE_ET_INFUSION,repli documenté : TATASSE Sachet Kraft 100g,TATASSE,FOUR-0017,TATASSE,TATASSE Sachet Kraft 100g,FOUR-0001,NORMAND DIRECT TERROIR,Commande directe auprès de Normand Direct Terroir,À CONFIRMER,À CONFIRMER,À CONFIRMER,À CONFIRMER,À CONFIRMER,,INDICE_DANS_LE_NOM_DU_PRODUIT_SEULEMENT,NORMANDIE_INDIQUEE_DANS_LE_NOM_A_VERIFIER,À CONFIRMER,100.0,,100g,,NON,,12 MOIS,,5.78,5.78,unité,PU HT,0.055,6.0979,,,,,,,,,,Sachet Kraft 100g,,6/,6,À CONFIRMER,À CONFIRMER,À CONFIRMER,À CONFIRMER,À CONFIRMER,À CONFIRMER,À CONFIRMER,À CONFIRMER,NON_DEDUIT_DU_CONDITIONNEMENT,OUI_DEDUIT_DU_CONDITIONNEMENT,À CONFIRMER,À CONFIRMER,À CONFIRMER,À CONFIRMER,À CONFIRMER,À CONFIRMER,À CONFIRMER,À CONFIRMER,À CONFIRMER,SIGNATURE,3,palier de prix d'achat (5.78 € HT) → 3,PROPOSITION AUTOMATIQUE – À VALIDER EN BACK-OFFICE,À CONFIRMER,À CONFIRMER,NON,À CONFIRMER,FAIBLE_COUT_LOGISTIQUE,À CONFIRMER,À CONFIRMER,À CONFIRMER,À CONFIRMER,À CONFIRMER,À CONFIRMER,SUR_COMMANDE (document = tarif et bon de commande 2026),PRODUIT,,,,34,Tarif et bon de commande 2026 – onglet « TARIF NORMAND DIRECT 2026 »,ligne 267
PROD-0259,À CONFIRMER,NORMAND Bayeux et son Bessin,NORMAND Bayeux et son Bessin,À CONFIRMER,BOISSON_SANS_ALCOOL,THE_ET_INFUSION,repli documenté : TATASSE Sachet Kraft 100g,TATASSE,FOUR-0017,TATASSE,TATASSE Sachet Kraft 100g,FOUR-0001,NORMAND DIRECT TERROIR,Commande directe auprès de Normand Direct Terroir,À CONFIRMER,À CONFIRMER,À CONFIRMER,À CONFIRMER,À CONFIRMER,,INDICE_DANS_LE_NOM_DU_PRODUIT_SEULEMENT,NORMANDIE_INDIQUEE_DANS_LE_NOM_A_VERIFIER,À CONFIRMER,100.0,,100g,,NON,,12 MOIS,,5.78,5.78,unité,PU HT,0.055,6.0979,,,,,,,,,,Sachet Kraft 100g,,6/,6,À CONFIRMER,À CONFIRMER,À CONFIRMER,À CONFIRMER,À CONFIRMER,À CONFIRMER,À CONFIRMER,À CONFIRMER,NON_DEDUIT_DU_CONDITIONNEMENT,OUI_DEDUIT_DU_CONDITIONNEMENT,À CONFIRMER,À CONFIRMER,À CONFIRMER,À CONFIRMER,À CONFIRMER,À CONFIRMER,À CONFIRMER,À CONFIRMER,À CONFIRMER,SIGNATURE,3,palier de prix d'achat (5.78 € HT) → 3,PROPOSITION AUTOMATIQUE – À VALIDER EN BACK-OFFICE,À CONFIRMER,À CONFIRMER,NON,À CONFIRMER,FAIBLE_COUT_LOGISTIQUE,À CONFIRMER,À CONFIRMER,À CONFIRMER,À CONFIRMER,À CONFIRMER,À CONFIRMER,SUR_COMMANDE (document = tarif et bon de commande 2026),PRODUIT,,,,34,Tarif et bon de commande 2026 – onglet « TARIF NORMAND DIRECT 2026 »,ligne 268
PROD-0260,À CONFIRMER,NORMAND Caen Ville historique,NORMAND Caen Ville historique,À CONFIRMER,BOISSON_SANS_ALCOOL,THE_ET_INFUSION,repli documenté : TATASSE Sachet Kraft 100g,TATASSE,FOUR-0017,TATASSE,TATASSE Sachet Kraft 100g,FOUR-0001,NORMAND DIRECT TERROIR,Commande directe auprès de Normand Direct Terroir,À CONFIRMER,À CONFIRMER,À CONFIRMER,À CONFIRMER,À CONFIRMER,,INDICE_DANS_LE_NOM_DU_PRODUIT_SEULEMENT,NORMANDIE_INDIQUEE_DANS_LE_NOM_A_VERIFIER,À CONFIRMER,100.0,,100g,,NON,,12 MOIS,,5.78,5.78,unité,PU HT,0.055,6.0979,,,,,,,,,,Sachet Kraft 100g,,6/,6,À CONFIRMER,À CONFIRMER,À CONFIRMER,À CONFIRMER,À CONFIRMER,À CONFIRMER,À CONFIRMER,À CONFIRMER,NON_DEDUIT_DU_CONDITIONNEMENT,OUI_DEDUIT_DU_CONDITIONNEMENT,À CONFIRMER,À CONFIRMER,À CONFIRMER,À CONFIRMER,À CONFIRMER,À CONFIRMER,À CONFIRMER,À CONFIRMER,À CONFIRMER,SIGNATURE,3,palier de prix d'achat (5.78 € HT) → 3,PROPOSITION AUTOMATIQUE – À VALIDER EN BACK-OFFICE,À CONFIRMER,À CONFIRMER,NON,À CONFIRMER,FAIBLE_COUT_LOGISTIQUE,À CONFIRMER,À CONFIRMER,À CONFIRMER,À CONFIRMER,À CONFIRMER,À CONFIRMER,SUR_COMMANDE (document = tarif et bon de commande 2026),PRODUIT,,,,34,Tarif et bon de commande 2026 – onglet « TARIF NORMAND DIRECT 2026 »,ligne 269
PROD-0261,À CONFIRMER,NORMAND Bagnoles de l'Orne,NORMAND Bagnoles de l'Orne,À CONFIRMER,BOISSON_SANS_ALCOOL,THE_ET_INFUSION,repli documenté : TATASSE Sachet Kraft 100g,TATASSE,FOUR-0017,TATASSE,TATASSE Sachet Kraft 100g,FOUR-0001,NORMAND DIRECT TERROIR,Commande directe auprès de Normand Direct Terroir,À CONFIRMER,À CONFIRMER,À CONFIRMER,À CONFIRMER,À CONFIRMER,,INDICE_DANS_LE_NOM_DU_PRODUIT_SEULEMENT,NORMANDIE_INDIQUEE_DANS_LE_NOM_A_VERIFIER,À CONFIRMER,100.0,,100g,,NON,,12 MOIS,,5.78,5.78,unité,PU HT,0.055,6.0979,,,,,,,,,,Sachet Kraft 100g,,6/,6,À CONFIRMER,À CONFIRMER,À CONFIRMER,À CONFIRMER,À CONFIRMER,À CONFIRMER,À CONFIRMER,À CONFIRMER,NON_DEDUIT_DU_CONDITIONNEMENT,OUI_DEDUIT_DU_CONDITIONNEMENT,À CONFIRMER,À CONFIRMER,À CONFIRMER,À CONFIRMER,À CONFIRMER,À CONFIRMER,À CONFIRMER,À CONFIRMER,À CONFIRMER,SIGNATURE,3,palier de prix d'achat (5.78 € HT) → 3,PROPOSITION AUTOMATIQUE – À VALIDER EN BACK-OFFICE,À CONFIRMER,À CONFIRMER,NON,À CONFIRMER,FAIBLE_COUT_LOGISTIQUE,À CONFIRMER,À CONFIRMER,À CONFIRMER,À CONFIRMER,À CONFIRMER,À CONFIRMER,SUR_COMMANDE (document = tarif et bon de commande 2026),PRODUIT,,,,34,Tarif et bon de commande 2026 – onglet « TARIF NORMAND DIRECT 2026 »,ligne 270
PROD-0262,À CONFIRMER,NORMAND Mont Saint Michel,NORMAND Mont Saint Michel,À CONFIRMER,BOISSON_SANS_ALCOOL,THE_ET_INFUSION,repli documenté : TATASSE Sachet Kraft 100g,TATASSE,FOUR-0017,TATASSE,TATASSE Sachet Kraft 100g,FOUR-0001,NORMAND DIRECT TERROIR,Commande directe auprès de Normand Direct Terroir,À CONFIRMER,À CONFIRMER,À CONFIRMER,À CONFIRMER,À CONFIRMER,,INDICE_DANS_LE_NOM_DU_PRODUIT_SEULEMENT,NORMANDIE_INDIQUEE_DANS_LE_NOM_A_VERIFIER,À CONFIRMER,100.0,,100g,,NON,,12 MOIS,,5.78,5.78,unité,PU HT,0.055,6.0979,,,,,,,,,,Sachet Kraft 100g,,6/,6,À CONFIRMER,À CONFIRMER,À CONFIRMER,À CONFIRMER,À CONFIRMER,À CONFIRMER,À CONFIRMER,À CONFIRMER,NON_DEDUIT_DU_CONDITIONNEMENT,OUI_DEDUIT_DU_CONDITIONNEMENT,À CONFIRMER,À CONFIRMER,À CONFIRMER,À CONFIRMER,À CONFIRMER,À CONFIRMER,À CONFIRMER,À CONFIRMER,À CONFIRMER,SIGNATURE,3,palier de prix d'achat (5.78 € HT) → 3,PROPOSITION AUTOMATIQUE – À VALIDER EN BACK-OFFICE,À CONFIRMER,À CONFIRMER,NON,À CONFIRMER,FAIBLE_COUT_LOGISTIQUE,À CONFIRMER,À CONFIRMER,À CONFIRMER,À CONFIRMER,À CONFIRMER,À CONFIRMER,SUR_COMMANDE (document = tarif et bon de commande 2026),PRODUIT,,,,34,Tarif et bon de commande 2026 – onglet « TARIF NORMAND DIRECT 2026 »,ligne 271
PROD-0263,À CONFIRMER,D-Day Plage du debarquement,D-Day Plage du debarquement,À CONFIRMER,BOISSON_SANS_ALCOOL,THE_ET_INFUSION,repli documenté : TATASSE Sachet Kraft 100g,TATASSE,FOUR-0017,TATASSE,TATASSE Sachet Kraft 100g,FOUR-0001,NORMAND DIRECT TERROIR,Commande directe auprès de Normand Direct Terroir,À CONFIRMER,À CONFIRMER,À CONFIRMER,À CONFIRMER,À CONFIRMER,,AUCUNE_INFORMATION_DANS_LES_DOCUMENTS,À CONFIRMER,À CONFIRMER,100.0,,100g,,NON,,12 MOIS,,5.78,5.78,unité,PU HT,0.055,6.0979,,,,,,,,,,Sachet Kraft 100g,,6/,6,À CONFIRMER,À CONFIRMER,À CONFIRMER,À CONFIRMER,À CONFIRMER,À CONFIRMER,À CONFIRMER,À CONFIRMER,NON_DEDUIT_DU_CONDITIONNEMENT,OUI_DEDUIT_DU_CONDITIONNEMENT,À CONFIRMER,À CONFIRMER,À CONFIRMER,À CONFIRMER,À CONFIRMER,À CONFIRMER,À CONFIRMER,À CONFIRMER,À CONFIRMER,SIGNATURE,3,palier de prix d'achat (5.78 € HT) → 3,PROPOSITION AUTOMATIQUE – À VALIDER EN BACK-OFFICE,À CONFIRMER,À CONFIRMER,NON,À CONFIRMER,FAIBLE_COUT_LOGISTIQUE,À CONFIRMER,À CONFIRMER,À CONFIRMER,À CONFIRMER,À CONFIRMER,À CONFIRMER,SUR_COMMANDE (document = tarif et bon de commande 2026),PRODUIT,,,,35,Tarif et bon de commande 2026 – onglet « TARIF NORMAND DIRECT 2026 »,ligne 272
PROD-0264,À CONFIRMER,D-Day Normandie D-DAY,D-Day Normandie D-DAY,À CONFIRMER,BOISSON_SANS_ALCOOL,THE_ET_INFUSION,repli documenté : TATASSE Sachet Kraft 100g,TATASSE,FOUR-0017,TATASSE,TATASSE Sachet Kraft 100g,FOUR-0001,NORMAND DIRECT TERROIR,Commande directe auprès de Normand Direct Terroir,À CONFIRMER,À CONFIRMER,À CONFIRMER,À CONFIRMER,À CONFIRMER,,INDICE_DANS_LE_NOM_DU_PRODUIT_SEULEMENT,NORMANDIE_INDIQUEE_DANS_LE_NOM_A_VERIFIER,À CONFIRMER,100.0,,100g,,NON,,12 MOIS,,5.78,5.78,unité,PU HT,0.055,6.0979,,,,,,,,,,Sachet Kraft 100g,,6/,6,À CONFIRMER,À CONFIRMER,À CONFIRMER,À CONFIRMER,À CONFIRMER,À CONFIRMER,À CONFIRMER,À CONFIRMER,NON_DEDUIT_DU_CONDITIONNEMENT,OUI_DEDUIT_DU_CONDITIONNEMENT,À CONFIRMER,À CONFIRMER,À CONFIRMER,À CONFIRMER,À CONFIRMER,À CONFIRMER,À CONFIRMER,À CONFIRMER,À CONFIRMER,SIGNATURE,3,palier de prix d'achat (5.78 € HT) → 3,PROPOSITION AUTOMATIQUE – À VALIDER EN BACK-OFFICE,À CONFIRMER,À CONFIRMER,NON,À CONFIRMER,FAIBLE_COUT_LOGISTIQUE,À CONFIRMER,À CONFIRMER,À CONFIRMER,À CONFIRMER,À CONFIRMER,À CONFIRMER,SUR_COMMANDE (document = tarif et bon de commande 2026),PRODUIT,,,,34,Tarif et bon de commande 2026 – onglet « TARIF NORMAND DIRECT 2026 »,ligne 273
PROD-0265,À CONFIRMER,D-Day Operation Overlord,D-Day Operation Overlord,À CONFIRMER,BOISSON_SANS_ALCOOL,THE_ET_INFUSION,repli documenté : TATASSE Sachet Kraft 100g,TATASSE,FOUR-0017,TATASSE,TATASSE Sachet Kraft 100g,FOUR-0001,NORMAND DIRECT TERROIR,Commande directe auprès de Normand Direct Terroir,À CONFIRMER,À CONFIRMER,À CONFIRMER,À CONFIRMER,À CONFIRMER,,AUCUNE_INFORMATION_DANS_LES_DOCUMENTS,À CONFIRMER,À CONFIRMER,100.0,,100g,,NON,,12 MOIS,,5.78,5.78,unité,PU HT,0.055,6.0979,,,,,,,,,,Sachet Kraft 100g,,6/,6,À CONFIRMER,À CONFIRMER,À CONFIRMER,À CONFIRMER,À CONFIRMER,À CONFIRMER,À CONFIRMER,À CONFIRMER,NON_DEDUIT_DU_CONDITIONNEMENT,OUI_DEDUIT_DU_CONDITIONNEMENT,À CONFIRMER,À CONFIRMER,À CONFIRMER,À CONFIRMER,À CONFIRMER,À CONFIRMER,À CONFIRMER,À CONFIRMER,À CONFIRMER,SIGNATURE,3,palier de prix d'achat (5.78 € HT) → 3,PROPOSITION AUTOMATIQUE – À VALIDER EN BACK-OFFICE,À CONFIRMER,À CONFIRMER,NON,À CONFIRMER,FAIBLE_COUT_LOGISTIQUE,À CONFIRMER,À CONFIRMER,À CONFIRMER,À CONFIRMER,À CONFIRMER,À CONFIRMER,SUR_COMMANDE (document = tarif et bon de commande 2026),PRODUIT,,,,35,Tarif et bon de commande 2026 – onglet « TARIF NORMAND DIRECT 2026 »,ligne 274
PROD-0266,À CONFIRMER,D-Day Parachutes,D-Day Parachutes,À CONFIRMER,BOISSON_SANS_ALCOOL,THE_ET_INFUSION,repli documenté : TATASSE Sachet Kraft 100g,TATASSE,FOUR-0017,TATASSE,TATASSE Sachet Kraft 100g,FOUR-0001,NORMAND DIRECT TERROIR,Commande directe auprès de Normand Direct Terroir,À CONFIRMER,À CONFIRMER,À CONFIRMER,À CONFIRMER,À CONFIRMER,,AUCUNE_INFORMATION_DANS_LES_DOCUMENTS,À CONFIRMER,À CONFIRMER,100.0,,100g,,NON,,12 MOIS,,5.78,5.78,unité,PU HT,0.055,6.0979,,,,,,,,,,Sachet Kraft 100g,,6/,6,À CONFIRMER,À CONFIRMER,À CONFIRMER,À CONFIRMER,À CONFIRMER,À CONFIRMER,À CONFIRMER,À CONFIRMER,NON_DEDUIT_DU_CONDITIONNEMENT,OUI_DEDUIT_DU_CONDITIONNEMENT,À CONFIRMER,À CONFIRMER,À CONFIRMER,À CONFIRMER,À CONFIRMER,À CONFIRMER,À CONFIRMER,À CONFIRMER,À CONFIRMER,SIGNATURE,3,palier de prix d'achat (5.78 € HT) → 3,PROPOSITION AUTOMATIQUE – À VALIDER EN BACK-OFFICE,À CONFIRMER,À CONFIRMER,NON,À CONFIRMER,FAIBLE_COUT_LOGISTIQUE,À CONFIRMER,À CONFIRMER,À CONFIRMER,À CONFIRMER,À CONFIRMER,À CONFIRMER,SUR_COMMANDE (document = tarif et bon de commande 2026),PRODUIT,,,,35,Tarif et bon de commande 2026 – onglet « TARIF NORMAND DIRECT 2026 »,ligne 275
PROD-0267,À CONFIRMER,D-Day Les Alliés,D-Day Les Alliés,À CONFIRMER,BOISSON_SANS_ALCOOL,THE_ET_INFUSION,repli documenté : TATASSE Sachet Kraft 100g,TATASSE,FOUR-0017,TATASSE,TATASSE Sachet Kraft 100g,FOUR-0001,NORMAND DIRECT TERROIR,Commande directe auprès de Normand Direct Terroir,À CONFIRMER,À CONFIRMER,À CONFIRMER,À CONFIRMER,À CONFIRMER,,AUCUNE_INFORMATION_DANS_LES_DOCUMENTS,À CONFIRMER,À CONFIRMER,100.0,,100g,,NON,,12 MOIS,,5.78,5.78,unité,PU HT,0.055,6.0979,,,,,,,,,,Sachet Kraft 100g,,6/,6,À CONFIRMER,À CONFIRMER,À CONFIRMER,À CONFIRMER,À CONFIRMER,À CONFIRMER,À CONFIRMER,À CONFIRMER,NON_DEDUIT_DU_CONDITIONNEMENT,OUI_DEDUIT_DU_CONDITIONNEMENT,À CONFIRMER,À CONFIRMER,À CONFIRMER,À CONFIRMER,À CONFIRMER,À CONFIRMER,À CONFIRMER,À CONFIRMER,À CONFIRMER,SIGNATURE,3,palier de prix d'achat (5.78 € HT) → 3,PROPOSITION AUTOMATIQUE – À VALIDER EN BACK-OFFICE,À CONFIRMER,À CONFIRMER,NON,À CONFIRMER,FAIBLE_COUT_LOGISTIQUE,À CONFIRMER,À CONFIRMER,À CONFIRMER,À CONFIRMER,À CONFIRMER,À CONFIRMER,SUR_COMMANDE (document = tarif et bon de commande 2026),PRODUIT,,,,35,Tarif et bon de commande 2026 – onglet « TARIF NORMAND DIRECT 2026 »,ligne 276
PROD-0268,À CONFIRMER,D-Day God Save The Queen,D-Day God Save The Queen,À CONFIRMER,BOISSON_SANS_ALCOOL,THE_ET_INFUSION,règle 29,TATASSE,FOUR-0017,TATASSE,TATASSE Sachet Kraft 100g,FOUR-0001,NORMAND DIRECT TERROIR,Commande directe auprès de Normand Direct Terroir,À CONFIRMER,À CONFIRMER,À CONFIRMER,À CONFIRMER,À CONFIRMER,,AUCUNE_INFORMATION_DANS_LES_DOCUMENTS,À CONFIRMER,À CONFIRMER,100.0,,100g,,NON,,12 MOIS,,5.78,5.78,unité,PU HT,0.055,6.0979,,,,,,,,,,Sachet Kraft 100g,,6/,6,À CONFIRMER,À CONFIRMER,À CONFIRMER,À CONFIRMER,À CONFIRMER,À CONFIRMER,À CONFIRMER,À CONFIRMER,NON_DEDUIT_DU_CONDITIONNEMENT,OUI_DEDUIT_DU_CONDITIONNEMENT,À CONFIRMER,À CONFIRMER,À CONFIRMER,À CONFIRMER,À CONFIRMER,À CONFIRMER,À CONFIRMER,À CONFIRMER,À CONFIRMER,SIGNATURE,3,palier de prix d'achat (5.78 € HT) → 3,PROPOSITION AUTOMATIQUE – À VALIDER EN BACK-OFFICE,À CONFIRMER,À CONFIRMER,NON,À CONFIRMER,FAIBLE_COUT_LOGISTIQUE,À CONFIRMER,À CONFIRMER,À CONFIRMER,À CONFIRMER,À CONFIRMER,À CONFIRMER,SUR_COMMANDE (document = tarif et bon de commande 2026),PRODUIT,,,,35,Tarif et bon de commande 2026 – onglet « TARIF NORMAND DIRECT 2026 »,ligne 277
PROD-0269,À CONFIRMER,MOUTARDE 100g Pomme Calvados,MOUTARDE 100g Pomme Calvados,À CONFIRMER,EPICERIE_SALEE,CONDIMENT,règle 19,BALADES NORMANDES,FOUR-0018,BALADES NORMANDES,BALADES NORMANDES,FOUR-0001,NORMAND DIRECT TERROIR,Commande directe auprès de Normand Direct Terroir,À CONFIRMER,À CONFIRMER,À CONFIRMER,À CONFIRMER,À CONFIRMER,,AUCUNE_INFORMATION_DANS_LES_DOCUMENTS,À CONFIRMER,À CONFIRMER,100.0,,100g,À CONFIRMER,INGREDIENT_ALCOOLISE,Alcool cité comme ingrédient dans le libellé,18 MOIS,,4.25,4.25,unité,PU HT,0.055,4.4837,,,,,,,,,,À CONFIRMER,,6/,6,À CONFIRMER,À CONFIRMER,À CONFIRMER,À CONFIRMER,À CONFIRMER,À CONFIRMER,À CONFIRMER,À CONFIRMER,À CONFIRMER,NON,À CONFIRMER,À CONFIRMER,À CONFIRMER,À CONFIRMER,À CONFIRMER,À CONFIRMER,À CONFIRMER,À CONFIRMER,À CONFIRMER,ESSENTIEL,2,palier de prix d'achat (4.25 € HT) → 2,PROPOSITION AUTOMATIQUE – À VALIDER EN BACK-OFFICE,À CONFIRMER,À CONFIRMER,NON,À CONFIRMER,FAIBLE_COUT_LOGISTIQUE,À CONFIRMER,À CONFIRMER,À CONFIRMER,À CONFIRMER,À CONFIRMER,À CONFIRMER,SUR_COMMANDE (document = tarif et bon de commande 2026),PRODUIT,,,,38,Tarif et bon de commande 2026 – onglet « TARIF NORMAND DIRECT 2026 »,ligne 278
PROD-0270,À CONFIRMER,MOUTARDE 100g Camembert,MOUTARDE 100g Camembert,À CONFIRMER,EPICERIE_SALEE,CONDIMENT,règle 19,BALADES NORMANDES,FOUR-0018,BALADES NORMANDES,BALADES NORMANDES,FOUR-0001,NORMAND DIRECT TERROIR,Commande directe auprès de Normand Direct Terroir,À CONFIRMER,À CONFIRMER,À CONFIRMER,À CONFIRMER,À CONFIRMER,,AUCUNE_INFORMATION_DANS_LES_DOCUMENTS,À CONFIRMER,À CONFIRMER,100.0,,100g,,NON,,18 MOIS,,4.25,4.25,unité,PU HT,0.055,4.4837,,,,,,,,,,À CONFIRMER,,6/,6,À CONFIRMER,À CONFIRMER,À CONFIRMER,À CONFIRMER,À CONFIRMER,À CONFIRMER,À CONFIRMER,À CONFIRMER,À CONFIRMER,NON,À CONFIRMER,À CONFIRMER,À CONFIRMER,À CONFIRMER,À CONFIRMER,À CONFIRMER,À CONFIRMER,À CONFIRMER,À CONFIRMER,ESSENTIEL,2,palier de prix d'achat (4.25 € HT) → 2,PROPOSITION AUTOMATIQUE – À VALIDER EN BACK-OFFICE,À CONFIRMER,À CONFIRMER,NON,À CONFIRMER,FAIBLE_COUT_LOGISTIQUE,À CONFIRMER,À CONFIRMER,À CONFIRMER,À CONFIRMER,À CONFIRMER,À CONFIRMER,SUR_COMMANDE (document = tarif et bon de commande 2026),PRODUIT,,,,37,Tarif et bon de commande 2026 – onglet « TARIF NORMAND DIRECT 2026 »,ligne 279
PROD-0271,À CONFIRMER,MOUTARDE 100g à l'ancienne au Cidre,MOUTARDE 100g à l'ancienne au Cidre,À CONFIRMER,EPICERIE_SALEE,CONDIMENT,règle 19,BALADES NORMANDES,FOUR-0018,BALADES NORMANDES,BALADES NORMANDES,FOUR-0001,NORMAND DIRECT TERROIR,Commande directe auprès de Normand Direct Terroir,À CONFIRMER,À CONFIRMER,À CONFIRMER,À CONFIRMER,À CONFIRMER,,AUCUNE_INFORMATION_DANS_LES_DOCUMENTS,À CONFIRMER,À CONFIRMER,100.0,,100g,À CONFIRMER,INGREDIENT_ALCOOLISE,Alcool cité comme ingrédient dans le libellé,18 MOIS,,4.25,4.25,unité,PU HT,0.055,4.4837,,,,,,,,,,À CONFIRMER,,6/,6,À CONFIRMER,À CONFIRMER,À CONFIRMER,À CONFIRMER,À CONFIRMER,À CONFIRMER,À CONFIRMER,À CONFIRMER,À CONFIRMER,NON,À CONFIRMER,À CONFIRMER,À CONFIRMER,À CONFIRMER,À CONFIRMER,À CONFIRMER,À CONFIRMER,À CONFIRMER,À CONFIRMER,ESSENTIEL,2,palier de prix d'achat (4.25 € HT) → 2,PROPOSITION AUTOMATIQUE – À VALIDER EN BACK-OFFICE,À CONFIRMER,À CONFIRMER,NON,À CONFIRMER,FAIBLE_COUT_LOGISTIQUE,À CONFIRMER,À CONFIRMER,À CONFIRMER,À CONFIRMER,À CONFIRMER,À CONFIRMER,SUR_COMMANDE (document = tarif et bon de commande 2026),PRODUIT,,,,38,Tarif et bon de commande 2026 – onglet « TARIF NORMAND DIRECT 2026 »,ligne 280
PROD-0272,À CONFIRMER,MOUTARDE 100g à l'ail Noir,MOUTARDE 100g à l'ail Noir,À CONFIRMER,EPICERIE_SALEE,CONDIMENT,règle 19,BALADES NORMANDES,FOUR-0018,BALADES NORMANDES,BALADES NORMANDES,FOUR-0001,NORMAND DIRECT TERROIR,Commande directe auprès de Normand Direct Terroir,À CONFIRMER,À CONFIRMER,À CONFIRMER,À CONFIRMER,À CONFIRMER,,AUCUNE_INFORMATION_DANS_LES_DOCUMENTS,À CONFIRMER,À CONFIRMER,100.0,,100g,,NON,,18 MOIS,,4.25,4.25,unité,PU HT,0.055,4.4837,,,,,,,,,,À CONFIRMER,,6/,6,À CONFIRMER,À CONFIRMER,À CONFIRMER,À CONFIRMER,À CONFIRMER,À CONFIRMER,À CONFIRMER,À CONFIRMER,À CONFIRMER,NON,À CONFIRMER,À CONFIRMER,À CONFIRMER,À CONFIRMER,À CONFIRMER,À CONFIRMER,À CONFIRMER,À CONFIRMER,À CONFIRMER,ESSENTIEL,2,palier de prix d'achat (4.25 € HT) → 2,PROPOSITION AUTOMATIQUE – À VALIDER EN BACK-OFFICE,À CONFIRMER,À CONFIRMER,NON,À CONFIRMER,FAIBLE_COUT_LOGISTIQUE,À CONFIRMER,À CONFIRMER,À CONFIRMER,À CONFIRMER,À CONFIRMER,À CONFIRMER,SUR_COMMANDE (document = tarif et bon de commande 2026),PRODUIT,,,,37,Tarif et bon de commande 2026 – onglet « TARIF NORMAND DIRECT 2026 »,ligne 281
PROD-0273,À CONFIRMER,MOUTARDE 100g au Piment d'Espelette,MOUTARDE 100g au Piment d'Espelette,À CONFIRMER,EPICERIE_SALEE,CONDIMENT,règle 19,BALADES NORMANDES,FOUR-0018,BALADES NORMANDES,BALADES NORMANDES,FOUR-0001,NORMAND DIRECT TERROIR,Commande directe auprès de Normand Direct Terroir,À CONFIRMER,À CONFIRMER,À CONFIRMER,À CONFIRMER,À CONFIRMER,,AUCUNE_INFORMATION_DANS_LES_DOCUMENTS,À CONFIRMER,À CONFIRMER,100.0,,100g,,NON,,18 MOIS,,4.25,4.25,unité,PU HT,0.055,4.4837,,,,,,,,,,À CONFIRMER,,6/,6,À CONFIRMER,À CONFIRMER,À CONFIRMER,À CONFIRMER,À CONFIRMER,À CONFIRMER,À CONFIRMER,À CONFIRMER,À CONFIRMER,NON,À CONFIRMER,À CONFIRMER,À CONFIRMER,À CONFIRMER,À CONFIRMER,À CONFIRMER,À CONFIRMER,À CONFIRMER,À CONFIRMER,ESSENTIEL,2,palier de prix d'achat (4.25 € HT) → 2,PROPOSITION AUTOMATIQUE – À VALIDER EN BACK-OFFICE,À CONFIRMER,À CONFIRMER,NON,À CONFIRMER,FAIBLE_COUT_LOGISTIQUE,À CONFIRMER,À CONFIRMER,À CONFIRMER,À CONFIRMER,À CONFIRMER,À CONFIRMER,SUR_COMMANDE (document = tarif et bon de commande 2026),PRODUIT,,,,37,Tarif et bon de commande 2026 – onglet « TARIF NORMAND DIRECT 2026 »,ligne 282
PROD-0274,À CONFIRMER,MOUTARDE 100g Poivre Voantsy Perifery,MOUTARDE 100g Poivre Voantsy Perifery,À CONFIRMER,EPICERIE_SALEE,CONDIMENT,règle 19,BALADES NORMANDES,FOUR-0018,BALADES NORMANDES,BALADES NORMANDES,FOUR-0001,NORMAND DIRECT TERROIR,Commande directe auprès de Normand Direct Terroir,À CONFIRMER,À CONFIRMER,À CONFIRMER,À CONFIRMER,À CONFIRMER,,AUCUNE_INFORMATION_DANS_LES_DOCUMENTS,À CONFIRMER,À CONFIRMER,100.0,,100g,,NON,,18 MOIS,,4.25,4.25,unité,PU HT,0.055,4.4837,,,,,,,,,,À CONFIRMER,,6/,6,À CONFIRMER,À CONFIRMER,À CONFIRMER,À CONFIRMER,À CONFIRMER,À CONFIRMER,À CONFIRMER,À CONFIRMER,À CONFIRMER,NON,À CONFIRMER,À CONFIRMER,À CONFIRMER,À CONFIRMER,À CONFIRMER,À CONFIRMER,À CONFIRMER,À CONFIRMER,À CONFIRMER,ESSENTIEL,2,palier de prix d'achat (4.25 € HT) → 2,PROPOSITION AUTOMATIQUE – À VALIDER EN BACK-OFFICE,À CONFIRMER,À CONFIRMER,NON,À CONFIRMER,FAIBLE_COUT_LOGISTIQUE,À CONFIRMER,À CONFIRMER,À CONFIRMER,À CONFIRMER,À CONFIRMER,À CONFIRMER,SUR_COMMANDE (document = tarif et bon de commande 2026),PRODUIT,,,,37,Tarif et bon de commande 2026 – onglet « TARIF NORMAND DIRECT 2026 »,ligne 283
PROD-0275,À CONFIRMER,CONFITURE pomme caramel 180 gr Mont sr Michel,CONFITURE pomme caramel 180 gr Mont sr Michel,À CONFIRMER,EPICERIE_SUCREE,CONFITURE_ET_CONFIT,règle 18,BALADES NORMANDES,FOUR-0018,BALADES NORMANDES,BALADES NORMANDES,FOUR-0001,NORMAND DIRECT TERROIR,Commande directe auprès de Normand Direct Terroir,À CONFIRMER,À CONFIRMER,À CONFIRMER,À CONFIRMER,À CONFIRMER,,AUCUNE_INFORMATION_DANS_LES_DOCUMENTS,À CONFIRMER,À CONFIRMER,180.0,,180 gr,,NON,,24 MOIS,,3.7,3.7,unité,PU HT,0.055,3.9035,,,,,,,,,,À CONFIRMER,,6/,6,À CONFIRMER,À CONFIRMER,À CONFIRMER,À CONFIRMER,À CONFIRMER,À CONFIRMER,À CONFIRMER,À CONFIRMER,À CONFIRMER,NON,À CONFIRMER,À CONFIRMER,À CONFIRMER,À CONFIRMER,À CONFIRMER,À CONFIRMER,À CONFIRMER,À CONFIRMER,À CONFIRMER,ESSENTIEL,2,palier de prix d'achat (3.70 € HT) → 2,PROPOSITION AUTOMATIQUE – À VALIDER EN BACK-OFFICE,À CONFIRMER,À CONFIRMER,NON,À CONFIRMER,FAIBLE_COUT_LOGISTIQUE,À CONFIRMER,À CONFIRMER,À CONFIRMER,À CONFIRMER,À CONFIRMER,À CONFIRMER,SUR_COMMANDE (document = tarif et bon de commande 2026),PRODUIT,,,,37,Tarif et bon de commande 2026 – onglet « TARIF NORMAND DIRECT 2026 »,ligne 284
PROD-0276,À CONFIRMER,CONFITURE poire vanille 180 gr Plage,CONFITURE poire vanille 180 gr Plage,À CONFIRMER,EPICERIE_SUCREE,CONFITURE_ET_CONFIT,règle 18,BALADES NORMANDES,FOUR-0018,BALADES NORMANDES,BALADES NORMANDES,FOUR-0001,NORMAND DIRECT TERROIR,Commande directe auprès de Normand Direct Terroir,À CONFIRMER,À CONFIRMER,À CONFIRMER,À CONFIRMER,À CONFIRMER,,AUCUNE_INFORMATION_DANS_LES_DOCUMENTS,À CONFIRMER,À CONFIRMER,180.0,,180 gr,,NON,,24 MOIS,,3.7,3.7,unité,PU HT,0.055,3.9035,,,,,,,,,,À CONFIRMER,,6/,6,À CONFIRMER,À CONFIRMER,À CONFIRMER,À CONFIRMER,À CONFIRMER,À CONFIRMER,À CONFIRMER,À CONFIRMER,À CONFIRMER,NON,À CONFIRMER,À CONFIRMER,À CONFIRMER,À CONFIRMER,À CONFIRMER,À CONFIRMER,À CONFIRMER,À CONFIRMER,À CONFIRMER,ESSENTIEL,2,palier de prix d'achat (3.70 € HT) → 2,PROPOSITION AUTOMATIQUE – À VALIDER EN BACK-OFFICE,À CONFIRMER,À CONFIRMER,NON,À CONFIRMER,FAIBLE_COUT_LOGISTIQUE,À CONFIRMER,À CONFIRMER,À CONFIRMER,À CONFIRMER,À CONFIRMER,À CONFIRMER,SUR_COMMANDE (document = tarif et bon de commande 2026),PRODUIT,,,,37,Tarif et bon de commande 2026 – onglet « TARIF NORMAND DIRECT 2026 »,ligne 285
PROD-0277,À CONFIRMER,CONFITURE fruits rouges 180 gr Champs de course,CONFITURE fruits rouges 180 gr Champs de course,À CONFIRMER,EPICERIE_SUCREE,CONFITURE_ET_CONFIT,règle 18,BALADES NORMANDES,FOUR-0018,BALADES NORMANDES,BALADES NORMANDES,FOUR-0001,NORMAND DIRECT TERROIR,Commande directe auprès de Normand Direct Terroir,À CONFIRMER,À CONFIRMER,À CONFIRMER,À CONFIRMER,À CONFIRMER,,AUCUNE_INFORMATION_DANS_LES_DOCUMENTS,À CONFIRMER,À CONFIRMER,180.0,,180 gr,,NON,,24 MOIS,,3.7,3.7,unité,PU HT,0.055,3.9035,,,,,,,,,,À CONFIRMER,,6/,6,À CONFIRMER,À CONFIRMER,À CONFIRMER,À CONFIRMER,À CONFIRMER,À CONFIRMER,À CONFIRMER,À CONFIRMER,À CONFIRMER,NON,À CONFIRMER,À CONFIRMER,À CONFIRMER,À CONFIRMER,À CONFIRMER,À CONFIRMER,À CONFIRMER,À CONFIRMER,À CONFIRMER,ESSENTIEL,2,palier de prix d'achat (3.70 € HT) → 2,PROPOSITION AUTOMATIQUE – À VALIDER EN BACK-OFFICE,À CONFIRMER,À CONFIRMER,NON,À CONFIRMER,FAIBLE_COUT_LOGISTIQUE,À CONFIRMER,À CONFIRMER,À CONFIRMER,À CONFIRMER,À CONFIRMER,À CONFIRMER,SUR_COMMANDE (document = tarif et bon de commande 2026),PRODUIT,,,,37,Tarif et bon de commande 2026 – onglet « TARIF NORMAND DIRECT 2026 »,ligne 286
PROD-0278,À CONFIRMER,CARAMELS d'Isigny Fondant beurre salé 150 g Caen,CARAMELS d'Isigny Fondant beurre salé 150 g Caen,À CONFIRMER,CONFISERIE,CARAMEL,règle 28,BALADES NORMANDES,FOUR-0018,BALADES NORMANDES,BALADES NORMANDES Boîte bois ronde,FOUR-0001,NORMAND DIRECT TERROIR,Commande directe auprès de Normand Direct Terroir,À CONFIRMER,À CONFIRMER,À CONFIRMER,À CONFIRMER,À CONFIRMER,,INDICE_DANS_LE_NOM_DU_PRODUIT_SEULEMENT,NORMANDIE_INDIQUEE_DANS_LE_NOM_A_VERIFIER,À CONFIRMER,150.0,,150 g,,NON,,12 MOIS,,5.11,5.11,unité,PU HT,0.2,6.132,,,,,,,,,,Boîte bois ronde,,6/,6,À CONFIRMER,À CONFIRMER,À CONFIRMER,À CONFIRMER,À CONFIRMER,À CONFIRMER,À CONFIRMER,À CONFIRMER,NON_DEDUIT_DU_CONDITIONNEMENT,NON,À CONFIRMER,À CONFIRMER,À CONFIRMER,À CONFIRMER,À CONFIRMER,À CONFIRMER,À CONFIRMER,À CONFIRMER,À CONFIRMER,SIGNATURE,3,palier de prix d'achat (5.11 € HT) → 3,PROPOSITION AUTOMATIQUE – À VALIDER EN BACK-OFFICE,À CONFIRMER,À CONFIRMER,NON,À CONFIRMER,FAIBLE_COUT_LOGISTIQUE,À CONFIRMER,À CONFIRMER,À CONFIRMER,À CONFIRMER,À CONFIRMER,À CONFIRMER,SUR_COMMANDE (document = tarif et bon de commande 2026),PRODUIT,,,,34,Tarif et bon de commande 2026 – onglet « TARIF NORMAND DIRECT 2026 »,ligne 287
PROD-0279,À CONFIRMER,CARAMELS d'Isigny beurre salé 150 g Deauville,CARAMELS d'Isigny beurre salé 150 g Deauville,À CONFIRMER,CONFISERIE,CARAMEL,règle 28,BALADES NORMANDES,FOUR-0018,BALADES NORMANDES,BALADES NORMANDES Boîte bois ronde,FOUR-0001,NORMAND DIRECT TERROIR,Commande directe auprès de Normand Direct Terroir,À CONFIRMER,À CONFIRMER,À CONFIRMER,À CONFIRMER,À CONFIRMER,,INDICE_DANS_LE_NOM_DU_PRODUIT_SEULEMENT,NORMANDIE_INDIQUEE_DANS_LE_NOM_A_VERIFIER,À CONFIRMER,150.0,,150 g,,NON,,12 MOIS,,5.11,5.11,unité,PU HT,0.2,6.132,,,,,,,,,,Boîte bois ronde,,6/,6,À CONFIRMER,À CONFIRMER,À CONFIRMER,À CONFIRMER,À CONFIRMER,À CONFIRMER,À CONFIRMER,À CONFIRMER,NON_DEDUIT_DU_CONDITIONNEMENT,NON,À CONFIRMER,À CONFIRMER,À CONFIRMER,À CONFIRMER,À CONFIRMER,À CONFIRMER,À CONFIRMER,À CONFIRMER,À CONFIRMER,SIGNATURE,3,palier de prix d'achat (5.11 € HT) → 3,PROPOSITION AUTOMATIQUE – À VALIDER EN BACK-OFFICE,À CONFIRMER,À CONFIRMER,NON,À CONFIRMER,FAIBLE_COUT_LOGISTIQUE,À CONFIRMER,À CONFIRMER,À CONFIRMER,À CONFIRMER,À CONFIRMER,À CONFIRMER,SUR_COMMANDE (document = tarif et bon de commande 2026),PRODUIT,,,,34,Tarif et bon de commande 2026 – onglet « TARIF NORMAND DIRECT 2026 »,ligne 288
PROD-0280,À CONFIRMER,CARAMELS d'Isigny 150 g Assortiment Normand Vache,CARAMELS d'Isigny 150 g Assortiment Normand Vache,À CONFIRMER,CONFISERIE,CARAMEL,règle 28,BALADES NORMANDES,FOUR-0018,BALADES NORMANDES,BALADES NORMANDES Boîte bois ronde,FOUR-0001,NORMAND DIRECT TERROIR,Commande directe auprès de Normand Direct Terroir,À CONFIRMER,À CONFIRMER,À CONFIRMER,À CONFIRMER,À CONFIRMER,,INDICE_DANS_LE_NOM_DU_PRODUIT_SEULEMENT,NORMANDIE_INDIQUEE_DANS_LE_NOM_A_VERIFIER,À CONFIRMER,150.0,,150 g,,NON,,12 MOIS,,5.11,5.11,unité,PU HT,0.2,6.132,,,,,,,,,,Boîte bois ronde,,6/,6,À CONFIRMER,À CONFIRMER,À CONFIRMER,À CONFIRMER,À CONFIRMER,À CONFIRMER,À CONFIRMER,À CONFIRMER,NON_DEDUIT_DU_CONDITIONNEMENT,NON,À CONFIRMER,À CONFIRMER,À CONFIRMER,À CONFIRMER,À CONFIRMER,À CONFIRMER,À CONFIRMER,À CONFIRMER,À CONFIRMER,SIGNATURE,3,palier de prix d'achat (5.11 € HT) → 3,PROPOSITION AUTOMATIQUE – À VALIDER EN BACK-OFFICE,À CONFIRMER,À CONFIRMER,NON,À CONFIRMER,FAIBLE_COUT_LOGISTIQUE,À CONFIRMER,À CONFIRMER,À CONFIRMER,À CONFIRMER,À CONFIRMER,À CONFIRMER,SUR_COMMANDE (document = tarif et bon de commande 2026),PRODUIT,,,,34,Tarif et bon de commande 2026 – onglet « TARIF NORMAND DIRECT 2026 »,ligne 289
PROD-0281,À CONFIRMER,CARAMELS d'Isigny 200 g Assortiment Normand,CARAMELS d'Isigny 200 g Assortiment Normand,À CONFIRMER,CONFISERIE,CARAMEL,règle 28,BALADES NORMANDES,FOUR-0018,BALADES NORMANDES,BALADES NORMANDES Boîte 4 faces,FOUR-0001,NORMAND DIRECT TERROIR,Commande directe auprès de Normand Direct Terroir,À CONFIRMER,À CONFIRMER,À CONFIRMER,À CONFIRMER,À CONFIRMER,,INDICE_DANS_LE_NOM_DU_PRODUIT_SEULEMENT,NORMANDIE_INDIQUEE_DANS_LE_NOM_A_VERIFIER,À CONFIRMER,200.0,,200 g,,NON,,12 MOIS,,7.5,7.5,unité,PU HT,0.2,9.0,,,,,,,,,,Boîte 4 faces,,6/,6,À CONFIRMER,À CONFIRMER,À CONFIRMER,À CONFIRMER,À CONFIRMER,À CONFIRMER,À CONFIRMER,À CONFIRMER,À CONFIRMER,NON,À CONFIRMER,À CONFIRMER,À CONFIRMER,À CONFIRMER,À CONFIRMER,À CONFIRMER,À CONFIRMER,À CONFIRMER,À CONFIRMER,SIGNATURE,3,palier de prix d'achat (7.50 € HT) → 3,PROPOSITION AUTOMATIQUE – À VALIDER EN BACK-OFFICE,À CONFIRMER,À CONFIRMER,NON,À CONFIRMER,FAIBLE_COUT_LOGISTIQUE,À CONFIRMER,À CONFIRMER,À CONFIRMER,À CONFIRMER,À CONFIRMER,À CONFIRMER,SUR_COMMANDE (document = tarif et bon de commande 2026),PRODUIT,,,,35,Tarif et bon de commande 2026 – onglet « TARIF NORMAND DIRECT 2026 »,ligne 290
PROD-0282,À CONFIRMER,CARAMELS 1/2 sucrette 100g Ouistreham B-LEC,CARAMELS 1/2 sucrette 100g Ouistreham B-LEC,À CONFIRMER,CONFISERIE,CARAMEL,règle 28,BALADES NORMANDES,FOUR-0018,BALADES NORMANDES,BALADES NORMANDES Boîte fer,FOUR-0001,NORMAND DIRECT TERROIR,Commande directe auprès de Normand Direct Terroir,À CONFIRMER,À CONFIRMER,À CONFIRMER,À CONFIRMER,À CONFIRMER,,AUCUNE_INFORMATION_DANS_LES_DOCUMENTS,À CONFIRMER,À CONFIRMER,100.0,,100g,,NON,,6 MOIS,,4.64,4.64,unité,PU HT,0.2,5.568,,,,,,,,,,Boîte fer,,6/,6,À CONFIRMER,À CONFIRMER,À CONFIRMER,À CONFIRMER,À CONFIRMER,À CONFIRMER,À CONFIRMER,À CONFIRMER,NON_DEDUIT_DU_CONDITIONNEMENT,NON,À CONFIRMER,À CONFIRMER,À CONFIRMER,À CONFIRMER,À CONFIRMER,À CONFIRMER,À CONFIRMER,À CONFIRMER,À CONFIRMER,ESSENTIEL,2,palier de prix d'achat (4.64 € HT) → 2,PROPOSITION AUTOMATIQUE – À VALIDER EN BACK-OFFICE,À CONFIRMER,À CONFIRMER,NON,À CONFIRMER,FAIBLE_COUT_LOGISTIQUE,À CONFIRMER,À CONFIRMER,À CONFIRMER,À CONFIRMER,À CONFIRMER,À CONFIRMER,SUR_COMMANDE (document = tarif et bon de commande 2026),PRODUIT,,,,35,Tarif et bon de commande 2026 – onglet « TARIF NORMAND DIRECT 2026 »,ligne 291
PROD-0283,À CONFIRMER,CARAMELS 1/2 sucrette 100g Caen château B-LEC,CARAMELS 1/2 sucrette 100g Caen château B-LEC,À CONFIRMER,CONFISERIE,CARAMEL,règle 28,BALADES NORMANDES,FOUR-0018,BALADES NORMANDES,BALADES NORMANDES Boîte fer,FOUR-0001,NORMAND DIRECT TERROIR,Commande directe auprès de Normand Direct Terroir,À CONFIRMER,À CONFIRMER,À CONFIRMER,À CONFIRMER,À CONFIRMER,,AUCUNE_INFORMATION_DANS_LES_DOCUMENTS,À CONFIRMER,À CONFIRMER,100.0,,100g,,NON,,6 MOIS,,4.64,4.64,unité,PU HT,0.2,5.568,,,,,,,,,,Boîte fer,,6/,6,À CONFIRMER,À CONFIRMER,À CONFIRMER,À CONFIRMER,À CONFIRMER,À CONFIRMER,À CONFIRMER,À CONFIRMER,NON_DEDUIT_DU_CONDITIONNEMENT,NON,À CONFIRMER,À CONFIRMER,À CONFIRMER,À CONFIRMER,À CONFIRMER,À CONFIRMER,À CONFIRMER,À CONFIRMER,À CONFIRMER,ESSENTIEL,2,palier de prix d'achat (4.64 € HT) → 2,PROPOSITION AUTOMATIQUE – À VALIDER EN BACK-OFFICE,À CONFIRMER,À CONFIRMER,NON,À CONFIRMER,FAIBLE_COUT_LOGISTIQUE,À CONFIRMER,À CONFIRMER,À CONFIRMER,À CONFIRMER,À CONFIRMER,À CONFIRMER,SUR_COMMANDE (document = tarif et bon de commande 2026),PRODUIT,,,,35,Tarif et bon de commande 2026 – onglet « TARIF NORMAND DIRECT 2026 »,ligne 292
PROD-0284,À CONFIRMER,BISCUITS 150g CAEN Mairie,BISCUITS 150g CAEN Mairie,À CONFIRMER,BISCUITERIE,BISCUIT,règle 14,BALADES NORMANDES,FOUR-0018,BALADES NORMANDES,BALADES NORMANDES Boîte fer,FOUR-0001,NORMAND DIRECT TERROIR,Commande directe auprès de Normand Direct Terroir,À CONFIRMER,À CONFIRMER,À CONFIRMER,À CONFIRMER,À CONFIRMER,,AUCUNE_INFORMATION_DANS_LES_DOCUMENTS,À CONFIRMER,À CONFIRMER,150.0,,150g,,NON,,6 MOIS,,7.31,7.31,unité,PU HT,0.055,7.712,,,,,,,,,,Boîte fer,,6/,6,À CONFIRMER,À CONFIRMER,À CONFIRMER,À CONFIRMER,À CONFIRMER,À CONFIRMER,À CONFIRMER,À CONFIRMER,NON_DEDUIT_DU_CONDITIONNEMENT,NON,À CONFIRMER,À CONFIRMER,À CONFIRMER,À CONFIRMER,À CONFIRMER,À CONFIRMER,À CONFIRMER,À CONFIRMER,À CONFIRMER,SIGNATURE,3,palier de prix d'achat (7.31 € HT) → 3,PROPOSITION AUTOMATIQUE – À VALIDER EN BACK-OFFICE,À CONFIRMER,À CONFIRMER,NON,À CONFIRMER,FAIBLE_COUT_LOGISTIQUE,À CONFIRMER,À CONFIRMER,À CONFIRMER,À CONFIRMER,À CONFIRMER,À CONFIRMER,SUR_COMMANDE (document = tarif et bon de commande 2026),PRODUIT,,,,35,Tarif et bon de commande 2026 – onglet « TARIF NORMAND DIRECT 2026 »,ligne 293
PROD-0285,À CONFIRMER,BISCUITS 150g Ouistreham B-LEC,BISCUITS 150g Ouistreham B-LEC,À CONFIRMER,BISCUITERIE,BISCUIT,règle 14,BALADES NORMANDES,FOUR-0018,BALADES NORMANDES,BALADES NORMANDES Boîte fer,FOUR-0001,NORMAND DIRECT TERROIR,Commande directe auprès de Normand Direct Terroir,À CONFIRMER,À CONFIRMER,À CONFIRMER,À CONFIRMER,À CONFIRMER,,AUCUNE_INFORMATION_DANS_LES_DOCUMENTS,À CONFIRMER,À CONFIRMER,150.0,,150g,,NON,,6 MOIS,,7.31,7.31,unité,PU HT,0.055,7.712,,,,,,,,,,Boîte fer,,6/,6,À CONFIRMER,À CONFIRMER,À CONFIRMER,À CONFIRMER,À CONFIRMER,À CONFIRMER,À CONFIRMER,À CONFIRMER,NON_DEDUIT_DU_CONDITIONNEMENT,NON,À CONFIRMER,À CONFIRMER,À CONFIRMER,À CONFIRMER,À CONFIRMER,À CONFIRMER,À CONFIRMER,À CONFIRMER,À CONFIRMER,SIGNATURE,3,palier de prix d'achat (7.31 € HT) → 3,PROPOSITION AUTOMATIQUE – À VALIDER EN BACK-OFFICE,À CONFIRMER,À CONFIRMER,NON,À CONFIRMER,FAIBLE_COUT_LOGISTIQUE,À CONFIRMER,À CONFIRMER,À CONFIRMER,À CONFIRMER,À CONFIRMER,À CONFIRMER,SUR_COMMANDE (document = tarif et bon de commande 2026),PRODUIT,,,,35,Tarif et bon de commande 2026 – onglet « TARIF NORMAND DIRECT 2026 »,ligne 294
PROD-0286,À CONFIRMER,BISCUITS 150g Caen Château B-LEC,BISCUITS 150g Caen Château B-LEC,À CONFIRMER,BISCUITERIE,BISCUIT,règle 14,BALADES NORMANDES,FOUR-0018,BALADES NORMANDES,BALADES NORMANDES Boîte fer,FOUR-0001,NORMAND DIRECT TERROIR,Commande directe auprès de Normand Direct Terroir,À CONFIRMER,À CONFIRMER,À CONFIRMER,À CONFIRMER,À CONFIRMER,,AUCUNE_INFORMATION_DANS_LES_DOCUMENTS,À CONFIRMER,À CONFIRMER,150.0,,150g,,NON,,6 MOIS,,7.31,7.31,unité,PU HT,0.055,7.712,,,,,,,,,,Boîte fer,,6/,6,À CONFIRMER,À CONFIRMER,À CONFIRMER,À CONFIRMER,À CONFIRMER,À CONFIRMER,À CONFIRMER,À CONFIRMER,NON_DEDUIT_DU_CONDITIONNEMENT,NON,À CONFIRMER,À CONFIRMER,À CONFIRMER,À CONFIRMER,À CONFIRMER,À CONFIRMER,À CONFIRMER,À CONFIRMER,À CONFIRMER,SIGNATURE,3,palier de prix d'achat (7.31 € HT) → 3,PROPOSITION AUTOMATIQUE – À VALIDER EN BACK-OFFICE,À CONFIRMER,À CONFIRMER,NON,À CONFIRMER,FAIBLE_COUT_LOGISTIQUE,À CONFIRMER,À CONFIRMER,À CONFIRMER,À CONFIRMER,À CONFIRMER,À CONFIRMER,SUR_COMMANDE (document = tarif et bon de commande 2026),PRODUIT,,,,35,Tarif et bon de commande 2026 – onglet « TARIF NORMAND DIRECT 2026 »,ligne 295
PROD-0287,À CONFIRMER,BISCUITS 150g Caen cœur de ville Aquarelle,BISCUITS 150g Caen cœur de ville Aquarelle,À CONFIRMER,BISCUITERIE,BISCUIT,règle 14,BALADES NORMANDES,FOUR-0018,BALADES NORMANDES,BALADES NORMANDES Boîte fer,FOUR-0001,NORMAND DIRECT TERROIR,Commande directe auprès de Normand Direct Terroir,À CONFIRMER,À CONFIRMER,À CONFIRMER,À CONFIRMER,À CONFIRMER,,AUCUNE_INFORMATION_DANS_LES_DOCUMENTS,À CONFIRMER,À CONFIRMER,150.0,,150g,,NON,,6 MOIS,,7.31,7.31,unité,PU HT,0.055,7.712,,,,,,,,,,Boîte fer,,6/,6,À CONFIRMER,À CONFIRMER,À CONFIRMER,À CONFIRMER,À CONFIRMER,À CONFIRMER,À CONFIRMER,À CONFIRMER,NON_DEDUIT_DU_CONDITIONNEMENT,NON,À CONFIRMER,À CONFIRMER,À CONFIRMER,À CONFIRMER,À CONFIRMER,À CONFIRMER,À CONFIRMER,À CONFIRMER,À CONFIRMER,SIGNATURE,3,palier de prix d'achat (7.31 € HT) → 3,PROPOSITION AUTOMATIQUE – À VALIDER EN BACK-OFFICE,À CONFIRMER,À CONFIRMER,NON,À CONFIRMER,FAIBLE_COUT_LOGISTIQUE,À CONFIRMER,À CONFIRMER,À CONFIRMER,À CONFIRMER,À CONFIRMER,À CONFIRMER,SUR_COMMANDE (document = tarif et bon de commande 2026),PRODUIT,,,,35,Tarif et bon de commande 2026 – onglet « TARIF NORMAND DIRECT 2026 »,ligne 296
PROD-0288,À CONFIRMER,Biscuits 150g Pays D'Auge Aquarelle,Biscuits 150g Pays D'Auge Aquarelle,À CONFIRMER,BISCUITERIE,BISCUIT,règle 14,BALADES NORMANDES,FOUR-0018,BALADES NORMANDES,BALADES NORMANDES Boîte fer,FOUR-0001,NORMAND DIRECT TERROIR,Commande directe auprès de Normand Direct Terroir,À CONFIRMER,À CONFIRMER,À CONFIRMER,À CONFIRMER,À CONFIRMER,,INDICE_DANS_LE_NOM_DU_PRODUIT_SEULEMENT,NORMANDIE_INDIQUEE_DANS_LE_NOM_A_VERIFIER,À CONFIRMER,150.0,,150g,,NON,,6 MOIS,,7.31,7.31,unité,PU HT,0.055,7.712,,,,,,,,,,Boîte fer,,6/,6,À CONFIRMER,À CONFIRMER,À CONFIRMER,À CONFIRMER,À CONFIRMER,À CONFIRMER,À CONFIRMER,À CONFIRMER,NON_DEDUIT_DU_CONDITIONNEMENT,NON,À CONFIRMER,À CONFIRMER,À CONFIRMER,À CONFIRMER,À CONFIRMER,À CONFIRMER,À CONFIRMER,À CONFIRMER,À CONFIRMER,SIGNATURE,3,palier de prix d'achat (7.31 € HT) → 3,PROPOSITION AUTOMATIQUE – À VALIDER EN BACK-OFFICE,À CONFIRMER,À CONFIRMER,NON,À CONFIRMER,FAIBLE_COUT_LOGISTIQUE,À CONFIRMER,À CONFIRMER,À CONFIRMER,À CONFIRMER,À CONFIRMER,À CONFIRMER,SUR_COMMANDE (document = tarif et bon de commande 2026),PRODUIT,,,,34,Tarif et bon de commande 2026 – onglet « TARIF NORMAND DIRECT 2026 »,ligne 297
PROD-0289,À CONFIRMER,Biscuits 150g Cambremer Aquarelle,Biscuits 150g Cambremer Aquarelle,À CONFIRMER,BISCUITERIE,BISCUIT,règle 14,BALADES NORMANDES,FOUR-0018,BALADES NORMANDES,BALADES NORMANDES Boîte fer,FOUR-0001,NORMAND DIRECT TERROIR,Commande directe auprès de Normand Direct Terroir,À CONFIRMER,À CONFIRMER,À CONFIRMER,À CONFIRMER,À CONFIRMER,,AUCUNE_INFORMATION_DANS_LES_DOCUMENTS,À CONFIRMER,À CONFIRMER,150.0,,150g,,NON,,6 MOIS,,7.31,7.31,unité,PU HT,0.055,7.712,,,,,,,,,,Boîte fer,,6/,6,À CONFIRMER,À CONFIRMER,À CONFIRMER,À CONFIRMER,À CONFIRMER,À CONFIRMER,À CONFIRMER,À CONFIRMER,NON_DEDUIT_DU_CONDITIONNEMENT,NON,À CONFIRMER,À CONFIRMER,À CONFIRMER,À CONFIRMER,À CONFIRMER,À CONFIRMER,À CONFIRMER,À CONFIRMER,À CONFIRMER,SIGNATURE,3,palier de prix d'achat (7.31 € HT) → 3,PROPOSITION AUTOMATIQUE – À VALIDER EN BACK-OFFICE,À CONFIRMER,À CONFIRMER,NON,À CONFIRMER,FAIBLE_COUT_LOGISTIQUE,À CONFIRMER,À CONFIRMER,À CONFIRMER,À CONFIRMER,À CONFIRMER,À CONFIRMER,SUR_COMMANDE (document = tarif et bon de commande 2026),PRODUIT,,,,35,Tarif et bon de commande 2026 – onglet « TARIF NORMAND DIRECT 2026 »,ligne 298
PROD-0290,À CONFIRMER,POMMEAU 35cl Pique-nique sous les pommiers,POMMEAU 35cl Pique-nique sous les pommiers,À CONFIRMER,BOISSON_ALCOOLISEE,POMMEAU,règle 35,BALADES NORMANDES,FOUR-0018,BALADES NORMANDES,BALADES NORMANDES,FOUR-0001,NORMAND DIRECT TERROIR,Commande directe auprès de Normand Direct Terroir,À CONFIRMER,À CONFIRMER,À CONFIRMER,À CONFIRMER,À CONFIRMER,,AUCUNE_INFORMATION_DANS_LES_DOCUMENTS,À CONFIRMER,À CONFIRMER,,350.0,35cl,À CONFIRMER,OUI,POMMEAU,À CONFIRMER,,9.0,9,unité,PU HT,0.2,10.8,,,,,,,,,,À CONFIRMER,,6/,6,À CONFIRMER,À CONFIRMER,À CONFIRMER,À CONFIRMER,À CONFIRMER,À CONFIRMER,À CONFIRMER,À CONFIRMER,À CONFIRMER,OUI_DEDUIT_DU_CONDITIONNEMENT,À CONFIRMER,À CONFIRMER,À CONFIRMER,"Boisson alcoolisée : vérifier les contraintes transporteur (déclaration, casse, interdiction sur certains services)",À CONFIRMER,À CONFIRMER,À CONFIRMER,À CONFIRMER,À CONFIRMER,PREMIUM,4,palier de prix d'achat (9.00 € HT) → 3 ; spiritueux/vin de garde → +1,PROPOSITION AUTOMATIQUE – À VALIDER EN BACK-OFFICE,À CONFIRMER,À CONFIRMER,OUI,À CONFIRMER,PREMIUM,À CONFIRMER,À CONFIRMER,À CONFIRMER,À CONFIRMER,À CONFIRMER,À CONFIRMER,SUR_COMMANDE (document = tarif et bon de commande 2026),PRODUIT,,,,38,Tarif et bon de commande 2026 – onglet « TARIF NORMAND DIRECT 2026 »,ligne 299
PROD-0291,À CONFIRMER,Caramels d'Isigny beurre salé 150 g  D-DAY drapeau,Caramels d'Isigny beurre salé 150 g  D-DAY drapeau,À CONFIRMER,CONFISERIE,CARAMEL,règle 28,BALADES NORMANDES,FOUR-0018,BALADES NORMANDES,BALADES NORMANDES D-DAY Boîte bois,FOUR-0001,NORMAND DIRECT TERROIR,Commande directe auprès de Normand Direct Terroir,À CONFIRMER,À CONFIRMER,À CONFIRMER,À CONFIRMER,À CONFIRMER,,INDICE_DANS_LE_NOM_DU_PRODUIT_SEULEMENT,NORMANDIE_INDIQUEE_DANS_LE_NOM_A_VERIFIER,À CONFIRMER,150.0,,150 g,,NON,,12 MOIS,,5.11,5.11,unité,PU HT,0.2,6.132,,,,,,,,,,D-DAY Boîte bois,,6/,6,À CONFIRMER,À CONFIRMER,À CONFIRMER,À CONFIRMER,À CONFIRMER,À CONFIRMER,À CONFIRMER,À CONFIRMER,NON_DEDUIT_DU_CONDITIONNEMENT,NON,À CONFIRMER,À CONFIRMER,À CONFIRMER,À CONFIRMER,À CONFIRMER,À CONFIRMER,À CONFIRMER,À CONFIRMER,À CONFIRMER,SIGNATURE,3,palier de prix d'achat (5.11 € HT) → 3,PROPOSITION AUTOMATIQUE – À VALIDER EN BACK-OFFICE,À CONFIRMER,À CONFIRMER,NON,À CONFIRMER,FAIBLE_COUT_LOGISTIQUE,À CONFIRMER,À CONFIRMER,À CONFIRMER,À CONFIRMER,À CONFIRMER,À CONFIRMER,SUR_COMMANDE (document = tarif et bon de commande 2026),PRODUIT,,,,34,Tarif et bon de commande 2026 – onglet « TARIF NORMAND DIRECT 2026 »,ligne 300
PROD-0292,À CONFIRMER,Caramels d'Isigny 1/2 sucrette 100 g Parachute,Caramels d'Isigny 1/2 sucrette 100 g Parachute,À CONFIRMER,CONFISERIE,CARAMEL,règle 28,BALADES NORMANDES,FOUR-0018,BALADES NORMANDES,BALADES NORMANDES D-DAY Boîte métal,FOUR-0001,NORMAND DIRECT TERROIR,Commande directe auprès de Normand Direct Terroir,À CONFIRMER,À CONFIRMER,À CONFIRMER,À CONFIRMER,À CONFIRMER,,INDICE_DANS_LE_NOM_DU_PRODUIT_SEULEMENT,NORMANDIE_INDIQUEE_DANS_LE_NOM_A_VERIFIER,À CONFIRMER,100.0,,100 g,,NON,,6 MOIS,,4.64,4.64,unité,PU HT,0.2,5.568,,,,,,,,,,D-DAY Boîte métal,,6/,6,À CONFIRMER,À CONFIRMER,À CONFIRMER,À CONFIRMER,À CONFIRMER,À CONFIRMER,À CONFIRMER,À CONFIRMER,NON_DEDUIT_DU_CONDITIONNEMENT,NON,À CONFIRMER,À CONFIRMER,À CONFIRMER,À CONFIRMER,À CONFIRMER,À CONFIRMER,À CONFIRMER,À CONFIRMER,À CONFIRMER,ESSENTIEL,2,palier de prix d'achat (4.64 € HT) → 2,PROPOSITION AUTOMATIQUE – À VALIDER EN BACK-OFFICE,À CONFIRMER,À CONFIRMER,NON,À CONFIRMER,FAIBLE_COUT_LOGISTIQUE,À CONFIRMER,À CONFIRMER,À CONFIRMER,À CONFIRMER,À CONFIRMER,À CONFIRMER,SUR_COMMANDE (document = tarif et bon de commande 2026),PRODUIT,,,,34,Tarif et bon de commande 2026 – onglet « TARIF NORMAND DIRECT 2026 »,ligne 301
PROD-0293,À CONFIRMER,Caramels d'Isigny 1/2 sucrette 100 g OPERATION OVERLORD,Caramels d'Isigny 1/2 sucrette 100 g OPERATION OVERLORD,À CONFIRMER,CONFISERIE,CARAMEL,règle 28,BALADES NORMANDES,FOUR-0018,BALADES NORMANDES,BALADES NORMANDES D-DAY Boîte métal,FOUR-0001,NORMAND DIRECT TERROIR,Commande directe auprès de Normand Direct Terroir,À CONFIRMER,À CONFIRMER,À CONFIRMER,À CONFIRMER,À CONFIRMER,,INDICE_DANS_LE_NOM_DU_PRODUIT_SEULEMENT,NORMANDIE_INDIQUEE_DANS_LE_NOM_A_VERIFIER,À CONFIRMER,100.0,,100 g,,NON,,6 MOIS,,4.64,4.64,unité,PU HT,0.2,5.568,,,,,,,,,,D-DAY Boîte métal,,6/,6,À CONFIRMER,À CONFIRMER,À CONFIRMER,À CONFIRMER,À CONFIRMER,À CONFIRMER,À CONFIRMER,À CONFIRMER,NON_DEDUIT_DU_CONDITIONNEMENT,NON,À CONFIRMER,À CONFIRMER,À CONFIRMER,À CONFIRMER,À CONFIRMER,À CONFIRMER,À CONFIRMER,À CONFIRMER,À CONFIRMER,ESSENTIEL,2,palier de prix d'achat (4.64 € HT) → 2,PROPOSITION AUTOMATIQUE – À VALIDER EN BACK-OFFICE,À CONFIRMER,À CONFIRMER,NON,À CONFIRMER,FAIBLE_COUT_LOGISTIQUE,À CONFIRMER,À CONFIRMER,À CONFIRMER,À CONFIRMER,À CONFIRMER,À CONFIRMER,SUR_COMMANDE (document = tarif et bon de commande 2026),PRODUIT,,,,34,Tarif et bon de commande 2026 – onglet « TARIF NORMAND DIRECT 2026 »,ligne 302
PROD-0294,À CONFIRMER,Biscuits 120g JEEP,Biscuits 120g JEEP,À CONFIRMER,BISCUITERIE,BISCUIT,règle 14,BALADES NORMANDES,FOUR-0018,BALADES NORMANDES,BALADES NORMANDES D-DAY Boîte métal,FOUR-0001,NORMAND DIRECT TERROIR,Commande directe auprès de Normand Direct Terroir,À CONFIRMER,À CONFIRMER,À CONFIRMER,À CONFIRMER,À CONFIRMER,,AUCUNE_INFORMATION_DANS_LES_DOCUMENTS,À CONFIRMER,À CONFIRMER,120.0,,120g,,NON,,6 MOIS,,7.31,7.31,unité,PU HT,0.2,8.772,,,,,,,,,,D-DAY Boîte métal,,6/,6,À CONFIRMER,À CONFIRMER,À CONFIRMER,À CONFIRMER,À CONFIRMER,À CONFIRMER,À CONFIRMER,À CONFIRMER,NON_DEDUIT_DU_CONDITIONNEMENT,NON,À CONFIRMER,À CONFIRMER,À CONFIRMER,À CONFIRMER,À CONFIRMER,À CONFIRMER,À CONFIRMER,À CONFIRMER,À CONFIRMER,SIGNATURE,3,palier de prix d'achat (7.31 € HT) → 3,PROPOSITION AUTOMATIQUE – À VALIDER EN BACK-OFFICE,À CONFIRMER,À CONFIRMER,NON,À CONFIRMER,FAIBLE_COUT_LOGISTIQUE,À CONFIRMER,À CONFIRMER,À CONFIRMER,À CONFIRMER,À CONFIRMER,À CONFIRMER,SUR_COMMANDE (document = tarif et bon de commande 2026),PRODUIT,,,,35,Tarif et bon de commande 2026 – onglet « TARIF NORMAND DIRECT 2026 »,ligne 303
PROD-0295,À CONFIRMER,Biscuits 120g Barge,Biscuits 120g Barge,À CONFIRMER,BISCUITERIE,BISCUIT,règle 14,BALADES NORMANDES,FOUR-0018,BALADES NORMANDES,BALADES NORMANDES D-DAY Boîte métal,FOUR-0001,NORMAND DIRECT TERROIR,Commande directe auprès de Normand Direct Terroir,À CONFIRMER,À CONFIRMER,À CONFIRMER,À CONFIRMER,À CONFIRMER,,AUCUNE_INFORMATION_DANS_LES_DOCUMENTS,À CONFIRMER,À CONFIRMER,120.0,,120g,,NON,,6 MOIS,,7.31,7.31,unité,PU HT,0.2,8.772,,,,,,,,,,D-DAY Boîte métal,,6/,6,À CONFIRMER,À CONFIRMER,À CONFIRMER,À CONFIRMER,À CONFIRMER,À CONFIRMER,À CONFIRMER,À CONFIRMER,NON_DEDUIT_DU_CONDITIONNEMENT,NON,À CONFIRMER,À CONFIRMER,À CONFIRMER,À CONFIRMER,À CONFIRMER,À CONFIRMER,À CONFIRMER,À CONFIRMER,À CONFIRMER,SIGNATURE,3,palier de prix d'achat (7.31 € HT) → 3,PROPOSITION AUTOMATIQUE – À VALIDER EN BACK-OFFICE,À CONFIRMER,À CONFIRMER,NON,À CONFIRMER,FAIBLE_COUT_LOGISTIQUE,À CONFIRMER,À CONFIRMER,À CONFIRMER,À CONFIRMER,À CONFIRMER,À CONFIRMER,SUR_COMMANDE (document = tarif et bon de commande 2026),PRODUIT,,,,35,Tarif et bon de commande 2026 – onglet « TARIF NORMAND DIRECT 2026 »,ligne 304
PROD-0296,À CONFIRMER,Calvados Arrangé Pomme Vanille 70 cl,Calvados Arrangé Pomme Vanille 70 cl,À CONFIRMER,BOISSON_ALCOOLISEE,SPIRITUEUX_POMME,règle 36,POM’ POM’,FOUR-0019,POM’ POM’,POM’ POM’,FOUR-0001,NORMAND DIRECT TERROIR,Commande directe auprès de Normand Direct Terroir,À CONFIRMER,À CONFIRMER,À CONFIRMER,À CONFIRMER,À CONFIRMER,,AUCUNE_INFORMATION_DANS_LES_DOCUMENTS,À CONFIRMER,À CONFIRMER,,700.0,70 cl,À CONFIRMER,OUI,SPIRITUEUX_POMME,À CONFIRMER,,20.9,20.9,unité,PU HT,0.2,25.08,,,,,,,,,,À CONFIRMER,,6/,6,À CONFIRMER,Livraisons par 6 mais panachable par 2x3 pour les bouteilles de 70CL,À CONFIRMER,À CONFIRMER,À CONFIRMER,À CONFIRMER,À CONFIRMER,OUI_DEDUIT,PROBABLE_DEDUIT_DU_CONDITIONNEMENT,OUI_DEDUIT_DU_CONDITIONNEMENT,OUI_DEDUIT,OUI,PROTECTION_BOUTEILLE_OU_CONTENANT_VERRE,"Boisson alcoolisée : vérifier les contraintes transporteur (déclaration, casse, interdiction sur certains services)",À CONFIRMER,À CONFIRMER,À CONFIRMER,À CONFIRMER,À CONFIRMER,PRESTIGE,5,palier de prix d'achat (20.90 € HT) → 4 ; spiritueux/vin de garde → +1,PROPOSITION AUTOMATIQUE – À VALIDER EN BACK-OFFICE,À CONFIRMER,À CONFIRMER,OUI,À CONFIRMER,PRODUIT_FRAGILE ; PREMIUM,À CONFIRMER,À CONFIRMER,À CONFIRMER,À CONFIRMER,À CONFIRMER,À CONFIRMER,SUR_COMMANDE (document = tarif et bon de commande 2026),PRODUIT,LIBELLÉ IDENTIQUE – MÊME PRODUCTEUR,,,32,Tarif et bon de commande 2026 – onglet « TARIF NORMAND DIRECT 2026 »,ligne 305
PROD-0297,À CONFIRMER,Calvados Arrangé Kumquat Café 70 cl,Calvados Arrangé Kumquat Café 70 cl,À CONFIRMER,BOISSON_SANS_ALCOOL,CAFE,règle 30,POM’ POM’,FOUR-0019,POM’ POM’,POM’ POM’,FOUR-0001,NORMAND DIRECT TERROIR,Commande directe auprès de Normand Direct Terroir,À CONFIRMER,À CONFIRMER,À CONFIRMER,À CONFIRMER,À CONFIRMER,,AUCUNE_INFORMATION_DANS_LES_DOCUMENTS,À CONFIRMER,À CONFIRMER,,700.0,70 cl,À CONFIRMER,INGREDIENT_ALCOOLISE,Alcool cité comme ingrédient dans le libellé,À CONFIRMER,,20.9,20.9,unité,PU HT,0.2,25.08,,,,,,,,,,À CONFIRMER,,6/,6,À CONFIRMER,Livraisons par 6 mais panachable par 2x3 pour les bouteilles de 70CL,À CONFIRMER,À CONFIRMER,À CONFIRMER,À CONFIRMER,À CONFIRMER,OUI_DEDUIT,PROBABLE_DEDUIT_DU_CONDITIONNEMENT,OUI_DEDUIT_DU_CONDITIONNEMENT,OUI_DEDUIT,OUI,PROTECTION_BOUTEILLE_OU_CONTENANT_VERRE,À CONFIRMER,À CONFIRMER,À CONFIRMER,À CONFIRMER,À CONFIRMER,À CONFIRMER,PREMIUM,4,palier de prix d'achat (20.90 € HT) → 4,PROPOSITION AUTOMATIQUE – À VALIDER EN BACK-OFFICE,À CONFIRMER,À CONFIRMER,OUI,À CONFIRMER,PRODUIT_FRAGILE ; PREMIUM,À CONFIRMER,À CONFIRMER,À CONFIRMER,À CONFIRMER,À CONFIRMER,À CONFIRMER,SUR_COMMANDE (document = tarif et bon de commande 2026),PRODUIT,LIBELLÉ IDENTIQUE – MÊME PRODUCTEUR,,,33,Tarif et bon de commande 2026 – onglet « TARIF NORMAND DIRECT 2026 »,ligne 306
PROD-0298,À CONFIRMER,Calvados Arrangé Banane Vanille 70 cl,Calvados Arrangé Banane Vanille 70 cl,À CONFIRMER,BOISSON_ALCOOLISEE,SPIRITUEUX_POMME,règle 36,POM’ POM’,FOUR-0019,POM’ POM’,POM’ POM’,FOUR-0001,NORMAND DIRECT TERROIR,Commande directe auprès de Normand Direct Terroir,À CONFIRMER,À CONFIRMER,À CONFIRMER,À CONFIRMER,À CONFIRMER,,AUCUNE_INFORMATION_DANS_LES_DOCUMENTS,À CONFIRMER,À CONFIRMER,,700.0,70 cl,À CONFIRMER,OUI,SPIRITUEUX_POMME,À CONFIRMER,,20.9,20.9,unité,PU HT,0.2,25.08,,,,,,,,,,À CONFIRMER,,6/,6,À CONFIRMER,Livraisons par 6 mais panachable par 2x3 pour les bouteilles de 70CL,À CONFIRMER,À CONFIRMER,À CONFIRMER,À CONFIRMER,À CONFIRMER,OUI_DEDUIT,PROBABLE_DEDUIT_DU_CONDITIONNEMENT,OUI_DEDUIT_DU_CONDITIONNEMENT,OUI_DEDUIT,OUI,PROTECTION_BOUTEILLE_OU_CONTENANT_VERRE,"Boisson alcoolisée : vérifier les contraintes transporteur (déclaration, casse, interdiction sur certains services)",À CONFIRMER,À CONFIRMER,À CONFIRMER,À CONFIRMER,À CONFIRMER,PRESTIGE,5,palier de prix d'achat (20.90 € HT) → 4 ; spiritueux/vin de garde → +1,PROPOSITION AUTOMATIQUE – À VALIDER EN BACK-OFFICE,À CONFIRMER,À CONFIRMER,OUI,À CONFIRMER,PRODUIT_FRAGILE ; PREMIUM,À CONFIRMER,À CONFIRMER,À CONFIRMER,À CONFIRMER,À CONFIRMER,À CONFIRMER,SUR_COMMANDE (document = tarif et bon de commande 2026),PRODUIT,LIBELLÉ IDENTIQUE – MÊME PRODUCTEUR,,,32,Tarif et bon de commande 2026 – onglet « TARIF NORMAND DIRECT 2026 »,ligne 307
PROD-0299,À CONFIRMER,Calvados Arrangé Pomme Caramel 70 cl,Calvados Arrangé Pomme Caramel 70 cl,À CONFIRMER,CONFISERIE,CARAMEL,règle 28,POM’ POM’,FOUR-0019,POM’ POM’,POM’ POM’,FOUR-0001,NORMAND DIRECT TERROIR,Commande directe auprès de Normand Direct Terroir,À CONFIRMER,À CONFIRMER,À CONFIRMER,À CONFIRMER,À CONFIRMER,,AUCUNE_INFORMATION_DANS_LES_DOCUMENTS,À CONFIRMER,À CONFIRMER,,700.0,70 cl,À CONFIRMER,INGREDIENT_ALCOOLISE,Alcool cité comme ingrédient dans le libellé,À CONFIRMER,,20.9,20.9,unité,PU HT,0.2,25.08,,,,,,,,,,À CONFIRMER,,6/,6,À CONFIRMER,Livraisons par 6 mais panachable par 2x3 pour les bouteilles de 70CL,À CONFIRMER,À CONFIRMER,À CONFIRMER,À CONFIRMER,À CONFIRMER,OUI_DEDUIT,PROBABLE_DEDUIT_DU_CONDITIONNEMENT,OUI_DEDUIT_DU_CONDITIONNEMENT,OUI_DEDUIT,OUI,PROTECTION_BOUTEILLE_OU_CONTENANT_VERRE,À CONFIRMER,À CONFIRMER,À CONFIRMER,À CONFIRMER,À CONFIRMER,À CONFIRMER,PREMIUM,4,palier de prix d'achat (20.90 € HT) → 4,PROPOSITION AUTOMATIQUE – À VALIDER EN BACK-OFFICE,À CONFIRMER,À CONFIRMER,OUI,À CONFIRMER,PRODUIT_FRAGILE ; PREMIUM,À CONFIRMER,À CONFIRMER,À CONFIRMER,À CONFIRMER,À CONFIRMER,À CONFIRMER,SUR_COMMANDE (document = tarif et bon de commande 2026),PRODUIT,LIBELLÉ IDENTIQUE – MÊME PRODUCTEUR,,,33,Tarif et bon de commande 2026 – onglet « TARIF NORMAND DIRECT 2026 »,ligne 308
PROD-0300,À CONFIRMER,Calvados Arrangé Fraise Poivre de Sichuan 70 cl,Calvados Arrangé Fraise Poivre de Sichuan 70 cl,À CONFIRMER,BOISSON_ALCOOLISEE,SPIRITUEUX_POMME,règle 36,POM’ POM’,FOUR-0019,POM’ POM’,POM’ POM’,FOUR-0001,NORMAND DIRECT TERROIR,Commande directe auprès de Normand Direct Terroir,À CONFIRMER,À CONFIRMER,À CONFIRMER,À CONFIRMER,À CONFIRMER,,AUCUNE_INFORMATION_DANS_LES_DOCUMENTS,À CONFIRMER,À CONFIRMER,,700.0,70 cl,À CONFIRMER,OUI,SPIRITUEUX_POMME,À CONFIRMER,,20.9,20.9,unité,PU HT,0.2,25.08,,,,,,,,,,À CONFIRMER,,6/,6,À CONFIRMER,Livraisons par 6 mais panachable par 2x3 pour les bouteilles de 70CL,À CONFIRMER,À CONFIRMER,À CONFIRMER,À CONFIRMER,À CONFIRMER,OUI_DEDUIT,PROBABLE_DEDUIT_DU_CONDITIONNEMENT,OUI_DEDUIT_DU_CONDITIONNEMENT,OUI_DEDUIT,OUI,PROTECTION_BOUTEILLE_OU_CONTENANT_VERRE,"Boisson alcoolisée : vérifier les contraintes transporteur (déclaration, casse, interdiction sur certains services)",À CONFIRMER,À CONFIRMER,À CONFIRMER,À CONFIRMER,À CONFIRMER,PRESTIGE,5,palier de prix d'achat (20.90 € HT) → 4 ; spiritueux/vin de garde → +1,PROPOSITION AUTOMATIQUE – À VALIDER EN BACK-OFFICE,À CONFIRMER,À CONFIRMER,OUI,À CONFIRMER,PRODUIT_FRAGILE ; PREMIUM,À CONFIRMER,À CONFIRMER,À CONFIRMER,À CONFIRMER,À CONFIRMER,À CONFIRMER,SUR_COMMANDE (document = tarif et bon de commande 2026),PRODUIT,,,,32,Tarif et bon de commande 2026 – onglet « TARIF NORMAND DIRECT 2026 »,ligne 309
PROD-0301,À CONFIRMER,Calvados Arrangé Epices de Noël Clémentine 70 cl,Calvados Arrangé Epices de Noël Clémentine 70 cl,À CONFIRMER,BOISSON_ALCOOLISEE,SPIRITUEUX_POMME,règle 36,POM’ POM’,FOUR-0019,POM’ POM’,POM’ POM’,FOUR-0001,NORMAND DIRECT TERROIR,Commande directe auprès de Normand Direct Terroir,À CONFIRMER,À CONFIRMER,À CONFIRMER,À CONFIRMER,À CONFIRMER,,AUCUNE_INFORMATION_DANS_LES_DOCUMENTS,À CONFIRMER,À CONFIRMER,,700.0,70 cl,À CONFIRMER,OUI,SPIRITUEUX_POMME,À CONFIRMER,,20.9,20.9,unité,PU HT,0.2,25.08,,,,,,,,,,À CONFIRMER,,6/,6,À CONFIRMER,Livraisons par 6 mais panachable par 2x3 pour les bouteilles de 70CL,À CONFIRMER,À CONFIRMER,À CONFIRMER,À CONFIRMER,À CONFIRMER,OUI_DEDUIT,PROBABLE_DEDUIT_DU_CONDITIONNEMENT,OUI_DEDUIT_DU_CONDITIONNEMENT,OUI_DEDUIT,OUI,PROTECTION_BOUTEILLE_OU_CONTENANT_VERRE,"Boisson alcoolisée : vérifier les contraintes transporteur (déclaration, casse, interdiction sur certains services)",À CONFIRMER,À CONFIRMER,À CONFIRMER,À CONFIRMER,À CONFIRMER,PRESTIGE,5,palier de prix d'achat (20.90 € HT) → 4 ; spiritueux/vin de garde → +1,PROPOSITION AUTOMATIQUE – À VALIDER EN BACK-OFFICE,À CONFIRMER,OUI,OUI,À CONFIRMER,PRODUIT_DE_NOEL ; PRODUIT_FRAGILE ; PREMIUM,À CONFIRMER,À CONFIRMER,À CONFIRMER,À CONFIRMER,À CONFIRMER,À CONFIRMER,SUR_COMMANDE (document = tarif et bon de commande 2026),PRODUIT,,,,31,Tarif et bon de commande 2026 – onglet « TARIF NORMAND DIRECT 2026 »,ligne 310
PROD-0302,À CONFIRMER,Calvados Arrangé Pomme Menthe 70 cl,Calvados Arrangé Pomme Menthe 70 cl,À CONFIRMER,BOISSON_ALCOOLISEE,SPIRITUEUX_POMME,règle 36,POM’ POM’,FOUR-0019,POM’ POM’,POM’ POM’,FOUR-0001,NORMAND DIRECT TERROIR,Commande directe auprès de Normand Direct Terroir,À CONFIRMER,À CONFIRMER,À CONFIRMER,À CONFIRMER,À CONFIRMER,,AUCUNE_INFORMATION_DANS_LES_DOCUMENTS,À CONFIRMER,À CONFIRMER,,700.0,70 cl,À CONFIRMER,OUI,SPIRITUEUX_POMME,À CONFIRMER,,20.9,20.9,unité,PU HT,0.2,25.08,,,,,,,,,,À CONFIRMER,,6/,6,À CONFIRMER,Livraisons par 6 mais panachable par 2x3 pour les bouteilles de 70CL,À CONFIRMER,À CONFIRMER,À CONFIRMER,À CONFIRMER,À CONFIRMER,OUI_DEDUIT,PROBABLE_DEDUIT_DU_CONDITIONNEMENT,OUI_DEDUIT_DU_CONDITIONNEMENT,OUI_DEDUIT,OUI,PROTECTION_BOUTEILLE_OU_CONTENANT_VERRE,"Boisson alcoolisée : vérifier les contraintes transporteur (déclaration, casse, interdiction sur certains services)",À CONFIRMER,À CONFIRMER,À CONFIRMER,À CONFIRMER,À CONFIRMER,PRESTIGE,5,palier de prix d'achat (20.90 € HT) → 4 ; spiritueux/vin de garde → +1,PROPOSITION AUTOMATIQUE – À VALIDER EN BACK-OFFICE,À CONFIRMER,À CONFIRMER,OUI,À CONFIRMER,PRODUIT_FRAGILE ; PREMIUM,À CONFIRMER,À CONFIRMER,À CONFIRMER,À CONFIRMER,À CONFIRMER,À CONFIRMER,SUR_COMMANDE (document = tarif et bon de commande 2026),PRODUIT,,,,32,Tarif et bon de commande 2026 – onglet « TARIF NORMAND DIRECT 2026 »,ligne 311
PROD-0303,À CONFIRMER,Calvados Arrangé Ananas Caramel fleur de sel 70 cl,Calvados Arrangé Ananas Caramel fleur de sel 70 cl,À CONFIRMER,CONFISERIE,CARAMEL,règle 28,POM’ POM’,FOUR-0019,POM’ POM’,POM’ POM’,FOUR-0001,NORMAND DIRECT TERROIR,Commande directe auprès de Normand Direct Terroir,À CONFIRMER,À CONFIRMER,À CONFIRMER,À CONFIRMER,À CONFIRMER,,APPELLATION_PORTANT_SUR_UN_INGREDIENT_SEULEMENT,NORMANDIE_INDIQUEE_DANS_LE_NOM_A_VERIFIER,À CONFIRMER,,700.0,70 cl,À CONFIRMER,INGREDIENT_ALCOOLISE,Alcool cité comme ingrédient dans le libellé,À CONFIRMER,,20.9,20.9,unité,PU HT,0.2,25.08,,,,,,,,,,À CONFIRMER,,6/,6,À CONFIRMER,Livraisons par 6 mais panachable par 2x3 pour les bouteilles de 70CL,À CONFIRMER,À CONFIRMER,À CONFIRMER,À CONFIRMER,À CONFIRMER,OUI_DEDUIT,PROBABLE_DEDUIT_DU_CONDITIONNEMENT,OUI_DEDUIT_DU_CONDITIONNEMENT,OUI_DEDUIT,OUI,PROTECTION_BOUTEILLE_OU_CONTENANT_VERRE,À CONFIRMER,À CONFIRMER,À CONFIRMER,À CONFIRMER,À CONFIRMER,À CONFIRMER,PREMIUM,4,palier de prix d'achat (20.90 € HT) → 4,PROPOSITION AUTOMATIQUE – À VALIDER EN BACK-OFFICE,À CONFIRMER,À CONFIRMER,OUI,À CONFIRMER,PRODUIT_FRAGILE ; PREMIUM,À CONFIRMER,À CONFIRMER,À CONFIRMER,À CONFIRMER,À CONFIRMER,À CONFIRMER,SUR_COMMANDE (document = tarif et bon de commande 2026),PRODUIT,,,,32,Tarif et bon de commande 2026 – onglet « TARIF NORMAND DIRECT 2026 »,ligne 312
PROD-0304,À CONFIRMER,Calvados Arrangé Framboise Basilic,Calvados Arrangé Framboise Basilic,À CONFIRMER,BOISSON_ALCOOLISEE,SPIRITUEUX_POMME,règle 36,POM' POM',FOUR-0019,POM' POM',POM' POM',FOUR-0001,NORMAND DIRECT TERROIR,Commande directe auprès de Normand Direct Terroir,À CONFIRMER,À CONFIRMER,À CONFIRMER,À CONFIRMER,À CONFIRMER,,AUCUNE_INFORMATION_DANS_LES_DOCUMENTS,À CONFIRMER,À CONFIRMER,,,,À CONFIRMER,OUI,SPIRITUEUX_POMME,À CONFIRMER,,20.9,20.9,unité,PU HT,0.2,25.08,,,,,,,,,,À CONFIRMER,,6/,6,À CONFIRMER,Livraisons par 6 mais panachable par 2x3 pour les bouteilles de 70CL,À CONFIRMER,À CONFIRMER,À CONFIRMER,À CONFIRMER,À CONFIRMER,À CONFIRMER,À CONFIRMER,OUI_DEDUIT_DU_CONDITIONNEMENT,À CONFIRMER,À CONFIRMER,À CONFIRMER,"Boisson alcoolisée : vérifier les contraintes transporteur (déclaration, casse, interdiction sur certains services)",À CONFIRMER,À CONFIRMER,À CONFIRMER,À CONFIRMER,À CONFIRMER,PRESTIGE,5,palier de prix d'achat (20.90 € HT) → 4 ; spiritueux/vin de garde → +1,PROPOSITION AUTOMATIQUE – À VALIDER EN BACK-OFFICE,À CONFIRMER,À CONFIRMER,OUI,À CONFIRMER,PREMIUM,À CONFIRMER,À CONFIRMER,À CONFIRMER,À CONFIRMER,À CONFIRMER,À CONFIRMER,SUR_COMMANDE (document = tarif et bon de commande 2026),PRODUIT,,,,37,Tarif et bon de commande 2026 – onglet « TARIF NORMAND DIRECT 2026 »,ligne 313
PROD-0305,À CONFIRMER,Calvados Arrangé Bergamote Noix de cajou,Calvados Arrangé Bergamote Noix de cajou,À CONFIRMER,BOISSON_ALCOOLISEE,SPIRITUEUX_POMME,règle 36,POM' POM',FOUR-0019,POM' POM',POM' POM',FOUR-0001,NORMAND DIRECT TERROIR,Commande directe auprès de Normand Direct Terroir,À CONFIRMER,À CONFIRMER,À CONFIRMER,À CONFIRMER,À CONFIRMER,,AUCUNE_INFORMATION_DANS_LES_DOCUMENTS,À CONFIRMER,À CONFIRMER,,,,À CONFIRMER,OUI,SPIRITUEUX_POMME,À CONFIRMER,,20.9,20.9,unité,PU HT,0.2,25.08,,,,,,,,,,À CONFIRMER,,6/,6,À CONFIRMER,Livraisons par 6 mais panachable par 2x3 pour les bouteilles de 70CL,À CONFIRMER,À CONFIRMER,À CONFIRMER,À CONFIRMER,À CONFIRMER,À CONFIRMER,À CONFIRMER,OUI_DEDUIT_DU_CONDITIONNEMENT,À CONFIRMER,À CONFIRMER,À CONFIRMER,"Boisson alcoolisée : vérifier les contraintes transporteur (déclaration, casse, interdiction sur certains services)",À CONFIRMER,À CONFIRMER,À CONFIRMER,À CONFIRMER,À CONFIRMER,PRESTIGE,5,palier de prix d'achat (20.90 € HT) → 4 ; spiritueux/vin de garde → +1,PROPOSITION AUTOMATIQUE – À VALIDER EN BACK-OFFICE,À CONFIRMER,À CONFIRMER,OUI,À CONFIRMER,PREMIUM,À CONFIRMER,À CONFIRMER,À CONFIRMER,À CONFIRMER,À CONFIRMER,À CONFIRMER,SUR_COMMANDE (document = tarif et bon de commande 2026),PRODUIT,,,,37,Tarif et bon de commande 2026 – onglet « TARIF NORMAND DIRECT 2026 »,ligne 314
PROD-0306,À CONFIRMER,Calva Arrangé Banane extra mûre vanille 18 mois 50 cl,Calva Arrangé Banane extra mûre vanille 18 mois 50 cl,À CONFIRMER,À CONFIRMER,À CONFIRMER,aucune règle applicable,POM’ POM’,FOUR-0019,POM’ POM’,POM’ POM’,FOUR-0001,NORMAND DIRECT TERROIR,Commande directe auprès de Normand Direct Terroir,À CONFIRMER,À CONFIRMER,À CONFIRMER,À CONFIRMER,À CONFIRMER,,AUCUNE_INFORMATION_DANS_LES_DOCUMENTS,À CONFIRMER,À CONFIRMER,,500.0,50 cl,,NON,,À CONFIRMER,,22.9,22.9,unité,PU HT,0.2,27.48,,,,,,,,,,À CONFIRMER,,6/,6,À CONFIRMER,Livraisons par 6 mais panachable par 2x3 pour les bouteilles de 70CL,À CONFIRMER,À CONFIRMER,À CONFIRMER,À CONFIRMER,À CONFIRMER,OUI_DEDUIT,PROBABLE_DEDUIT_DU_CONDITIONNEMENT,OUI_DEDUIT_DU_CONDITIONNEMENT,OUI_DEDUIT,OUI,PROTECTION_BOUTEILLE_OU_CONTENANT_VERRE,À CONFIRMER,À CONFIRMER,À CONFIRMER,À CONFIRMER,À CONFIRMER,À CONFIRMER,PREMIUM,4,palier de prix d'achat (22.90 € HT) → 4,PROPOSITION AUTOMATIQUE – À VALIDER EN BACK-OFFICE,À CONFIRMER,À CONFIRMER,OUI,À CONFIRMER,PRODUIT_FRAGILE ; PREMIUM,À CONFIRMER,À CONFIRMER,À CONFIRMER,À CONFIRMER,À CONFIRMER,À CONFIRMER,SUR_COMMANDE (document = tarif et bon de commande 2026),PRODUIT,,,,34,Tarif et bon de commande 2026 – onglet « TARIF NORMAND DIRECT 2026 »,ligne 315
PROD-0307,À CONFIRMER,Coffret 2 x 20cl INCLUS AVEC LES 20 CL SUR DEMANDE,Coffret 2 x 20cl INCLUS AVEC LES 20 CL SUR DEMANDE,À CONFIRMER,COFFRET_ET_EMBALLAGE,COFFRET_OU_PACK,règle 11,POM’ POM’,FOUR-0019,POM’ POM’,POM’ POM’,FOUR-0001,NORMAND DIRECT TERROIR,Commande directe auprès de Normand Direct Terroir,À CONFIRMER,À CONFIRMER,À CONFIRMER,À CONFIRMER,À CONFIRMER,,AUCUNE_INFORMATION_DANS_LES_DOCUMENTS,À CONFIRMER,À CONFIRMER,,400.0,2 x 20cl,,NON,,À CONFIRMER,,0.0,0,unité,PU HT,0.2,0.0,,,,,,,,,,À CONFIRMER,,,,À CONFIRMER,Livraisons par 6 mais panachable par 2x3 pour les bouteilles de 70CL,À CONFIRMER,À CONFIRMER,À CONFIRMER,À CONFIRMER,À CONFIRMER,OUI_DEDUIT,PROBABLE_DEDUIT_DU_CONDITIONNEMENT,OUI_DEDUIT_DU_CONDITIONNEMENT,OUI_DEDUIT,OUI,PROTECTION_BOUTEILLE_OU_CONTENANT_VERRE,À CONFIRMER,À CONFIRMER,À CONFIRMER,À CONFIRMER,À CONFIRMER,À CONFIRMER,ESSENTIEL,1,palier de prix d'achat (0.00 € HT) → 1,PROPOSITION AUTOMATIQUE – À VALIDER EN BACK-OFFICE,À CONFIRMER,À CONFIRMER,NON,À CONFIRMER,PRODUIT_FRAGILE,À CONFIRMER,À CONFIRMER,À CONFIRMER,À CONFIRMER,À CONFIRMER,À CONFIRMER,SUR_COMMANDE (document = tarif et bon de commande 2026),PRODUIT,,,,32,Tarif et bon de commande 2026 – onglet « TARIF NORMAND DIRECT 2026 »,ligne 316
PROD-0308,À CONFIRMER,Calvados Arrangé Pomme Vanille 20 cl,Calvados Arrangé Pomme Vanille 20 cl,À CONFIRMER,BOISSON_ALCOOLISEE,SPIRITUEUX_POMME,règle 36,POM’ POM’,FOUR-0019,POM’ POM’,POM’ POM’,FOUR-0001,NORMAND DIRECT TERROIR,Commande directe auprès de Normand Direct Terroir,À CONFIRMER,À CONFIRMER,À CONFIRMER,À CONFIRMER,À CONFIRMER,,AUCUNE_INFORMATION_DANS_LES_DOCUMENTS,À CONFIRMER,À CONFIRMER,,200.0,20 cl,À CONFIRMER,OUI,SPIRITUEUX_POMME,À CONFIRMER,,9.1,9.1,unité,PU HT,0.2,10.92,,,,,,,,,,À CONFIRMER,,9/,9,À CONFIRMER,Livraisons par 6 mais panachable par 2x3 pour les bouteilles de 70CL,À CONFIRMER,À CONFIRMER,À CONFIRMER,À CONFIRMER,À CONFIRMER,OUI_DEDUIT,PROBABLE_DEDUIT_DU_CONDITIONNEMENT,OUI_DEDUIT_DU_CONDITIONNEMENT,OUI_DEDUIT,OUI,PROTECTION_BOUTEILLE_OU_CONTENANT_VERRE,"Boisson alcoolisée : vérifier les contraintes transporteur (déclaration, casse, interdiction sur certains services)",À CONFIRMER,À CONFIRMER,À CONFIRMER,À CONFIRMER,À CONFIRMER,PREMIUM,4,palier de prix d'achat (9.10 € HT) → 3 ; spiritueux/vin de garde → +1,PROPOSITION AUTOMATIQUE – À VALIDER EN BACK-OFFICE,À CONFIRMER,À CONFIRMER,OUI,À CONFIRMER,PRODUIT_FRAGILE ; PREMIUM,À CONFIRMER,À CONFIRMER,À CONFIRMER,À CONFIRMER,À CONFIRMER,À CONFIRMER,SUR_COMMANDE (document = tarif et bon de commande 2026),PRODUIT,LIBELLÉ IDENTIQUE – MÊME PRODUCTEUR,,,32,Tarif et bon de commande 2026 – onglet « TARIF NORMAND DIRECT 2026 »,ligne 317
PROD-0309,À CONFIRMER,Calvados Arrangé Kumquat Café 20 cl,Calvados Arrangé Kumquat Café 20 cl,À CONFIRMER,BOISSON_SANS_ALCOOL,CAFE,règle 30,POM’ POM’,FOUR-0019,POM’ POM’,POM’ POM’,FOUR-0001,NORMAND DIRECT TERROIR,Commande directe auprès de Normand Direct Terroir,À CONFIRMER,À CONFIRMER,À CONFIRMER,À CONFIRMER,À CONFIRMER,,AUCUNE_INFORMATION_DANS_LES_DOCUMENTS,À CONFIRMER,À CONFIRMER,,200.0,20 cl,À CONFIRMER,INGREDIENT_ALCOOLISE,Alcool cité comme ingrédient dans le libellé,À CONFIRMER,,9.1,9.1,unité,PU HT,0.2,10.92,,,,,,,,,,À CONFIRMER,,9/,9,À CONFIRMER,Livraisons par 6 mais panachable par 2x3 pour les bouteilles de 70CL,À CONFIRMER,À CONFIRMER,À CONFIRMER,À CONFIRMER,À CONFIRMER,OUI_DEDUIT,PROBABLE_DEDUIT_DU_CONDITIONNEMENT,OUI_DEDUIT_DU_CONDITIONNEMENT,OUI_DEDUIT,OUI,PROTECTION_BOUTEILLE_OU_CONTENANT_VERRE,À CONFIRMER,À CONFIRMER,À CONFIRMER,À CONFIRMER,À CONFIRMER,À CONFIRMER,SIGNATURE,3,palier de prix d'achat (9.10 € HT) → 3,PROPOSITION AUTOMATIQUE – À VALIDER EN BACK-OFFICE,À CONFIRMER,À CONFIRMER,NON,À CONFIRMER,PRODUIT_FRAGILE,À CONFIRMER,À CONFIRMER,À CONFIRMER,À CONFIRMER,À CONFIRMER,À CONFIRMER,SUR_COMMANDE (document = tarif et bon de commande 2026),PRODUIT,LIBELLÉ IDENTIQUE – MÊME PRODUCTEUR,,,33,Tarif et bon de commande 2026 – onglet « TARIF NORMAND DIRECT 2026 »,ligne 318
PROD-0310,À CONFIRMER,Calvados Arrangé Banane Vanille 20 cl,Calvados Arrangé Banane Vanille 20 cl,À CONFIRMER,BOISSON_ALCOOLISEE,SPIRITUEUX_POMME,règle 36,POM’ POM’,FOUR-0019,POM’ POM’,POM’ POM’,FOUR-0001,NORMAND DIRECT TERROIR,Commande directe auprès de Normand Direct Terroir,À CONFIRMER,À CONFIRMER,À CONFIRMER,À CONFIRMER,À CONFIRMER,,AUCUNE_INFORMATION_DANS_LES_DOCUMENTS,À CONFIRMER,À CONFIRMER,,200.0,20 cl,À CONFIRMER,OUI,SPIRITUEUX_POMME,À CONFIRMER,,9.1,9.1,unité,PU HT,0.2,10.92,,,,,,,,,,À CONFIRMER,,9/,9,À CONFIRMER,Livraisons par 6 mais panachable par 2x3 pour les bouteilles de 70CL,À CONFIRMER,À CONFIRMER,À CONFIRMER,À CONFIRMER,À CONFIRMER,OUI_DEDUIT,PROBABLE_DEDUIT_DU_CONDITIONNEMENT,OUI_DEDUIT_DU_CONDITIONNEMENT,OUI_DEDUIT,OUI,PROTECTION_BOUTEILLE_OU_CONTENANT_VERRE,"Boisson alcoolisée : vérifier les contraintes transporteur (déclaration, casse, interdiction sur certains services)",À CONFIRMER,À CONFIRMER,À CONFIRMER,À CONFIRMER,À CONFIRMER,PREMIUM,4,palier de prix d'achat (9.10 € HT) → 3 ; spiritueux/vin de garde → +1,PROPOSITION AUTOMATIQUE – À VALIDER EN BACK-OFFICE,À CONFIRMER,À CONFIRMER,OUI,À CONFIRMER,PRODUIT_FRAGILE ; PREMIUM,À CONFIRMER,À CONFIRMER,À CONFIRMER,À CONFIRMER,À CONFIRMER,À CONFIRMER,SUR_COMMANDE (document = tarif et bon de commande 2026),PRODUIT,LIBELLÉ IDENTIQUE – MÊME PRODUCTEUR,,,32,Tarif et bon de commande 2026 – onglet « TARIF NORMAND DIRECT 2026 »,ligne 319
PROD-0311,À CONFIRMER,Calvados Arrangé Pomme Caramel 20 cl,Calvados Arrangé Pomme Caramel 20 cl,À CONFIRMER,CONFISERIE,CARAMEL,règle 28,POM’ POM’,FOUR-0019,POM’ POM’,POM’ POM’,FOUR-0001,NORMAND DIRECT TERROIR,Commande directe auprès de Normand Direct Terroir,À CONFIRMER,À CONFIRMER,À CONFIRMER,À CONFIRMER,À CONFIRMER,,AUCUNE_INFORMATION_DANS_LES_DOCUMENTS,À CONFIRMER,À CONFIRMER,,200.0,20 cl,À CONFIRMER,INGREDIENT_ALCOOLISE,Alcool cité comme ingrédient dans le libellé,À CONFIRMER,,9.1,9.1,unité,PU HT,0.2,10.92,,,,,,,,,,À CONFIRMER,,9/,9,À CONFIRMER,Livraisons par 6 mais panachable par 2x3 pour les bouteilles de 70CL,À CONFIRMER,À CONFIRMER,À CONFIRMER,À CONFIRMER,À CONFIRMER,OUI_DEDUIT,PROBABLE_DEDUIT_DU_CONDITIONNEMENT,OUI_DEDUIT_DU_CONDITIONNEMENT,OUI_DEDUIT,OUI,PROTECTION_BOUTEILLE_OU_CONTENANT_VERRE,À CONFIRMER,À CONFIRMER,À CONFIRMER,À CONFIRMER,À CONFIRMER,À CONFIRMER,SIGNATURE,3,palier de prix d'achat (9.10 € HT) → 3,PROPOSITION AUTOMATIQUE – À VALIDER EN BACK-OFFICE,À CONFIRMER,À CONFIRMER,NON,À CONFIRMER,PRODUIT_FRAGILE,À CONFIRMER,À CONFIRMER,À CONFIRMER,À CONFIRMER,À CONFIRMER,À CONFIRMER,SUR_COMMANDE (document = tarif et bon de commande 2026),PRODUIT,LIBELLÉ IDENTIQUE – MÊME PRODUCTEUR,,,33,Tarif et bon de commande 2026 – onglet « TARIF NORMAND DIRECT 2026 »,ligne 320
PROD-0312,À CONFIRMER,Cidre bio Cotentin AOC brut  75 cl,Cidre bio Cotentin AOC brut  75 cl,À CONFIRMER,BOISSON_ALCOOLISEE,CIDRE,règle 33,MAISON HEROUT,FOUR-0020,MAISON HEROUT,MAISON HEROUT,FOUR-0001,NORMAND DIRECT TERROIR,Commande directe auprès de Normand Direct Terroir,À CONFIRMER,France,Normandie,À CONFIRMER,À CONFIRMER,AOC Cidre du Cotentin,APPELLATION_PROTEGEE_CITEE_DANS_LE_DOCUMENT,NORMANDIE_CONFIRMEE,OUI,,750.0,75 cl,À CONFIRMER,OUI,CIDRE,À CONFIRMER,,4.62,4.62,unité,PU HT,0.2,5.544,,,,,,,,,,À CONFIRMER,,6/,6,À CONFIRMER,À CONFIRMER,À CONFIRMER,À CONFIRMER,À CONFIRMER,À CONFIRMER,À CONFIRMER,OUI_DEDUIT,PROBABLE_DEDUIT_DU_CONDITIONNEMENT,OUI_DEDUIT_DU_CONDITIONNEMENT,OUI_DEDUIT,OUI,PROTECTION_BOUTEILLE_OU_CONTENANT_VERRE,"Boisson alcoolisée : vérifier les contraintes transporteur (déclaration, casse, interdiction sur certains services)",À CONFIRMER,À CONFIRMER,À CONFIRMER,À CONFIRMER,À CONFIRMER,SIGNATURE,3,palier de prix d'achat (4.62 € HT) → 2 ; appellation protégée citée (AOC Cidre du Cotentin) → +1,PROPOSITION AUTOMATIQUE – À VALIDER EN BACK-OFFICE,À CONFIRMER,À CONFIRMER,NON,OUI,PRODUIT_LOCAL_EMBLEMATIQUE ; PRODUIT_FRAGILE,À CONFIRMER,À CONFIRMER,À CONFIRMER,À CONFIRMER,À CONFIRMER,À CONFIRMER,SUR_COMMANDE (document = tarif et bon de commande 2026),PRODUIT,,,,28,Tarif et bon de commande 2026 – onglet « TARIF NORMAND DIRECT 2026 »,ligne 321
PROD-0313,À CONFIRMER,Cidre bio Cotentin AOC brut 2018 et 2019 150 cl,Cidre bio Cotentin AOC brut 2018 et 2019 150 cl,À CONFIRMER,BOISSON_ALCOOLISEE,CIDRE,règle 33,MAISON HEROUT,FOUR-0020,MAISON HEROUT,MAISON HEROUT,FOUR-0001,NORMAND DIRECT TERROIR,Commande directe auprès de Normand Direct Terroir,À CONFIRMER,France,Normandie,À CONFIRMER,À CONFIRMER,AOC Cidre du Cotentin,APPELLATION_PROTEGEE_CITEE_DANS_LE_DOCUMENT,NORMANDIE_CONFIRMEE,OUI,,1500.0,150 cl,À CONFIRMER,OUI,CIDRE,À CONFIRMER,,10.34,10.34,unité,PU HT,0.2,12.408,,,,,,,,,,À CONFIRMER,,3/,3,À CONFIRMER,À CONFIRMER,À CONFIRMER,À CONFIRMER,À CONFIRMER,À CONFIRMER,À CONFIRMER,OUI_DEDUIT,PROBABLE_DEDUIT_DU_CONDITIONNEMENT,OUI_DEDUIT_DU_CONDITIONNEMENT,OUI_DEDUIT,OUI,PROTECTION_BOUTEILLE_OU_CONTENANT_VERRE,"Boisson alcoolisée : vérifier les contraintes transporteur (déclaration, casse, interdiction sur certains services)",À CONFIRMER,À CONFIRMER,À CONFIRMER,À CONFIRMER,À CONFIRMER,PRESTIGE,5,palier de prix d'achat (10.34 € HT) → 4 ; appellation protégée citée (AOC Cidre du Cotentin) → +1,PROPOSITION AUTOMATIQUE – À VALIDER EN BACK-OFFICE,À CONFIRMER,À CONFIRMER,OUI,OUI,PRODUIT_LOCAL_EMBLEMATIQUE ; PRODUIT_FRAGILE ; PREMIUM,À CONFIRMER,À CONFIRMER,À CONFIRMER,À CONFIRMER,À CONFIRMER,À CONFIRMER,SUR_COMMANDE (document = tarif et bon de commande 2026),PRODUIT,,,,28,Tarif et bon de commande 2026 – onglet « TARIF NORMAND DIRECT 2026 »,ligne 322
PROD-0314,À CONFIRMER,Grande cuvée Cotentin AOC extra brut 2018-2019 75 cl,Grande cuvée Cotentin AOC extra brut 2018-2019 75 cl,À CONFIRMER,BOISSON_ALCOOLISEE,CIDRE,règle 33,MAISON HEROUT,FOUR-0020,MAISON HEROUT,MAISON HEROUT,FOUR-0001,NORMAND DIRECT TERROIR,Commande directe auprès de Normand Direct Terroir,À CONFIRMER,France,Normandie,À CONFIRMER,À CONFIRMER,AOC Cidre du Cotentin,APPELLATION_PROTEGEE_CITEE_DANS_LE_DOCUMENT,NORMANDIE_CONFIRMEE,OUI,,750.0,75 cl,À CONFIRMER,OUI,CIDRE,À CONFIRMER,,5.28,5.28,unité,PU HT,0.2,6.336,,,,,,,,,,À CONFIRMER,,6/,6,À CONFIRMER,À CONFIRMER,À CONFIRMER,À CONFIRMER,À CONFIRMER,À CONFIRMER,À CONFIRMER,OUI_DEDUIT,PROBABLE_DEDUIT_DU_CONDITIONNEMENT,OUI_DEDUIT_DU_CONDITIONNEMENT,OUI_DEDUIT,OUI,PROTECTION_BOUTEILLE_OU_CONTENANT_VERRE,"Boisson alcoolisée : vérifier les contraintes transporteur (déclaration, casse, interdiction sur certains services)",À CONFIRMER,À CONFIRMER,À CONFIRMER,À CONFIRMER,À CONFIRMER,PREMIUM,4,palier de prix d'achat (5.28 € HT) → 3 ; appellation protégée citée (AOC Cidre du Cotentin) → +1,PROPOSITION AUTOMATIQUE – À VALIDER EN BACK-OFFICE,À CONFIRMER,À CONFIRMER,OUI,OUI,PRODUIT_LOCAL_EMBLEMATIQUE ; PRODUIT_FRAGILE ; PREMIUM,À CONFIRMER,À CONFIRMER,À CONFIRMER,À CONFIRMER,À CONFIRMER,À CONFIRMER,SUR_COMMANDE (document = tarif et bon de commande 2026),PRODUIT,,,,28,Tarif et bon de commande 2026 – onglet « TARIF NORMAND DIRECT 2026 »,ligne 323
PROD-0315,À CONFIRMER,Cidre bio Cotentin AOC extra brut 2018 puis 2019 150 cl,Cidre bio Cotentin AOC extra brut 2018 puis 2019 150 cl,À CONFIRMER,BOISSON_ALCOOLISEE,CIDRE,règle 33,MAISON HEROUT,FOUR-0020,MAISON HEROUT,MAISON HEROUT,FOUR-0001,NORMAND DIRECT TERROIR,Commande directe auprès de Normand Direct Terroir,À CONFIRMER,France,Normandie,À CONFIRMER,À CONFIRMER,AOC Cidre du Cotentin,APPELLATION_PROTEGEE_CITEE_DANS_LE_DOCUMENT,NORMANDIE_CONFIRMEE,OUI,,1500.0,150 cl,À CONFIRMER,OUI,CIDRE,À CONFIRMER,,11.66,11.66,unité,PU HT,0.2,13.992,,,,,,,,,,À CONFIRMER,,3/,3,À CONFIRMER,À CONFIRMER,À CONFIRMER,À CONFIRMER,À CONFIRMER,À CONFIRMER,À CONFIRMER,OUI_DEDUIT,PROBABLE_DEDUIT_DU_CONDITIONNEMENT,OUI_DEDUIT_DU_CONDITIONNEMENT,OUI_DEDUIT,OUI,PROTECTION_BOUTEILLE_OU_CONTENANT_VERRE,"Boisson alcoolisée : vérifier les contraintes transporteur (déclaration, casse, interdiction sur certains services)",À CONFIRMER,À CONFIRMER,À CONFIRMER,À CONFIRMER,À CONFIRMER,PRESTIGE,5,palier de prix d'achat (11.66 € HT) → 4 ; appellation protégée citée (AOC Cidre du Cotentin) → +1,PROPOSITION AUTOMATIQUE – À VALIDER EN BACK-OFFICE,À CONFIRMER,À CONFIRMER,OUI,OUI,PRODUIT_LOCAL_EMBLEMATIQUE ; PRODUIT_FRAGILE ; PREMIUM,À CONFIRMER,À CONFIRMER,À CONFIRMER,À CONFIRMER,À CONFIRMER,À CONFIRMER,SUR_COMMANDE (document = tarif et bon de commande 2026),PRODUIT,,,,28,Tarif et bon de commande 2026 – onglet « TARIF NORMAND DIRECT 2026 »,ligne 324
PROD-0316,À CONFIRMER,Cidre bio cuvée gourmande demi sec 75 cl,Cidre bio cuvée gourmande demi sec 75 cl,À CONFIRMER,BOISSON_ALCOOLISEE,CIDRE,règle 33,MAISON HEROUT,FOUR-0020,MAISON HEROUT,MAISON HEROUT,FOUR-0001,NORMAND DIRECT TERROIR,Commande directe auprès de Normand Direct Terroir,À CONFIRMER,À CONFIRMER,À CONFIRMER,À CONFIRMER,À CONFIRMER,,AUCUNE_INFORMATION_DANS_LES_DOCUMENTS,À CONFIRMER,À CONFIRMER,,750.0,75 cl,À CONFIRMER,OUI,CIDRE,À CONFIRMER,,4.29,4.29,unité,PU HT,0.2,5.148,,,,,,,,,,À CONFIRMER,,6/,6,À CONFIRMER,À CONFIRMER,À CONFIRMER,À CONFIRMER,À CONFIRMER,À CONFIRMER,À CONFIRMER,OUI_DEDUIT,PROBABLE_DEDUIT_DU_CONDITIONNEMENT,OUI_DEDUIT_DU_CONDITIONNEMENT,OUI_DEDUIT,OUI,PROTECTION_BOUTEILLE_OU_CONTENANT_VERRE,"Boisson alcoolisée : vérifier les contraintes transporteur (déclaration, casse, interdiction sur certains services)",À CONFIRMER,À CONFIRMER,À CONFIRMER,À CONFIRMER,À CONFIRMER,ESSENTIEL,2,palier de prix d'achat (4.29 € HT) → 2,PROPOSITION AUTOMATIQUE – À VALIDER EN BACK-OFFICE,À CONFIRMER,À CONFIRMER,NON,À CONFIRMER,PRODUIT_FRAGILE,À CONFIRMER,À CONFIRMER,À CONFIRMER,À CONFIRMER,À CONFIRMER,À CONFIRMER,SUR_COMMANDE (document = tarif et bon de commande 2026),PRODUIT,,,,33,Tarif et bon de commande 2026 – onglet « TARIF NORMAND DIRECT 2026 »,ligne 325
PROD-0317,À CONFIRMER,Cidre bio micro cuvée N°1 vieilli fût chêne75 cl 2021,Cidre bio micro cuvée N°1 vieilli fût chêne75 cl 2021,À CONFIRMER,BOISSON_ALCOOLISEE,CIDRE,règle 33,MAISON HEROUT,FOUR-0020,MAISON HEROUT,MAISON HEROUT,FOUR-0001,NORMAND DIRECT TERROIR,Commande directe auprès de Normand Direct Terroir,À CONFIRMER,À CONFIRMER,À CONFIRMER,À CONFIRMER,À CONFIRMER,,AUCUNE_INFORMATION_DANS_LES_DOCUMENTS,À CONFIRMER,À CONFIRMER,,750.0,75 cl,À CONFIRMER,OUI,CIDRE,À CONFIRMER,,7.48,7.48,unité,PU HT,0.2,8.976,,,,,,,,,,À CONFIRMER,,6/,6,À CONFIRMER,À CONFIRMER,À CONFIRMER,À CONFIRMER,À CONFIRMER,À CONFIRMER,À CONFIRMER,À CONFIRMER,NON_DEDUIT_DU_CONDITIONNEMENT,OUI_DEDUIT_DU_CONDITIONNEMENT,À CONFIRMER,À CONFIRMER,À CONFIRMER,"Boisson alcoolisée : vérifier les contraintes transporteur (déclaration, casse, interdiction sur certains services)",À CONFIRMER,À CONFIRMER,À CONFIRMER,À CONFIRMER,À CONFIRMER,SIGNATURE,3,palier de prix d'achat (7.48 € HT) → 3,PROPOSITION AUTOMATIQUE – À VALIDER EN BACK-OFFICE,À CONFIRMER,À CONFIRMER,NON,À CONFIRMER,,À CONFIRMER,À CONFIRMER,À CONFIRMER,À CONFIRMER,À CONFIRMER,À CONFIRMER,SUR_COMMANDE (document = tarif et bon de commande 2026),PRODUIT,,,,37,Tarif et bon de commande 2026 – onglet « TARIF NORMAND DIRECT 2026 »,ligne 326
PROD-0318,À CONFIRMER,Cidre bio micro cuvée N°1 vieilli fût chêne150 cl 2019,Cidre bio micro cuvée N°1 vieilli fût chêne150 cl 2019,À CONFIRMER,BOISSON_ALCOOLISEE,CIDRE,règle 33,MAISON HEROUT,FOUR-0020,MAISON HEROUT,MAISON HEROUT,FOUR-0001,NORMAND DIRECT TERROIR,Commande directe auprès de Normand Direct Terroir,À CONFIRMER,À CONFIRMER,À CONFIRMER,À CONFIRMER,À CONFIRMER,,AUCUNE_INFORMATION_DANS_LES_DOCUMENTS,À CONFIRMER,À CONFIRMER,,1500.0,150 cl,À CONFIRMER,OUI,CIDRE,À CONFIRMER,,16.06,16.06,unité,PU HT,0.2,19.272,,,,,,,,,,À CONFIRMER,,6/,6,À CONFIRMER,À CONFIRMER,À CONFIRMER,À CONFIRMER,À CONFIRMER,À CONFIRMER,À CONFIRMER,À CONFIRMER,NON_DEDUIT_DU_CONDITIONNEMENT,OUI_DEDUIT_DU_CONDITIONNEMENT,À CONFIRMER,À CONFIRMER,À CONFIRMER,"Boisson alcoolisée : vérifier les contraintes transporteur (déclaration, casse, interdiction sur certains services)",À CONFIRMER,À CONFIRMER,À CONFIRMER,À CONFIRMER,À CONFIRMER,PREMIUM,4,palier de prix d'achat (16.06 € HT) → 4,PROPOSITION AUTOMATIQUE – À VALIDER EN BACK-OFFICE,À CONFIRMER,À CONFIRMER,OUI,À CONFIRMER,PREMIUM,À CONFIRMER,À CONFIRMER,À CONFIRMER,À CONFIRMER,À CONFIRMER,À CONFIRMER,SUR_COMMANDE (document = tarif et bon de commande 2026),PRODUIT,,,,37,Tarif et bon de commande 2026 – onglet « TARIF NORMAND DIRECT 2026 »,ligne 327
PROD-0319,À CONFIRMER,Cidre bio micro cuvée N°2 cidre dégorgé 75 cl 2020,Cidre bio micro cuvée N°2 cidre dégorgé 75 cl 2020,À CONFIRMER,BOISSON_ALCOOLISEE,CIDRE,règle 33,MAISON HEROUT,FOUR-0020,MAISON HEROUT,MAISON HEROUT,FOUR-0001,NORMAND DIRECT TERROIR,Commande directe auprès de Normand Direct Terroir,À CONFIRMER,À CONFIRMER,À CONFIRMER,À CONFIRMER,À CONFIRMER,,AUCUNE_INFORMATION_DANS_LES_DOCUMENTS,À CONFIRMER,À CONFIRMER,,750.0,75 cl,À CONFIRMER,OUI,CIDRE,À CONFIRMER,,8.36,8.36,unité,PU HT,0.2,10.032,,,,,,,,,,À CONFIRMER,,6/,6,À CONFIRMER,À CONFIRMER,À CONFIRMER,À CONFIRMER,À CONFIRMER,À CONFIRMER,À CONFIRMER,OUI_DEDUIT,PROBABLE_DEDUIT_DU_CONDITIONNEMENT,OUI_DEDUIT_DU_CONDITIONNEMENT,OUI_DEDUIT,OUI,PROTECTION_BOUTEILLE_OU_CONTENANT_VERRE,"Boisson alcoolisée : vérifier les contraintes transporteur (déclaration, casse, interdiction sur certains services)",À CONFIRMER,À CONFIRMER,À CONFIRMER,À CONFIRMER,À CONFIRMER,SIGNATURE,3,palier de prix d'achat (8.36 € HT) → 3,PROPOSITION AUTOMATIQUE – À VALIDER EN BACK-OFFICE,À CONFIRMER,À CONFIRMER,NON,À CONFIRMER,PRODUIT_FRAGILE,À CONFIRMER,À CONFIRMER,À CONFIRMER,À CONFIRMER,À CONFIRMER,À CONFIRMER,SUR_COMMANDE (document = tarif et bon de commande 2026),PRODUIT,,,,33,Tarif et bon de commande 2026 – onglet « TARIF NORMAND DIRECT 2026 »,ligne 328
PROD-0320,À CONFIRMER,Cidre bio micro cuvée N°3 cidre fermenté barriques de vin,Cidre bio micro cuvée N°3 cidre fermenté barriques de vin,À CONFIRMER,BOISSON_ALCOOLISEE,CIDRE,règle 33,MAISON HEROUT,FOUR-0020,MAISON HEROUT,MAISON HEROUT,FOUR-0001,NORMAND DIRECT TERROIR,Commande directe auprès de Normand Direct Terroir,À CONFIRMER,À CONFIRMER,À CONFIRMER,À CONFIRMER,À CONFIRMER,,AUCUNE_INFORMATION_DANS_LES_DOCUMENTS,À CONFIRMER,À CONFIRMER,,,,À CONFIRMER,OUI,CIDRE,À CONFIRMER,,10.23,10.23,unité,PU HT,0.2,12.276,,,,,,,,,,À CONFIRMER,,6/,6,À CONFIRMER,À CONFIRMER,À CONFIRMER,À CONFIRMER,À CONFIRMER,À CONFIRMER,À CONFIRMER,À CONFIRMER,À CONFIRMER,OUI_DEDUIT_DU_CONDITIONNEMENT,À CONFIRMER,À CONFIRMER,À CONFIRMER,"Boisson alcoolisée : vérifier les contraintes transporteur (déclaration, casse, interdiction sur certains services)",À CONFIRMER,À CONFIRMER,À CONFIRMER,À CONFIRMER,À CONFIRMER,PRESTIGE,5,palier de prix d'achat (10.23 € HT) → 4 ; spiritueux/vin de garde → +1,PROPOSITION AUTOMATIQUE – À VALIDER EN BACK-OFFICE,À CONFIRMER,À CONFIRMER,OUI,À CONFIRMER,PREMIUM,À CONFIRMER,À CONFIRMER,À CONFIRMER,À CONFIRMER,À CONFIRMER,À CONFIRMER,SUR_COMMANDE (document = tarif et bon de commande 2026),PRODUIT,,,,38,Tarif et bon de commande 2026 – onglet « TARIF NORMAND DIRECT 2026 »,ligne 329
PROD-0321,À CONFIRMER,Cidre bio micro cuvée N°4 Variétés acidulées,Cidre bio micro cuvée N°4 Variétés acidulées,À CONFIRMER,BOISSON_ALCOOLISEE,CIDRE,règle 33,MAISON HEROUT,FOUR-0020,MAISON HEROUT,MAISON HEROUT,FOUR-0001,NORMAND DIRECT TERROIR,Commande directe auprès de Normand Direct Terroir,À CONFIRMER,À CONFIRMER,À CONFIRMER,À CONFIRMER,À CONFIRMER,,AUCUNE_INFORMATION_DANS_LES_DOCUMENTS,À CONFIRMER,À CONFIRMER,,,,À CONFIRMER,OUI,CIDRE,À CONFIRMER,,7.15,7.15,unité,PU HT,0.2,8.58,,,,,,,,,,À CONFIRMER,,6/,6,À CONFIRMER,À CONFIRMER,À CONFIRMER,À CONFIRMER,À CONFIRMER,À CONFIRMER,À CONFIRMER,À CONFIRMER,À CONFIRMER,OUI_DEDUIT_DU_CONDITIONNEMENT,À CONFIRMER,À CONFIRMER,À CONFIRMER,"Boisson alcoolisée : vérifier les contraintes transporteur (déclaration, casse, interdiction sur certains services)",À CONFIRMER,À CONFIRMER,À CONFIRMER,À CONFIRMER,À CONFIRMER,SIGNATURE,3,palier de prix d'achat (7.15 € HT) → 3,PROPOSITION AUTOMATIQUE – À VALIDER EN BACK-OFFICE,À CONFIRMER,À CONFIRMER,NON,À CONFIRMER,,À CONFIRMER,À CONFIRMER,À CONFIRMER,À CONFIRMER,À CONFIRMER,À CONFIRMER,SUR_COMMANDE (document = tarif et bon de commande 2026),PRODUIT,,,,38,Tarif et bon de commande 2026 – onglet « TARIF NORMAND DIRECT 2026 »,ligne 330
PROD-0322,À CONFIRMER,Cidre bio micro cuvée N°5 assemblage 50% amer 50% acidulé,Cidre bio micro cuvée N°5 assemblage 50% amer 50% acidulé,À CONFIRMER,BOISSON_ALCOOLISEE,CIDRE,règle 33,MAISON HEROUT,FOUR-0020,MAISON HEROUT,MAISON HEROUT,FOUR-0001,NORMAND DIRECT TERROIR,Commande directe auprès de Normand Direct Terroir,À CONFIRMER,À CONFIRMER,À CONFIRMER,À CONFIRMER,À CONFIRMER,,AUCUNE_INFORMATION_DANS_LES_DOCUMENTS,À CONFIRMER,À CONFIRMER,,,,50%,OUI,CIDRE,À CONFIRMER,,7.15,7.15,unité,PU HT,0.2,8.58,,,,,,,,,,À CONFIRMER,,6/,6,À CONFIRMER,À CONFIRMER,À CONFIRMER,À CONFIRMER,À CONFIRMER,À CONFIRMER,À CONFIRMER,À CONFIRMER,À CONFIRMER,OUI_DEDUIT_DU_CONDITIONNEMENT,À CONFIRMER,À CONFIRMER,À CONFIRMER,"Boisson alcoolisée : vérifier les contraintes transporteur (déclaration, casse, interdiction sur certains services)",À CONFIRMER,À CONFIRMER,À CONFIRMER,À CONFIRMER,À CONFIRMER,SIGNATURE,3,palier de prix d'achat (7.15 € HT) → 3,PROPOSITION AUTOMATIQUE – À VALIDER EN BACK-OFFICE,À CONFIRMER,À CONFIRMER,NON,À CONFIRMER,,À CONFIRMER,À CONFIRMER,À CONFIRMER,À CONFIRMER,À CONFIRMER,À CONFIRMER,SUR_COMMANDE (document = tarif et bon de commande 2026),PRODUIT,,,,37,Tarif et bon de commande 2026 – onglet « TARIF NORMAND DIRECT 2026 »,ligne 331
PROD-0323,À CONFIRMER,Amour d'Hérout brut 33 cl cidre IGP,Amour d'Hérout brut 33 cl cidre IGP,À CONFIRMER,BOISSON_ALCOOLISEE,CIDRE,règle 33,MAISON HEROUT,FOUR-0020,MAISON HEROUT,MAISON HEROUT,FOUR-0001,NORMAND DIRECT TERROIR,Commande directe auprès de Normand Direct Terroir,À CONFIRMER,À CONFIRMER,À CONFIRMER,À CONFIRMER,À CONFIRMER,,AUCUNE_INFORMATION_DANS_LES_DOCUMENTS,À CONFIRMER,À CONFIRMER,,330.0,33 cl,À CONFIRMER,OUI,CIDRE,À CONFIRMER,,1.93,1.93,unité,PU HT,0.2,2.316,,,,,,,,,,À CONFIRMER,,12/,12,À CONFIRMER,À CONFIRMER,À CONFIRMER,À CONFIRMER,À CONFIRMER,À CONFIRMER,À CONFIRMER,OUI_DEDUIT,PROBABLE_DEDUIT_DU_CONDITIONNEMENT,OUI_DEDUIT_DU_CONDITIONNEMENT,OUI_DEDUIT,OUI,PROTECTION_BOUTEILLE_OU_CONTENANT_VERRE,"Boisson alcoolisée : vérifier les contraintes transporteur (déclaration, casse, interdiction sur certains services)",À CONFIRMER,À CONFIRMER,À CONFIRMER,À CONFIRMER,À CONFIRMER,ESSENTIEL,1,palier de prix d'achat (1.93 € HT) → 1,PROPOSITION AUTOMATIQUE – À VALIDER EN BACK-OFFICE,À CONFIRMER,À CONFIRMER,NON,À CONFIRMER,PRODUIT_FRAGILE,À CONFIRMER,À CONFIRMER,À CONFIRMER,À CONFIRMER,À CONFIRMER,À CONFIRMER,SUR_COMMANDE (document = tarif et bon de commande 2026),PRODUIT,LIBELLÉ IDENTIQUE – MÊME PRODUCTEUR,,,33,Tarif et bon de commande 2026 – onglet « TARIF NORMAND DIRECT 2026 »,ligne 332
PROD-0324,À CONFIRMER,Amour d'Hérout brut 75 cl cidre IGP,Amour d'Hérout brut 75 cl cidre IGP,À CONFIRMER,BOISSON_ALCOOLISEE,CIDRE,règle 33,MAISON HEROUT,FOUR-0020,MAISON HEROUT,MAISON HEROUT,FOUR-0001,NORMAND DIRECT TERROIR,Commande directe auprès de Normand Direct Terroir,À CONFIRMER,À CONFIRMER,À CONFIRMER,À CONFIRMER,À CONFIRMER,,AUCUNE_INFORMATION_DANS_LES_DOCUMENTS,À CONFIRMER,À CONFIRMER,,750.0,75 cl,À CONFIRMER,OUI,CIDRE,À CONFIRMER,,3.85,3.85,unité,PU HT,0.2,4.62,,,,,,,,,,À CONFIRMER,,6/,6,À CONFIRMER,À CONFIRMER,À CONFIRMER,À CONFIRMER,À CONFIRMER,À CONFIRMER,À CONFIRMER,OUI_DEDUIT,PROBABLE_DEDUIT_DU_CONDITIONNEMENT,OUI_DEDUIT_DU_CONDITIONNEMENT,OUI_DEDUIT,OUI,PROTECTION_BOUTEILLE_OU_CONTENANT_VERRE,"Boisson alcoolisée : vérifier les contraintes transporteur (déclaration, casse, interdiction sur certains services)",À CONFIRMER,À CONFIRMER,À CONFIRMER,À CONFIRMER,À CONFIRMER,ESSENTIEL,2,palier de prix d'achat (3.85 € HT) → 2,PROPOSITION AUTOMATIQUE – À VALIDER EN BACK-OFFICE,À CONFIRMER,À CONFIRMER,NON,À CONFIRMER,PRODUIT_FRAGILE,À CONFIRMER,À CONFIRMER,À CONFIRMER,À CONFIRMER,À CONFIRMER,À CONFIRMER,SUR_COMMANDE (document = tarif et bon de commande 2026),PRODUIT,LIBELLÉ IDENTIQUE – MÊME PRODUCTEUR,,,33,Tarif et bon de commande 2026 – onglet « TARIF NORMAND DIRECT 2026 »,ligne 333
PROD-0325,À CONFIRMER,Amour d'Hérout doux 33 cl cidre IGP,Amour d'Hérout doux 33 cl cidre IGP,À CONFIRMER,BOISSON_ALCOOLISEE,CIDRE,règle 33,MAISON HEROUT,FOUR-0020,MAISON HEROUT,MAISON HEROUT,FOUR-0001,NORMAND DIRECT TERROIR,Commande directe auprès de Normand Direct Terroir,À CONFIRMER,À CONFIRMER,À CONFIRMER,À CONFIRMER,À CONFIRMER,,AUCUNE_INFORMATION_DANS_LES_DOCUMENTS,À CONFIRMER,À CONFIRMER,,330.0,33 cl,À CONFIRMER,OUI,CIDRE,À CONFIRMER,,1.93,1.93,unité,PU HT,0.2,2.316,,,,,,,,,,À CONFIRMER,,12/,12,À CONFIRMER,À CONFIRMER,À CONFIRMER,À CONFIRMER,À CONFIRMER,À CONFIRMER,À CONFIRMER,OUI_DEDUIT,PROBABLE_DEDUIT_DU_CONDITIONNEMENT,OUI_DEDUIT_DU_CONDITIONNEMENT,OUI_DEDUIT,OUI,PROTECTION_BOUTEILLE_OU_CONTENANT_VERRE,"Boisson alcoolisée : vérifier les contraintes transporteur (déclaration, casse, interdiction sur certains services)",À CONFIRMER,À CONFIRMER,À CONFIRMER,À CONFIRMER,À CONFIRMER,ESSENTIEL,1,palier de prix d'achat (1.93 € HT) → 1,PROPOSITION AUTOMATIQUE – À VALIDER EN BACK-OFFICE,À CONFIRMER,À CONFIRMER,NON,À CONFIRMER,PRODUIT_FRAGILE,À CONFIRMER,À CONFIRMER,À CONFIRMER,À CONFIRMER,À CONFIRMER,À CONFIRMER,SUR_COMMANDE (document = tarif et bon de commande 2026),PRODUIT,,,,33,Tarif et bon de commande 2026 – onglet « TARIF NORMAND DIRECT 2026 »,ligne 334
PROD-0326,À CONFIRMER,Calvados Héritage 12 ans d'âge 20 cl,Calvados Héritage 12 ans d'âge 20 cl,À CONFIRMER,BOISSON_ALCOOLISEE,SPIRITUEUX_POMME,règle 36,MAISON HEROUT,FOUR-0020,MAISON HEROUT,MAISON HEROUT,FOUR-0001,NORMAND DIRECT TERROIR,Commande directe auprès de Normand Direct Terroir,À CONFIRMER,France,Normandie,À CONFIRMER,À CONFIRMER,Calvados (AOC),APPELLATION_PROTEGEE_CITEE_DANS_LE_DOCUMENT,NORMANDIE_CONFIRMEE,OUI,,200.0,20 cl,À CONFIRMER,OUI,SPIRITUEUX_POMME,À CONFIRMER,,16.06,16.06,unité,PU HT,0.2,19.272,,,,,,,,,,À CONFIRMER,,12/,12,À CONFIRMER,À CONFIRMER,À CONFIRMER,À CONFIRMER,À CONFIRMER,À CONFIRMER,À CONFIRMER,OUI_DEDUIT,PROBABLE_DEDUIT_DU_CONDITIONNEMENT,OUI_DEDUIT_DU_CONDITIONNEMENT,OUI_DEDUIT,OUI,PROTECTION_BOUTEILLE_OU_CONTENANT_VERRE,"Boisson alcoolisée : vérifier les contraintes transporteur (déclaration, casse, interdiction sur certains services)",À CONFIRMER,À CONFIRMER,À CONFIRMER,À CONFIRMER,À CONFIRMER,PRESTIGE,5,palier de prix d'achat (16.06 € HT) → 4 ; appellation protégée citée (Calvados (AOC)) → +1 ; spiritueux/vin de garde → +1,PROPOSITION AUTOMATIQUE – À VALIDER EN BACK-OFFICE,À CONFIRMER,À CONFIRMER,OUI,OUI,PRODUIT_LOCAL_EMBLEMATIQUE ; PRODUIT_FRAGILE ; PREMIUM,À CONFIRMER,À CONFIRMER,À CONFIRMER,À CONFIRMER,À CONFIRMER,À CONFIRMER,SUR_COMMANDE (document = tarif et bon de commande 2026),PRODUIT,LIBELLÉ IDENTIQUE – MÊME PRODUCTEUR,,,28,Tarif et bon de commande 2026 – onglet « TARIF NORMAND DIRECT 2026 »,ligne 335
PROD-0327,À CONFIRMER,Calvados Héritage 12 ans d'âge 35 cl,Calvados Héritage 12 ans d'âge 35 cl,À CONFIRMER,BOISSON_ALCOOLISEE,SPIRITUEUX_POMME,règle 36,MAISON HEROUT,FOUR-0020,MAISON HEROUT,MAISON HEROUT,FOUR-0001,NORMAND DIRECT TERROIR,Commande directe auprès de Normand Direct Terroir,À CONFIRMER,France,Normandie,À CONFIRMER,À CONFIRMER,Calvados (AOC),APPELLATION_PROTEGEE_CITEE_DANS_LE_DOCUMENT,NORMANDIE_CONFIRMEE,OUI,,350.0,35 cl,À CONFIRMER,OUI,SPIRITUEUX_POMME,À CONFIRMER,,25.25,25.25,unité,PU HT,0.2,30.3,,,,,,,,,,À CONFIRMER,,6/,6,À CONFIRMER,À CONFIRMER,À CONFIRMER,À CONFIRMER,À CONFIRMER,À CONFIRMER,À CONFIRMER,OUI_DEDUIT,PROBABLE_DEDUIT_DU_CONDITIONNEMENT,OUI_DEDUIT_DU_CONDITIONNEMENT,OUI_DEDUIT,OUI,PROTECTION_BOUTEILLE_OU_CONTENANT_VERRE,"Boisson alcoolisée : vérifier les contraintes transporteur (déclaration, casse, interdiction sur certains services)",À CONFIRMER,À CONFIRMER,À CONFIRMER,À CONFIRMER,À CONFIRMER,PRESTIGE,5,palier de prix d'achat (25.25 € HT) → 5 ; appellation protégée citée (Calvados (AOC)) → +1 ; spiritueux/vin de garde → +1,PROPOSITION AUTOMATIQUE – À VALIDER EN BACK-OFFICE,À CONFIRMER,À CONFIRMER,OUI,OUI,PRODUIT_LOCAL_EMBLEMATIQUE ; PRODUIT_FRAGILE ; PREMIUM,À CONFIRMER,À CONFIRMER,À CONFIRMER,À CONFIRMER,À CONFIRMER,À CONFIRMER,SUR_COMMANDE (document = tarif et bon de commande 2026),PRODUIT,LIBELLÉ IDENTIQUE – MÊME PRODUCTEUR,,,28,Tarif et bon de commande 2026 – onglet « TARIF NORMAND DIRECT 2026 »,ligne 336
PROD-0328,À CONFIRMER,Calvados Héritage 12 ans d'âge 70 cl,Calvados Héritage 12 ans d'âge 70 cl,À CONFIRMER,BOISSON_ALCOOLISEE,SPIRITUEUX_POMME,règle 36,MAISON HEROUT,FOUR-0020,MAISON HEROUT,MAISON HEROUT,FOUR-0001,NORMAND DIRECT TERROIR,Commande directe auprès de Normand Direct Terroir,À CONFIRMER,France,Normandie,À CONFIRMER,À CONFIRMER,Calvados (AOC),APPELLATION_PROTEGEE_CITEE_DANS_LE_DOCUMENT,NORMANDIE_CONFIRMEE,OUI,,700.0,70 cl,À CONFIRMER,OUI,SPIRITUEUX_POMME,À CONFIRMER,,43.34,43.34,unité,PU HT,0.2,52.008,,,,,,,,,,À CONFIRMER,,6/,6,À CONFIRMER,À CONFIRMER,À CONFIRMER,À CONFIRMER,À CONFIRMER,À CONFIRMER,À CONFIRMER,OUI_DEDUIT,PROBABLE_DEDUIT_DU_CONDITIONNEMENT,OUI_DEDUIT_DU_CONDITIONNEMENT,OUI_DEDUIT,OUI,PROTECTION_BOUTEILLE_OU_CONTENANT_VERRE,"Boisson alcoolisée : vérifier les contraintes transporteur (déclaration, casse, interdiction sur certains services)",À CONFIRMER,À CONFIRMER,À CONFIRMER,À CONFIRMER,À CONFIRMER,PRESTIGE,5,palier de prix d'achat (43.34 € HT) → 5 ; appellation protégée citée (Calvados (AOC)) → +1 ; spiritueux/vin de garde → +1,PROPOSITION AUTOMATIQUE – À VALIDER EN BACK-OFFICE,À CONFIRMER,À CONFIRMER,OUI,OUI,PRODUIT_LOCAL_EMBLEMATIQUE ; PRODUIT_FRAGILE ; PREMIUM,À CONFIRMER,À CONFIRMER,À CONFIRMER,À CONFIRMER,À CONFIRMER,À CONFIRMER,SUR_COMMANDE (document = tarif et bon de commande 2026),PRODUIT,LIBELLÉ IDENTIQUE – MÊME PRODUCTEUR,,,28,Tarif et bon de commande 2026 – onglet « TARIF NORMAND DIRECT 2026 »,ligne 337
PROD-0329,À CONFIRMER,Calvados Héritage 12 ans d'âge 150 cl,Calvados Héritage 12 ans d'âge 150 cl,À CONFIRMER,BOISSON_ALCOOLISEE,SPIRITUEUX_POMME,règle 36,MAISON HEROUT,FOUR-0020,MAISON HEROUT,MAISON HEROUT,FOUR-0001,NORMAND DIRECT TERROIR,Commande directe auprès de Normand Direct Terroir,À CONFIRMER,France,Normandie,À CONFIRMER,À CONFIRMER,Calvados (AOC),APPELLATION_PROTEGEE_CITEE_DANS_LE_DOCUMENT,NORMANDIE_CONFIRMEE,OUI,,1500.0,150 cl,À CONFIRMER,OUI,SPIRITUEUX_POMME,À CONFIRMER,,96.69,96.69,unité,PU HT,0.2,116.028,,,,,,,,,,À CONFIRMER,,1/,1,À CONFIRMER,À CONFIRMER,À CONFIRMER,À CONFIRMER,À CONFIRMER,À CONFIRMER,À CONFIRMER,OUI_DEDUIT,PROBABLE_DEDUIT_DU_CONDITIONNEMENT,OUI_DEDUIT_DU_CONDITIONNEMENT,OUI_DEDUIT,OUI,PROTECTION_BOUTEILLE_OU_CONTENANT_VERRE,"Boisson alcoolisée : vérifier les contraintes transporteur (déclaration, casse, interdiction sur certains services)",À CONFIRMER,À CONFIRMER,À CONFIRMER,À CONFIRMER,À CONFIRMER,PRESTIGE,5,palier de prix d'achat (96.69 € HT) → 5 ; appellation protégée citée (Calvados (AOC)) → +1 ; spiritueux/vin de garde → +1,PROPOSITION AUTOMATIQUE – À VALIDER EN BACK-OFFICE,À CONFIRMER,À CONFIRMER,OUI,OUI,PRODUIT_LOCAL_EMBLEMATIQUE ; PRODUIT_FRAGILE ; PREMIUM,À CONFIRMER,À CONFIRMER,À CONFIRMER,À CONFIRMER,À CONFIRMER,À CONFIRMER,SUR_COMMANDE (document = tarif et bon de commande 2026),PRODUIT,LIBELLÉ IDENTIQUE – MÊME PRODUCTEUR,,,28,Tarif et bon de commande 2026 – onglet « TARIF NORMAND DIRECT 2026 »,ligne 338
PROD-0330,À CONFIRMER,Calvados AOC-XO hors d'âge 6 ans 20 cl,Calvados AOC-XO hors d'âge 6 ans 20 cl,À CONFIRMER,BOISSON_ALCOOLISEE,SPIRITUEUX_POMME,règle 36,MAISON HEROUT,FOUR-0020,MAISON HEROUT,MAISON HEROUT,FOUR-0001,NORMAND DIRECT TERROIR,Commande directe auprès de Normand Direct Terroir,À CONFIRMER,France,Normandie,À CONFIRMER,À CONFIRMER,Calvados (AOC),APPELLATION_PROTEGEE_CITEE_DANS_LE_DOCUMENT,NORMANDIE_CONFIRMEE,OUI,,200.0,20 cl,À CONFIRMER,OUI,SPIRITUEUX_POMME,À CONFIRMER,,13.53,13.53,unité,PU HT,0.2,16.236,,,,,,,,,,À CONFIRMER,,6/,6,À CONFIRMER,À CONFIRMER,À CONFIRMER,À CONFIRMER,À CONFIRMER,À CONFIRMER,À CONFIRMER,OUI_DEDUIT,PROBABLE_DEDUIT_DU_CONDITIONNEMENT,OUI_DEDUIT_DU_CONDITIONNEMENT,OUI_DEDUIT,OUI,PROTECTION_BOUTEILLE_OU_CONTENANT_VERRE,"Boisson alcoolisée : vérifier les contraintes transporteur (déclaration, casse, interdiction sur certains services)",À CONFIRMER,À CONFIRMER,À CONFIRMER,À CONFIRMER,À CONFIRMER,PRESTIGE,5,palier de prix d'achat (13.53 € HT) → 4 ; appellation protégée citée (Calvados (AOC)) → +1 ; spiritueux/vin de garde → +1,PROPOSITION AUTOMATIQUE – À VALIDER EN BACK-OFFICE,À CONFIRMER,À CONFIRMER,OUI,OUI,PRODUIT_LOCAL_EMBLEMATIQUE ; PRODUIT_FRAGILE ; PREMIUM,À CONFIRMER,À CONFIRMER,À CONFIRMER,À CONFIRMER,À CONFIRMER,À CONFIRMER,SUR_COMMANDE (document = tarif et bon de commande 2026),PRODUIT,LIBELLÉ IDENTIQUE – MÊME PRODUCTEUR,,,28,Tarif et bon de commande 2026 – onglet « TARIF NORMAND DIRECT 2026 »,ligne 339
PROD-0331,À CONFIRMER,Calvados AOC-XO hors d'âge 6 ans 35 cl,Calvados AOC-XO hors d'âge 6 ans 35 cl,À CONFIRMER,BOISSON_ALCOOLISEE,SPIRITUEUX_POMME,règle 36,MAISON HEROUT,FOUR-0020,MAISON HEROUT,MAISON HEROUT,FOUR-0001,NORMAND DIRECT TERROIR,Commande directe auprès de Normand Direct Terroir,À CONFIRMER,France,Normandie,À CONFIRMER,À CONFIRMER,Calvados (AOC),APPELLATION_PROTEGEE_CITEE_DANS_LE_DOCUMENT,NORMANDIE_CONFIRMEE,OUI,,350.0,35 cl,À CONFIRMER,OUI,SPIRITUEUX_POMME,À CONFIRMER,,21.23,21.23,unité,PU HT,0.2,25.476,,,,,,,,,,À CONFIRMER,,6/,6,À CONFIRMER,À CONFIRMER,À CONFIRMER,À CONFIRMER,À CONFIRMER,À CONFIRMER,À CONFIRMER,OUI_DEDUIT,PROBABLE_DEDUIT_DU_CONDITIONNEMENT,OUI_DEDUIT_DU_CONDITIONNEMENT,OUI_DEDUIT,OUI,PROTECTION_BOUTEILLE_OU_CONTENANT_VERRE,"Boisson alcoolisée : vérifier les contraintes transporteur (déclaration, casse, interdiction sur certains services)",À CONFIRMER,À CONFIRMER,À CONFIRMER,À CONFIRMER,À CONFIRMER,PRESTIGE,5,palier de prix d'achat (21.23 € HT) → 4 ; appellation protégée citée (Calvados (AOC)) → +1 ; spiritueux/vin de garde → +1,PROPOSITION AUTOMATIQUE – À VALIDER EN BACK-OFFICE,À CONFIRMER,À CONFIRMER,OUI,OUI,PRODUIT_LOCAL_EMBLEMATIQUE ; PRODUIT_FRAGILE ; PREMIUM,À CONFIRMER,À CONFIRMER,À CONFIRMER,À CONFIRMER,À CONFIRMER,À CONFIRMER,SUR_COMMANDE (document = tarif et bon de commande 2026),PRODUIT,LIBELLÉ IDENTIQUE – MÊME PRODUCTEUR,,,28,Tarif et bon de commande 2026 – onglet « TARIF NORMAND DIRECT 2026 »,ligne 340
PROD-0332,À CONFIRMER,Calvados AOC-XO hors d'âge 6 ans 70 cl,Calvados AOC-XO hors d'âge 6 ans 70 cl,À CONFIRMER,BOISSON_ALCOOLISEE,SPIRITUEUX_POMME,règle 36,MAISON HEROUT,FOUR-0020,MAISON HEROUT,MAISON HEROUT,FOUR-0001,NORMAND DIRECT TERROIR,Commande directe auprès de Normand Direct Terroir,À CONFIRMER,France,Normandie,À CONFIRMER,À CONFIRMER,Calvados (AOC),APPELLATION_PROTEGEE_CITEE_DANS_LE_DOCUMENT,NORMANDIE_CONFIRMEE,OUI,,700.0,70 cl,À CONFIRMER,OUI,SPIRITUEUX_POMME,À CONFIRMER,,36.52,36.52,unité,PU HT,0.2,43.824,,,,,,,,,,À CONFIRMER,,6/,6,À CONFIRMER,À CONFIRMER,À CONFIRMER,À CONFIRMER,À CONFIRMER,À CONFIRMER,À CONFIRMER,OUI_DEDUIT,PROBABLE_DEDUIT_DU_CONDITIONNEMENT,OUI_DEDUIT_DU_CONDITIONNEMENT,OUI_DEDUIT,OUI,PROTECTION_BOUTEILLE_OU_CONTENANT_VERRE,"Boisson alcoolisée : vérifier les contraintes transporteur (déclaration, casse, interdiction sur certains services)",À CONFIRMER,À CONFIRMER,À CONFIRMER,À CONFIRMER,À CONFIRMER,PRESTIGE,5,palier de prix d'achat (36.52 € HT) → 5 ; appellation protégée citée (Calvados (AOC)) → +1 ; spiritueux/vin de garde → +1,PROPOSITION AUTOMATIQUE – À VALIDER EN BACK-OFFICE,À CONFIRMER,À CONFIRMER,OUI,OUI,PRODUIT_LOCAL_EMBLEMATIQUE ; PRODUIT_FRAGILE ; PREMIUM,À CONFIRMER,À CONFIRMER,À CONFIRMER,À CONFIRMER,À CONFIRMER,À CONFIRMER,SUR_COMMANDE (document = tarif et bon de commande 2026),PRODUIT,LIBELLÉ IDENTIQUE – MÊME PRODUCTEUR,,,28,Tarif et bon de commande 2026 – onglet « TARIF NORMAND DIRECT 2026 »,ligne 341
PROD-0333,À CONFIRMER,Calvados AOC-XO hors d'âge 6 ans 150 cl,Calvados AOC-XO hors d'âge 6 ans 150 cl,À CONFIRMER,BOISSON_ALCOOLISEE,SPIRITUEUX_POMME,règle 36,MAISON HEROUT,FOUR-0020,MAISON HEROUT,MAISON HEROUT,FOUR-0001,NORMAND DIRECT TERROIR,Commande directe auprès de Normand Direct Terroir,À CONFIRMER,France,Normandie,À CONFIRMER,À CONFIRMER,Calvados (AOC),APPELLATION_PROTEGEE_CITEE_DANS_LE_DOCUMENT,NORMANDIE_CONFIRMEE,OUI,,1500.0,150 cl,À CONFIRMER,OUI,SPIRITUEUX_POMME,À CONFIRMER,,82.83,82.83,unité,PU HT,0.2,99.396,,,,,,,,,,À CONFIRMER,,1/,1,À CONFIRMER,À CONFIRMER,À CONFIRMER,À CONFIRMER,À CONFIRMER,À CONFIRMER,À CONFIRMER,OUI_DEDUIT,PROBABLE_DEDUIT_DU_CONDITIONNEMENT,OUI_DEDUIT_DU_CONDITIONNEMENT,OUI_DEDUIT,OUI,PROTECTION_BOUTEILLE_OU_CONTENANT_VERRE,"Boisson alcoolisée : vérifier les contraintes transporteur (déclaration, casse, interdiction sur certains services)",À CONFIRMER,À CONFIRMER,À CONFIRMER,À CONFIRMER,À CONFIRMER,PRESTIGE,5,palier de prix d'achat (82.83 € HT) → 5 ; appellation protégée citée (Calvados (AOC)) → +1 ; spiritueux/vin de garde → +1,PROPOSITION AUTOMATIQUE – À VALIDER EN BACK-OFFICE,À CONFIRMER,À CONFIRMER,OUI,OUI,PRODUIT_LOCAL_EMBLEMATIQUE ; PRODUIT_FRAGILE ; PREMIUM,À CONFIRMER,À CONFIRMER,À CONFIRMER,À CONFIRMER,À CONFIRMER,À CONFIRMER,SUR_COMMANDE (document = tarif et bon de commande 2026),PRODUIT,LIBELLÉ IDENTIQUE – MÊME PRODUCTEUR,,,28,Tarif et bon de commande 2026 – onglet « TARIF NORMAND DIRECT 2026 »,ligne 342
PROD-0334,À CONFIRMER,Calvados AOC-VSOP vielle réserve 4 ans 20 cl,Calvados AOC-VSOP vielle réserve 4 ans 20 cl,À CONFIRMER,BOISSON_ALCOOLISEE,SPIRITUEUX_POMME,règle 36,MAISON HEROUT,FOUR-0020,MAISON HEROUT,MAISON HEROUT,FOUR-0001,NORMAND DIRECT TERROIR,Commande directe auprès de Normand Direct Terroir,À CONFIRMER,France,Normandie,À CONFIRMER,À CONFIRMER,Calvados (AOC),APPELLATION_PROTEGEE_CITEE_DANS_LE_DOCUMENT,NORMANDIE_CONFIRMEE,OUI,,200.0,20 cl,À CONFIRMER,OUI,SPIRITUEUX_POMME,À CONFIRMER,,11.33,11.33,unité,PU HT,0.2,13.596,,,,,,,,,,À CONFIRMER,,6/,6,À CONFIRMER,À CONFIRMER,À CONFIRMER,À CONFIRMER,À CONFIRMER,À CONFIRMER,À CONFIRMER,OUI_DEDUIT,PROBABLE_DEDUIT_DU_CONDITIONNEMENT,OUI_DEDUIT_DU_CONDITIONNEMENT,OUI_DEDUIT,OUI,PROTECTION_BOUTEILLE_OU_CONTENANT_VERRE,"Boisson alcoolisée : vérifier les contraintes transporteur (déclaration, casse, interdiction sur certains services)",À CONFIRMER,À CONFIRMER,À CONFIRMER,À CONFIRMER,À CONFIRMER,PRESTIGE,5,palier de prix d'achat (11.33 € HT) → 4 ; appellation protégée citée (Calvados (AOC)) → +1 ; spiritueux/vin de garde → +1,PROPOSITION AUTOMATIQUE – À VALIDER EN BACK-OFFICE,À CONFIRMER,À CONFIRMER,OUI,OUI,PRODUIT_LOCAL_EMBLEMATIQUE ; PRODUIT_FRAGILE ; PREMIUM,À CONFIRMER,À CONFIRMER,À CONFIRMER,À CONFIRMER,À CONFIRMER,À CONFIRMER,SUR_COMMANDE (document = tarif et bon de commande 2026),PRODUIT,LIBELLÉ IDENTIQUE – MÊME PRODUCTEUR,,,28,Tarif et bon de commande 2026 – onglet « TARIF NORMAND DIRECT 2026 »,ligne 343
PROD-0335,À CONFIRMER,Calvados AOC-VSOP vielle réserve 4 ans 35 cl,Calvados AOC-VSOP vielle réserve 4 ans 35 cl,À CONFIRMER,BOISSON_ALCOOLISEE,SPIRITUEUX_POMME,règle 36,MAISON HEROUT,FOUR-0020,MAISON HEROUT,MAISON HEROUT,FOUR-0001,NORMAND DIRECT TERROIR,Commande directe auprès de Normand Direct Terroir,À CONFIRMER,France,Normandie,À CONFIRMER,À CONFIRMER,Calvados (AOC),APPELLATION_PROTEGEE_CITEE_DANS_LE_DOCUMENT,NORMANDIE_CONFIRMEE,OUI,,350.0,35 cl,À CONFIRMER,OUI,SPIRITUEUX_POMME,À CONFIRMER,,17.82,17.82,unité,PU HT,0.2,21.384,,,,,,,,,,À CONFIRMER,,6/,6,À CONFIRMER,À CONFIRMER,À CONFIRMER,À CONFIRMER,À CONFIRMER,À CONFIRMER,À CONFIRMER,OUI_DEDUIT,PROBABLE_DEDUIT_DU_CONDITIONNEMENT,OUI_DEDUIT_DU_CONDITIONNEMENT,OUI_DEDUIT,OUI,PROTECTION_BOUTEILLE_OU_CONTENANT_VERRE,"Boisson alcoolisée : vérifier les contraintes transporteur (déclaration, casse, interdiction sur certains services)",À CONFIRMER,À CONFIRMER,À CONFIRMER,À CONFIRMER,À CONFIRMER,PRESTIGE,5,palier de prix d'achat (17.82 € HT) → 4 ; appellation protégée citée (Calvados (AOC)) → +1 ; spiritueux/vin de garde → +1,PROPOSITION AUTOMATIQUE – À VALIDER EN BACK-OFFICE,À CONFIRMER,À CONFIRMER,OUI,OUI,PRODUIT_LOCAL_EMBLEMATIQUE ; PRODUIT_FRAGILE ; PREMIUM,À CONFIRMER,À CONFIRMER,À CONFIRMER,À CONFIRMER,À CONFIRMER,À CONFIRMER,SUR_COMMANDE (document = tarif et bon de commande 2026),PRODUIT,LIBELLÉ IDENTIQUE – MÊME PRODUCTEUR,,,28,Tarif et bon de commande 2026 – onglet « TARIF NORMAND DIRECT 2026 »,ligne 344
PROD-0336,À CONFIRMER,Calvados AOC-VSOP vielle réserve 4 ans 70 cl,Calvados AOC-VSOP vielle réserve 4 ans 70 cl,À CONFIRMER,BOISSON_ALCOOLISEE,SPIRITUEUX_POMME,règle 36,MAISON HEROUT,FOUR-0020,MAISON HEROUT,MAISON HEROUT,FOUR-0001,NORMAND DIRECT TERROIR,Commande directe auprès de Normand Direct Terroir,À CONFIRMER,France,Normandie,À CONFIRMER,À CONFIRMER,Calvados (AOC),APPELLATION_PROTEGEE_CITEE_DANS_LE_DOCUMENT,NORMANDIE_CONFIRMEE,OUI,,700.0,70 cl,À CONFIRMER,OUI,SPIRITUEUX_POMME,À CONFIRMER,,30.7,30.7,unité,PU HT,0.2,36.84,,,,,,,,,,À CONFIRMER,,6/,6,À CONFIRMER,À CONFIRMER,À CONFIRMER,À CONFIRMER,À CONFIRMER,À CONFIRMER,À CONFIRMER,OUI_DEDUIT,PROBABLE_DEDUIT_DU_CONDITIONNEMENT,OUI_DEDUIT_DU_CONDITIONNEMENT,OUI_DEDUIT,OUI,PROTECTION_BOUTEILLE_OU_CONTENANT_VERRE,"Boisson alcoolisée : vérifier les contraintes transporteur (déclaration, casse, interdiction sur certains services)",À CONFIRMER,À CONFIRMER,À CONFIRMER,À CONFIRMER,À CONFIRMER,PRESTIGE,5,palier de prix d'achat (30.70 € HT) → 5 ; appellation protégée citée (Calvados (AOC)) → +1 ; spiritueux/vin de garde → +1,PROPOSITION AUTOMATIQUE – À VALIDER EN BACK-OFFICE,À CONFIRMER,À CONFIRMER,OUI,OUI,PRODUIT_LOCAL_EMBLEMATIQUE ; PRODUIT_FRAGILE ; PREMIUM,À CONFIRMER,À CONFIRMER,À CONFIRMER,À CONFIRMER,À CONFIRMER,À CONFIRMER,SUR_COMMANDE (document = tarif et bon de commande 2026),PRODUIT,LIBELLÉ IDENTIQUE – MÊME PRODUCTEUR,,,28,Tarif et bon de commande 2026 – onglet « TARIF NORMAND DIRECT 2026 »,ligne 345
PROD-0337,À CONFIRMER,Calvados AOC-VSOP vielle réserve 4 ans 150 cl,Calvados AOC-VSOP vielle réserve 4 ans 150 cl,À CONFIRMER,BOISSON_ALCOOLISEE,SPIRITUEUX_POMME,règle 36,MAISON HEROUT,FOUR-0020,MAISON HEROUT,MAISON HEROUT,FOUR-0001,NORMAND DIRECT TERROIR,Commande directe auprès de Normand Direct Terroir,À CONFIRMER,France,Normandie,À CONFIRMER,À CONFIRMER,Calvados (AOC),APPELLATION_PROTEGEE_CITEE_DANS_LE_DOCUMENT,NORMANDIE_CONFIRMEE,OUI,,1500.0,150 cl,À CONFIRMER,OUI,SPIRITUEUX_POMME,À CONFIRMER,,69.85,69.85,unité,PU HT,0.2,83.82,,,,,,,,,,À CONFIRMER,,1/,1,À CONFIRMER,À CONFIRMER,À CONFIRMER,À CONFIRMER,À CONFIRMER,À CONFIRMER,À CONFIRMER,OUI_DEDUIT,PROBABLE_DEDUIT_DU_CONDITIONNEMENT,OUI_DEDUIT_DU_CONDITIONNEMENT,OUI_DEDUIT,OUI,PROTECTION_BOUTEILLE_OU_CONTENANT_VERRE,"Boisson alcoolisée : vérifier les contraintes transporteur (déclaration, casse, interdiction sur certains services)",À CONFIRMER,À CONFIRMER,À CONFIRMER,À CONFIRMER,À CONFIRMER,PRESTIGE,5,palier de prix d'achat (69.85 € HT) → 5 ; appellation protégée citée (Calvados (AOC)) → +1 ; spiritueux/vin de garde → +1,PROPOSITION AUTOMATIQUE – À VALIDER EN BACK-OFFICE,À CONFIRMER,À CONFIRMER,OUI,OUI,PRODUIT_LOCAL_EMBLEMATIQUE ; PRODUIT_FRAGILE ; PREMIUM,À CONFIRMER,À CONFIRMER,À CONFIRMER,À CONFIRMER,À CONFIRMER,À CONFIRMER,SUR_COMMANDE (document = tarif et bon de commande 2026),PRODUIT,LIBELLÉ IDENTIQUE – MÊME PRODUCTEUR,,,28,Tarif et bon de commande 2026 – onglet « TARIF NORMAND DIRECT 2026 »,ligne 346
PROD-0338,À CONFIRMER,Calvados VS 2 ans 20 cl,Calvados VS 2 ans 20 cl,À CONFIRMER,BOISSON_ALCOOLISEE,SPIRITUEUX_POMME,règle 36,MAISON HEROUT,FOUR-0020,MAISON HEROUT,MAISON HEROUT,FOUR-0001,NORMAND DIRECT TERROIR,Commande directe auprès de Normand Direct Terroir,À CONFIRMER,France,Normandie,À CONFIRMER,À CONFIRMER,Calvados (AOC),APPELLATION_PROTEGEE_CITEE_DANS_LE_DOCUMENT,NORMANDIE_CONFIRMEE,OUI,,200.0,20 cl,À CONFIRMER,OUI,SPIRITUEUX_POMME,À CONFIRMER,,9.57,9.57,unité,PU HT,0.2,11.484,,,,,,,,,,À CONFIRMER,,6/,6,À CONFIRMER,À CONFIRMER,À CONFIRMER,À CONFIRMER,À CONFIRMER,À CONFIRMER,À CONFIRMER,OUI_DEDUIT,PROBABLE_DEDUIT_DU_CONDITIONNEMENT,OUI_DEDUIT_DU_CONDITIONNEMENT,OUI_DEDUIT,OUI,PROTECTION_BOUTEILLE_OU_CONTENANT_VERRE,"Boisson alcoolisée : vérifier les contraintes transporteur (déclaration, casse, interdiction sur certains services)",À CONFIRMER,À CONFIRMER,À CONFIRMER,À CONFIRMER,À CONFIRMER,PRESTIGE,5,palier de prix d'achat (9.57 € HT) → 3 ; appellation protégée citée (Calvados (AOC)) → +1 ; spiritueux/vin de garde → +1,PROPOSITION AUTOMATIQUE – À VALIDER EN BACK-OFFICE,À CONFIRMER,À CONFIRMER,OUI,OUI,PRODUIT_LOCAL_EMBLEMATIQUE ; PRODUIT_FRAGILE ; PREMIUM,À CONFIRMER,À CONFIRMER,À CONFIRMER,À CONFIRMER,À CONFIRMER,À CONFIRMER,SUR_COMMANDE (document = tarif et bon de commande 2026),PRODUIT,LIBELLÉ IDENTIQUE – MÊME PRODUCTEUR,,,28,Tarif et bon de commande 2026 – onglet « TARIF NORMAND DIRECT 2026 »,ligne 347
PROD-0339,À CONFIRMER,Calvados VS 2 ans 70 cl,Calvados VS 2 ans 70 cl,À CONFIRMER,BOISSON_ALCOOLISEE,SPIRITUEUX_POMME,règle 36,MAISON HEROUT,FOUR-0020,MAISON HEROUT,MAISON HEROUT,FOUR-0001,NORMAND DIRECT TERROIR,Commande directe auprès de Normand Direct Terroir,À CONFIRMER,France,Normandie,À CONFIRMER,À CONFIRMER,Calvados (AOC),APPELLATION_PROTEGEE_CITEE_DANS_LE_DOCUMENT,NORMANDIE_CONFIRMEE,OUI,,700.0,70 cl,À CONFIRMER,OUI,SPIRITUEUX_POMME,À CONFIRMER,,25.41,25.41,unité,PU HT,0.2,30.492,,,,,,,,,,À CONFIRMER,,6/,6,À CONFIRMER,À CONFIRMER,À CONFIRMER,À CONFIRMER,À CONFIRMER,À CONFIRMER,À CONFIRMER,OUI_DEDUIT,PROBABLE_DEDUIT_DU_CONDITIONNEMENT,OUI_DEDUIT_DU_CONDITIONNEMENT,OUI_DEDUIT,OUI,PROTECTION_BOUTEILLE_OU_CONTENANT_VERRE,"Boisson alcoolisée : vérifier les contraintes transporteur (déclaration, casse, interdiction sur certains services)",À CONFIRMER,À CONFIRMER,À CONFIRMER,À CONFIRMER,À CONFIRMER,PRESTIGE,5,palier de prix d'achat (25.41 € HT) → 5 ; appellation protégée citée (Calvados (AOC)) → +1 ; spiritueux/vin de garde → +1,PROPOSITION AUTOMATIQUE – À VALIDER EN BACK-OFFICE,À CONFIRMER,À CONFIRMER,OUI,OUI,PRODUIT_LOCAL_EMBLEMATIQUE ; PRODUIT_FRAGILE ; PREMIUM,À CONFIRMER,À CONFIRMER,À CONFIRMER,À CONFIRMER,À CONFIRMER,À CONFIRMER,SUR_COMMANDE (document = tarif et bon de commande 2026),PRODUIT,LIBELLÉ IDENTIQUE – MÊME PRODUCTEUR,,,28,Tarif et bon de commande 2026 – onglet « TARIF NORMAND DIRECT 2026 »,ligne 348
PROD-0340,À CONFIRMER,BLANCHE d'alambic bio 70 cl,BLANCHE d'alambic bio 70 cl,À CONFIRMER,BOISSON_ALCOOLISEE,SPIRITUEUX_POMME,règle 36,MAISON HEROUT,FOUR-0020,MAISON HEROUT,MAISON HEROUT,FOUR-0001,NORMAND DIRECT TERROIR,Commande directe auprès de Normand Direct Terroir,À CONFIRMER,À CONFIRMER,À CONFIRMER,À CONFIRMER,À CONFIRMER,,AUCUNE_INFORMATION_DANS_LES_DOCUMENTS,À CONFIRMER,À CONFIRMER,,700.0,70 cl,À CONFIRMER,OUI,SPIRITUEUX_POMME,À CONFIRMER,,23.65,23.65,unité,PU HT,0.2,28.38,,,,,,,,,,À CONFIRMER,,6/,6,À CONFIRMER,À CONFIRMER,À CONFIRMER,À CONFIRMER,À CONFIRMER,À CONFIRMER,À CONFIRMER,OUI_DEDUIT,PROBABLE_DEDUIT_DU_CONDITIONNEMENT,OUI_DEDUIT_DU_CONDITIONNEMENT,OUI_DEDUIT,OUI,PROTECTION_BOUTEILLE_OU_CONTENANT_VERRE,"Boisson alcoolisée : vérifier les contraintes transporteur (déclaration, casse, interdiction sur certains services)",À CONFIRMER,À CONFIRMER,À CONFIRMER,À CONFIRMER,À CONFIRMER,PRESTIGE,5,palier de prix d'achat (23.65 € HT) → 4 ; spiritueux/vin de garde → +1,PROPOSITION AUTOMATIQUE – À VALIDER EN BACK-OFFICE,À CONFIRMER,À CONFIRMER,OUI,À CONFIRMER,PRODUIT_FRAGILE ; PREMIUM,À CONFIRMER,À CONFIRMER,À CONFIRMER,À CONFIRMER,À CONFIRMER,À CONFIRMER,SUR_COMMANDE (document = tarif et bon de commande 2026),PRODUIT,LIBELLÉ IDENTIQUE – MÊME PRODUCTEUR,,,33,Tarif et bon de commande 2026 – onglet « TARIF NORMAND DIRECT 2026 »,ligne 349
PROD-0341,À CONFIRMER,BLANCHE d'alambic bio 20 cl,BLANCHE d'alambic bio 20 cl,À CONFIRMER,BOISSON_ALCOOLISEE,SPIRITUEUX_POMME,règle 36,MAISON HEROUT,FOUR-0020,MAISON HEROUT,MAISON HEROUT,FOUR-0001,NORMAND DIRECT TERROIR,Commande directe auprès de Normand Direct Terroir,À CONFIRMER,À CONFIRMER,À CONFIRMER,À CONFIRMER,À CONFIRMER,,AUCUNE_INFORMATION_DANS_LES_DOCUMENTS,À CONFIRMER,À CONFIRMER,,200.0,20 cl,À CONFIRMER,OUI,SPIRITUEUX_POMME,À CONFIRMER,,8.75,8.75,unité,PU HT,0.2,10.5,,,,,,,,,,À CONFIRMER,,12/,12,À CONFIRMER,À CONFIRMER,À CONFIRMER,À CONFIRMER,À CONFIRMER,À CONFIRMER,À CONFIRMER,OUI_DEDUIT,PROBABLE_DEDUIT_DU_CONDITIONNEMENT,OUI_DEDUIT_DU_CONDITIONNEMENT,OUI_DEDUIT,OUI,PROTECTION_BOUTEILLE_OU_CONTENANT_VERRE,"Boisson alcoolisée : vérifier les contraintes transporteur (déclaration, casse, interdiction sur certains services)",À CONFIRMER,À CONFIRMER,À CONFIRMER,À CONFIRMER,À CONFIRMER,PREMIUM,4,palier de prix d'achat (8.75 € HT) → 3 ; spiritueux/vin de garde → +1,PROPOSITION AUTOMATIQUE – À VALIDER EN BACK-OFFICE,À CONFIRMER,À CONFIRMER,OUI,À CONFIRMER,PRODUIT_FRAGILE ; PREMIUM,À CONFIRMER,À CONFIRMER,À CONFIRMER,À CONFIRMER,À CONFIRMER,À CONFIRMER,SUR_COMMANDE (document = tarif et bon de commande 2026),PRODUIT,LIBELLÉ IDENTIQUE – MÊME PRODUCTEUR,,,33,Tarif et bon de commande 2026 – onglet « TARIF NORMAND DIRECT 2026 »,ligne 350
PROD-0342,À CONFIRMER,Pommeau bio 70 cl,Pommeau bio 70 cl,À CONFIRMER,BOISSON_ALCOOLISEE,POMMEAU,règle 35,MAISON HEROUT,FOUR-0020,MAISON HEROUT,MAISON HEROUT,FOUR-0001,NORMAND DIRECT TERROIR,Commande directe auprès de Normand Direct Terroir,À CONFIRMER,À CONFIRMER,À CONFIRMER,À CONFIRMER,À CONFIRMER,,AUCUNE_INFORMATION_DANS_LES_DOCUMENTS,À CONFIRMER,À CONFIRMER,,700.0,70 cl,À CONFIRMER,OUI,POMMEAU,À CONFIRMER,,15.18,15.18,unité,PU HT,0.2,18.216,,,,,,,,,,À CONFIRMER,,6/,6,À CONFIRMER,À CONFIRMER,À CONFIRMER,À CONFIRMER,À CONFIRMER,À CONFIRMER,À CONFIRMER,OUI_DEDUIT,PROBABLE_DEDUIT_DU_CONDITIONNEMENT,OUI_DEDUIT_DU_CONDITIONNEMENT,OUI_DEDUIT,OUI,PROTECTION_BOUTEILLE_OU_CONTENANT_VERRE,"Boisson alcoolisée : vérifier les contraintes transporteur (déclaration, casse, interdiction sur certains services)",À CONFIRMER,À CONFIRMER,À CONFIRMER,À CONFIRMER,À CONFIRMER,PRESTIGE,5,palier de prix d'achat (15.18 € HT) → 4 ; spiritueux/vin de garde → +1,PROPOSITION AUTOMATIQUE – À VALIDER EN BACK-OFFICE,À CONFIRMER,À CONFIRMER,OUI,À CONFIRMER,PRODUIT_FRAGILE ; PREMIUM,À CONFIRMER,À CONFIRMER,À CONFIRMER,À CONFIRMER,À CONFIRMER,À CONFIRMER,SUR_COMMANDE (document = tarif et bon de commande 2026),PRODUIT,LIBELLÉ IDENTIQUE – MÊME PRODUCTEUR,,,33,Tarif et bon de commande 2026 – onglet « TARIF NORMAND DIRECT 2026 »,ligne 351
PROD-0343,À CONFIRMER,pommeau bio 20 cl,pommeau bio 20 cl,À CONFIRMER,BOISSON_ALCOOLISEE,POMMEAU,règle 35,MAISON HEROUT,FOUR-0020,MAISON HEROUT,MAISON HEROUT,FOUR-0001,NORMAND DIRECT TERROIR,Commande directe auprès de Normand Direct Terroir,À CONFIRMER,À CONFIRMER,À CONFIRMER,À CONFIRMER,À CONFIRMER,,AUCUNE_INFORMATION_DANS_LES_DOCUMENTS,À CONFIRMER,À CONFIRMER,,200.0,20 cl,À CONFIRMER,OUI,POMMEAU,À CONFIRMER,,6.27,6.27,unité,PU HT,0.2,7.524,,,,,,,,,,À CONFIRMER,,6/,6,À CONFIRMER,À CONFIRMER,À CONFIRMER,À CONFIRMER,À CONFIRMER,À CONFIRMER,À CONFIRMER,OUI_DEDUIT,PROBABLE_DEDUIT_DU_CONDITIONNEMENT,OUI_DEDUIT_DU_CONDITIONNEMENT,OUI_DEDUIT,OUI,PROTECTION_BOUTEILLE_OU_CONTENANT_VERRE,"Boisson alcoolisée : vérifier les contraintes transporteur (déclaration, casse, interdiction sur certains services)",À CONFIRMER,À CONFIRMER,À CONFIRMER,À CONFIRMER,À CONFIRMER,PREMIUM,4,palier de prix d'achat (6.27 € HT) → 3 ; spiritueux/vin de garde → +1,PROPOSITION AUTOMATIQUE – À VALIDER EN BACK-OFFICE,À CONFIRMER,À CONFIRMER,OUI,À CONFIRMER,PRODUIT_FRAGILE ; PREMIUM,À CONFIRMER,À CONFIRMER,À CONFIRMER,À CONFIRMER,À CONFIRMER,À CONFIRMER,SUR_COMMANDE (document = tarif et bon de commande 2026),PRODUIT,LIBELLÉ IDENTIQUE – MÊME PRODUCTEUR,,,33,Tarif et bon de commande 2026 – onglet « TARIF NORMAND DIRECT 2026 »,ligne 352
PROD-0344,À CONFIRMER,Jus de pomme bio 25 cl,Jus de pomme bio 25 cl,À CONFIRMER,BOISSON_SANS_ALCOOL,JUS_DE_FRUIT,règle 31,MAISON HEROUT,FOUR-0020,MAISON HEROUT,MAISON HEROUT,FOUR-0001,NORMAND DIRECT TERROIR,Commande directe auprès de Normand Direct Terroir,À CONFIRMER,À CONFIRMER,À CONFIRMER,À CONFIRMER,À CONFIRMER,,AUCUNE_INFORMATION_DANS_LES_DOCUMENTS,À CONFIRMER,À CONFIRMER,,250.0,25 cl,,NON,,À CONFIRMER,,1.98,1.98,unité,PU HT,0.055,2.0889,,,,,,,,,,À CONFIRMER,,24/,24,À CONFIRMER,À CONFIRMER,À CONFIRMER,À CONFIRMER,À CONFIRMER,À CONFIRMER,À CONFIRMER,OUI_DEDUIT,PROBABLE_DEDUIT_DU_CONDITIONNEMENT,OUI_DEDUIT_DU_CONDITIONNEMENT,OUI_DEDUIT,OUI,PROTECTION_BOUTEILLE_OU_CONTENANT_VERRE,À CONFIRMER,À CONFIRMER,À CONFIRMER,À CONFIRMER,À CONFIRMER,À CONFIRMER,ESSENTIEL,1,palier de prix d'achat (1.98 € HT) → 1,PROPOSITION AUTOMATIQUE – À VALIDER EN BACK-OFFICE,À CONFIRMER,À CONFIRMER,NON,À CONFIRMER,PRODUIT_FRAGILE,À CONFIRMER,À CONFIRMER,À CONFIRMER,À CONFIRMER,À CONFIRMER,À CONFIRMER,SUR_COMMANDE (document = tarif et bon de commande 2026),PRODUIT,LIBELLÉ IDENTIQUE – MÊME PRODUCTEUR,,,33,Tarif et bon de commande 2026 – onglet « TARIF NORMAND DIRECT 2026 »,ligne 353
PROD-0345,À CONFIRMER,Jus de pomme bio 100 cl,Jus de pomme bio 100 cl,À CONFIRMER,BOISSON_SANS_ALCOOL,JUS_DE_FRUIT,règle 31,MAISON HEROUT,FOUR-0020,MAISON HEROUT,MAISON HEROUT,FOUR-0001,NORMAND DIRECT TERROIR,Commande directe auprès de Normand Direct Terroir,À CONFIRMER,À CONFIRMER,À CONFIRMER,À CONFIRMER,À CONFIRMER,,AUCUNE_INFORMATION_DANS_LES_DOCUMENTS,À CONFIRMER,À CONFIRMER,,1000.0,100 cl,,NON,,À CONFIRMER,,3.85,3.85,unité,PU HT,0.055,4.0617,,,,,,,,,,À CONFIRMER,,6/,6,À CONFIRMER,À CONFIRMER,À CONFIRMER,À CONFIRMER,À CONFIRMER,À CONFIRMER,À CONFIRMER,OUI_DEDUIT,PROBABLE_DEDUIT_DU_CONDITIONNEMENT,OUI_DEDUIT_DU_CONDITIONNEMENT,OUI_DEDUIT,OUI,PROTECTION_BOUTEILLE_OU_CONTENANT_VERRE,À CONFIRMER,À CONFIRMER,À CONFIRMER,À CONFIRMER,À CONFIRMER,À CONFIRMER,ESSENTIEL,2,palier de prix d'achat (3.85 € HT) → 2,PROPOSITION AUTOMATIQUE – À VALIDER EN BACK-OFFICE,À CONFIRMER,À CONFIRMER,NON,À CONFIRMER,PRODUIT_FRAGILE,À CONFIRMER,À CONFIRMER,À CONFIRMER,À CONFIRMER,À CONFIRMER,À CONFIRMER,SUR_COMMANDE (document = tarif et bon de commande 2026),PRODUIT,LIBELLÉ IDENTIQUE – MÊME PRODUCTEUR,,,33,Tarif et bon de commande 2026 – onglet « TARIF NORMAND DIRECT 2026 »,ligne 354
PROD-0346,À CONFIRMER,jus de pomme bio 300 cl bib,jus de pomme bio 300 cl bib,À CONFIRMER,BOISSON_SANS_ALCOOL,JUS_DE_FRUIT,règle 31,MAISON HEROUT,FOUR-0020,MAISON HEROUT,MAISON HEROUT,FOUR-0001,NORMAND DIRECT TERROIR,Commande directe auprès de Normand Direct Terroir,À CONFIRMER,À CONFIRMER,À CONFIRMER,À CONFIRMER,À CONFIRMER,,AUCUNE_INFORMATION_DANS_LES_DOCUMENTS,À CONFIRMER,À CONFIRMER,,3000.0,300 cl,,NON,,À CONFIRMER,,9.68,9.68,unité,PU HT,0.055,10.2124,,,,,,,,,,À CONFIRMER,,4/,4,À CONFIRMER,À CONFIRMER,À CONFIRMER,À CONFIRMER,À CONFIRMER,À CONFIRMER,À CONFIRMER,À CONFIRMER,NON_DEDUIT_DU_CONDITIONNEMENT,OUI_DEDUIT_DU_CONDITIONNEMENT,À CONFIRMER,À CONFIRMER,À CONFIRMER,À CONFIRMER,À CONFIRMER,À CONFIRMER,À CONFIRMER,À CONFIRMER,À CONFIRMER,SIGNATURE,3,palier de prix d'achat (9.68 € HT) → 3,PROPOSITION AUTOMATIQUE – À VALIDER EN BACK-OFFICE,À CONFIRMER,À CONFIRMER,NON,À CONFIRMER,,À CONFIRMER,À CONFIRMER,À CONFIRMER,À CONFIRMER,À CONFIRMER,À CONFIRMER,SUR_COMMANDE (document = tarif et bon de commande 2026),PRODUIT,,,,37,Tarif et bon de commande 2026 – onglet « TARIF NORMAND DIRECT 2026 »,ligne 355
PROD-0347,À CONFIRMER,Vinaigre de cidre bio 25 cl,Vinaigre de cidre bio 25 cl,À CONFIRMER,EPICERIE_SALEE,VINAIGRE,règle 5,MAISON HEROUT,FOUR-0020,MAISON HEROUT,MAISON HEROUT,FOUR-0001,NORMAND DIRECT TERROIR,Commande directe auprès de Normand Direct Terroir,À CONFIRMER,À CONFIRMER,À CONFIRMER,À CONFIRMER,À CONFIRMER,,AUCUNE_INFORMATION_DANS_LES_DOCUMENTS,À CONFIRMER,À CONFIRMER,,250.0,25 cl,À CONFIRMER,INGREDIENT_ALCOOLISE,Alcool cité comme ingrédient dans le libellé,À CONFIRMER,,4.07,4.07,unité,PU HT,0.055,4.2938,,,,,,,,,,À CONFIRMER,,12/,12,À CONFIRMER,À CONFIRMER,À CONFIRMER,À CONFIRMER,À CONFIRMER,À CONFIRMER,À CONFIRMER,OUI_DEDUIT,PROBABLE_DEDUIT_DU_CONDITIONNEMENT,OUI_DEDUIT_DU_CONDITIONNEMENT,OUI_DEDUIT,OUI,PROTECTION_BOUTEILLE_OU_CONTENANT_VERRE,À CONFIRMER,À CONFIRMER,À CONFIRMER,À CONFIRMER,À CONFIRMER,À CONFIRMER,ESSENTIEL,2,palier de prix d'achat (4.07 € HT) → 2,PROPOSITION AUTOMATIQUE – À VALIDER EN BACK-OFFICE,À CONFIRMER,À CONFIRMER,NON,À CONFIRMER,PRODUIT_FRAGILE,À CONFIRMER,À CONFIRMER,À CONFIRMER,À CONFIRMER,À CONFIRMER,À CONFIRMER,SUR_COMMANDE (document = tarif et bon de commande 2026),PRODUIT,LIBELLÉ IDENTIQUE – MÊME PRODUCTEUR,,,34,Tarif et bon de commande 2026 – onglet « TARIF NORMAND DIRECT 2026 »,ligne 356
PROD-0348,À CONFIRMER,Vinaigre de cidre bio 50 cl,Vinaigre de cidre bio 50 cl,À CONFIRMER,EPICERIE_SALEE,VINAIGRE,règle 5,MAISON HEROUT,FOUR-0020,MAISON HEROUT,MAISON HEROUT,FOUR-0001,NORMAND DIRECT TERROIR,Commande directe auprès de Normand Direct Terroir,À CONFIRMER,À CONFIRMER,À CONFIRMER,À CONFIRMER,À CONFIRMER,,AUCUNE_INFORMATION_DANS_LES_DOCUMENTS,À CONFIRMER,À CONFIRMER,,500.0,50 cl,À CONFIRMER,INGREDIENT_ALCOOLISE,Alcool cité comme ingrédient dans le libellé,À CONFIRMER,,5.94,5.94,unité,PU HT,0.055,6.2667,,,,,,,,,,À CONFIRMER,,12/,12,À CONFIRMER,À CONFIRMER,À CONFIRMER,À CONFIRMER,À CONFIRMER,À CONFIRMER,À CONFIRMER,OUI_DEDUIT,PROBABLE_DEDUIT_DU_CONDITIONNEMENT,OUI_DEDUIT_DU_CONDITIONNEMENT,OUI_DEDUIT,OUI,PROTECTION_BOUTEILLE_OU_CONTENANT_VERRE,À CONFIRMER,À CONFIRMER,À CONFIRMER,À CONFIRMER,À CONFIRMER,À CONFIRMER,SIGNATURE,3,palier de prix d'achat (5.94 € HT) → 3,PROPOSITION AUTOMATIQUE – À VALIDER EN BACK-OFFICE,À CONFIRMER,À CONFIRMER,NON,À CONFIRMER,PRODUIT_FRAGILE,À CONFIRMER,À CONFIRMER,À CONFIRMER,À CONFIRMER,À CONFIRMER,À CONFIRMER,SUR_COMMANDE (document = tarif et bon de commande 2026),PRODUIT,LIBELLÉ IDENTIQUE – MÊME PRODUCTEUR,,,34,Tarif et bon de commande 2026 – onglet « TARIF NORMAND DIRECT 2026 »,ligne 357
PROD-0349,À CONFIRMER,"Jus de pomme Pétillant bio ""Prout"" 75cl NOUVEAU","Jus de pomme Pétillant bio ""Prout"" 75cl NOUVEAU",À CONFIRMER,BOISSON_SANS_ALCOOL,JUS_DE_FRUIT,règle 31,MAISON HEROUT,FOUR-0020,MAISON HEROUT,MAISON HEROUT,FOUR-0001,NORMAND DIRECT TERROIR,Commande directe auprès de Normand Direct Terroir,À CONFIRMER,À CONFIRMER,À CONFIRMER,À CONFIRMER,À CONFIRMER,,AUCUNE_INFORMATION_DANS_LES_DOCUMENTS,À CONFIRMER,À CONFIRMER,,750.0,75cl,,NON,,À CONFIRMER,NOUVEAU,3.52,3.52,unité,PU HT,0.055,3.7136,,,,,,,,,,À CONFIRMER,,6/,6,À CONFIRMER,À CONFIRMER,À CONFIRMER,À CONFIRMER,À CONFIRMER,À CONFIRMER,À CONFIRMER,À CONFIRMER,À CONFIRMER,OUI_DEDUIT_DU_CONDITIONNEMENT,À CONFIRMER,À CONFIRMER,À CONFIRMER,À CONFIRMER,À CONFIRMER,À CONFIRMER,À CONFIRMER,À CONFIRMER,À CONFIRMER,ESSENTIEL,2,palier de prix d'achat (3.52 € HT) → 2,PROPOSITION AUTOMATIQUE – À VALIDER EN BACK-OFFICE,À CONFIRMER,À CONFIRMER,NON,À CONFIRMER,NOUVEAUTE,À CONFIRMER,À CONFIRMER,À CONFIRMER,À CONFIRMER,À CONFIRMER,À CONFIRMER,SUR_COMMANDE (document = tarif et bon de commande 2026),PRODUIT,,,,38,Tarif et bon de commande 2026 – onglet « TARIF NORMAND DIRECT 2026 »,ligne 358
PROD-0350,À CONFIRMER,Cidre Cotentin extra brut 75 cl,Cidre Cotentin extra brut 75 cl,À CONFIRMER,BOISSON_ALCOOLISEE,CIDRE,règle 33,GAEC DE CLAIDS,FOUR-0021,GAEC DE CLAIDS,GAEC DE CLAIDS,FOUR-0001,NORMAND DIRECT TERROIR,Commande directe auprès de Normand Direct Terroir,À CONFIRMER,À CONFIRMER,À CONFIRMER,À CONFIRMER,À CONFIRMER,,INDICE_DANS_LE_NOM_DU_PRODUIT_SEULEMENT,NORMANDIE_INDIQUEE_DANS_LE_NOM_A_VERIFIER,À CONFIRMER,,750.0,75 cl,À CONFIRMER,OUI,CIDRE,À CONFIRMER,,3.8,3.8,unité,PU HT,0.2,4.56,,,,,,,,,,À CONFIRMER,,6/,6,À CONFIRMER,À CONFIRMER,À CONFIRMER,À CONFIRMER,À CONFIRMER,À CONFIRMER,À CONFIRMER,OUI_DEDUIT,PROBABLE_DEDUIT_DU_CONDITIONNEMENT,OUI_DEDUIT_DU_CONDITIONNEMENT,OUI_DEDUIT,OUI,PROTECTION_BOUTEILLE_OU_CONTENANT_VERRE,"Boisson alcoolisée : vérifier les contraintes transporteur (déclaration, casse, interdiction sur certains services)",À CONFIRMER,À CONFIRMER,À CONFIRMER,À CONFIRMER,À CONFIRMER,ESSENTIEL,2,palier de prix d'achat (3.80 € HT) → 2,PROPOSITION AUTOMATIQUE – À VALIDER EN BACK-OFFICE,À CONFIRMER,À CONFIRMER,NON,À CONFIRMER,PRODUIT_FRAGILE,À CONFIRMER,À CONFIRMER,À CONFIRMER,À CONFIRMER,À CONFIRMER,À CONFIRMER,SUR_COMMANDE (document = tarif et bon de commande 2026),PRODUIT,,,,32,Tarif et bon de commande 2026 – onglet « TARIF NORMAND DIRECT 2026 »,ligne 359
PROD-0351,À CONFIRMER,Cidre Cotentin extra brut selection 75 cl,Cidre Cotentin extra brut selection 75 cl,À CONFIRMER,BOISSON_ALCOOLISEE,CIDRE,règle 33,GAEC DE CLAIDS,FOUR-0021,GAEC DE CLAIDS,GAEC DE CLAIDS,FOUR-0001,NORMAND DIRECT TERROIR,Commande directe auprès de Normand Direct Terroir,À CONFIRMER,À CONFIRMER,À CONFIRMER,À CONFIRMER,À CONFIRMER,,INDICE_DANS_LE_NOM_DU_PRODUIT_SEULEMENT,NORMANDIE_INDIQUEE_DANS_LE_NOM_A_VERIFIER,À CONFIRMER,,750.0,75 cl,À CONFIRMER,OUI,CIDRE,À CONFIRMER,,7.6,7.6,unité,PU HT,0.2,9.12,,,,,,,,,,À CONFIRMER,,6/,6,À CONFIRMER,À CONFIRMER,À CONFIRMER,À CONFIRMER,À CONFIRMER,À CONFIRMER,À CONFIRMER,OUI_DEDUIT,PROBABLE_DEDUIT_DU_CONDITIONNEMENT,OUI_DEDUIT_DU_CONDITIONNEMENT,OUI_DEDUIT,OUI,PROTECTION_BOUTEILLE_OU_CONTENANT_VERRE,"Boisson alcoolisée : vérifier les contraintes transporteur (déclaration, casse, interdiction sur certains services)",À CONFIRMER,À CONFIRMER,À CONFIRMER,À CONFIRMER,À CONFIRMER,SIGNATURE,3,palier de prix d'achat (7.60 € HT) → 3,PROPOSITION AUTOMATIQUE – À VALIDER EN BACK-OFFICE,À CONFIRMER,À CONFIRMER,NON,À CONFIRMER,PRODUIT_FRAGILE,À CONFIRMER,À CONFIRMER,À CONFIRMER,À CONFIRMER,À CONFIRMER,À CONFIRMER,SUR_COMMANDE (document = tarif et bon de commande 2026),PRODUIT,,,,32,Tarif et bon de commande 2026 – onglet « TARIF NORMAND DIRECT 2026 »,ligne 360
PROD-0352,À CONFIRMER,Cidre Cotentin brut 75 cl,Cidre Cotentin brut 75 cl,À CONFIRMER,BOISSON_ALCOOLISEE,CIDRE,règle 33,GAEC DE CLAIDS,FOUR-0021,GAEC DE CLAIDS,GAEC DE CLAIDS,FOUR-0001,NORMAND DIRECT TERROIR,Commande directe auprès de Normand Direct Terroir,À CONFIRMER,À CONFIRMER,À CONFIRMER,À CONFIRMER,À CONFIRMER,,INDICE_DANS_LE_NOM_DU_PRODUIT_SEULEMENT,NORMANDIE_INDIQUEE_DANS_LE_NOM_A_VERIFIER,À CONFIRMER,,750.0,75 cl,À CONFIRMER,OUI,CIDRE,À CONFIRMER,,3.8,3.8,unité,PU HT,0.2,4.56,,,,,,,,,,À CONFIRMER,,6/,6,À CONFIRMER,À CONFIRMER,À CONFIRMER,À CONFIRMER,À CONFIRMER,À CONFIRMER,À CONFIRMER,OUI_DEDUIT,PROBABLE_DEDUIT_DU_CONDITIONNEMENT,OUI_DEDUIT_DU_CONDITIONNEMENT,OUI_DEDUIT,OUI,PROTECTION_BOUTEILLE_OU_CONTENANT_VERRE,"Boisson alcoolisée : vérifier les contraintes transporteur (déclaration, casse, interdiction sur certains services)",À CONFIRMER,À CONFIRMER,À CONFIRMER,À CONFIRMER,À CONFIRMER,ESSENTIEL,2,palier de prix d'achat (3.80 € HT) → 2,PROPOSITION AUTOMATIQUE – À VALIDER EN BACK-OFFICE,À CONFIRMER,À CONFIRMER,NON,À CONFIRMER,PRODUIT_FRAGILE,À CONFIRMER,À CONFIRMER,À CONFIRMER,À CONFIRMER,À CONFIRMER,À CONFIRMER,SUR_COMMANDE (document = tarif et bon de commande 2026),PRODUIT,LIBELLÉ IDENTIQUE – MÊME PRODUCTEUR,,,32,Tarif et bon de commande 2026 – onglet « TARIF NORMAND DIRECT 2026 »,ligne 361
PROD-0353,À CONFIRMER,Cidre Cotentin brut 33 cl,Cidre Cotentin brut 33 cl,À CONFIRMER,BOISSON_ALCOOLISEE,CIDRE,règle 33,GAEC DE CLAIDS,FOUR-0021,GAEC DE CLAIDS,GAEC DE CLAIDS,FOUR-0001,NORMAND DIRECT TERROIR,Commande directe auprès de Normand Direct Terroir,À CONFIRMER,À CONFIRMER,À CONFIRMER,À CONFIRMER,À CONFIRMER,,INDICE_DANS_LE_NOM_DU_PRODUIT_SEULEMENT,NORMANDIE_INDIQUEE_DANS_LE_NOM_A_VERIFIER,À CONFIRMER,,330.0,33 cl,À CONFIRMER,OUI,CIDRE,À CONFIRMER,,2.25,2.25,unité,PU HT,0.2,2.7,,,,,,,,,,À CONFIRMER,,6/,6,À CONFIRMER,À CONFIRMER,À CONFIRMER,À CONFIRMER,À CONFIRMER,À CONFIRMER,À CONFIRMER,OUI_DEDUIT,PROBABLE_DEDUIT_DU_CONDITIONNEMENT,OUI_DEDUIT_DU_CONDITIONNEMENT,OUI_DEDUIT,OUI,PROTECTION_BOUTEILLE_OU_CONTENANT_VERRE,"Boisson alcoolisée : vérifier les contraintes transporteur (déclaration, casse, interdiction sur certains services)",À CONFIRMER,À CONFIRMER,À CONFIRMER,À CONFIRMER,À CONFIRMER,ESSENTIEL,1,palier de prix d'achat (2.25 € HT) → 1,PROPOSITION AUTOMATIQUE – À VALIDER EN BACK-OFFICE,À CONFIRMER,À CONFIRMER,NON,À CONFIRMER,PRODUIT_FRAGILE,À CONFIRMER,À CONFIRMER,À CONFIRMER,À CONFIRMER,À CONFIRMER,À CONFIRMER,SUR_COMMANDE (document = tarif et bon de commande 2026),PRODUIT,LIBELLÉ IDENTIQUE – MÊME PRODUCTEUR,,,32,Tarif et bon de commande 2026 – onglet « TARIF NORMAND DIRECT 2026 »,ligne 362
PROD-0354,À CONFIRMER,Cidre Cotentin demi-sec 75 cl,Cidre Cotentin demi-sec 75 cl,À CONFIRMER,BOISSON_ALCOOLISEE,CIDRE,règle 33,GAEC DE CLAIDS,FOUR-0021,GAEC DE CLAIDS,GAEC DE CLAIDS,FOUR-0001,NORMAND DIRECT TERROIR,Commande directe auprès de Normand Direct Terroir,À CONFIRMER,À CONFIRMER,À CONFIRMER,À CONFIRMER,À CONFIRMER,,INDICE_DANS_LE_NOM_DU_PRODUIT_SEULEMENT,NORMANDIE_INDIQUEE_DANS_LE_NOM_A_VERIFIER,À CONFIRMER,,750.0,75 cl,À CONFIRMER,OUI,CIDRE,À CONFIRMER,,4.32,4.32,unité,PU HT,0.2,5.184,,,,,,,,,,À CONFIRMER,,6/,6,À CONFIRMER,À CONFIRMER,À CONFIRMER,À CONFIRMER,À CONFIRMER,À CONFIRMER,À CONFIRMER,OUI_DEDUIT,PROBABLE_DEDUIT_DU_CONDITIONNEMENT,OUI_DEDUIT_DU_CONDITIONNEMENT,OUI_DEDUIT,OUI,PROTECTION_BOUTEILLE_OU_CONTENANT_VERRE,"Boisson alcoolisée : vérifier les contraintes transporteur (déclaration, casse, interdiction sur certains services)",À CONFIRMER,À CONFIRMER,À CONFIRMER,À CONFIRMER,À CONFIRMER,ESSENTIEL,2,palier de prix d'achat (4.32 € HT) → 2,PROPOSITION AUTOMATIQUE – À VALIDER EN BACK-OFFICE,À CONFIRMER,À CONFIRMER,NON,À CONFIRMER,PRODUIT_FRAGILE,À CONFIRMER,À CONFIRMER,À CONFIRMER,À CONFIRMER,À CONFIRMER,À CONFIRMER,SUR_COMMANDE (document = tarif et bon de commande 2026),PRODUIT,,,,32,Tarif et bon de commande 2026 – onglet « TARIF NORMAND DIRECT 2026 »,ligne 363
PROD-0355,À CONFIRMER,Cidre Cotentin doux 75 cl,Cidre Cotentin doux 75 cl,À CONFIRMER,BOISSON_ALCOOLISEE,CIDRE,règle 33,GAEC DE CLAIDS,FOUR-0021,GAEC DE CLAIDS,GAEC DE CLAIDS,FOUR-0001,NORMAND DIRECT TERROIR,Commande directe auprès de Normand Direct Terroir,À CONFIRMER,À CONFIRMER,À CONFIRMER,À CONFIRMER,À CONFIRMER,,INDICE_DANS_LE_NOM_DU_PRODUIT_SEULEMENT,NORMANDIE_INDIQUEE_DANS_LE_NOM_A_VERIFIER,À CONFIRMER,,750.0,75 cl,À CONFIRMER,OUI,CIDRE,À CONFIRMER,,3.6,3.6,unité,PU HT,0.2,4.32,,,,,,,,,,À CONFIRMER,,6/,6,À CONFIRMER,À CONFIRMER,À CONFIRMER,À CONFIRMER,À CONFIRMER,À CONFIRMER,À CONFIRMER,OUI_DEDUIT,PROBABLE_DEDUIT_DU_CONDITIONNEMENT,OUI_DEDUIT_DU_CONDITIONNEMENT,OUI_DEDUIT,OUI,PROTECTION_BOUTEILLE_OU_CONTENANT_VERRE,"Boisson alcoolisée : vérifier les contraintes transporteur (déclaration, casse, interdiction sur certains services)",À CONFIRMER,À CONFIRMER,À CONFIRMER,À CONFIRMER,À CONFIRMER,ESSENTIEL,2,palier de prix d'achat (3.60 € HT) → 2,PROPOSITION AUTOMATIQUE – À VALIDER EN BACK-OFFICE,À CONFIRMER,À CONFIRMER,NON,À CONFIRMER,PRODUIT_FRAGILE,À CONFIRMER,À CONFIRMER,À CONFIRMER,À CONFIRMER,À CONFIRMER,À CONFIRMER,SUR_COMMANDE (document = tarif et bon de commande 2026),PRODUIT,,,,32,Tarif et bon de commande 2026 – onglet « TARIF NORMAND DIRECT 2026 »,ligne 364
PROD-0356,À CONFIRMER,Fine de Claids 35 cl 40°,Fine de Claids 35 cl 40°,À CONFIRMER,BOISSON_ALCOOLISEE,SPIRITUEUX_POMME,règle 36,GAEC DE CLAIDS,FOUR-0021,GAEC DE CLAIDS,GAEC DE CLAIDS,FOUR-0001,NORMAND DIRECT TERROIR,Commande directe auprès de Normand Direct Terroir,À CONFIRMER,À CONFIRMER,À CONFIRMER,À CONFIRMER,À CONFIRMER,,AUCUNE_INFORMATION_DANS_LES_DOCUMENTS,À CONFIRMER,À CONFIRMER,,350.0,35 cl,40°,OUI,SPIRITUEUX_POMME,À CONFIRMER,,18.0,18,unité,PU HT,0.2,21.6,,,,,,,,,,À CONFIRMER,,6/,6,À CONFIRMER,À CONFIRMER,À CONFIRMER,À CONFIRMER,À CONFIRMER,À CONFIRMER,À CONFIRMER,OUI_DEDUIT,PROBABLE_DEDUIT_DU_CONDITIONNEMENT,OUI_DEDUIT_DU_CONDITIONNEMENT,OUI_DEDUIT,OUI,PROTECTION_BOUTEILLE_OU_CONTENANT_VERRE,"Boisson alcoolisée : vérifier les contraintes transporteur (déclaration, casse, interdiction sur certains services)",À CONFIRMER,À CONFIRMER,À CONFIRMER,À CONFIRMER,À CONFIRMER,PREMIUM,4,palier de prix d'achat (18.00 € HT) → 4,PROPOSITION AUTOMATIQUE – À VALIDER EN BACK-OFFICE,À CONFIRMER,À CONFIRMER,OUI,À CONFIRMER,PRODUIT_FRAGILE ; PREMIUM,À CONFIRMER,À CONFIRMER,À CONFIRMER,À CONFIRMER,À CONFIRMER,À CONFIRMER,SUR_COMMANDE (document = tarif et bon de commande 2026),PRODUIT,LIBELLÉ IDENTIQUE – MÊME PRODUCTEUR,,,32,Tarif et bon de commande 2026 – onglet « TARIF NORMAND DIRECT 2026 »,ligne 365
PROD-0357,À CONFIRMER,Calvados 5 ans 35cl,Calvados 5 ans 35cl,À CONFIRMER,BOISSON_ALCOOLISEE,SPIRITUEUX_POMME,règle 36,GAEC DE CLAIDS,FOUR-0021,GAEC DE CLAIDS,GAEC DE CLAIDS,FOUR-0001,NORMAND DIRECT TERROIR,Commande directe auprès de Normand Direct Terroir,À CONFIRMER,France,Normandie,À CONFIRMER,À CONFIRMER,Calvados (AOC),APPELLATION_PROTEGEE_CITEE_DANS_LE_DOCUMENT,NORMANDIE_CONFIRMEE,OUI,,350.0,35cl,À CONFIRMER,OUI,SPIRITUEUX_POMME,À CONFIRMER,,18.1,18.1,unité,PU HT,0.2,21.72,,,,,,,,,,À CONFIRMER,,6/,6,À CONFIRMER,À CONFIRMER,À CONFIRMER,À CONFIRMER,À CONFIRMER,À CONFIRMER,À CONFIRMER,À CONFIRMER,À CONFIRMER,OUI_DEDUIT_DU_CONDITIONNEMENT,À CONFIRMER,À CONFIRMER,À CONFIRMER,"Boisson alcoolisée : vérifier les contraintes transporteur (déclaration, casse, interdiction sur certains services)",À CONFIRMER,À CONFIRMER,À CONFIRMER,À CONFIRMER,À CONFIRMER,PRESTIGE,5,palier de prix d'achat (18.10 € HT) → 4 ; appellation protégée citée (Calvados (AOC)) → +1 ; spiritueux/vin de garde → +1,PROPOSITION AUTOMATIQUE – À VALIDER EN BACK-OFFICE,À CONFIRMER,À CONFIRMER,OUI,OUI,PRODUIT_LOCAL_EMBLEMATIQUE ; PREMIUM,À CONFIRMER,À CONFIRMER,À CONFIRMER,À CONFIRMER,À CONFIRMER,À CONFIRMER,SUR_COMMANDE (document = tarif et bon de commande 2026),PRODUIT,LIBELLÉ IDENTIQUE – PRODUCTEURS DIFFÉRENTS,,,33,Tarif et bon de commande 2026 – onglet « TARIF NORMAND DIRECT 2026 »,ligne 366
PROD-0358,À CONFIRMER,Calvados 5 ans 70cl,Calvados 5 ans 70cl,À CONFIRMER,BOISSON_ALCOOLISEE,SPIRITUEUX_POMME,règle 36,GAEC DE CLAIDS,FOUR-0021,GAEC DE CLAIDS,GAEC DE CLAIDS,FOUR-0001,NORMAND DIRECT TERROIR,Commande directe auprès de Normand Direct Terroir,À CONFIRMER,France,Normandie,À CONFIRMER,À CONFIRMER,Calvados (AOC),APPELLATION_PROTEGEE_CITEE_DANS_LE_DOCUMENT,NORMANDIE_CONFIRMEE,OUI,,700.0,70cl,À CONFIRMER,OUI,SPIRITUEUX_POMME,À CONFIRMER,,27.0,27,unité,PU HT,0.2,32.4,,,,,,,,,,À CONFIRMER,,6/,6,À CONFIRMER,À CONFIRMER,À CONFIRMER,À CONFIRMER,À CONFIRMER,À CONFIRMER,À CONFIRMER,À CONFIRMER,À CONFIRMER,OUI_DEDUIT_DU_CONDITIONNEMENT,À CONFIRMER,À CONFIRMER,À CONFIRMER,"Boisson alcoolisée : vérifier les contraintes transporteur (déclaration, casse, interdiction sur certains services)",À CONFIRMER,À CONFIRMER,À CONFIRMER,À CONFIRMER,À CONFIRMER,PRESTIGE,5,palier de prix d'achat (27.00 € HT) → 5 ; appellation protégée citée (Calvados (AOC)) → +1 ; spiritueux/vin de garde → +1,PROPOSITION AUTOMATIQUE – À VALIDER EN BACK-OFFICE,À CONFIRMER,À CONFIRMER,OUI,OUI,PRODUIT_LOCAL_EMBLEMATIQUE ; PREMIUM,À CONFIRMER,À CONFIRMER,À CONFIRMER,À CONFIRMER,À CONFIRMER,À CONFIRMER,SUR_COMMANDE (document = tarif et bon de commande 2026),PRODUIT,LIBELLÉ IDENTIQUE – PRODUCTEURS DIFFÉRENTS,,,33,Tarif et bon de commande 2026 – onglet « TARIF NORMAND DIRECT 2026 »,ligne 367
PROD-0359,À CONFIRMER,Calvados 7 ans 70cl,Calvados 7 ans 70cl,À CONFIRMER,BOISSON_ALCOOLISEE,SPIRITUEUX_POMME,règle 36,GAEC DE CLAIDS,FOUR-0021,GAEC DE CLAIDS,GAEC DE CLAIDS,FOUR-0001,NORMAND DIRECT TERROIR,Commande directe auprès de Normand Direct Terroir,À CONFIRMER,France,Normandie,À CONFIRMER,À CONFIRMER,Calvados (AOC),APPELLATION_PROTEGEE_CITEE_DANS_LE_DOCUMENT,NORMANDIE_CONFIRMEE,OUI,,700.0,70cl,À CONFIRMER,OUI,SPIRITUEUX_POMME,À CONFIRMER,,28.5,28.5,unité,PU HT,0.2,34.2,,,,,,,,,,À CONFIRMER,,6/,6,À CONFIRMER,À CONFIRMER,À CONFIRMER,À CONFIRMER,À CONFIRMER,À CONFIRMER,À CONFIRMER,À CONFIRMER,À CONFIRMER,OUI_DEDUIT_DU_CONDITIONNEMENT,À CONFIRMER,À CONFIRMER,À CONFIRMER,"Boisson alcoolisée : vérifier les contraintes transporteur (déclaration, casse, interdiction sur certains services)",À CONFIRMER,À CONFIRMER,À CONFIRMER,À CONFIRMER,À CONFIRMER,PRESTIGE,5,palier de prix d'achat (28.50 € HT) → 5 ; appellation protégée citée (Calvados (AOC)) → +1 ; spiritueux/vin de garde → +1,PROPOSITION AUTOMATIQUE – À VALIDER EN BACK-OFFICE,À CONFIRMER,À CONFIRMER,OUI,OUI,PRODUIT_LOCAL_EMBLEMATIQUE ; PREMIUM,À CONFIRMER,À CONFIRMER,À CONFIRMER,À CONFIRMER,À CONFIRMER,À CONFIRMER,SUR_COMMANDE (document = tarif et bon de commande 2026),PRODUIT,LIBELLÉ IDENTIQUE – PRODUCTEURS DIFFÉRENTS,,,33,Tarif et bon de commande 2026 – onglet « TARIF NORMAND DIRECT 2026 »,ligne 368
PROD-0360,À CONFIRMER,Fine de Claids 70 cl 40°,Fine de Claids 70 cl 40°,À CONFIRMER,BOISSON_ALCOOLISEE,SPIRITUEUX_POMME,règle 36,GAEC DE CLAIDS,FOUR-0021,GAEC DE CLAIDS,GAEC DE CLAIDS,FOUR-0001,NORMAND DIRECT TERROIR,Commande directe auprès de Normand Direct Terroir,À CONFIRMER,À CONFIRMER,À CONFIRMER,À CONFIRMER,À CONFIRMER,,AUCUNE_INFORMATION_DANS_LES_DOCUMENTS,À CONFIRMER,À CONFIRMER,,700.0,70 cl,40°,OUI,SPIRITUEUX_POMME,À CONFIRMER,,30.2,30.2,unité,PU HT,0.2,36.24,,,,,,,,,,À CONFIRMER,,6/,6,À CONFIRMER,À CONFIRMER,À CONFIRMER,À CONFIRMER,À CONFIRMER,À CONFIRMER,À CONFIRMER,OUI_DEDUIT,PROBABLE_DEDUIT_DU_CONDITIONNEMENT,OUI_DEDUIT_DU_CONDITIONNEMENT,OUI_DEDUIT,OUI,PROTECTION_BOUTEILLE_OU_CONTENANT_VERRE,"Boisson alcoolisée : vérifier les contraintes transporteur (déclaration, casse, interdiction sur certains services)",À CONFIRMER,À CONFIRMER,À CONFIRMER,À CONFIRMER,À CONFIRMER,PRESTIGE,5,palier de prix d'achat (30.20 € HT) → 5,PROPOSITION AUTOMATIQUE – À VALIDER EN BACK-OFFICE,À CONFIRMER,À CONFIRMER,OUI,À CONFIRMER,PRODUIT_FRAGILE ; PREMIUM,À CONFIRMER,À CONFIRMER,À CONFIRMER,À CONFIRMER,À CONFIRMER,À CONFIRMER,SUR_COMMANDE (document = tarif et bon de commande 2026),PRODUIT,LIBELLÉ IDENTIQUE – MÊME PRODUCTEUR,,,32,Tarif et bon de commande 2026 – onglet « TARIF NORMAND DIRECT 2026 »,ligne 369
PROD-0361,À CONFIRMER,Pommeau de Normandie 35 cl 17°,Pommeau de Normandie 35 cl 17°,À CONFIRMER,BOISSON_ALCOOLISEE,POMMEAU,règle 35,GAEC DE CLAIDS,FOUR-0021,GAEC DE CLAIDS,GAEC DE CLAIDS,FOUR-0001,NORMAND DIRECT TERROIR,Commande directe auprès de Normand Direct Terroir,À CONFIRMER,France,Normandie,À CONFIRMER,À CONFIRMER,Pommeau de Normandie (AOC),APPELLATION_PROTEGEE_CITEE_DANS_LE_DOCUMENT,NORMANDIE_CONFIRMEE,OUI,,350.0,35 cl,17°,OUI,POMMEAU,À CONFIRMER,,7.25,7.25,unité,PU HT,0.2,8.7,,,,,,,,,,À CONFIRMER,,6/,6,À CONFIRMER,À CONFIRMER,À CONFIRMER,À CONFIRMER,À CONFIRMER,À CONFIRMER,À CONFIRMER,OUI_DEDUIT,PROBABLE_DEDUIT_DU_CONDITIONNEMENT,OUI_DEDUIT_DU_CONDITIONNEMENT,OUI_DEDUIT,OUI,PROTECTION_BOUTEILLE_OU_CONTENANT_VERRE,"Boisson alcoolisée : vérifier les contraintes transporteur (déclaration, casse, interdiction sur certains services)",À CONFIRMER,À CONFIRMER,À CONFIRMER,À CONFIRMER,À CONFIRMER,PRESTIGE,5,palier de prix d'achat (7.25 € HT) → 3 ; appellation protégée citée (Pommeau de Normandie (AOC)) → +1 ; spiritueux/vin de garde → +1,PROPOSITION AUTOMATIQUE – À VALIDER EN BACK-OFFICE,À CONFIRMER,À CONFIRMER,OUI,OUI,PRODUIT_LOCAL_EMBLEMATIQUE ; PRODUIT_FRAGILE ; PREMIUM,À CONFIRMER,À CONFIRMER,À CONFIRMER,À CONFIRMER,À CONFIRMER,À CONFIRMER,SUR_COMMANDE (document = tarif et bon de commande 2026),PRODUIT,LIBELLÉ IDENTIQUE – PRODUCTEURS DIFFÉRENTS,,,27,Tarif et bon de commande 2026 – onglet « TARIF NORMAND DIRECT 2026 »,ligne 370
PROD-0362,À CONFIRMER,Pommeau de Normandie 70 cl 17°,Pommeau de Normandie 70 cl 17°,À CONFIRMER,BOISSON_ALCOOLISEE,POMMEAU,règle 35,GAEC DE CLAIDS,FOUR-0021,GAEC DE CLAIDS,GAEC DE CLAIDS,FOUR-0001,NORMAND DIRECT TERROIR,Commande directe auprès de Normand Direct Terroir,À CONFIRMER,France,Normandie,À CONFIRMER,À CONFIRMER,Pommeau de Normandie (AOC),APPELLATION_PROTEGEE_CITEE_DANS_LE_DOCUMENT,NORMANDIE_CONFIRMEE,OUI,,700.0,70 cl,17°,OUI,POMMEAU,À CONFIRMER,,11.35,11.35,unité,PU HT,0.2,13.62,,,,,,,,,,À CONFIRMER,,6/,6,À CONFIRMER,À CONFIRMER,À CONFIRMER,À CONFIRMER,À CONFIRMER,À CONFIRMER,À CONFIRMER,OUI_DEDUIT,PROBABLE_DEDUIT_DU_CONDITIONNEMENT,OUI_DEDUIT_DU_CONDITIONNEMENT,OUI_DEDUIT,OUI,PROTECTION_BOUTEILLE_OU_CONTENANT_VERRE,"Boisson alcoolisée : vérifier les contraintes transporteur (déclaration, casse, interdiction sur certains services)",À CONFIRMER,À CONFIRMER,À CONFIRMER,À CONFIRMER,À CONFIRMER,PRESTIGE,5,palier de prix d'achat (11.35 € HT) → 4 ; appellation protégée citée (Pommeau de Normandie (AOC)) → +1 ; spiritueux/vin de garde → +1,PROPOSITION AUTOMATIQUE – À VALIDER EN BACK-OFFICE,À CONFIRMER,À CONFIRMER,OUI,OUI,PRODUIT_LOCAL_EMBLEMATIQUE ; PRODUIT_FRAGILE ; PREMIUM,À CONFIRMER,À CONFIRMER,À CONFIRMER,À CONFIRMER,À CONFIRMER,À CONFIRMER,SUR_COMMANDE (document = tarif et bon de commande 2026),PRODUIT,LIBELLÉ IDENTIQUE – PRODUCTEURS DIFFÉRENTS,,,27,Tarif et bon de commande 2026 – onglet « TARIF NORMAND DIRECT 2026 »,ligne 371
PROD-0363,À CONFIRMER,Apéro Claids 70 cl 12°,Apéro Claids 70 cl 12°,À CONFIRMER,BOISSON_ALCOOLISEE,POMMEAU,règle 35,GAEC DE CLAIDS,FOUR-0021,GAEC DE CLAIDS,GAEC DE CLAIDS,FOUR-0001,NORMAND DIRECT TERROIR,Commande directe auprès de Normand Direct Terroir,À CONFIRMER,À CONFIRMER,À CONFIRMER,À CONFIRMER,À CONFIRMER,,AUCUNE_INFORMATION_DANS_LES_DOCUMENTS,À CONFIRMER,À CONFIRMER,,700.0,70 cl,12°,OUI,POMMEAU,À CONFIRMER,,10.35,10.35,unité,PU HT,0.2,12.42,,,,,,,,,,À CONFIRMER,,6/,6,À CONFIRMER,À CONFIRMER,À CONFIRMER,À CONFIRMER,À CONFIRMER,À CONFIRMER,À CONFIRMER,OUI_DEDUIT,PROBABLE_DEDUIT_DU_CONDITIONNEMENT,OUI_DEDUIT_DU_CONDITIONNEMENT,OUI_DEDUIT,OUI,PROTECTION_BOUTEILLE_OU_CONTENANT_VERRE,"Boisson alcoolisée : vérifier les contraintes transporteur (déclaration, casse, interdiction sur certains services)",À CONFIRMER,À CONFIRMER,À CONFIRMER,À CONFIRMER,À CONFIRMER,PREMIUM,4,palier de prix d'achat (10.35 € HT) → 4,PROPOSITION AUTOMATIQUE – À VALIDER EN BACK-OFFICE,À CONFIRMER,À CONFIRMER,OUI,À CONFIRMER,PRODUIT_FRAGILE ; PREMIUM,À CONFIRMER,À CONFIRMER,À CONFIRMER,À CONFIRMER,À CONFIRMER,À CONFIRMER,SUR_COMMANDE (document = tarif et bon de commande 2026),PRODUIT,,,,32,Tarif et bon de commande 2026 – onglet « TARIF NORMAND DIRECT 2026 »,ligne 372
PROD-0364,À CONFIRMER,"Liqueur 44 ""le chiffre Claids"" 35 cl 32°","Liqueur 44 ""le chiffre Claids"" 35 cl 32°",À CONFIRMER,BOISSON_ALCOOLISEE,LIQUEUR,règle 6,GAEC DE CLAIDS,FOUR-0021,GAEC DE CLAIDS,GAEC DE CLAIDS,FOUR-0001,NORMAND DIRECT TERROIR,Commande directe auprès de Normand Direct Terroir,À CONFIRMER,À CONFIRMER,À CONFIRMER,À CONFIRMER,À CONFIRMER,,AUCUNE_INFORMATION_DANS_LES_DOCUMENTS,À CONFIRMER,À CONFIRMER,,350.0,35 cl,32°,OUI,LIQUEUR,À CONFIRMER,,16.2,16.2,unité,PU HT,0.2,19.44,,,,,,,,,,À CONFIRMER,,6/,6,À CONFIRMER,À CONFIRMER,À CONFIRMER,À CONFIRMER,À CONFIRMER,À CONFIRMER,À CONFIRMER,OUI_DEDUIT,PROBABLE_DEDUIT_DU_CONDITIONNEMENT,OUI_DEDUIT_DU_CONDITIONNEMENT,OUI_DEDUIT,OUI,PROTECTION_BOUTEILLE_OU_CONTENANT_VERRE,"Boisson alcoolisée : vérifier les contraintes transporteur (déclaration, casse, interdiction sur certains services)",À CONFIRMER,À CONFIRMER,À CONFIRMER,À CONFIRMER,À CONFIRMER,PREMIUM,4,palier de prix d'achat (16.20 € HT) → 4,PROPOSITION AUTOMATIQUE – À VALIDER EN BACK-OFFICE,À CONFIRMER,À CONFIRMER,OUI,À CONFIRMER,PRODUIT_FRAGILE ; PREMIUM,À CONFIRMER,À CONFIRMER,À CONFIRMER,À CONFIRMER,À CONFIRMER,À CONFIRMER,SUR_COMMANDE (document = tarif et bon de commande 2026),PRODUIT,LIBELLÉ IDENTIQUE – MÊME PRODUCTEUR,,,32,Tarif et bon de commande 2026 – onglet « TARIF NORMAND DIRECT 2026 »,ligne 373
PROD-0365,À CONFIRMER,"Liqueur 44 ""le chiffre Claids"" 70 cl 32°","Liqueur 44 ""le chiffre Claids"" 70 cl 32°",À CONFIRMER,BOISSON_ALCOOLISEE,LIQUEUR,règle 6,GAEC DE CLAIDS,FOUR-0021,GAEC DE CLAIDS,GAEC DE CLAIDS,FOUR-0001,NORMAND DIRECT TERROIR,Commande directe auprès de Normand Direct Terroir,À CONFIRMER,À CONFIRMER,À CONFIRMER,À CONFIRMER,À CONFIRMER,,AUCUNE_INFORMATION_DANS_LES_DOCUMENTS,À CONFIRMER,À CONFIRMER,,700.0,70 cl,32°,OUI,LIQUEUR,À CONFIRMER,,25.5,25.5,unité,PU HT,0.2,30.6,,,,,,,,,,À CONFIRMER,,6/,6,À CONFIRMER,À CONFIRMER,À CONFIRMER,À CONFIRMER,À CONFIRMER,À CONFIRMER,À CONFIRMER,OUI_DEDUIT,PROBABLE_DEDUIT_DU_CONDITIONNEMENT,OUI_DEDUIT_DU_CONDITIONNEMENT,OUI_DEDUIT,OUI,PROTECTION_BOUTEILLE_OU_CONTENANT_VERRE,"Boisson alcoolisée : vérifier les contraintes transporteur (déclaration, casse, interdiction sur certains services)",À CONFIRMER,À CONFIRMER,À CONFIRMER,À CONFIRMER,À CONFIRMER,PRESTIGE,5,palier de prix d'achat (25.50 € HT) → 5,PROPOSITION AUTOMATIQUE – À VALIDER EN BACK-OFFICE,À CONFIRMER,À CONFIRMER,OUI,À CONFIRMER,PRODUIT_FRAGILE ; PREMIUM,À CONFIRMER,À CONFIRMER,À CONFIRMER,À CONFIRMER,À CONFIRMER,À CONFIRMER,SUR_COMMANDE (document = tarif et bon de commande 2026),PRODUIT,LIBELLÉ IDENTIQUE – MÊME PRODUCTEUR,,,32,Tarif et bon de commande 2026 – onglet « TARIF NORMAND DIRECT 2026 »,ligne 374
PROD-0366,À CONFIRMER,"""Keys' Claids"" 70 cl 41°","""Keys' Claids"" 70 cl 41°",À CONFIRMER,BOISSON_ALCOOLISEE,SPIRITUEUX_POMME,règle 36,GAEC DE CLAIDS,FOUR-0021,GAEC DE CLAIDS,GAEC DE CLAIDS,FOUR-0001,NORMAND DIRECT TERROIR,Commande directe auprès de Normand Direct Terroir,À CONFIRMER,À CONFIRMER,À CONFIRMER,À CONFIRMER,À CONFIRMER,,AUCUNE_INFORMATION_DANS_LES_DOCUMENTS,À CONFIRMER,À CONFIRMER,,700.0,70 cl,41°,OUI,SPIRITUEUX_POMME,À CONFIRMER,,38.33,38.33,unité,PU HT,0.2,45.996,,,,,,,,,,À CONFIRMER,,6/,6,À CONFIRMER,À CONFIRMER,À CONFIRMER,À CONFIRMER,À CONFIRMER,À CONFIRMER,À CONFIRMER,OUI_DEDUIT,PROBABLE_DEDUIT_DU_CONDITIONNEMENT,OUI_DEDUIT_DU_CONDITIONNEMENT,OUI_DEDUIT,OUI,PROTECTION_BOUTEILLE_OU_CONTENANT_VERRE,"Boisson alcoolisée : vérifier les contraintes transporteur (déclaration, casse, interdiction sur certains services)",À CONFIRMER,À CONFIRMER,À CONFIRMER,À CONFIRMER,À CONFIRMER,PRESTIGE,5,palier de prix d'achat (38.33 € HT) → 5,PROPOSITION AUTOMATIQUE – À VALIDER EN BACK-OFFICE,À CONFIRMER,À CONFIRMER,OUI,À CONFIRMER,PRODUIT_FRAGILE ; PREMIUM,À CONFIRMER,À CONFIRMER,À CONFIRMER,À CONFIRMER,À CONFIRMER,À CONFIRMER,SUR_COMMANDE (document = tarif et bon de commande 2026),PRODUIT,,,,32,Tarif et bon de commande 2026 – onglet « TARIF NORMAND DIRECT 2026 »,ligne 375
PROD-0367,À CONFIRMER,Jus de pomme 100 cl,Jus de pomme 100 cl,À CONFIRMER,BOISSON_SANS_ALCOOL,JUS_DE_FRUIT,règle 31,GAEC DE CLAIDS,FOUR-0021,GAEC DE CLAIDS,GAEC DE CLAIDS,FOUR-0001,NORMAND DIRECT TERROIR,Commande directe auprès de Normand Direct Terroir,À CONFIRMER,À CONFIRMER,À CONFIRMER,À CONFIRMER,À CONFIRMER,,AUCUNE_INFORMATION_DANS_LES_DOCUMENTS,À CONFIRMER,À CONFIRMER,,1000.0,100 cl,,NON,,À CONFIRMER,,3.3,3.3,unité,PU HT,0.055,3.4815,,,,,,,,,,À CONFIRMER,,6/,6,À CONFIRMER,À CONFIRMER,À CONFIRMER,À CONFIRMER,À CONFIRMER,À CONFIRMER,À CONFIRMER,OUI_DEDUIT,PROBABLE_DEDUIT_DU_CONDITIONNEMENT,OUI_DEDUIT_DU_CONDITIONNEMENT,OUI_DEDUIT,OUI,PROTECTION_BOUTEILLE_OU_CONTENANT_VERRE,À CONFIRMER,À CONFIRMER,À CONFIRMER,À CONFIRMER,À CONFIRMER,À CONFIRMER,ESSENTIEL,2,palier de prix d'achat (3.30 € HT) → 2,PROPOSITION AUTOMATIQUE – À VALIDER EN BACK-OFFICE,À CONFIRMER,À CONFIRMER,NON,À CONFIRMER,PRODUIT_FRAGILE,À CONFIRMER,À CONFIRMER,À CONFIRMER,À CONFIRMER,À CONFIRMER,À CONFIRMER,SUR_COMMANDE (document = tarif et bon de commande 2026),PRODUIT,LIBELLÉ IDENTIQUE – PRODUCTEURS DIFFÉRENTS,,,33,Tarif et bon de commande 2026 – onglet « TARIF NORMAND DIRECT 2026 »,ligne 376
PROD-0368,À CONFIRMER,Jus de pomme 25 cl,Jus de pomme 25 cl,À CONFIRMER,BOISSON_SANS_ALCOOL,JUS_DE_FRUIT,règle 31,GAEC DE CLAIDS,FOUR-0021,GAEC DE CLAIDS,GAEC DE CLAIDS,FOUR-0001,NORMAND DIRECT TERROIR,Commande directe auprès de Normand Direct Terroir,À CONFIRMER,À CONFIRMER,À CONFIRMER,À CONFIRMER,À CONFIRMER,,AUCUNE_INFORMATION_DANS_LES_DOCUMENTS,À CONFIRMER,À CONFIRMER,,250.0,25 cl,,NON,,À CONFIRMER,,1.9,1.9,unité,PU HT,0.055,2.0045,,,,,,,,,,À CONFIRMER,,12/,12,À CONFIRMER,À CONFIRMER,À CONFIRMER,À CONFIRMER,À CONFIRMER,À CONFIRMER,À CONFIRMER,OUI_DEDUIT,PROBABLE_DEDUIT_DU_CONDITIONNEMENT,OUI_DEDUIT_DU_CONDITIONNEMENT,OUI_DEDUIT,OUI,PROTECTION_BOUTEILLE_OU_CONTENANT_VERRE,À CONFIRMER,À CONFIRMER,À CONFIRMER,À CONFIRMER,À CONFIRMER,À CONFIRMER,ESSENTIEL,1,palier de prix d'achat (1.90 € HT) → 1,PROPOSITION AUTOMATIQUE – À VALIDER EN BACK-OFFICE,À CONFIRMER,À CONFIRMER,NON,À CONFIRMER,PRODUIT_FRAGILE,À CONFIRMER,À CONFIRMER,À CONFIRMER,À CONFIRMER,À CONFIRMER,À CONFIRMER,SUR_COMMANDE (document = tarif et bon de commande 2026),PRODUIT,LIBELLÉ IDENTIQUE – PRODUCTEURS DIFFÉRENTS,,,33,Tarif et bon de commande 2026 – onglet « TARIF NORMAND DIRECT 2026 »,ligne 377
PROD-0369,À CONFIRMER,Aigrette de Claids (vinaigre de cidre) 50 cl,Aigrette de Claids (vinaigre de cidre) 50 cl,À CONFIRMER,EPICERIE_SALEE,VINAIGRE,règle 5,GAEC DE CLAIDS,FOUR-0021,GAEC DE CLAIDS,GAEC DE CLAIDS,FOUR-0001,NORMAND DIRECT TERROIR,Commande directe auprès de Normand Direct Terroir,À CONFIRMER,À CONFIRMER,À CONFIRMER,À CONFIRMER,À CONFIRMER,,AUCUNE_INFORMATION_DANS_LES_DOCUMENTS,À CONFIRMER,À CONFIRMER,,500.0,50 cl,À CONFIRMER,INGREDIENT_ALCOOLISE,Alcool cité comme ingrédient dans le libellé,À CONFIRMER,,3.15,3.15,unité,PU HT,0.055,3.3232,,,,,,,,,,À CONFIRMER,,6/,6,À CONFIRMER,À CONFIRMER,À CONFIRMER,À CONFIRMER,À CONFIRMER,À CONFIRMER,À CONFIRMER,OUI_DEDUIT,PROBABLE_DEDUIT_DU_CONDITIONNEMENT,OUI_DEDUIT_DU_CONDITIONNEMENT,OUI_DEDUIT,OUI,PROTECTION_BOUTEILLE_OU_CONTENANT_VERRE,À CONFIRMER,À CONFIRMER,À CONFIRMER,À CONFIRMER,À CONFIRMER,À CONFIRMER,ESSENTIEL,2,palier de prix d'achat (3.15 € HT) → 2,PROPOSITION AUTOMATIQUE – À VALIDER EN BACK-OFFICE,À CONFIRMER,À CONFIRMER,NON,À CONFIRMER,PRODUIT_FRAGILE,À CONFIRMER,À CONFIRMER,À CONFIRMER,À CONFIRMER,À CONFIRMER,À CONFIRMER,SUR_COMMANDE (document = tarif et bon de commande 2026),PRODUIT,,,,34,Tarif et bon de commande 2026 – onglet « TARIF NORMAND DIRECT 2026 »,ligne 378
PROD-0370,À CONFIRMER,Crème de Calvados 70 cl,Crème de Calvados 70 cl,À CONFIRMER,BOISSON_ALCOOLISEE,LIQUEUR,règle 6,FERME DU LOTEROT,FOUR-0022,FERME DU LOTEROT,FERME DU LOTEROT,FOUR-0001,NORMAND DIRECT TERROIR,Commande directe auprès de Normand Direct Terroir,À CONFIRMER,À CONFIRMER,À CONFIRMER,À CONFIRMER,À CONFIRMER,,AUCUNE_INFORMATION_DANS_LES_DOCUMENTS,À CONFIRMER,À CONFIRMER,,700.0,70 cl,À CONFIRMER,OUI,LIQUEUR,À CONFIRMER,,13.5,13.5,unité,PU HT,0.2,16.2,,,,,,,,,,À CONFIRMER,,6/,6,À CONFIRMER,À CONFIRMER,À CONFIRMER,À CONFIRMER,À CONFIRMER,À CONFIRMER,À CONFIRMER,OUI_DEDUIT,PROBABLE_DEDUIT_DU_CONDITIONNEMENT,OUI_DEDUIT_DU_CONDITIONNEMENT,OUI_DEDUIT,OUI,PROTECTION_BOUTEILLE_OU_CONTENANT_VERRE,"Boisson alcoolisée : vérifier les contraintes transporteur (déclaration, casse, interdiction sur certains services)",À CONFIRMER,À CONFIRMER,À CONFIRMER,À CONFIRMER,À CONFIRMER,PRESTIGE,5,palier de prix d'achat (13.50 € HT) → 4 ; spiritueux/vin de garde → +1,PROPOSITION AUTOMATIQUE – À VALIDER EN BACK-OFFICE,À CONFIRMER,À CONFIRMER,OUI,À CONFIRMER,PRODUIT_FRAGILE ; PREMIUM,À CONFIRMER,À CONFIRMER,À CONFIRMER,À CONFIRMER,À CONFIRMER,À CONFIRMER,SUR_COMMANDE (document = tarif et bon de commande 2026),PRODUIT,LIBELLÉ IDENTIQUE – MÊME PRODUCTEUR,,,33,Tarif et bon de commande 2026 – onglet « TARIF NORMAND DIRECT 2026 »,ligne 379
PROD-0371,À CONFIRMER,Crème de Calvados 35 cl,Crème de Calvados 35 cl,À CONFIRMER,BOISSON_ALCOOLISEE,LIQUEUR,règle 6,FERME DU LOTEROT,FOUR-0022,FERME DU LOTEROT,FERME DU LOTEROT,FOUR-0001,NORMAND DIRECT TERROIR,Commande directe auprès de Normand Direct Terroir,À CONFIRMER,À CONFIRMER,À CONFIRMER,À CONFIRMER,À CONFIRMER,,AUCUNE_INFORMATION_DANS_LES_DOCUMENTS,À CONFIRMER,À CONFIRMER,,350.0,35 cl,À CONFIRMER,OUI,LIQUEUR,À CONFIRMER,,9.1,9.1,unité,PU HT,0.2,10.92,,,,,,,,,,À CONFIRMER,,9/,9,À CONFIRMER,À CONFIRMER,À CONFIRMER,À CONFIRMER,À CONFIRMER,À CONFIRMER,À CONFIRMER,OUI_DEDUIT,PROBABLE_DEDUIT_DU_CONDITIONNEMENT,OUI_DEDUIT_DU_CONDITIONNEMENT,OUI_DEDUIT,OUI,PROTECTION_BOUTEILLE_OU_CONTENANT_VERRE,"Boisson alcoolisée : vérifier les contraintes transporteur (déclaration, casse, interdiction sur certains services)",À CONFIRMER,À CONFIRMER,À CONFIRMER,À CONFIRMER,À CONFIRMER,PREMIUM,4,palier de prix d'achat (9.10 € HT) → 3 ; spiritueux/vin de garde → +1,PROPOSITION AUTOMATIQUE – À VALIDER EN BACK-OFFICE,À CONFIRMER,À CONFIRMER,OUI,À CONFIRMER,PRODUIT_FRAGILE ; PREMIUM,À CONFIRMER,À CONFIRMER,À CONFIRMER,À CONFIRMER,À CONFIRMER,À CONFIRMER,SUR_COMMANDE (document = tarif et bon de commande 2026),PRODUIT,LIBELLÉ IDENTIQUE – MÊME PRODUCTEUR,,,33,Tarif et bon de commande 2026 – onglet « TARIF NORMAND DIRECT 2026 »,ligne 380
PROD-0372,À CONFIRMER,Liqueur 44 35 cl 40°,Liqueur 44 35 cl 40°,À CONFIRMER,BOISSON_ALCOOLISEE,LIQUEUR,règle 6,FERME DU LOTEROT,FOUR-0022,FERME DU LOTEROT,FERME DU LOTEROT,FOUR-0001,NORMAND DIRECT TERROIR,Commande directe auprès de Normand Direct Terroir,À CONFIRMER,À CONFIRMER,À CONFIRMER,À CONFIRMER,À CONFIRMER,,AUCUNE_INFORMATION_DANS_LES_DOCUMENTS,À CONFIRMER,À CONFIRMER,,350.0,35 cl,40°,OUI,LIQUEUR,À CONFIRMER,,15.4,15.4,unité,PU HT,0.2,18.48,,,,,,,,,,À CONFIRMER,,9/,9,À CONFIRMER,À CONFIRMER,À CONFIRMER,À CONFIRMER,À CONFIRMER,À CONFIRMER,À CONFIRMER,OUI_DEDUIT,PROBABLE_DEDUIT_DU_CONDITIONNEMENT,OUI_DEDUIT_DU_CONDITIONNEMENT,OUI_DEDUIT,OUI,PROTECTION_BOUTEILLE_OU_CONTENANT_VERRE,"Boisson alcoolisée : vérifier les contraintes transporteur (déclaration, casse, interdiction sur certains services)",À CONFIRMER,À CONFIRMER,À CONFIRMER,À CONFIRMER,À CONFIRMER,PREMIUM,4,palier de prix d'achat (15.40 € HT) → 4,PROPOSITION AUTOMATIQUE – À VALIDER EN BACK-OFFICE,À CONFIRMER,À CONFIRMER,OUI,À CONFIRMER,PRODUIT_FRAGILE ; PREMIUM,À CONFIRMER,À CONFIRMER,À CONFIRMER,À CONFIRMER,À CONFIRMER,À CONFIRMER,SUR_COMMANDE (document = tarif et bon de commande 2026),PRODUIT,,,,32,Tarif et bon de commande 2026 – onglet « TARIF NORMAND DIRECT 2026 »,ligne 381
PROD-0373,À CONFIRMER,Bière blonde 33 cl / 24 Au prés de ma blonde,Bière blonde 33 cl / 24 Au prés de ma blonde,À CONFIRMER,BOISSON_ALCOOLISEE,BIERE,règle 32,BRASSERIE LA LIE,FOUR-0023,BRASSERIE LA LIE,BRASSERIE LA LIE,FOUR-0001,NORMAND DIRECT TERROIR,Commande directe auprès de Normand Direct Terroir,À CONFIRMER,À CONFIRMER,À CONFIRMER,À CONFIRMER,À CONFIRMER,,AUCUNE_INFORMATION_DANS_LES_DOCUMENTS,À CONFIRMER,À CONFIRMER,,330.0,33 cl,À CONFIRMER,OUI,BIERE,À CONFIRMER,,1.96,1.96,unité,PU HT,0.2,2.352,,,,,,,,,,À CONFIRMER,,24/,24,À CONFIRMER,Attention !! / BRASSERIE LALIE / EXPEDITION / PAR / TRANSPORTEUR / UNIQUEMENT / A PARTIR / DE 8 CARTONS / OU / 6 CARTONS / ET / 5 DEMI-METRES,À CONFIRMER,À CONFIRMER,À CONFIRMER,À CONFIRMER,À CONFIRMER,OUI_DEDUIT,PROBABLE_DEDUIT_DU_CONDITIONNEMENT,OUI_DEDUIT_DU_CONDITIONNEMENT,OUI_DEDUIT,OUI,PROTECTION_BOUTEILLE_OU_CONTENANT_VERRE,"Boisson alcoolisée : vérifier les contraintes transporteur (déclaration, casse, interdiction sur certains services)",À CONFIRMER,À CONFIRMER,À CONFIRMER,À CONFIRMER,À CONFIRMER,ESSENTIEL,1,palier de prix d'achat (1.96 € HT) → 1,PROPOSITION AUTOMATIQUE – À VALIDER EN BACK-OFFICE,À CONFIRMER,À CONFIRMER,NON,À CONFIRMER,PRODUIT_FRAGILE,À CONFIRMER,À CONFIRMER,À CONFIRMER,À CONFIRMER,À CONFIRMER,À CONFIRMER,SUR_COMMANDE (document = tarif et bon de commande 2026),PRODUIT,LIBELLÉ IDENTIQUE – MÊME PRODUCTEUR,,,32,Tarif et bon de commande 2026 – onglet « TARIF NORMAND DIRECT 2026 »,ligne 382
PROD-0374,À CONFIRMER,Bière blonde 75 cl / 9 Au prés de ma blonde,Bière blonde 75 cl / 9 Au prés de ma blonde,À CONFIRMER,BOISSON_ALCOOLISEE,BIERE,règle 32,BRASSERIE LA LIE,FOUR-0023,BRASSERIE LA LIE,BRASSERIE LA LIE,FOUR-0001,NORMAND DIRECT TERROIR,Commande directe auprès de Normand Direct Terroir,À CONFIRMER,À CONFIRMER,À CONFIRMER,À CONFIRMER,À CONFIRMER,,AUCUNE_INFORMATION_DANS_LES_DOCUMENTS,À CONFIRMER,À CONFIRMER,,750.0,75 cl,À CONFIRMER,OUI,BIERE,À CONFIRMER,,3.64,3.64,unité,PU HT,0.2,4.368,,,,,,,,,,À CONFIRMER,,9/,9,À CONFIRMER,Attention !! / BRASSERIE LALIE / EXPEDITION / PAR / TRANSPORTEUR / UNIQUEMENT / A PARTIR / DE 8 CARTONS / OU / 6 CARTONS / ET / 5 DEMI-METRES,À CONFIRMER,À CONFIRMER,À CONFIRMER,À CONFIRMER,À CONFIRMER,OUI_DEDUIT,PROBABLE_DEDUIT_DU_CONDITIONNEMENT,OUI_DEDUIT_DU_CONDITIONNEMENT,OUI_DEDUIT,OUI,PROTECTION_BOUTEILLE_OU_CONTENANT_VERRE,"Boisson alcoolisée : vérifier les contraintes transporteur (déclaration, casse, interdiction sur certains services)",À CONFIRMER,À CONFIRMER,À CONFIRMER,À CONFIRMER,À CONFIRMER,ESSENTIEL,2,palier de prix d'achat (3.64 € HT) → 2,PROPOSITION AUTOMATIQUE – À VALIDER EN BACK-OFFICE,À CONFIRMER,À CONFIRMER,NON,À CONFIRMER,PRODUIT_FRAGILE,À CONFIRMER,À CONFIRMER,À CONFIRMER,À CONFIRMER,À CONFIRMER,À CONFIRMER,SUR_COMMANDE (document = tarif et bon de commande 2026),PRODUIT,LIBELLÉ IDENTIQUE – MÊME PRODUCTEUR,,,32,Tarif et bon de commande 2026 – onglet « TARIF NORMAND DIRECT 2026 »,ligne 383
PROD-0375,À CONFIRMER,Bière ambrée 33 cl / 24 Ambrée du hameau,Bière ambrée 33 cl / 24 Ambrée du hameau,À CONFIRMER,BOISSON_ALCOOLISEE,BIERE,règle 32,BRASSERIE LA LIE,FOUR-0023,BRASSERIE LA LIE,BRASSERIE LA LIE,FOUR-0001,NORMAND DIRECT TERROIR,Commande directe auprès de Normand Direct Terroir,À CONFIRMER,À CONFIRMER,À CONFIRMER,À CONFIRMER,À CONFIRMER,,AUCUNE_INFORMATION_DANS_LES_DOCUMENTS,À CONFIRMER,À CONFIRMER,,330.0,33 cl,À CONFIRMER,OUI,BIERE,À CONFIRMER,,1.96,1.96,unité,PU HT,0.2,2.352,,,,,,,,,,À CONFIRMER,,24/,24,À CONFIRMER,Attention !! / BRASSERIE LALIE / EXPEDITION / PAR / TRANSPORTEUR / UNIQUEMENT / A PARTIR / DE 8 CARTONS / OU / 6 CARTONS / ET / 5 DEMI-METRES,À CONFIRMER,À CONFIRMER,À CONFIRMER,À CONFIRMER,À CONFIRMER,OUI_DEDUIT,PROBABLE_DEDUIT_DU_CONDITIONNEMENT,OUI_DEDUIT_DU_CONDITIONNEMENT,OUI_DEDUIT,OUI,PROTECTION_BOUTEILLE_OU_CONTENANT_VERRE,"Boisson alcoolisée : vérifier les contraintes transporteur (déclaration, casse, interdiction sur certains services)",À CONFIRMER,À CONFIRMER,À CONFIRMER,À CONFIRMER,À CONFIRMER,ESSENTIEL,1,palier de prix d'achat (1.96 € HT) → 1,PROPOSITION AUTOMATIQUE – À VALIDER EN BACK-OFFICE,À CONFIRMER,À CONFIRMER,NON,À CONFIRMER,PRODUIT_FRAGILE,À CONFIRMER,À CONFIRMER,À CONFIRMER,À CONFIRMER,À CONFIRMER,À CONFIRMER,SUR_COMMANDE (document = tarif et bon de commande 2026),PRODUIT,LIBELLÉ IDENTIQUE – MÊME PRODUCTEUR,,,32,Tarif et bon de commande 2026 – onglet « TARIF NORMAND DIRECT 2026 »,ligne 384
PROD-0376,À CONFIRMER,Bière ambrée 75 cl / 9 Ambrée du hameau,Bière ambrée 75 cl / 9 Ambrée du hameau,À CONFIRMER,BOISSON_ALCOOLISEE,BIERE,règle 32,BRASSERIE LA LIE,FOUR-0023,BRASSERIE LA LIE,BRASSERIE LA LIE,FOUR-0001,NORMAND DIRECT TERROIR,Commande directe auprès de Normand Direct Terroir,À CONFIRMER,À CONFIRMER,À CONFIRMER,À CONFIRMER,À CONFIRMER,,AUCUNE_INFORMATION_DANS_LES_DOCUMENTS,À CONFIRMER,À CONFIRMER,,750.0,75 cl,À CONFIRMER,OUI,BIERE,À CONFIRMER,,3.64,3.64,unité,PU HT,0.2,4.368,,,,,,,,,,À CONFIRMER,,9/,9,À CONFIRMER,Attention !! / BRASSERIE LALIE / EXPEDITION / PAR / TRANSPORTEUR / UNIQUEMENT / A PARTIR / DE 8 CARTONS / OU / 6 CARTONS / ET / 5 DEMI-METRES,À CONFIRMER,À CONFIRMER,À CONFIRMER,À CONFIRMER,À CONFIRMER,OUI_DEDUIT,PROBABLE_DEDUIT_DU_CONDITIONNEMENT,OUI_DEDUIT_DU_CONDITIONNEMENT,OUI_DEDUIT,OUI,PROTECTION_BOUTEILLE_OU_CONTENANT_VERRE,"Boisson alcoolisée : vérifier les contraintes transporteur (déclaration, casse, interdiction sur certains services)",À CONFIRMER,À CONFIRMER,À CONFIRMER,À CONFIRMER,À CONFIRMER,ESSENTIEL,2,palier de prix d'achat (3.64 € HT) → 2,PROPOSITION AUTOMATIQUE – À VALIDER EN BACK-OFFICE,À CONFIRMER,À CONFIRMER,NON,À CONFIRMER,PRODUIT_FRAGILE,À CONFIRMER,À CONFIRMER,À CONFIRMER,À CONFIRMER,À CONFIRMER,À CONFIRMER,SUR_COMMANDE (document = tarif et bon de commande 2026),PRODUIT,LIBELLÉ IDENTIQUE – MÊME PRODUCTEUR,,,32,Tarif et bon de commande 2026 – onglet « TARIF NORMAND DIRECT 2026 »,ligne 385
PROD-0377,À CONFIRMER,Bière blanche 33 cl / 24 La Caennette,Bière blanche 33 cl / 24 La Caennette,À CONFIRMER,BOISSON_ALCOOLISEE,BIERE,règle 32,BRASSERIE LA LIE,FOUR-0023,BRASSERIE LA LIE,BRASSERIE LA LIE,FOUR-0001,NORMAND DIRECT TERROIR,Commande directe auprès de Normand Direct Terroir,À CONFIRMER,À CONFIRMER,À CONFIRMER,À CONFIRMER,À CONFIRMER,,AUCUNE_INFORMATION_DANS_LES_DOCUMENTS,À CONFIRMER,À CONFIRMER,,330.0,33 cl,À CONFIRMER,OUI,BIERE,À CONFIRMER,,1.96,1.96,unité,PU HT,0.2,2.352,,,,,,,,,,À CONFIRMER,,24/,24,À CONFIRMER,Attention !! / BRASSERIE LALIE / EXPEDITION / PAR / TRANSPORTEUR / UNIQUEMENT / A PARTIR / DE 8 CARTONS / OU / 6 CARTONS / ET / 5 DEMI-METRES,À CONFIRMER,À CONFIRMER,À CONFIRMER,À CONFIRMER,À CONFIRMER,OUI_DEDUIT,PROBABLE_DEDUIT_DU_CONDITIONNEMENT,OUI_DEDUIT_DU_CONDITIONNEMENT,OUI_DEDUIT,OUI,PROTECTION_BOUTEILLE_OU_CONTENANT_VERRE,"Boisson alcoolisée : vérifier les contraintes transporteur (déclaration, casse, interdiction sur certains services)",À CONFIRMER,À CONFIRMER,À CONFIRMER,À CONFIRMER,À CONFIRMER,ESSENTIEL,1,palier de prix d'achat (1.96 € HT) → 1,PROPOSITION AUTOMATIQUE – À VALIDER EN BACK-OFFICE,À CONFIRMER,À CONFIRMER,NON,À CONFIRMER,PRODUIT_FRAGILE,À CONFIRMER,À CONFIRMER,À CONFIRMER,À CONFIRMER,À CONFIRMER,À CONFIRMER,SUR_COMMANDE (document = tarif et bon de commande 2026),PRODUIT,LIBELLÉ IDENTIQUE – MÊME PRODUCTEUR,,,32,Tarif et bon de commande 2026 – onglet « TARIF NORMAND DIRECT 2026 »,ligne 386
PROD-0378,À CONFIRMER,Bière blanche 75 cl / 9 La Caennette,Bière blanche 75 cl / 9 La Caennette,À CONFIRMER,BOISSON_ALCOOLISEE,BIERE,règle 32,BRASSERIE LA LIE,FOUR-0023,BRASSERIE LA LIE,BRASSERIE LA LIE,FOUR-0001,NORMAND DIRECT TERROIR,Commande directe auprès de Normand Direct Terroir,À CONFIRMER,À CONFIRMER,À CONFIRMER,À CONFIRMER,À CONFIRMER,,AUCUNE_INFORMATION_DANS_LES_DOCUMENTS,À CONFIRMER,À CONFIRMER,,750.0,75 cl,À CONFIRMER,OUI,BIERE,À CONFIRMER,,3.64,3.64,unité,PU HT,0.2,4.368,,,,,,,,,,À CONFIRMER,,9/,9,À CONFIRMER,Attention !! / BRASSERIE LALIE / EXPEDITION / PAR / TRANSPORTEUR / UNIQUEMENT / A PARTIR / DE 8 CARTONS / OU / 6 CARTONS / ET / 5 DEMI-METRES,À CONFIRMER,À CONFIRMER,À CONFIRMER,À CONFIRMER,À CONFIRMER,OUI_DEDUIT,PROBABLE_DEDUIT_DU_CONDITIONNEMENT,OUI_DEDUIT_DU_CONDITIONNEMENT,OUI_DEDUIT,OUI,PROTECTION_BOUTEILLE_OU_CONTENANT_VERRE,"Boisson alcoolisée : vérifier les contraintes transporteur (déclaration, casse, interdiction sur certains services)",À CONFIRMER,À CONFIRMER,À CONFIRMER,À CONFIRMER,À CONFIRMER,ESSENTIEL,2,palier de prix d'achat (3.64 € HT) → 2,PROPOSITION AUTOMATIQUE – À VALIDER EN BACK-OFFICE,À CONFIRMER,À CONFIRMER,NON,À CONFIRMER,PRODUIT_FRAGILE,À CONFIRMER,À CONFIRMER,À CONFIRMER,À CONFIRMER,À CONFIRMER,À CONFIRMER,SUR_COMMANDE (document = tarif et bon de commande 2026),PRODUIT,LIBELLÉ IDENTIQUE – MÊME PRODUCTEUR,,,32,Tarif et bon de commande 2026 – onglet « TARIF NORMAND DIRECT 2026 »,ligne 387
PROD-0379,À CONFIRMER,Bière brune 33 cl / 24 Quai des brune,Bière brune 33 cl / 24 Quai des brune,À CONFIRMER,BOISSON_ALCOOLISEE,BIERE,règle 32,BRASSERIE LA LIE,FOUR-0023,BRASSERIE LA LIE,BRASSERIE LA LIE,FOUR-0001,NORMAND DIRECT TERROIR,Commande directe auprès de Normand Direct Terroir,À CONFIRMER,À CONFIRMER,À CONFIRMER,À CONFIRMER,À CONFIRMER,,AUCUNE_INFORMATION_DANS_LES_DOCUMENTS,À CONFIRMER,À CONFIRMER,,330.0,33 cl,À CONFIRMER,OUI,BIERE,À CONFIRMER,,1.96,1.96,unité,PU HT,0.2,2.352,,,,,,,,,,À CONFIRMER,,24/,24,À CONFIRMER,Attention !! / BRASSERIE LALIE / EXPEDITION / PAR / TRANSPORTEUR / UNIQUEMENT / A PARTIR / DE 8 CARTONS / OU / 6 CARTONS / ET / 5 DEMI-METRES,À CONFIRMER,À CONFIRMER,À CONFIRMER,À CONFIRMER,À CONFIRMER,OUI_DEDUIT,PROBABLE_DEDUIT_DU_CONDITIONNEMENT,OUI_DEDUIT_DU_CONDITIONNEMENT,OUI_DEDUIT,OUI,PROTECTION_BOUTEILLE_OU_CONTENANT_VERRE,"Boisson alcoolisée : vérifier les contraintes transporteur (déclaration, casse, interdiction sur certains services)",À CONFIRMER,À CONFIRMER,À CONFIRMER,À CONFIRMER,À CONFIRMER,ESSENTIEL,1,palier de prix d'achat (1.96 € HT) → 1,PROPOSITION AUTOMATIQUE – À VALIDER EN BACK-OFFICE,À CONFIRMER,À CONFIRMER,NON,À CONFIRMER,PRODUIT_FRAGILE,À CONFIRMER,À CONFIRMER,À CONFIRMER,À CONFIRMER,À CONFIRMER,À CONFIRMER,SUR_COMMANDE (document = tarif et bon de commande 2026),PRODUIT,,,,32,Tarif et bon de commande 2026 – onglet « TARIF NORMAND DIRECT 2026 »,ligne 388
PROD-0380,À CONFIRMER,Bière brune 75 cl / 9 Quai des brunes,Bière brune 75 cl / 9 Quai des brunes,À CONFIRMER,BOISSON_ALCOOLISEE,BIERE,règle 32,BRASSERIE LA LIE,FOUR-0023,BRASSERIE LA LIE,BRASSERIE LA LIE,FOUR-0001,NORMAND DIRECT TERROIR,Commande directe auprès de Normand Direct Terroir,À CONFIRMER,À CONFIRMER,À CONFIRMER,À CONFIRMER,À CONFIRMER,,AUCUNE_INFORMATION_DANS_LES_DOCUMENTS,À CONFIRMER,À CONFIRMER,,750.0,75 cl,À CONFIRMER,OUI,BIERE,À CONFIRMER,,3.64,3.64,unité,PU HT,0.2,4.368,,,,,,,,,,À CONFIRMER,,9/,9,À CONFIRMER,Attention !! / BRASSERIE LALIE / EXPEDITION / PAR / TRANSPORTEUR / UNIQUEMENT / A PARTIR / DE 8 CARTONS / OU / 6 CARTONS / ET / 5 DEMI-METRES,À CONFIRMER,À CONFIRMER,À CONFIRMER,À CONFIRMER,À CONFIRMER,OUI_DEDUIT,PROBABLE_DEDUIT_DU_CONDITIONNEMENT,OUI_DEDUIT_DU_CONDITIONNEMENT,OUI_DEDUIT,OUI,PROTECTION_BOUTEILLE_OU_CONTENANT_VERRE,"Boisson alcoolisée : vérifier les contraintes transporteur (déclaration, casse, interdiction sur certains services)",À CONFIRMER,À CONFIRMER,À CONFIRMER,À CONFIRMER,À CONFIRMER,ESSENTIEL,2,palier de prix d'achat (3.64 € HT) → 2,PROPOSITION AUTOMATIQUE – À VALIDER EN BACK-OFFICE,À CONFIRMER,À CONFIRMER,NON,À CONFIRMER,PRODUIT_FRAGILE,À CONFIRMER,À CONFIRMER,À CONFIRMER,À CONFIRMER,À CONFIRMER,À CONFIRMER,SUR_COMMANDE (document = tarif et bon de commande 2026),PRODUIT,,,,32,Tarif et bon de commande 2026 – onglet « TARIF NORMAND DIRECT 2026 »,ligne 389
PROD-0381,À CONFIRMER,Bière triple 33 cl / 24 Triple à la mode de Caen,Bière triple 33 cl / 24 Triple à la mode de Caen,À CONFIRMER,BOISSON_ALCOOLISEE,BIERE,règle 32,BRASSERIE LA LIE,FOUR-0023,BRASSERIE LA LIE,BRASSERIE LA LIE,FOUR-0001,NORMAND DIRECT TERROIR,Commande directe auprès de Normand Direct Terroir,À CONFIRMER,À CONFIRMER,À CONFIRMER,À CONFIRMER,À CONFIRMER,,AUCUNE_INFORMATION_DANS_LES_DOCUMENTS,À CONFIRMER,À CONFIRMER,,330.0,33 cl,À CONFIRMER,OUI,BIERE,À CONFIRMER,,2.01,2.01,unité,PU HT,0.2,2.412,,,,,,,,,,À CONFIRMER,,24/,24,À CONFIRMER,Attention !! / BRASSERIE LALIE / EXPEDITION / PAR / TRANSPORTEUR / UNIQUEMENT / A PARTIR / DE 8 CARTONS / OU / 6 CARTONS / ET / 5 DEMI-METRES,À CONFIRMER,À CONFIRMER,À CONFIRMER,À CONFIRMER,À CONFIRMER,OUI_DEDUIT,PROBABLE_DEDUIT_DU_CONDITIONNEMENT,OUI_DEDUIT_DU_CONDITIONNEMENT,OUI_DEDUIT,OUI,PROTECTION_BOUTEILLE_OU_CONTENANT_VERRE,"Boisson alcoolisée : vérifier les contraintes transporteur (déclaration, casse, interdiction sur certains services)",À CONFIRMER,À CONFIRMER,À CONFIRMER,À CONFIRMER,À CONFIRMER,ESSENTIEL,1,palier de prix d'achat (2.01 € HT) → 1,PROPOSITION AUTOMATIQUE – À VALIDER EN BACK-OFFICE,À CONFIRMER,À CONFIRMER,NON,À CONFIRMER,PRODUIT_FRAGILE,À CONFIRMER,À CONFIRMER,À CONFIRMER,À CONFIRMER,À CONFIRMER,À CONFIRMER,SUR_COMMANDE (document = tarif et bon de commande 2026),PRODUIT,LIBELLÉ IDENTIQUE – MÊME PRODUCTEUR,,,32,Tarif et bon de commande 2026 – onglet « TARIF NORMAND DIRECT 2026 »,ligne 390
PROD-0382,À CONFIRMER,Bière triple 75 cl / 9 Triple à la mode de Caen,Bière triple 75 cl / 9 Triple à la mode de Caen,À CONFIRMER,BOISSON_ALCOOLISEE,BIERE,règle 32,BRASSERIE LA LIE,FOUR-0023,BRASSERIE LA LIE,BRASSERIE LA LIE,FOUR-0001,NORMAND DIRECT TERROIR,Commande directe auprès de Normand Direct Terroir,À CONFIRMER,À CONFIRMER,À CONFIRMER,À CONFIRMER,À CONFIRMER,,AUCUNE_INFORMATION_DANS_LES_DOCUMENTS,À CONFIRMER,À CONFIRMER,,750.0,75 cl,À CONFIRMER,OUI,BIERE,À CONFIRMER,,3.8,3.8,unité,PU HT,0.2,4.56,,,,,,,,,,À CONFIRMER,,9/,9,À CONFIRMER,Attention !! / BRASSERIE LALIE / EXPEDITION / PAR / TRANSPORTEUR / UNIQUEMENT / A PARTIR / DE 8 CARTONS / OU / 6 CARTONS / ET / 5 DEMI-METRES,À CONFIRMER,À CONFIRMER,À CONFIRMER,À CONFIRMER,À CONFIRMER,OUI_DEDUIT,PROBABLE_DEDUIT_DU_CONDITIONNEMENT,OUI_DEDUIT_DU_CONDITIONNEMENT,OUI_DEDUIT,OUI,PROTECTION_BOUTEILLE_OU_CONTENANT_VERRE,"Boisson alcoolisée : vérifier les contraintes transporteur (déclaration, casse, interdiction sur certains services)",À CONFIRMER,À CONFIRMER,À CONFIRMER,À CONFIRMER,À CONFIRMER,ESSENTIEL,2,palier de prix d'achat (3.80 € HT) → 2,PROPOSITION AUTOMATIQUE – À VALIDER EN BACK-OFFICE,À CONFIRMER,À CONFIRMER,NON,À CONFIRMER,PRODUIT_FRAGILE,À CONFIRMER,À CONFIRMER,À CONFIRMER,À CONFIRMER,À CONFIRMER,À CONFIRMER,SUR_COMMANDE (document = tarif et bon de commande 2026),PRODUIT,LIBELLÉ IDENTIQUE – MÊME PRODUCTEUR,,,32,Tarif et bon de commande 2026 – onglet « TARIF NORMAND DIRECT 2026 »,ligne 391
PROD-0383,À CONFIRMER,Bière rousse Conté fleurette 33 cl / 24,Bière rousse Conté fleurette 33 cl / 24,À CONFIRMER,BOISSON_ALCOOLISEE,BIERE,règle 32,BRASSERIE LA LIE,FOUR-0023,BRASSERIE LA LIE,BRASSERIE LA LIE,FOUR-0001,NORMAND DIRECT TERROIR,Commande directe auprès de Normand Direct Terroir,À CONFIRMER,À CONFIRMER,À CONFIRMER,À CONFIRMER,À CONFIRMER,,AUCUNE_INFORMATION_DANS_LES_DOCUMENTS,À CONFIRMER,À CONFIRMER,,330.0,33 cl,À CONFIRMER,OUI,BIERE,À CONFIRMER,,1.96,1.96,unité,PU HT,0.2,2.352,,,,,,,,,,À CONFIRMER,,24/,24,À CONFIRMER,Attention !! / BRASSERIE LALIE / EXPEDITION / PAR / TRANSPORTEUR / UNIQUEMENT / A PARTIR / DE 8 CARTONS / OU / 6 CARTONS / ET / 5 DEMI-METRES,À CONFIRMER,À CONFIRMER,À CONFIRMER,À CONFIRMER,À CONFIRMER,OUI_DEDUIT,PROBABLE_DEDUIT_DU_CONDITIONNEMENT,OUI_DEDUIT_DU_CONDITIONNEMENT,OUI_DEDUIT,OUI,PROTECTION_BOUTEILLE_OU_CONTENANT_VERRE,"Boisson alcoolisée : vérifier les contraintes transporteur (déclaration, casse, interdiction sur certains services)",À CONFIRMER,À CONFIRMER,À CONFIRMER,À CONFIRMER,À CONFIRMER,ESSENTIEL,1,palier de prix d'achat (1.96 € HT) → 1,PROPOSITION AUTOMATIQUE – À VALIDER EN BACK-OFFICE,À CONFIRMER,À CONFIRMER,NON,À CONFIRMER,PRODUIT_FRAGILE,À CONFIRMER,À CONFIRMER,À CONFIRMER,À CONFIRMER,À CONFIRMER,À CONFIRMER,SUR_COMMANDE (document = tarif et bon de commande 2026),PRODUIT,LIBELLÉ IDENTIQUE – MÊME PRODUCTEUR,,,32,Tarif et bon de commande 2026 – onglet « TARIF NORMAND DIRECT 2026 »,ligne 392
PROD-0384,À CONFIRMER,Bière rousse Conté fleurette 75 cl / 9,Bière rousse Conté fleurette 75 cl / 9,À CONFIRMER,BOISSON_ALCOOLISEE,BIERE,règle 32,BRASSERIE LA LIE,FOUR-0023,BRASSERIE LA LIE,BRASSERIE LA LIE,FOUR-0001,NORMAND DIRECT TERROIR,Commande directe auprès de Normand Direct Terroir,À CONFIRMER,À CONFIRMER,À CONFIRMER,À CONFIRMER,À CONFIRMER,,AUCUNE_INFORMATION_DANS_LES_DOCUMENTS,À CONFIRMER,À CONFIRMER,,750.0,75 cl,À CONFIRMER,OUI,BIERE,À CONFIRMER,,3.64,3.64,unité,PU HT,0.2,4.368,,,,,,,,,,À CONFIRMER,,9/,9,À CONFIRMER,Attention !! / BRASSERIE LALIE / EXPEDITION / PAR / TRANSPORTEUR / UNIQUEMENT / A PARTIR / DE 8 CARTONS / OU / 6 CARTONS / ET / 5 DEMI-METRES,À CONFIRMER,À CONFIRMER,À CONFIRMER,À CONFIRMER,À CONFIRMER,OUI_DEDUIT,PROBABLE_DEDUIT_DU_CONDITIONNEMENT,OUI_DEDUIT_DU_CONDITIONNEMENT,OUI_DEDUIT,OUI,PROTECTION_BOUTEILLE_OU_CONTENANT_VERRE,"Boisson alcoolisée : vérifier les contraintes transporteur (déclaration, casse, interdiction sur certains services)",À CONFIRMER,À CONFIRMER,À CONFIRMER,À CONFIRMER,À CONFIRMER,ESSENTIEL,2,palier de prix d'achat (3.64 € HT) → 2,PROPOSITION AUTOMATIQUE – À VALIDER EN BACK-OFFICE,À CONFIRMER,À CONFIRMER,NON,À CONFIRMER,PRODUIT_FRAGILE,À CONFIRMER,À CONFIRMER,À CONFIRMER,À CONFIRMER,À CONFIRMER,À CONFIRMER,SUR_COMMANDE (document = tarif et bon de commande 2026),PRODUIT,LIBELLÉ IDENTIQUE – MÊME PRODUCTEUR,,,32,Tarif et bon de commande 2026 – onglet « TARIF NORMAND DIRECT 2026 »,ligne 393
PROD-0385,À CONFIRMER,Bière blonde Pale Ale  33 cl / 24 la Suisse Normande,Bière blonde Pale Ale  33 cl / 24 la Suisse Normande,À CONFIRMER,BOISSON_ALCOOLISEE,BIERE,règle 32,BRASSERIE LA LIE,FOUR-0023,BRASSERIE LA LIE,BRASSERIE LA LIE,FOUR-0001,NORMAND DIRECT TERROIR,Commande directe auprès de Normand Direct Terroir,À CONFIRMER,À CONFIRMER,À CONFIRMER,À CONFIRMER,À CONFIRMER,,INDICE_DANS_LE_NOM_DU_PRODUIT_SEULEMENT,NORMANDIE_INDIQUEE_DANS_LE_NOM_A_VERIFIER,À CONFIRMER,,330.0,33 cl,À CONFIRMER,OUI,BIERE,À CONFIRMER,,1.96,1.96,unité,PU HT,0.2,2.352,,,,,,,,,,À CONFIRMER,,24/,24,À CONFIRMER,Attention !! / BRASSERIE LALIE / EXPEDITION / PAR / TRANSPORTEUR / UNIQUEMENT / A PARTIR / DE 8 CARTONS / OU / 6 CARTONS / ET / 5 DEMI-METRES,À CONFIRMER,À CONFIRMER,À CONFIRMER,À CONFIRMER,À CONFIRMER,OUI_DEDUIT,PROBABLE_DEDUIT_DU_CONDITIONNEMENT,OUI_DEDUIT_DU_CONDITIONNEMENT,OUI_DEDUIT,OUI,PROTECTION_BOUTEILLE_OU_CONTENANT_VERRE,"Boisson alcoolisée : vérifier les contraintes transporteur (déclaration, casse, interdiction sur certains services)",À CONFIRMER,À CONFIRMER,À CONFIRMER,À CONFIRMER,À CONFIRMER,ESSENTIEL,1,palier de prix d'achat (1.96 € HT) → 1,PROPOSITION AUTOMATIQUE – À VALIDER EN BACK-OFFICE,À CONFIRMER,À CONFIRMER,NON,À CONFIRMER,PRODUIT_FRAGILE,À CONFIRMER,À CONFIRMER,À CONFIRMER,À CONFIRMER,À CONFIRMER,À CONFIRMER,SUR_COMMANDE (document = tarif et bon de commande 2026),PRODUIT,LIBELLÉ IDENTIQUE – MÊME PRODUCTEUR,,,31,Tarif et bon de commande 2026 – onglet « TARIF NORMAND DIRECT 2026 »,ligne 394
PROD-0386,À CONFIRMER,Bière blonde Pale Ale  75 cl / 9 la Suisse Normande,Bière blonde Pale Ale  75 cl / 9 la Suisse Normande,À CONFIRMER,BOISSON_ALCOOLISEE,BIERE,règle 32,BRASSERIE LA LIE,FOUR-0023,BRASSERIE LA LIE,BRASSERIE LA LIE,FOUR-0001,NORMAND DIRECT TERROIR,Commande directe auprès de Normand Direct Terroir,À CONFIRMER,À CONFIRMER,À CONFIRMER,À CONFIRMER,À CONFIRMER,,INDICE_DANS_LE_NOM_DU_PRODUIT_SEULEMENT,NORMANDIE_INDIQUEE_DANS_LE_NOM_A_VERIFIER,À CONFIRMER,,750.0,75 cl,À CONFIRMER,OUI,BIERE,À CONFIRMER,,3.64,3.64,unité,PU HT,0.2,4.368,,,,,,,,,,À CONFIRMER,,9/,9,À CONFIRMER,Attention !! / BRASSERIE LALIE / EXPEDITION / PAR / TRANSPORTEUR / UNIQUEMENT / A PARTIR / DE 8 CARTONS / OU / 6 CARTONS / ET / 5 DEMI-METRES,À CONFIRMER,À CONFIRMER,À CONFIRMER,À CONFIRMER,À CONFIRMER,OUI_DEDUIT,PROBABLE_DEDUIT_DU_CONDITIONNEMENT,OUI_DEDUIT_DU_CONDITIONNEMENT,OUI_DEDUIT,OUI,PROTECTION_BOUTEILLE_OU_CONTENANT_VERRE,"Boisson alcoolisée : vérifier les contraintes transporteur (déclaration, casse, interdiction sur certains services)",À CONFIRMER,À CONFIRMER,À CONFIRMER,À CONFIRMER,À CONFIRMER,ESSENTIEL,2,palier de prix d'achat (3.64 € HT) → 2,PROPOSITION AUTOMATIQUE – À VALIDER EN BACK-OFFICE,À CONFIRMER,À CONFIRMER,NON,À CONFIRMER,PRODUIT_FRAGILE,À CONFIRMER,À CONFIRMER,À CONFIRMER,À CONFIRMER,À CONFIRMER,À CONFIRMER,SUR_COMMANDE (document = tarif et bon de commande 2026),PRODUIT,LIBELLÉ IDENTIQUE – MÊME PRODUCTEUR,,,31,Tarif et bon de commande 2026 – onglet « TARIF NORMAND DIRECT 2026 »,ligne 395
PROD-0387,À CONFIRMER,Bière de Noel 33 cl / 24 ça sent le sapin,Bière de Noel 33 cl / 24 ça sent le sapin,À CONFIRMER,BOISSON_ALCOOLISEE,BIERE,règle 32,BRASSERIE LA LIE,FOUR-0023,BRASSERIE LA LIE,BRASSERIE LA LIE,FOUR-0001,NORMAND DIRECT TERROIR,Commande directe auprès de Normand Direct Terroir,À CONFIRMER,À CONFIRMER,À CONFIRMER,À CONFIRMER,À CONFIRMER,,AUCUNE_INFORMATION_DANS_LES_DOCUMENTS,À CONFIRMER,À CONFIRMER,,330.0,33 cl,À CONFIRMER,OUI,BIERE,À CONFIRMER,,1.96,1.96,unité,PU HT,0.2,2.352,,,,,,,,,,À CONFIRMER,,24/,24,À CONFIRMER,Attention !! / BRASSERIE LALIE / EXPEDITION / PAR / TRANSPORTEUR / UNIQUEMENT / A PARTIR / DE 8 CARTONS / OU / 6 CARTONS / ET / 5 DEMI-METRES,À CONFIRMER,À CONFIRMER,À CONFIRMER,À CONFIRMER,À CONFIRMER,OUI_DEDUIT,PROBABLE_DEDUIT_DU_CONDITIONNEMENT,OUI_DEDUIT_DU_CONDITIONNEMENT,OUI_DEDUIT,OUI,PROTECTION_BOUTEILLE_OU_CONTENANT_VERRE,"Boisson alcoolisée : vérifier les contraintes transporteur (déclaration, casse, interdiction sur certains services)",À CONFIRMER,À CONFIRMER,À CONFIRMER,À CONFIRMER,À CONFIRMER,ESSENTIEL,1,palier de prix d'achat (1.96 € HT) → 1,PROPOSITION AUTOMATIQUE – À VALIDER EN BACK-OFFICE,À CONFIRMER,OUI,NON,À CONFIRMER,PRODUIT_DE_NOEL ; PRODUIT_FRAGILE,À CONFIRMER,À CONFIRMER,À CONFIRMER,À CONFIRMER,À CONFIRMER,À CONFIRMER,SUR_COMMANDE (document = tarif et bon de commande 2026),PRODUIT,LIBELLÉ IDENTIQUE – MÊME PRODUCTEUR,,,31,Tarif et bon de commande 2026 – onglet « TARIF NORMAND DIRECT 2026 »,ligne 396
PROD-0388,À CONFIRMER,Bière de Noel 75 cl / 9 ça sent le sapin,Bière de Noel 75 cl / 9 ça sent le sapin,À CONFIRMER,BOISSON_ALCOOLISEE,BIERE,règle 32,BRASSERIE LA LIE,FOUR-0023,BRASSERIE LA LIE,BRASSERIE LA LIE,FOUR-0001,NORMAND DIRECT TERROIR,Commande directe auprès de Normand Direct Terroir,À CONFIRMER,À CONFIRMER,À CONFIRMER,À CONFIRMER,À CONFIRMER,,AUCUNE_INFORMATION_DANS_LES_DOCUMENTS,À CONFIRMER,À CONFIRMER,,750.0,75 cl,À CONFIRMER,OUI,BIERE,À CONFIRMER,,3.64,3.64,unité,PU HT,0.2,4.368,,,,,,,,,,À CONFIRMER,,9/,9,À CONFIRMER,Attention !! / BRASSERIE LALIE / EXPEDITION / PAR / TRANSPORTEUR / UNIQUEMENT / A PARTIR / DE 8 CARTONS / OU / 6 CARTONS / ET / 5 DEMI-METRES,À CONFIRMER,À CONFIRMER,À CONFIRMER,À CONFIRMER,À CONFIRMER,OUI_DEDUIT,PROBABLE_DEDUIT_DU_CONDITIONNEMENT,OUI_DEDUIT_DU_CONDITIONNEMENT,OUI_DEDUIT,OUI,PROTECTION_BOUTEILLE_OU_CONTENANT_VERRE,"Boisson alcoolisée : vérifier les contraintes transporteur (déclaration, casse, interdiction sur certains services)",À CONFIRMER,À CONFIRMER,À CONFIRMER,À CONFIRMER,À CONFIRMER,ESSENTIEL,2,palier de prix d'achat (3.64 € HT) → 2,PROPOSITION AUTOMATIQUE – À VALIDER EN BACK-OFFICE,À CONFIRMER,OUI,NON,À CONFIRMER,PRODUIT_DE_NOEL ; PRODUIT_FRAGILE,À CONFIRMER,À CONFIRMER,À CONFIRMER,À CONFIRMER,À CONFIRMER,À CONFIRMER,SUR_COMMANDE (document = tarif et bon de commande 2026),PRODUIT,LIBELLÉ IDENTIQUE – MÊME PRODUCTEUR,,,31,Tarif et bon de commande 2026 – onglet « TARIF NORMAND DIRECT 2026 »,ligne 397
PROD-0389,À CONFIRMER,Bière édition limité du moment 33 cl / 24,Bière édition limité du moment 33 cl / 24,À CONFIRMER,BOISSON_ALCOOLISEE,BIERE,règle 32,BRASSERIE LA LIE,FOUR-0023,BRASSERIE LA LIE,BRASSERIE LA LIE,FOUR-0001,NORMAND DIRECT TERROIR,Commande directe auprès de Normand Direct Terroir,À CONFIRMER,À CONFIRMER,À CONFIRMER,À CONFIRMER,À CONFIRMER,,AUCUNE_INFORMATION_DANS_LES_DOCUMENTS,À CONFIRMER,À CONFIRMER,,330.0,33 cl,À CONFIRMER,OUI,BIERE,À CONFIRMER,,1.96,1.96,unité,PU HT,0.2,2.352,,,,,,,,,,À CONFIRMER,,24/,24,À CONFIRMER,Attention !! / BRASSERIE LALIE / EXPEDITION / PAR / TRANSPORTEUR / UNIQUEMENT / A PARTIR / DE 8 CARTONS / OU / 6 CARTONS / ET / 5 DEMI-METRES,À CONFIRMER,À CONFIRMER,À CONFIRMER,À CONFIRMER,À CONFIRMER,OUI_DEDUIT,PROBABLE_DEDUIT_DU_CONDITIONNEMENT,OUI_DEDUIT_DU_CONDITIONNEMENT,OUI_DEDUIT,OUI,PROTECTION_BOUTEILLE_OU_CONTENANT_VERRE,"Boisson alcoolisée : vérifier les contraintes transporteur (déclaration, casse, interdiction sur certains services)",À CONFIRMER,À CONFIRMER,À CONFIRMER,À CONFIRMER,À CONFIRMER,ESSENTIEL,1,palier de prix d'achat (1.96 € HT) → 1,PROPOSITION AUTOMATIQUE – À VALIDER EN BACK-OFFICE,À CONFIRMER,À CONFIRMER,NON,À CONFIRMER,PRODUIT_FRAGILE,À CONFIRMER,À CONFIRMER,À CONFIRMER,À CONFIRMER,À CONFIRMER,À CONFIRMER,SUR_COMMANDE (document = tarif et bon de commande 2026),PRODUIT,LIBELLÉ IDENTIQUE – MÊME PRODUCTEUR,,,32,Tarif et bon de commande 2026 – onglet « TARIF NORMAND DIRECT 2026 »,ligne 398
PROD-0390,À CONFIRMER,Bière édition limité du moment 75 cl / 9,Bière édition limité du moment 75 cl / 9,À CONFIRMER,BOISSON_ALCOOLISEE,BIERE,règle 32,BRASSERIE LA LIE,FOUR-0023,BRASSERIE LA LIE,BRASSERIE LA LIE,FOUR-0001,NORMAND DIRECT TERROIR,Commande directe auprès de Normand Direct Terroir,À CONFIRMER,À CONFIRMER,À CONFIRMER,À CONFIRMER,À CONFIRMER,,AUCUNE_INFORMATION_DANS_LES_DOCUMENTS,À CONFIRMER,À CONFIRMER,,750.0,75 cl,À CONFIRMER,OUI,BIERE,À CONFIRMER,,3.64,3.64,unité,PU HT,0.2,4.368,,,,,,,,,,À CONFIRMER,,9/,9,À CONFIRMER,Attention !! / BRASSERIE LALIE / EXPEDITION / PAR / TRANSPORTEUR / UNIQUEMENT / A PARTIR / DE 8 CARTONS / OU / 6 CARTONS / ET / 5 DEMI-METRES,À CONFIRMER,À CONFIRMER,À CONFIRMER,À CONFIRMER,À CONFIRMER,OUI_DEDUIT,PROBABLE_DEDUIT_DU_CONDITIONNEMENT,OUI_DEDUIT_DU_CONDITIONNEMENT,OUI_DEDUIT,OUI,PROTECTION_BOUTEILLE_OU_CONTENANT_VERRE,"Boisson alcoolisée : vérifier les contraintes transporteur (déclaration, casse, interdiction sur certains services)",À CONFIRMER,À CONFIRMER,À CONFIRMER,À CONFIRMER,À CONFIRMER,ESSENTIEL,2,palier de prix d'achat (3.64 € HT) → 2,PROPOSITION AUTOMATIQUE – À VALIDER EN BACK-OFFICE,À CONFIRMER,À CONFIRMER,NON,À CONFIRMER,PRODUIT_FRAGILE,À CONFIRMER,À CONFIRMER,À CONFIRMER,À CONFIRMER,À CONFIRMER,À CONFIRMER,SUR_COMMANDE (document = tarif et bon de commande 2026),PRODUIT,LIBELLÉ IDENTIQUE – MÊME PRODUCTEUR,,,32,Tarif et bon de commande 2026 – onglet « TARIF NORMAND DIRECT 2026 »,ligne 399
PROD-0391,À CONFIRMER,Pack 6 bouteilles 33 cl,Pack 6 bouteilles 33 cl,À CONFIRMER,COFFRET_ET_EMBALLAGE,COFFRET_OU_PACK,règle 11,BRASSERIE LA LIE,FOUR-0023,BRASSERIE LA LIE,BRASSERIE LA LIE,FOUR-0001,NORMAND DIRECT TERROIR,Commande directe auprès de Normand Direct Terroir,À CONFIRMER,À CONFIRMER,À CONFIRMER,À CONFIRMER,À CONFIRMER,,AUCUNE_INFORMATION_DANS_LES_DOCUMENTS,À CONFIRMER,À CONFIRMER,,330.0,33 cl,,NON,,À CONFIRMER,,0.85,0.85,unité,PU HT,0.2,1.02,,,,,,,,,,À CONFIRMER,,6/,6,À CONFIRMER,Attention !! / BRASSERIE LALIE / EXPEDITION / PAR / TRANSPORTEUR / UNIQUEMENT / A PARTIR / DE 8 CARTONS / OU / 6 CARTONS / ET / 5 DEMI-METRES,À CONFIRMER,À CONFIRMER,À CONFIRMER,À CONFIRMER,À CONFIRMER,OUI_DEDUIT,PROBABLE_DEDUIT_DU_CONDITIONNEMENT,OUI_DEDUIT_DU_CONDITIONNEMENT,OUI_DEDUIT,OUI,PROTECTION_BOUTEILLE_OU_CONTENANT_VERRE,À CONFIRMER,À CONFIRMER,À CONFIRMER,À CONFIRMER,À CONFIRMER,À CONFIRMER,ESSENTIEL,1,palier de prix d'achat (0.85 € HT) → 1,PROPOSITION AUTOMATIQUE – À VALIDER EN BACK-OFFICE,À CONFIRMER,À CONFIRMER,NON,À CONFIRMER,PRODUIT_FRAGILE,À CONFIRMER,À CONFIRMER,À CONFIRMER,À CONFIRMER,À CONFIRMER,À CONFIRMER,SUR_COMMANDE (document = tarif et bon de commande 2026),PRODUIT,,,,32,Tarif et bon de commande 2026 – onglet « TARIF NORMAND DIRECT 2026 »,ligne 400
PROD-0392,À CONFIRMER,Pack 6 bouteilles 33 cl + 2 verres,Pack 6 bouteilles 33 cl + 2 verres,À CONFIRMER,COFFRET_ET_EMBALLAGE,COFFRET_OU_PACK,règle 11,BRASSERIE LA LIE,FOUR-0023,BRASSERIE LA LIE,BRASSERIE LA LIE,FOUR-0001,NORMAND DIRECT TERROIR,Commande directe auprès de Normand Direct Terroir,À CONFIRMER,À CONFIRMER,À CONFIRMER,À CONFIRMER,À CONFIRMER,,AUCUNE_INFORMATION_DANS_LES_DOCUMENTS,À CONFIRMER,À CONFIRMER,,330.0,33 cl,,NON,,À CONFIRMER,,1.16,1.16,unité,PU HT,0.2,1.392,,,,,,,,,,À CONFIRMER,,6/,6,À CONFIRMER,Attention !! / BRASSERIE LALIE / EXPEDITION / PAR / TRANSPORTEUR / UNIQUEMENT / A PARTIR / DE 8 CARTONS / OU / 6 CARTONS / ET / 5 DEMI-METRES,À CONFIRMER,À CONFIRMER,À CONFIRMER,À CONFIRMER,À CONFIRMER,OUI_DEDUIT,PROBABLE_DEDUIT_DU_CONDITIONNEMENT,OUI_DEDUIT_DU_CONDITIONNEMENT,OUI_DEDUIT,OUI,PROTECTION_BOUTEILLE_OU_CONTENANT_VERRE,À CONFIRMER,À CONFIRMER,À CONFIRMER,À CONFIRMER,À CONFIRMER,À CONFIRMER,ESSENTIEL,1,palier de prix d'achat (1.16 € HT) → 1,PROPOSITION AUTOMATIQUE – À VALIDER EN BACK-OFFICE,À CONFIRMER,À CONFIRMER,NON,À CONFIRMER,PRODUIT_FRAGILE,À CONFIRMER,À CONFIRMER,À CONFIRMER,À CONFIRMER,À CONFIRMER,À CONFIRMER,SUR_COMMANDE (document = tarif et bon de commande 2026),PRODUIT,,,,32,Tarif et bon de commande 2026 – onglet « TARIF NORMAND DIRECT 2026 »,ligne 401
PROD-0393,À CONFIRMER,Pack 3 bouteilles 75 cl,Pack 3 bouteilles 75 cl,À CONFIRMER,COFFRET_ET_EMBALLAGE,COFFRET_OU_PACK,règle 11,BRASSERIE LA LIE,FOUR-0023,BRASSERIE LA LIE,BRASSERIE LA LIE,FOUR-0001,NORMAND DIRECT TERROIR,Commande directe auprès de Normand Direct Terroir,À CONFIRMER,À CONFIRMER,À CONFIRMER,À CONFIRMER,À CONFIRMER,,AUCUNE_INFORMATION_DANS_LES_DOCUMENTS,À CONFIRMER,À CONFIRMER,,750.0,75 cl,,NON,,À CONFIRMER,,1.06,1.06,unité,PU HT,0.2,1.272,,,,,,,,,,À CONFIRMER,,6/,6,À CONFIRMER,Attention !! / BRASSERIE LALIE / EXPEDITION / PAR / TRANSPORTEUR / UNIQUEMENT / A PARTIR / DE 8 CARTONS / OU / 6 CARTONS / ET / 5 DEMI-METRES,À CONFIRMER,À CONFIRMER,À CONFIRMER,À CONFIRMER,À CONFIRMER,OUI_DEDUIT,PROBABLE_DEDUIT_DU_CONDITIONNEMENT,OUI_DEDUIT_DU_CONDITIONNEMENT,OUI_DEDUIT,OUI,PROTECTION_BOUTEILLE_OU_CONTENANT_VERRE,À CONFIRMER,À CONFIRMER,À CONFIRMER,À CONFIRMER,À CONFIRMER,À CONFIRMER,ESSENTIEL,1,palier de prix d'achat (1.06 € HT) → 1,PROPOSITION AUTOMATIQUE – À VALIDER EN BACK-OFFICE,À CONFIRMER,À CONFIRMER,NON,À CONFIRMER,PRODUIT_FRAGILE,À CONFIRMER,À CONFIRMER,À CONFIRMER,À CONFIRMER,À CONFIRMER,À CONFIRMER,SUR_COMMANDE (document = tarif et bon de commande 2026),PRODUIT,,,,32,Tarif et bon de commande 2026 – onglet « TARIF NORMAND DIRECT 2026 »,ligne 402
PROD-0394,À CONFIRMER,Pack 1 bouteilles 75 cl + 2 verres,Pack 1 bouteilles 75 cl + 2 verres,À CONFIRMER,COFFRET_ET_EMBALLAGE,COFFRET_OU_PACK,règle 11,BRASSERIE LA LIE,FOUR-0023,BRASSERIE LA LIE,BRASSERIE LA LIE,FOUR-0001,NORMAND DIRECT TERROIR,Commande directe auprès de Normand Direct Terroir,À CONFIRMER,À CONFIRMER,À CONFIRMER,À CONFIRMER,À CONFIRMER,,AUCUNE_INFORMATION_DANS_LES_DOCUMENTS,À CONFIRMER,À CONFIRMER,,750.0,75 cl,,NON,,À CONFIRMER,,1.12,1.12,unité,PU HT,0.2,1.344,,,,,,,,,,À CONFIRMER,,6/,6,À CONFIRMER,Attention !! / BRASSERIE LALIE / EXPEDITION / PAR / TRANSPORTEUR / UNIQUEMENT / A PARTIR / DE 8 CARTONS / OU / 6 CARTONS / ET / 5 DEMI-METRES,À CONFIRMER,À CONFIRMER,À CONFIRMER,À CONFIRMER,À CONFIRMER,OUI_DEDUIT,PROBABLE_DEDUIT_DU_CONDITIONNEMENT,OUI_DEDUIT_DU_CONDITIONNEMENT,OUI_DEDUIT,OUI,PROTECTION_BOUTEILLE_OU_CONTENANT_VERRE,À CONFIRMER,À CONFIRMER,À CONFIRMER,À CONFIRMER,À CONFIRMER,À CONFIRMER,ESSENTIEL,1,palier de prix d'achat (1.12 € HT) → 1,PROPOSITION AUTOMATIQUE – À VALIDER EN BACK-OFFICE,À CONFIRMER,À CONFIRMER,NON,À CONFIRMER,PRODUIT_FRAGILE,À CONFIRMER,À CONFIRMER,À CONFIRMER,À CONFIRMER,À CONFIRMER,À CONFIRMER,SUR_COMMANDE (document = tarif et bon de commande 2026),PRODUIT,,,,32,Tarif et bon de commande 2026 – onglet « TARIF NORMAND DIRECT 2026 »,ligne 403
PROD-0395,À CONFIRMER,Demi mètre craft logoté composé de 9 bières 33 cl,Demi mètre craft logoté composé de 9 bières 33 cl,À CONFIRMER,COFFRET_ET_EMBALLAGE,COFFRET_OU_PACK,règle 11,BRASSERIE LA LIE,FOUR-0023,BRASSERIE LA LIE,BRASSERIE LA LIE,FOUR-0001,NORMAND DIRECT TERROIR,Commande directe auprès de Normand Direct Terroir,À CONFIRMER,À CONFIRMER,À CONFIRMER,À CONFIRMER,À CONFIRMER,,AUCUNE_INFORMATION_DANS_LES_DOCUMENTS,À CONFIRMER,À CONFIRMER,,330.0,33 cl,,NON,,À CONFIRMER,,21.35,21.35,unité,PU HT,0.2,25.62,,,,,,,,,,À CONFIRMER,,5/,5,À CONFIRMER,Attention !! / BRASSERIE LALIE / EXPEDITION / PAR / TRANSPORTEUR / UNIQUEMENT / A PARTIR / DE 8 CARTONS / OU / 6 CARTONS / ET / 5 DEMI-METRES,À CONFIRMER,À CONFIRMER,À CONFIRMER,À CONFIRMER,À CONFIRMER,OUI_DEDUIT,PROBABLE_DEDUIT_DU_CONDITIONNEMENT,OUI_DEDUIT_DU_CONDITIONNEMENT,OUI_DEDUIT,OUI,PROTECTION_BOUTEILLE_OU_CONTENANT_VERRE,À CONFIRMER,À CONFIRMER,À CONFIRMER,À CONFIRMER,À CONFIRMER,À CONFIRMER,PREMIUM,4,palier de prix d'achat (21.35 € HT) → 4,PROPOSITION AUTOMATIQUE – À VALIDER EN BACK-OFFICE,À CONFIRMER,À CONFIRMER,OUI,À CONFIRMER,PRODUIT_FRAGILE ; PREMIUM,À CONFIRMER,À CONFIRMER,À CONFIRMER,À CONFIRMER,À CONFIRMER,À CONFIRMER,SUR_COMMANDE (document = tarif et bon de commande 2026),PRODUIT,,,,32,Tarif et bon de commande 2026 – onglet « TARIF NORMAND DIRECT 2026 »,ligne 404
PROD-0396,À CONFIRMER,Pinte 50 cl Brasserie Lalie,Pinte 50 cl Brasserie Lalie,À CONFIRMER,ART_DE_LA_TABLE_ET_OBJET,OBJET_ET_CONTENANT,règle 12,BRASSERIE LA LIE,FOUR-0023,BRASSERIE LA LIE,BRASSERIE LA LIE,FOUR-0001,NORMAND DIRECT TERROIR,Commande directe auprès de Normand Direct Terroir,À CONFIRMER,À CONFIRMER,À CONFIRMER,À CONFIRMER,À CONFIRMER,,AUCUNE_INFORMATION_DANS_LES_DOCUMENTS,À CONFIRMER,À CONFIRMER,,500.0,50 cl,,NON,,À CONFIRMER,,2.38,2.38,unité,PU HT,0.2,2.856,,,,,,,,,,À CONFIRMER,,6/,6,À CONFIRMER,Attention !! / BRASSERIE LALIE / EXPEDITION / PAR / TRANSPORTEUR / UNIQUEMENT / A PARTIR / DE 8 CARTONS / OU / 6 CARTONS / ET / 5 DEMI-METRES,À CONFIRMER,À CONFIRMER,À CONFIRMER,À CONFIRMER,À CONFIRMER,OUI_DEDUIT,PROBABLE_DEDUIT_DU_CONDITIONNEMENT,OUI_DEDUIT_DU_CONDITIONNEMENT,OUI_DEDUIT,OUI,PROTECTION_BOUTEILLE_OU_CONTENANT_VERRE,À CONFIRMER,À CONFIRMER,À CONFIRMER,À CONFIRMER,À CONFIRMER,À CONFIRMER,ESSENTIEL,1,palier de prix d'achat (2.38 € HT) → 1,PROPOSITION AUTOMATIQUE – À VALIDER EN BACK-OFFICE,À CONFIRMER,À CONFIRMER,NON,À CONFIRMER,PRODUIT_FRAGILE,À CONFIRMER,À CONFIRMER,À CONFIRMER,À CONFIRMER,À CONFIRMER,À CONFIRMER,SUR_COMMANDE (document = tarif et bon de commande 2026),PRODUIT,,,,32,Tarif et bon de commande 2026 – onglet « TARIF NORMAND DIRECT 2026 »,ligne 405
PROD-0397,À CONFIRMER,Verre à bière Brasserie Lalie 25 cl,Verre à bière Brasserie Lalie 25 cl,À CONFIRMER,ART_DE_LA_TABLE_ET_OBJET,OBJET_ET_CONTENANT,règle 12,BRASSERIE LA LIE,FOUR-0023,BRASSERIE LA LIE,BRASSERIE LA LIE,FOUR-0001,NORMAND DIRECT TERROIR,Commande directe auprès de Normand Direct Terroir,À CONFIRMER,À CONFIRMER,À CONFIRMER,À CONFIRMER,À CONFIRMER,,AUCUNE_INFORMATION_DANS_LES_DOCUMENTS,À CONFIRMER,À CONFIRMER,,250.0,25 cl,,NON,,À CONFIRMER,,2.1,2.1,unité,PU HT,0.2,2.52,,,,,,,,,,À CONFIRMER,,6/,6,À CONFIRMER,Attention !! / BRASSERIE LALIE / EXPEDITION / PAR / TRANSPORTEUR / UNIQUEMENT / A PARTIR / DE 8 CARTONS / OU / 6 CARTONS / ET / 5 DEMI-METRES,À CONFIRMER,À CONFIRMER,À CONFIRMER,À CONFIRMER,À CONFIRMER,OUI_DEDUIT,PROBABLE_DEDUIT_DU_CONDITIONNEMENT,OUI_DEDUIT_DU_CONDITIONNEMENT,OUI_DEDUIT,OUI,PROTECTION_BOUTEILLE_OU_CONTENANT_VERRE,À CONFIRMER,À CONFIRMER,À CONFIRMER,À CONFIRMER,À CONFIRMER,À CONFIRMER,ESSENTIEL,1,palier de prix d'achat (2.10 € HT) → 1,PROPOSITION AUTOMATIQUE – À VALIDER EN BACK-OFFICE,À CONFIRMER,À CONFIRMER,NON,À CONFIRMER,PRODUIT_FRAGILE,À CONFIRMER,À CONFIRMER,À CONFIRMER,À CONFIRMER,À CONFIRMER,À CONFIRMER,SUR_COMMANDE (document = tarif et bon de commande 2026),PRODUIT,,,,32,Tarif et bon de commande 2026 – onglet « TARIF NORMAND DIRECT 2026 »,ligne 406
PROD-0398,À CONFIRMER,CONNIVENCE BLANC 75 cl  14° en coffret de 6,CONNIVENCE BLANC 75 cl  14° en coffret de 6,À CONFIRMER,BOISSON_ALCOOLISEE,VIN,règle 38,LES ARPENTS DU SOLEIL,FOUR-0024,LES ARPENTS DU SOLEIL,LES ARPENTS DU SOLEIL,FOUR-0001,NORMAND DIRECT TERROIR,Commande directe auprès de Normand Direct Terroir,À CONFIRMER,À CONFIRMER,À CONFIRMER,À CONFIRMER,À CONFIRMER,,AUCUNE_INFORMATION_DANS_LES_DOCUMENTS,À CONFIRMER,À CONFIRMER,,750.0,75 cl,14°,OUI,VIN,À CONFIRMER,,15.9,15.9,unité,PU HT,0.2,19.08,,,,,,,,,,À CONFIRMER,,6/,6,À CONFIRMER,À CONFIRMER,À CONFIRMER,À CONFIRMER,À CONFIRMER,À CONFIRMER,À CONFIRMER,OUI_DEDUIT,PROBABLE_DEDUIT_DU_CONDITIONNEMENT,OUI_DEDUIT_DU_CONDITIONNEMENT,OUI_DEDUIT,OUI,PROTECTION_BOUTEILLE_OU_CONTENANT_VERRE,"Boisson alcoolisée : vérifier les contraintes transporteur (déclaration, casse, interdiction sur certains services)",À CONFIRMER,À CONFIRMER,À CONFIRMER,À CONFIRMER,À CONFIRMER,PREMIUM,4,palier de prix d'achat (15.90 € HT) → 4,PROPOSITION AUTOMATIQUE – À VALIDER EN BACK-OFFICE,À CONFIRMER,À CONFIRMER,OUI,À CONFIRMER,PRODUIT_FRAGILE ; PREMIUM,À CONFIRMER,À CONFIRMER,À CONFIRMER,À CONFIRMER,À CONFIRMER,À CONFIRMER,SUR_COMMANDE (document = tarif et bon de commande 2026),PRODUIT,,,,32,Tarif et bon de commande 2026 – onglet « TARIF NORMAND DIRECT 2026 »,ligne 407
PROD-0399,À CONFIRMER,PINOT NOIR 50 CL rouge 12 ° en coffret de 6,PINOT NOIR 50 CL rouge 12 ° en coffret de 6,À CONFIRMER,BOISSON_ALCOOLISEE,VIN,règle 38,LES ARPENTS DU SOLEIL,FOUR-0024,LES ARPENTS DU SOLEIL,LES ARPENTS DU SOLEIL,FOUR-0001,NORMAND DIRECT TERROIR,Commande directe auprès de Normand Direct Terroir,À CONFIRMER,À CONFIRMER,À CONFIRMER,À CONFIRMER,À CONFIRMER,,AUCUNE_INFORMATION_DANS_LES_DOCUMENTS,À CONFIRMER,À CONFIRMER,,500.0,50 CL,12 °,OUI,VIN,À CONFIRMER,,8.8,8.8,unité,PU HT,0.2,10.56,,,,,,,,,,À CONFIRMER,,6/,6,À CONFIRMER,À CONFIRMER,À CONFIRMER,À CONFIRMER,À CONFIRMER,À CONFIRMER,À CONFIRMER,OUI_DEDUIT,PROBABLE_DEDUIT_DU_CONDITIONNEMENT,OUI_DEDUIT_DU_CONDITIONNEMENT,OUI_DEDUIT,OUI,PROTECTION_BOUTEILLE_OU_CONTENANT_VERRE,"Boisson alcoolisée : vérifier les contraintes transporteur (déclaration, casse, interdiction sur certains services)",À CONFIRMER,À CONFIRMER,À CONFIRMER,À CONFIRMER,À CONFIRMER,SIGNATURE,3,palier de prix d'achat (8.80 € HT) → 3,PROPOSITION AUTOMATIQUE – À VALIDER EN BACK-OFFICE,À CONFIRMER,À CONFIRMER,NON,À CONFIRMER,PRODUIT_FRAGILE,À CONFIRMER,À CONFIRMER,À CONFIRMER,À CONFIRMER,À CONFIRMER,À CONFIRMER,SUR_COMMANDE (document = tarif et bon de commande 2026),PRODUIT,,,,32,Tarif et bon de commande 2026 – onglet « TARIF NORMAND DIRECT 2026 »,ligne 408
PROD-0400,À CONFIRMER,PINOT NOIR magnum 150 CL rouge 12 ° en coffret de 3,PINOT NOIR magnum 150 CL rouge 12 ° en coffret de 3,À CONFIRMER,BOISSON_ALCOOLISEE,VIN,règle 38,LES ARPENTS DU SOLEIL,FOUR-0024,LES ARPENTS DU SOLEIL,LES ARPENTS DU SOLEIL,FOUR-0001,NORMAND DIRECT TERROIR,Commande directe auprès de Normand Direct Terroir,À CONFIRMER,À CONFIRMER,À CONFIRMER,À CONFIRMER,À CONFIRMER,,AUCUNE_INFORMATION_DANS_LES_DOCUMENTS,À CONFIRMER,À CONFIRMER,,1500.0,150 CL,12 °,OUI,VIN,À CONFIRMER,,28.75,28.75,unité,PU HT,0.2,34.5,,,,,,,,,,À CONFIRMER,,3/,3,À CONFIRMER,À CONFIRMER,À CONFIRMER,À CONFIRMER,À CONFIRMER,À CONFIRMER,À CONFIRMER,OUI_DEDUIT,PROBABLE_DEDUIT_DU_CONDITIONNEMENT,OUI_DEDUIT_DU_CONDITIONNEMENT,OUI_DEDUIT,OUI,PROTECTION_BOUTEILLE_OU_CONTENANT_VERRE,"Boisson alcoolisée : vérifier les contraintes transporteur (déclaration, casse, interdiction sur certains services)",À CONFIRMER,À CONFIRMER,À CONFIRMER,À CONFIRMER,À CONFIRMER,PRESTIGE,5,palier de prix d'achat (28.75 € HT) → 5,PROPOSITION AUTOMATIQUE – À VALIDER EN BACK-OFFICE,À CONFIRMER,À CONFIRMER,OUI,À CONFIRMER,PRODUIT_FRAGILE ; PREMIUM,À CONFIRMER,À CONFIRMER,À CONFIRMER,À CONFIRMER,À CONFIRMER,À CONFIRMER,SUR_COMMANDE (document = tarif et bon de commande 2026),PRODUIT,,,,32,Tarif et bon de commande 2026 – onglet « TARIF NORMAND DIRECT 2026 »,ligne 409
PROD-0401,À CONFIRMER,AUXERROIS 50 CL blanc 12 °  en coffret de 6,AUXERROIS 50 CL blanc 12 °  en coffret de 6,À CONFIRMER,BOISSON_ALCOOLISEE,VIN,règle 38,LES ARPENTS DU SOLEIL,FOUR-0024,LES ARPENTS DU SOLEIL,LES ARPENTS DU SOLEIL,FOUR-0001,NORMAND DIRECT TERROIR,Commande directe auprès de Normand Direct Terroir,À CONFIRMER,À CONFIRMER,À CONFIRMER,À CONFIRMER,À CONFIRMER,,AUCUNE_INFORMATION_DANS_LES_DOCUMENTS,À CONFIRMER,À CONFIRMER,,500.0,50 CL,12 °,OUI,VIN,À CONFIRMER,,6.75,6.75,unité,PU HT,0.2,8.1,,,,,,,,,,À CONFIRMER,,6/,6,À CONFIRMER,À CONFIRMER,À CONFIRMER,À CONFIRMER,À CONFIRMER,À CONFIRMER,À CONFIRMER,OUI_DEDUIT,PROBABLE_DEDUIT_DU_CONDITIONNEMENT,OUI_DEDUIT_DU_CONDITIONNEMENT,OUI_DEDUIT,OUI,PROTECTION_BOUTEILLE_OU_CONTENANT_VERRE,"Boisson alcoolisée : vérifier les contraintes transporteur (déclaration, casse, interdiction sur certains services)",À CONFIRMER,À CONFIRMER,À CONFIRMER,À CONFIRMER,À CONFIRMER,SIGNATURE,3,palier de prix d'achat (6.75 € HT) → 3,PROPOSITION AUTOMATIQUE – À VALIDER EN BACK-OFFICE,À CONFIRMER,À CONFIRMER,NON,À CONFIRMER,PRODUIT_FRAGILE,À CONFIRMER,À CONFIRMER,À CONFIRMER,À CONFIRMER,À CONFIRMER,À CONFIRMER,SUR_COMMANDE (document = tarif et bon de commande 2026),PRODUIT,,,,32,Tarif et bon de commande 2026 – onglet « TARIF NORMAND DIRECT 2026 »,ligne 410
PROD-0402,À CONFIRMER,PINOT Gris 50 CL en coffret de 6,PINOT Gris 50 CL en coffret de 6,À CONFIRMER,BOISSON_ALCOOLISEE,VIN,règle 38,LES ARPENTS DU SOLEIL,FOUR-0024,LES ARPENTS DU SOLEIL,LES ARPENTS DU SOLEIL,FOUR-0001,NORMAND DIRECT TERROIR,Commande directe auprès de Normand Direct Terroir,À CONFIRMER,À CONFIRMER,À CONFIRMER,À CONFIRMER,À CONFIRMER,,AUCUNE_INFORMATION_DANS_LES_DOCUMENTS,À CONFIRMER,À CONFIRMER,,500.0,50 CL,À CONFIRMER,OUI,VIN,À CONFIRMER,,8.8,8.8,unité,PU HT,0.2,10.56,,,,,,,,,,À CONFIRMER,,6/,6,À CONFIRMER,À CONFIRMER,À CONFIRMER,À CONFIRMER,À CONFIRMER,À CONFIRMER,À CONFIRMER,OUI_DEDUIT,PROBABLE_DEDUIT_DU_CONDITIONNEMENT,OUI_DEDUIT_DU_CONDITIONNEMENT,OUI_DEDUIT,OUI,PROTECTION_BOUTEILLE_OU_CONTENANT_VERRE,"Boisson alcoolisée : vérifier les contraintes transporteur (déclaration, casse, interdiction sur certains services)",À CONFIRMER,À CONFIRMER,À CONFIRMER,À CONFIRMER,À CONFIRMER,SIGNATURE,3,palier de prix d'achat (8.80 € HT) → 3,PROPOSITION AUTOMATIQUE – À VALIDER EN BACK-OFFICE,À CONFIRMER,À CONFIRMER,NON,À CONFIRMER,PRODUIT_FRAGILE,À CONFIRMER,À CONFIRMER,À CONFIRMER,À CONFIRMER,À CONFIRMER,À CONFIRMER,SUR_COMMANDE (document = tarif et bon de commande 2026),PRODUIT,,,,33,Tarif et bon de commande 2026 – onglet « TARIF NORMAND DIRECT 2026 »,ligne 411
PROD-0403,À CONFIRMER,AUXERROIS magnum 150 CL blanc 12 °  en coffret de 3,AUXERROIS magnum 150 CL blanc 12 °  en coffret de 3,À CONFIRMER,BOISSON_ALCOOLISEE,VIN,règle 38,LES ARPENTS DU SOLEIL,FOUR-0024,LES ARPENTS DU SOLEIL,LES ARPENTS DU SOLEIL,FOUR-0001,NORMAND DIRECT TERROIR,Commande directe auprès de Normand Direct Terroir,À CONFIRMER,À CONFIRMER,À CONFIRMER,À CONFIRMER,À CONFIRMER,,AUCUNE_INFORMATION_DANS_LES_DOCUMENTS,À CONFIRMER,À CONFIRMER,,1500.0,150 CL,12 °,OUI,VIN,À CONFIRMER,,28.75,28.75,unité,PU HT,0.2,34.5,,,,,,,,,,À CONFIRMER,,3/,3,À CONFIRMER,À CONFIRMER,À CONFIRMER,À CONFIRMER,À CONFIRMER,À CONFIRMER,À CONFIRMER,OUI_DEDUIT,PROBABLE_DEDUIT_DU_CONDITIONNEMENT,OUI_DEDUIT_DU_CONDITIONNEMENT,OUI_DEDUIT,OUI,PROTECTION_BOUTEILLE_OU_CONTENANT_VERRE,"Boisson alcoolisée : vérifier les contraintes transporteur (déclaration, casse, interdiction sur certains services)",À CONFIRMER,À CONFIRMER,À CONFIRMER,À CONFIRMER,À CONFIRMER,PRESTIGE,5,palier de prix d'achat (28.75 € HT) → 5,PROPOSITION AUTOMATIQUE – À VALIDER EN BACK-OFFICE,À CONFIRMER,À CONFIRMER,OUI,À CONFIRMER,PRODUIT_FRAGILE ; PREMIUM,À CONFIRMER,À CONFIRMER,À CONFIRMER,À CONFIRMER,À CONFIRMER,À CONFIRMER,SUR_COMMANDE (document = tarif et bon de commande 2026),PRODUIT,,,,32,Tarif et bon de commande 2026 – onglet « TARIF NORMAND DIRECT 2026 »,ligne 412
PROD-0404,À CONFIRMER,Gin 40° 70 cl   Echantillon gratuit pour 6 sur demande,Gin 40° 70 cl   Echantillon gratuit pour 6 sur demande,À CONFIRMER,BOISSON_ALCOOLISEE,SPIRITUEUX,règle 37,DISTILLERIE C'EST NOUS,FOUR-0025,DISTILLERIE C'EST NOUS,DISTILLERIE C'EST NOUS,FOUR-0001,NORMAND DIRECT TERROIR,Commande directe auprès de Normand Direct Terroir,À CONFIRMER,À CONFIRMER,À CONFIRMER,À CONFIRMER,À CONFIRMER,,AUCUNE_INFORMATION_DANS_LES_DOCUMENTS,À CONFIRMER,À CONFIRMER,,700.0,70 cl,40°,OUI,SPIRITUEUX,À CONFIRMER,,23.25,23.25,unité,PU HT,0.2,27.9,,,,,,,,,,À CONFIRMER,,6/,6,À CONFIRMER,Livraisons par 6 mais panachable par 2x3 pour les bouteilles de 70CL / panachage a volonté pour les 20cl,À CONFIRMER,À CONFIRMER,À CONFIRMER,À CONFIRMER,À CONFIRMER,OUI_DEDUIT,PROBABLE_DEDUIT_DU_CONDITIONNEMENT,OUI_DEDUIT_DU_CONDITIONNEMENT,OUI_DEDUIT,OUI,PROTECTION_BOUTEILLE_OU_CONTENANT_VERRE,"Boisson alcoolisée : vérifier les contraintes transporteur (déclaration, casse, interdiction sur certains services)",À CONFIRMER,À CONFIRMER,À CONFIRMER,À CONFIRMER,À CONFIRMER,PREMIUM,4,palier de prix d'achat (23.25 € HT) → 4,PROPOSITION AUTOMATIQUE – À VALIDER EN BACK-OFFICE,À CONFIRMER,À CONFIRMER,OUI,À CONFIRMER,PRODUIT_FRAGILE ; PREMIUM,À CONFIRMER,À CONFIRMER,À CONFIRMER,À CONFIRMER,À CONFIRMER,À CONFIRMER,SUR_COMMANDE (document = tarif et bon de commande 2026),PRODUIT,,,,31,Tarif et bon de commande 2026 – onglet « TARIF NORMAND DIRECT 2026 »,ligne 413
PROD-0405,À CONFIRMER,Gin 40 ° 20 cl,Gin 40 ° 20 cl,À CONFIRMER,BOISSON_ALCOOLISEE,SPIRITUEUX,règle 37,DISTILLERIE C'EST NOUS,FOUR-0025,DISTILLERIE C'EST NOUS,DISTILLERIE C'EST NOUS,FOUR-0001,NORMAND DIRECT TERROIR,Commande directe auprès de Normand Direct Terroir,À CONFIRMER,À CONFIRMER,À CONFIRMER,À CONFIRMER,À CONFIRMER,,AUCUNE_INFORMATION_DANS_LES_DOCUMENTS,À CONFIRMER,À CONFIRMER,,200.0,20 cl,40 °,OUI,SPIRITUEUX,À CONFIRMER,,9.4,9.4,unité,PU HT,0.2,11.28,,,,,,,,,,À CONFIRMER,,12/,12,À CONFIRMER,Livraisons par 6 mais panachable par 2x3 pour les bouteilles de 70CL / panachage a volonté pour les 20cl,À CONFIRMER,À CONFIRMER,À CONFIRMER,À CONFIRMER,À CONFIRMER,OUI_DEDUIT,PROBABLE_DEDUIT_DU_CONDITIONNEMENT,OUI_DEDUIT_DU_CONDITIONNEMENT,OUI_DEDUIT,OUI,PROTECTION_BOUTEILLE_OU_CONTENANT_VERRE,"Boisson alcoolisée : vérifier les contraintes transporteur (déclaration, casse, interdiction sur certains services)",À CONFIRMER,À CONFIRMER,À CONFIRMER,À CONFIRMER,À CONFIRMER,SIGNATURE,3,palier de prix d'achat (9.40 € HT) → 3,PROPOSITION AUTOMATIQUE – À VALIDER EN BACK-OFFICE,À CONFIRMER,À CONFIRMER,NON,À CONFIRMER,PRODUIT_FRAGILE,À CONFIRMER,À CONFIRMER,À CONFIRMER,À CONFIRMER,À CONFIRMER,À CONFIRMER,SUR_COMMANDE (document = tarif et bon de commande 2026),PRODUIT,,,,31,Tarif et bon de commande 2026 – onglet « TARIF NORMAND DIRECT 2026 »,ligne 414
PROD-0406,À CONFIRMER,Gin 40° 70 cl   Concombre-basilic-pomme Echantillon gratuit sur demande,Gin 40° 70 cl   Concombre-basilic-pomme Echantillon gratuit sur demande,À CONFIRMER,BOISSON_ALCOOLISEE,SPIRITUEUX,règle 37,DISTILLERIE C'EST NOUS,FOUR-0025,DISTILLERIE C'EST NOUS,DISTILLERIE C'EST NOUS,FOUR-0001,NORMAND DIRECT TERROIR,Commande directe auprès de Normand Direct Terroir,À CONFIRMER,À CONFIRMER,À CONFIRMER,À CONFIRMER,À CONFIRMER,,AUCUNE_INFORMATION_DANS_LES_DOCUMENTS,À CONFIRMER,À CONFIRMER,,700.0,70 cl,40°,OUI,SPIRITUEUX,À CONFIRMER,,23.25,23.25,unité,PU HT,0.2,27.9,,,,,,,,,,À CONFIRMER,,6/,6,À CONFIRMER,Livraisons par 6 mais panachable par 2x3 pour les bouteilles de 70CL / panachage a volonté pour les 20cl,À CONFIRMER,À CONFIRMER,À CONFIRMER,À CONFIRMER,À CONFIRMER,OUI_DEDUIT,PROBABLE_DEDUIT_DU_CONDITIONNEMENT,OUI_DEDUIT_DU_CONDITIONNEMENT,OUI_DEDUIT,OUI,PROTECTION_BOUTEILLE_OU_CONTENANT_VERRE,"Boisson alcoolisée : vérifier les contraintes transporteur (déclaration, casse, interdiction sur certains services)",À CONFIRMER,À CONFIRMER,À CONFIRMER,À CONFIRMER,À CONFIRMER,PREMIUM,4,palier de prix d'achat (23.25 € HT) → 4,PROPOSITION AUTOMATIQUE – À VALIDER EN BACK-OFFICE,À CONFIRMER,À CONFIRMER,OUI,À CONFIRMER,PRODUIT_FRAGILE ; PREMIUM,À CONFIRMER,À CONFIRMER,À CONFIRMER,À CONFIRMER,À CONFIRMER,À CONFIRMER,SUR_COMMANDE (document = tarif et bon de commande 2026),PRODUIT,,,,31,Tarif et bon de commande 2026 – onglet « TARIF NORMAND DIRECT 2026 »,ligne 415
PROD-0407,À CONFIRMER,Gin fusion  21 ° Rhubarbe Menthe 50 cl,Gin fusion  21 ° Rhubarbe Menthe 50 cl,À CONFIRMER,BOISSON_ALCOOLISEE,SPIRITUEUX,règle 37,DISTILLERIE C'EST NOUS,FOUR-0025,DISTILLERIE C'EST NOUS,DISTILLERIE C'EST NOUS,FOUR-0001,NORMAND DIRECT TERROIR,Commande directe auprès de Normand Direct Terroir,À CONFIRMER,À CONFIRMER,À CONFIRMER,À CONFIRMER,À CONFIRMER,,AUCUNE_INFORMATION_DANS_LES_DOCUMENTS,À CONFIRMER,À CONFIRMER,,500.0,50 cl,21 °,OUI,SPIRITUEUX,À CONFIRMER,,13.8,13.8,unité,PU HT,0.2,16.56,,,,,,,,,,À CONFIRMER,,6/,6,À CONFIRMER,Livraisons par 6 mais panachable par 2x3 pour les bouteilles de 70CL / panachage a volonté pour les 20cl,À CONFIRMER,À CONFIRMER,À CONFIRMER,À CONFIRMER,À CONFIRMER,OUI_DEDUIT,PROBABLE_DEDUIT_DU_CONDITIONNEMENT,OUI_DEDUIT_DU_CONDITIONNEMENT,OUI_DEDUIT,OUI,PROTECTION_BOUTEILLE_OU_CONTENANT_VERRE,"Boisson alcoolisée : vérifier les contraintes transporteur (déclaration, casse, interdiction sur certains services)",À CONFIRMER,À CONFIRMER,À CONFIRMER,À CONFIRMER,À CONFIRMER,PREMIUM,4,palier de prix d'achat (13.80 € HT) → 4,PROPOSITION AUTOMATIQUE – À VALIDER EN BACK-OFFICE,À CONFIRMER,À CONFIRMER,OUI,À CONFIRMER,PRODUIT_FRAGILE ; PREMIUM,À CONFIRMER,À CONFIRMER,À CONFIRMER,À CONFIRMER,À CONFIRMER,À CONFIRMER,SUR_COMMANDE (document = tarif et bon de commande 2026),PRODUIT,,,,31,Tarif et bon de commande 2026 – onglet « TARIF NORMAND DIRECT 2026 »,ligne 416
PROD-0408,À CONFIRMER,Gin fusion 21° Framboise Hibiscus 50 cl,Gin fusion 21° Framboise Hibiscus 50 cl,À CONFIRMER,BOISSON_ALCOOLISEE,SPIRITUEUX,règle 37,DISTILLERIE C'EST NOUS,FOUR-0025,DISTILLERIE C'EST NOUS,DISTILLERIE C'EST NOUS,FOUR-0001,NORMAND DIRECT TERROIR,Commande directe auprès de Normand Direct Terroir,À CONFIRMER,À CONFIRMER,À CONFIRMER,À CONFIRMER,À CONFIRMER,,AUCUNE_INFORMATION_DANS_LES_DOCUMENTS,À CONFIRMER,À CONFIRMER,,500.0,50 cl,21°,OUI,SPIRITUEUX,À CONFIRMER,,13.8,13.8,unité,PU HT,0.2,16.56,,,,,,,,,,À CONFIRMER,,6/,6,À CONFIRMER,Livraisons par 6 mais panachable par 2x3 pour les bouteilles de 70CL / panachage a volonté pour les 20cl,À CONFIRMER,À CONFIRMER,À CONFIRMER,À CONFIRMER,À CONFIRMER,OUI_DEDUIT,PROBABLE_DEDUIT_DU_CONDITIONNEMENT,OUI_DEDUIT_DU_CONDITIONNEMENT,OUI_DEDUIT,OUI,PROTECTION_BOUTEILLE_OU_CONTENANT_VERRE,"Boisson alcoolisée : vérifier les contraintes transporteur (déclaration, casse, interdiction sur certains services)",À CONFIRMER,À CONFIRMER,À CONFIRMER,À CONFIRMER,À CONFIRMER,PREMIUM,4,palier de prix d'achat (13.80 € HT) → 4,PROPOSITION AUTOMATIQUE – À VALIDER EN BACK-OFFICE,À CONFIRMER,À CONFIRMER,OUI,À CONFIRMER,PRODUIT_FRAGILE ; PREMIUM,À CONFIRMER,À CONFIRMER,À CONFIRMER,À CONFIRMER,À CONFIRMER,À CONFIRMER,SUR_COMMANDE (document = tarif et bon de commande 2026),PRODUIT,,,,31,Tarif et bon de commande 2026 – onglet « TARIF NORMAND DIRECT 2026 »,ligne 417
PROD-0409,À CONFIRMER,Vodka 40° 70 cl  Echantillon gratuit pour 6 sur demande,Vodka 40° 70 cl  Echantillon gratuit pour 6 sur demande,À CONFIRMER,BOISSON_ALCOOLISEE,SPIRITUEUX,règle 37,DISTILLERIE C'EST NOUS,FOUR-0025,DISTILLERIE C'EST NOUS,DISTILLERIE C'EST NOUS,FOUR-0001,NORMAND DIRECT TERROIR,Commande directe auprès de Normand Direct Terroir,À CONFIRMER,À CONFIRMER,À CONFIRMER,À CONFIRMER,À CONFIRMER,,AUCUNE_INFORMATION_DANS_LES_DOCUMENTS,À CONFIRMER,À CONFIRMER,,700.0,70 cl,40°,OUI,SPIRITUEUX,À CONFIRMER,,20.7,20.7,unité,PU HT,0.2,24.84,,,,,,,,,,À CONFIRMER,,6/,6,À CONFIRMER,Livraisons par 6 mais panachable par 2x3 pour les bouteilles de 70CL / panachage a volonté pour les 20cl,À CONFIRMER,À CONFIRMER,À CONFIRMER,À CONFIRMER,À CONFIRMER,OUI_DEDUIT,PROBABLE_DEDUIT_DU_CONDITIONNEMENT,OUI_DEDUIT_DU_CONDITIONNEMENT,OUI_DEDUIT,OUI,PROTECTION_BOUTEILLE_OU_CONTENANT_VERRE,"Boisson alcoolisée : vérifier les contraintes transporteur (déclaration, casse, interdiction sur certains services)",À CONFIRMER,À CONFIRMER,À CONFIRMER,À CONFIRMER,À CONFIRMER,PREMIUM,4,palier de prix d'achat (20.70 € HT) → 4,PROPOSITION AUTOMATIQUE – À VALIDER EN BACK-OFFICE,À CONFIRMER,À CONFIRMER,OUI,À CONFIRMER,PRODUIT_FRAGILE ; PREMIUM,À CONFIRMER,À CONFIRMER,À CONFIRMER,À CONFIRMER,À CONFIRMER,À CONFIRMER,SUR_COMMANDE (document = tarif et bon de commande 2026),PRODUIT,,,,31,Tarif et bon de commande 2026 – onglet « TARIF NORMAND DIRECT 2026 »,ligne 418
PROD-0410,À CONFIRMER,Vodka Normande 40° 20 cl,Vodka Normande 40° 20 cl,À CONFIRMER,BOISSON_ALCOOLISEE,SPIRITUEUX,règle 37,DISTILLERIE C'EST NOUS,FOUR-0025,DISTILLERIE C'EST NOUS,DISTILLERIE C'EST NOUS,FOUR-0001,NORMAND DIRECT TERROIR,Commande directe auprès de Normand Direct Terroir,À CONFIRMER,À CONFIRMER,À CONFIRMER,À CONFIRMER,À CONFIRMER,,INDICE_DANS_LE_NOM_DU_PRODUIT_SEULEMENT,NORMANDIE_INDIQUEE_DANS_LE_NOM_A_VERIFIER,À CONFIRMER,,200.0,20 cl,40°,OUI,SPIRITUEUX,À CONFIRMER,,9.4,9.4,unité,PU HT,0.2,11.28,,,,,,,,,,À CONFIRMER,,12/,12,À CONFIRMER,Livraisons par 6 mais panachable par 2x3 pour les bouteilles de 70CL / panachage a volonté pour les 20cl,À CONFIRMER,À CONFIRMER,À CONFIRMER,À CONFIRMER,À CONFIRMER,OUI_DEDUIT,PROBABLE_DEDUIT_DU_CONDITIONNEMENT,OUI_DEDUIT_DU_CONDITIONNEMENT,OUI_DEDUIT,OUI,PROTECTION_BOUTEILLE_OU_CONTENANT_VERRE,"Boisson alcoolisée : vérifier les contraintes transporteur (déclaration, casse, interdiction sur certains services)",À CONFIRMER,À CONFIRMER,À CONFIRMER,À CONFIRMER,À CONFIRMER,SIGNATURE,3,palier de prix d'achat (9.40 € HT) → 3,PROPOSITION AUTOMATIQUE – À VALIDER EN BACK-OFFICE,À CONFIRMER,À CONFIRMER,NON,À CONFIRMER,PRODUIT_FRAGILE,À CONFIRMER,À CONFIRMER,À CONFIRMER,À CONFIRMER,À CONFIRMER,À CONFIRMER,SUR_COMMANDE (document = tarif et bon de commande 2026),PRODUIT,,,,30,Tarif et bon de commande 2026 – onglet « TARIF NORMAND DIRECT 2026 »,ligne 419
PROD-0411,À CONFIRMER,Liqueur de café Cold brew 25° 70 cl Echantillon gratuit pour 6 sur demande,Liqueur de café Cold brew 25° 70 cl Echantillon gratuit pour 6 sur demande,À CONFIRMER,BOISSON_ALCOOLISEE,LIQUEUR,règle 6,DISTILLERIE C'EST NOUS,FOUR-0025,DISTILLERIE C'EST NOUS,DISTILLERIE C'EST NOUS,FOUR-0001,NORMAND DIRECT TERROIR,Commande directe auprès de Normand Direct Terroir,À CONFIRMER,À CONFIRMER,À CONFIRMER,À CONFIRMER,À CONFIRMER,,AUCUNE_INFORMATION_DANS_LES_DOCUMENTS,À CONFIRMER,À CONFIRMER,,700.0,70 cl,25°,OUI,LIQUEUR,À CONFIRMER,,19.5,19.5,unité,PU HT,0.2,23.4,,,,,,,,,,À CONFIRMER,,6/,6,À CONFIRMER,Livraisons par 6 mais panachable par 2x3 pour les bouteilles de 70CL / panachage a volonté pour les 20cl,À CONFIRMER,À CONFIRMER,À CONFIRMER,À CONFIRMER,À CONFIRMER,OUI_DEDUIT,PROBABLE_DEDUIT_DU_CONDITIONNEMENT,OUI_DEDUIT_DU_CONDITIONNEMENT,OUI_DEDUIT,OUI,PROTECTION_BOUTEILLE_OU_CONTENANT_VERRE,"Boisson alcoolisée : vérifier les contraintes transporteur (déclaration, casse, interdiction sur certains services)",À CONFIRMER,À CONFIRMER,À CONFIRMER,À CONFIRMER,À CONFIRMER,PREMIUM,4,palier de prix d'achat (19.50 € HT) → 4,PROPOSITION AUTOMATIQUE – À VALIDER EN BACK-OFFICE,À CONFIRMER,À CONFIRMER,OUI,À CONFIRMER,PRODUIT_FRAGILE ; PREMIUM,À CONFIRMER,À CONFIRMER,À CONFIRMER,À CONFIRMER,À CONFIRMER,À CONFIRMER,SUR_COMMANDE (document = tarif et bon de commande 2026),PRODUIT,,,,31,Tarif et bon de commande 2026 – onglet « TARIF NORMAND DIRECT 2026 »,ligne 420
PROD-0412,À CONFIRMER,Liqueur de café Cold brew 25° 20 cl,Liqueur de café Cold brew 25° 20 cl,À CONFIRMER,BOISSON_ALCOOLISEE,LIQUEUR,règle 6,DISTILLERIE C'EST NOUS,FOUR-0025,DISTILLERIE C'EST NOUS,DISTILLERIE C'EST NOUS,FOUR-0001,NORMAND DIRECT TERROIR,Commande directe auprès de Normand Direct Terroir,À CONFIRMER,À CONFIRMER,À CONFIRMER,À CONFIRMER,À CONFIRMER,,AUCUNE_INFORMATION_DANS_LES_DOCUMENTS,À CONFIRMER,À CONFIRMER,,200.0,20 cl,25°,OUI,LIQUEUR,À CONFIRMER,,8.5,8.5,unité,PU HT,0.2,10.2,,,,,,,,,,À CONFIRMER,,12/,12,À CONFIRMER,Livraisons par 6 mais panachable par 2x3 pour les bouteilles de 70CL / panachage a volonté pour les 20cl,À CONFIRMER,À CONFIRMER,À CONFIRMER,À CONFIRMER,À CONFIRMER,OUI_DEDUIT,PROBABLE_DEDUIT_DU_CONDITIONNEMENT,OUI_DEDUIT_DU_CONDITIONNEMENT,OUI_DEDUIT,OUI,PROTECTION_BOUTEILLE_OU_CONTENANT_VERRE,"Boisson alcoolisée : vérifier les contraintes transporteur (déclaration, casse, interdiction sur certains services)",À CONFIRMER,À CONFIRMER,À CONFIRMER,À CONFIRMER,À CONFIRMER,SIGNATURE,3,palier de prix d'achat (8.50 € HT) → 3,PROPOSITION AUTOMATIQUE – À VALIDER EN BACK-OFFICE,À CONFIRMER,À CONFIRMER,NON,À CONFIRMER,PRODUIT_FRAGILE,À CONFIRMER,À CONFIRMER,À CONFIRMER,À CONFIRMER,À CONFIRMER,À CONFIRMER,SUR_COMMANDE (document = tarif et bon de commande 2026),PRODUIT,,,,31,Tarif et bon de commande 2026 – onglet « TARIF NORMAND DIRECT 2026 »,ligne 421
PROD-0413,À CONFIRMER,Limoncello 50 cl Liqueur de citron Echantillon gratuit pour 6 sur demande,Limoncello 50 cl Liqueur de citron Echantillon gratuit pour 6 sur demande,À CONFIRMER,BOISSON_ALCOOLISEE,LIQUEUR,règle 6,DISTILLERIE C'EST NOUS,FOUR-0025,DISTILLERIE C'EST NOUS,DISTILLERIE C'EST NOUS,FOUR-0001,NORMAND DIRECT TERROIR,Commande directe auprès de Normand Direct Terroir,À CONFIRMER,À CONFIRMER,À CONFIRMER,À CONFIRMER,À CONFIRMER,,AUCUNE_INFORMATION_DANS_LES_DOCUMENTS,À CONFIRMER,À CONFIRMER,,500.0,50 cl,À CONFIRMER,OUI,LIQUEUR,À CONFIRMER,,14.6,14.6,unité,PU HT,0.2,17.52,,,,,,,,,,À CONFIRMER,,6/,6,À CONFIRMER,Livraisons par 6 mais panachable par 2x3 pour les bouteilles de 70CL / panachage a volonté pour les 20cl,À CONFIRMER,À CONFIRMER,À CONFIRMER,À CONFIRMER,À CONFIRMER,OUI_DEDUIT,PROBABLE_DEDUIT_DU_CONDITIONNEMENT,OUI_DEDUIT_DU_CONDITIONNEMENT,OUI_DEDUIT,OUI,PROTECTION_BOUTEILLE_OU_CONTENANT_VERRE,"Boisson alcoolisée : vérifier les contraintes transporteur (déclaration, casse, interdiction sur certains services)",À CONFIRMER,À CONFIRMER,À CONFIRMER,À CONFIRMER,À CONFIRMER,PREMIUM,4,palier de prix d'achat (14.60 € HT) → 4,PROPOSITION AUTOMATIQUE – À VALIDER EN BACK-OFFICE,À CONFIRMER,À CONFIRMER,OUI,À CONFIRMER,PRODUIT_FRAGILE ; PREMIUM,À CONFIRMER,À CONFIRMER,À CONFIRMER,À CONFIRMER,À CONFIRMER,À CONFIRMER,SUR_COMMANDE (document = tarif et bon de commande 2026),PRODUIT,,,,32,Tarif et bon de commande 2026 – onglet « TARIF NORMAND DIRECT 2026 »,ligne 422
PROD-0414,À CONFIRMER,"Rhum botanique ""Jardin à l'Anglaise"" 70 cl 40° Nouveau design","Rhum botanique ""Jardin à l'Anglaise"" 70 cl 40° Nouveau design",À CONFIRMER,BOISSON_ALCOOLISEE,SPIRITUEUX,règle 37,DISTILLERIE C'EST NOUS,FOUR-0025,DISTILLERIE C'EST NOUS,DISTILLERIE C'EST NOUS,FOUR-0001,NORMAND DIRECT TERROIR,Commande directe auprès de Normand Direct Terroir,À CONFIRMER,À CONFIRMER,À CONFIRMER,À CONFIRMER,À CONFIRMER,,AUCUNE_INFORMATION_DANS_LES_DOCUMENTS,À CONFIRMER,À CONFIRMER,,700.0,70 cl,40°,OUI,SPIRITUEUX,À CONFIRMER,NOUVEAU,24.85,24.85,unité,PU HT,0.2,29.82,,,,,,,,,,À CONFIRMER,,6/,6,À CONFIRMER,Livraisons par 6 mais panachable par 2x3 pour les bouteilles de 70CL / panachage a volonté pour les 20cl,À CONFIRMER,À CONFIRMER,À CONFIRMER,À CONFIRMER,À CONFIRMER,OUI_DEDUIT,PROBABLE_DEDUIT_DU_CONDITIONNEMENT,OUI_DEDUIT_DU_CONDITIONNEMENT,OUI_DEDUIT,OUI,PROTECTION_BOUTEILLE_OU_CONTENANT_VERRE,"Boisson alcoolisée : vérifier les contraintes transporteur (déclaration, casse, interdiction sur certains services)",À CONFIRMER,À CONFIRMER,À CONFIRMER,À CONFIRMER,À CONFIRMER,PREMIUM,4,palier de prix d'achat (24.85 € HT) → 4,PROPOSITION AUTOMATIQUE – À VALIDER EN BACK-OFFICE,À CONFIRMER,À CONFIRMER,OUI,À CONFIRMER,NOUVEAUTE ; PRODUIT_FRAGILE ; PREMIUM,À CONFIRMER,À CONFIRMER,À CONFIRMER,À CONFIRMER,À CONFIRMER,À CONFIRMER,SUR_COMMANDE (document = tarif et bon de commande 2026),PRODUIT,,,,31,Tarif et bon de commande 2026 – onglet « TARIF NORMAND DIRECT 2026 »,ligne 423
PROD-0415,À CONFIRMER,"Rhum botanique ""Le chaleureux"" 70 cl 40° Nouveau design","Rhum botanique ""Le chaleureux"" 70 cl 40° Nouveau design",À CONFIRMER,BOISSON_ALCOOLISEE,SPIRITUEUX,règle 37,DISTILLERIE C'EST NOUS,FOUR-0025,DISTILLERIE C'EST NOUS,DISTILLERIE C'EST NOUS,FOUR-0001,NORMAND DIRECT TERROIR,Commande directe auprès de Normand Direct Terroir,À CONFIRMER,À CONFIRMER,À CONFIRMER,À CONFIRMER,À CONFIRMER,,AUCUNE_INFORMATION_DANS_LES_DOCUMENTS,À CONFIRMER,À CONFIRMER,,700.0,70 cl,40°,OUI,SPIRITUEUX,À CONFIRMER,NOUVEAU,24.85,24.85,unité,PU HT,0.2,29.82,,,,,,,,,,À CONFIRMER,,6/,6,À CONFIRMER,Livraisons par 6 mais panachable par 2x3 pour les bouteilles de 70CL / panachage a volonté pour les 20cl,À CONFIRMER,À CONFIRMER,À CONFIRMER,À CONFIRMER,À CONFIRMER,OUI_DEDUIT,PROBABLE_DEDUIT_DU_CONDITIONNEMENT,OUI_DEDUIT_DU_CONDITIONNEMENT,OUI_DEDUIT,OUI,PROTECTION_BOUTEILLE_OU_CONTENANT_VERRE,"Boisson alcoolisée : vérifier les contraintes transporteur (déclaration, casse, interdiction sur certains services)",À CONFIRMER,À CONFIRMER,À CONFIRMER,À CONFIRMER,À CONFIRMER,PREMIUM,4,palier de prix d'achat (24.85 € HT) → 4,PROPOSITION AUTOMATIQUE – À VALIDER EN BACK-OFFICE,À CONFIRMER,À CONFIRMER,OUI,À CONFIRMER,NOUVEAUTE ; PRODUIT_FRAGILE ; PREMIUM,À CONFIRMER,À CONFIRMER,À CONFIRMER,À CONFIRMER,À CONFIRMER,À CONFIRMER,SUR_COMMANDE (document = tarif et bon de commande 2026),PRODUIT,,,,31,Tarif et bon de commande 2026 – onglet « TARIF NORMAND DIRECT 2026 »,ligne 424
PROD-0416,À CONFIRMER,"Les singuliers ""Cask finish"" 50 cl","Les singuliers ""Cask finish"" 50 cl",À CONFIRMER,BOISSON_ALCOOLISEE,SPIRITUEUX_POMME,règle 36,DISTILLERIE C'EST NOUS,FOUR-0025,DISTILLERIE C'EST NOUS,DISTILLERIE C'EST NOUS,FOUR-0001,NORMAND DIRECT TERROIR,Commande directe auprès de Normand Direct Terroir,À CONFIRMER,À CONFIRMER,À CONFIRMER,À CONFIRMER,À CONFIRMER,,AUCUNE_INFORMATION_DANS_LES_DOCUMENTS,À CONFIRMER,À CONFIRMER,,500.0,50 cl,À CONFIRMER,OUI,SPIRITUEUX_POMME,À CONFIRMER,,19.0,19,unité,PU HT,0.2,22.8,,,,,,,,,,À CONFIRMER,,6/,6,À CONFIRMER,Livraisons par 6 mais panachable par 2x3 pour les bouteilles de 70CL / panachage a volonté pour les 20cl,À CONFIRMER,À CONFIRMER,À CONFIRMER,À CONFIRMER,À CONFIRMER,OUI_DEDUIT,PROBABLE_DEDUIT_DU_CONDITIONNEMENT,OUI_DEDUIT_DU_CONDITIONNEMENT,OUI_DEDUIT,OUI,PROTECTION_BOUTEILLE_OU_CONTENANT_VERRE,"Boisson alcoolisée : vérifier les contraintes transporteur (déclaration, casse, interdiction sur certains services)",À CONFIRMER,À CONFIRMER,À CONFIRMER,À CONFIRMER,À CONFIRMER,PREMIUM,4,palier de prix d'achat (19.00 € HT) → 4,PROPOSITION AUTOMATIQUE – À VALIDER EN BACK-OFFICE,À CONFIRMER,À CONFIRMER,OUI,À CONFIRMER,PRODUIT_FRAGILE ; PREMIUM,À CONFIRMER,À CONFIRMER,À CONFIRMER,À CONFIRMER,À CONFIRMER,À CONFIRMER,SUR_COMMANDE (document = tarif et bon de commande 2026),PRODUIT,,,,32,Tarif et bon de commande 2026 – onglet « TARIF NORMAND DIRECT 2026 »,ligne 425
PROD-0417,À CONFIRMER,"Coffret 3 X 20 cl Gin, Vodka et Cold brew,","Coffret 3 X 20 cl Gin, Vodka et Cold brew,",À CONFIRMER,COFFRET_ET_EMBALLAGE,COFFRET_OU_PACK,règle 11,DISTILLERIE C'EST NOUS,FOUR-0025,DISTILLERIE C'EST NOUS,DISTILLERIE C'EST NOUS,FOUR-0001,NORMAND DIRECT TERROIR,Commande directe auprès de Normand Direct Terroir,À CONFIRMER,À CONFIRMER,À CONFIRMER,À CONFIRMER,À CONFIRMER,,AUCUNE_INFORMATION_DANS_LES_DOCUMENTS,À CONFIRMER,À CONFIRMER,,600.0,3 X 20 cl,,NON,,À CONFIRMER,,33.35,33.35,unité,PU HT,0.2,40.02,,,,,,,,,,À CONFIRMER,,3/ -6/,3,À CONFIRMER,Livraisons par 6 mais panachable par 2x3 pour les bouteilles de 70CL / panachage a volonté pour les 20cl,À CONFIRMER,À CONFIRMER,À CONFIRMER,À CONFIRMER,À CONFIRMER,OUI_DEDUIT,PROBABLE_DEDUIT_DU_CONDITIONNEMENT,OUI_DEDUIT_DU_CONDITIONNEMENT,OUI_DEDUIT,OUI,PROTECTION_BOUTEILLE_OU_CONTENANT_VERRE,À CONFIRMER,À CONFIRMER,À CONFIRMER,À CONFIRMER,À CONFIRMER,À CONFIRMER,PRESTIGE,5,palier de prix d'achat (33.35 € HT) → 5,PROPOSITION AUTOMATIQUE – À VALIDER EN BACK-OFFICE,À CONFIRMER,À CONFIRMER,OUI,À CONFIRMER,PRODUIT_FRAGILE ; PREMIUM,À CONFIRMER,À CONFIRMER,À CONFIRMER,À CONFIRMER,À CONFIRMER,À CONFIRMER,SUR_COMMANDE (document = tarif et bon de commande 2026),PRODUIT,,,,32,Tarif et bon de commande 2026 – onglet « TARIF NORMAND DIRECT 2026 »,ligne 426
PROD-0418,À CONFIRMER,PASTIS du verger Echantillon gratuit pour 6 sur demande,PASTIS du verger Echantillon gratuit pour 6 sur demande,À CONFIRMER,BOISSON_ALCOOLISEE,LIQUEUR,règle 6,DISTILLERIE C'EST NOUS,FOUR-0025,DISTILLERIE C'EST NOUS,DISTILLERIE C'EST NOUS,FOUR-0001,NORMAND DIRECT TERROIR,Commande directe auprès de Normand Direct Terroir,À CONFIRMER,À CONFIRMER,À CONFIRMER,À CONFIRMER,À CONFIRMER,,AUCUNE_INFORMATION_DANS_LES_DOCUMENTS,À CONFIRMER,À CONFIRMER,,,,À CONFIRMER,OUI,LIQUEUR,À CONFIRMER,,19.3,19.3,unité,PU HT,0.2,23.16,,,,,,,,,,À CONFIRMER,,6/,6,À CONFIRMER,Livraisons par 6 mais panachable par 2x3 pour les bouteilles de 70CL / panachage a volonté pour les 20cl,À CONFIRMER,À CONFIRMER,À CONFIRMER,À CONFIRMER,À CONFIRMER,À CONFIRMER,À CONFIRMER,OUI_DEDUIT_DU_CONDITIONNEMENT,À CONFIRMER,À CONFIRMER,À CONFIRMER,"Boisson alcoolisée : vérifier les contraintes transporteur (déclaration, casse, interdiction sur certains services)",À CONFIRMER,À CONFIRMER,À CONFIRMER,À CONFIRMER,À CONFIRMER,PREMIUM,4,palier de prix d'achat (19.30 € HT) → 4,PROPOSITION AUTOMATIQUE – À VALIDER EN BACK-OFFICE,À CONFIRMER,À CONFIRMER,OUI,À CONFIRMER,PREMIUM,À CONFIRMER,À CONFIRMER,À CONFIRMER,À CONFIRMER,À CONFIRMER,À CONFIRMER,SUR_COMMANDE (document = tarif et bon de commande 2026),PRODUIT,,,,37,Tarif et bon de commande 2026 – onglet « TARIF NORMAND DIRECT 2026 »,ligne 427
PROD-0419,À CONFIRMER,Savon Bebe hypoallergenique beurre karité,Savon Bebe hypoallergenique beurre karité,À CONFIRMER,COSMETIQUE_BIEN_ETRE,SOIN,règle 10,LISANE,FOUR-0026,LISANE,LISANE,FOUR-0001,NORMAND DIRECT TERROIR,Commande directe auprès de Normand Direct Terroir,À CONFIRMER,À CONFIRMER,À CONFIRMER,À CONFIRMER,À CONFIRMER,,AUCUNE_INFORMATION_DANS_LES_DOCUMENTS,À CONFIRMER,À CONFIRMER,,,,,NON,,À CONFIRMER,,3.5,3.5,unité,PU HT,0.2,4.2,,,,,,,,,,À CONFIRMER,,6/,6,À CONFIRMER,À CONFIRMER,À CONFIRMER,À CONFIRMER,À CONFIRMER,À CONFIRMER,À CONFIRMER,À CONFIRMER,À CONFIRMER,NON,À CONFIRMER,À CONFIRMER,À CONFIRMER,À CONFIRMER,À CONFIRMER,À CONFIRMER,À CONFIRMER,À CONFIRMER,À CONFIRMER,ESSENTIEL,2,palier de prix d'achat (3.50 € HT) → 2,PROPOSITION AUTOMATIQUE – À VALIDER EN BACK-OFFICE,À CONFIRMER,À CONFIRMER,NON,À CONFIRMER,,À CONFIRMER,À CONFIRMER,À CONFIRMER,À CONFIRMER,À CONFIRMER,À CONFIRMER,SUR_COMMANDE (document = tarif et bon de commande 2026),PRODUIT,,,,38,Tarif et bon de commande 2026 – onglet « TARIF NORMAND DIRECT 2026 »,ligne 428
PROD-0420,À CONFIRMER,"Lait démaquillant parfum ""fleur de pommier""","Lait démaquillant parfum ""fleur de pommier""",À CONFIRMER,COSMETIQUE_BIEN_ETRE,SOIN,règle 10,LISANE,FOUR-0026,LISANE,LISANE,FOUR-0001,NORMAND DIRECT TERROIR,Commande directe auprès de Normand Direct Terroir,À CONFIRMER,À CONFIRMER,À CONFIRMER,À CONFIRMER,À CONFIRMER,,AUCUNE_INFORMATION_DANS_LES_DOCUMENTS,À CONFIRMER,À CONFIRMER,,,,,NON,,À CONFIRMER,,8.5,8.5,unité,PU HT,0.2,10.2,,,,,,,,,,À CONFIRMER,,6/,6,À CONFIRMER,À CONFIRMER,À CONFIRMER,À CONFIRMER,À CONFIRMER,À CONFIRMER,À CONFIRMER,À CONFIRMER,À CONFIRMER,NON,À CONFIRMER,À CONFIRMER,À CONFIRMER,À CONFIRMER,À CONFIRMER,À CONFIRMER,À CONFIRMER,À CONFIRMER,À CONFIRMER,SIGNATURE,3,palier de prix d'achat (8.50 € HT) → 3,PROPOSITION AUTOMATIQUE – À VALIDER EN BACK-OFFICE,À CONFIRMER,À CONFIRMER,NON,À CONFIRMER,,À CONFIRMER,À CONFIRMER,À CONFIRMER,À CONFIRMER,À CONFIRMER,À CONFIRMER,SUR_COMMANDE (document = tarif et bon de commande 2026),PRODUIT,,,,38,Tarif et bon de commande 2026 – onglet « TARIF NORMAND DIRECT 2026 »,ligne 429
PROD-0421,À CONFIRMER,Savon 100 grs lait,Savon 100 grs lait,À CONFIRMER,COSMETIQUE_BIEN_ETRE,SOIN,règle 10,LISANE,FOUR-0026,LISANE,LISANE,FOUR-0001,NORMAND DIRECT TERROIR,Commande directe auprès de Normand Direct Terroir,À CONFIRMER,À CONFIRMER,À CONFIRMER,À CONFIRMER,À CONFIRMER,,AUCUNE_INFORMATION_DANS_LES_DOCUMENTS,À CONFIRMER,À CONFIRMER,100.0,,100 grs,,NON,,À CONFIRMER,,2.9,2.9,unité,PU HT,0.2,3.48,,,,,,,,,,À CONFIRMER,,6/,6,À CONFIRMER,À CONFIRMER,À CONFIRMER,À CONFIRMER,À CONFIRMER,À CONFIRMER,À CONFIRMER,À CONFIRMER,À CONFIRMER,NON,À CONFIRMER,À CONFIRMER,À CONFIRMER,À CONFIRMER,À CONFIRMER,À CONFIRMER,À CONFIRMER,À CONFIRMER,À CONFIRMER,ESSENTIEL,2,palier de prix d'achat (2.90 € HT) → 2,PROPOSITION AUTOMATIQUE – À VALIDER EN BACK-OFFICE,À CONFIRMER,À CONFIRMER,NON,À CONFIRMER,FAIBLE_COUT_LOGISTIQUE,À CONFIRMER,À CONFIRMER,À CONFIRMER,À CONFIRMER,À CONFIRMER,À CONFIRMER,SUR_COMMANDE (document = tarif et bon de commande 2026),PRODUIT,,,,38,Tarif et bon de commande 2026 – onglet « TARIF NORMAND DIRECT 2026 »,ligne 430
PROD-0422,À CONFIRMER,Savon 100 grs amande douce,Savon 100 grs amande douce,À CONFIRMER,COSMETIQUE_BIEN_ETRE,SOIN,règle 10,LISANE,FOUR-0026,LISANE,LISANE,FOUR-0001,NORMAND DIRECT TERROIR,Commande directe auprès de Normand Direct Terroir,À CONFIRMER,À CONFIRMER,À CONFIRMER,À CONFIRMER,À CONFIRMER,,AUCUNE_INFORMATION_DANS_LES_DOCUMENTS,À CONFIRMER,À CONFIRMER,100.0,,100 grs,,NON,,À CONFIRMER,,2.9,2.9,unité,PU HT,0.2,3.48,,,,,,,,,,À CONFIRMER,,6/,6,À CONFIRMER,À CONFIRMER,À CONFIRMER,À CONFIRMER,À CONFIRMER,À CONFIRMER,À CONFIRMER,À CONFIRMER,À CONFIRMER,NON,À CONFIRMER,À CONFIRMER,À CONFIRMER,À CONFIRMER,À CONFIRMER,À CONFIRMER,À CONFIRMER,À CONFIRMER,À CONFIRMER,ESSENTIEL,2,palier de prix d'achat (2.90 € HT) → 2,PROPOSITION AUTOMATIQUE – À VALIDER EN BACK-OFFICE,À CONFIRMER,À CONFIRMER,NON,À CONFIRMER,FAIBLE_COUT_LOGISTIQUE,À CONFIRMER,À CONFIRMER,À CONFIRMER,À CONFIRMER,À CONFIRMER,À CONFIRMER,SUR_COMMANDE (document = tarif et bon de commande 2026),PRODUIT,,,,38,Tarif et bon de commande 2026 – onglet « TARIF NORMAND DIRECT 2026 »,ligne 431
PROD-0423,À CONFIRMER,Savon 100 grs chèvrefeuille,Savon 100 grs chèvrefeuille,À CONFIRMER,COSMETIQUE_BIEN_ETRE,SOIN,règle 10,LISANE,FOUR-0026,LISANE,LISANE,FOUR-0001,NORMAND DIRECT TERROIR,Commande directe auprès de Normand Direct Terroir,À CONFIRMER,À CONFIRMER,À CONFIRMER,À CONFIRMER,À CONFIRMER,,AUCUNE_INFORMATION_DANS_LES_DOCUMENTS,À CONFIRMER,À CONFIRMER,100.0,,100 grs,,NON,,À CONFIRMER,,2.9,2.9,unité,PU HT,0.2,3.48,,,,,,,,,,À CONFIRMER,,6/,6,À CONFIRMER,À CONFIRMER,À CONFIRMER,À CONFIRMER,À CONFIRMER,À CONFIRMER,À CONFIRMER,À CONFIRMER,À CONFIRMER,NON,À CONFIRMER,À CONFIRMER,À CONFIRMER,À CONFIRMER,À CONFIRMER,À CONFIRMER,À CONFIRMER,À CONFIRMER,À CONFIRMER,ESSENTIEL,2,palier de prix d'achat (2.90 € HT) → 2,PROPOSITION AUTOMATIQUE – À VALIDER EN BACK-OFFICE,À CONFIRMER,À CONFIRMER,NON,À CONFIRMER,FAIBLE_COUT_LOGISTIQUE,À CONFIRMER,À CONFIRMER,À CONFIRMER,À CONFIRMER,À CONFIRMER,À CONFIRMER,SUR_COMMANDE (document = tarif et bon de commande 2026),PRODUIT,,,,38,Tarif et bon de commande 2026 – onglet « TARIF NORMAND DIRECT 2026 »,ligne 432
PROD-0424,À CONFIRMER,Savon 100 grs miel,Savon 100 grs miel,À CONFIRMER,COSMETIQUE_BIEN_ETRE,SOIN,règle 10,LISANE,FOUR-0026,LISANE,LISANE,FOUR-0001,NORMAND DIRECT TERROIR,Commande directe auprès de Normand Direct Terroir,À CONFIRMER,À CONFIRMER,À CONFIRMER,À CONFIRMER,À CONFIRMER,,AUCUNE_INFORMATION_DANS_LES_DOCUMENTS,À CONFIRMER,À CONFIRMER,100.0,,100 grs,,NON,,À CONFIRMER,,2.9,2.9,unité,PU HT,0.2,3.48,,,,,,,,,,À CONFIRMER,,6/,6,À CONFIRMER,À CONFIRMER,À CONFIRMER,À CONFIRMER,À CONFIRMER,À CONFIRMER,À CONFIRMER,À CONFIRMER,À CONFIRMER,NON,À CONFIRMER,À CONFIRMER,À CONFIRMER,À CONFIRMER,À CONFIRMER,À CONFIRMER,À CONFIRMER,À CONFIRMER,À CONFIRMER,ESSENTIEL,2,palier de prix d'achat (2.90 € HT) → 2,PROPOSITION AUTOMATIQUE – À VALIDER EN BACK-OFFICE,À CONFIRMER,À CONFIRMER,NON,À CONFIRMER,FAIBLE_COUT_LOGISTIQUE,À CONFIRMER,À CONFIRMER,À CONFIRMER,À CONFIRMER,À CONFIRMER,À CONFIRMER,SUR_COMMANDE (document = tarif et bon de commande 2026),PRODUIT,,,,38,Tarif et bon de commande 2026 – onglet « TARIF NORMAND DIRECT 2026 »,ligne 433
PROD-0425,À CONFIRMER,Savon 100 grs thé,Savon 100 grs thé,À CONFIRMER,COSMETIQUE_BIEN_ETRE,SOIN,règle 10,LISANE,FOUR-0026,LISANE,LISANE,FOUR-0001,NORMAND DIRECT TERROIR,Commande directe auprès de Normand Direct Terroir,À CONFIRMER,À CONFIRMER,À CONFIRMER,À CONFIRMER,À CONFIRMER,,AUCUNE_INFORMATION_DANS_LES_DOCUMENTS,À CONFIRMER,À CONFIRMER,100.0,,100 grs,,NON,,À CONFIRMER,,2.9,2.9,unité,PU HT,0.2,3.48,,,,,,,,,,À CONFIRMER,,6/,6,À CONFIRMER,À CONFIRMER,À CONFIRMER,À CONFIRMER,À CONFIRMER,À CONFIRMER,À CONFIRMER,À CONFIRMER,À CONFIRMER,NON,À CONFIRMER,À CONFIRMER,À CONFIRMER,À CONFIRMER,À CONFIRMER,À CONFIRMER,À CONFIRMER,À CONFIRMER,À CONFIRMER,ESSENTIEL,2,palier de prix d'achat (2.90 € HT) → 2,PROPOSITION AUTOMATIQUE – À VALIDER EN BACK-OFFICE,À CONFIRMER,À CONFIRMER,NON,À CONFIRMER,FAIBLE_COUT_LOGISTIQUE,À CONFIRMER,À CONFIRMER,À CONFIRMER,À CONFIRMER,À CONFIRMER,À CONFIRMER,SUR_COMMANDE (document = tarif et bon de commande 2026),PRODUIT,,,,38,Tarif et bon de commande 2026 – onglet « TARIF NORMAND DIRECT 2026 »,ligne 434
PROD-0426,À CONFIRMER,Savon 100 grs marine,Savon 100 grs marine,À CONFIRMER,COSMETIQUE_BIEN_ETRE,SOIN,règle 10,LISANE,FOUR-0026,LISANE,LISANE,FOUR-0001,NORMAND DIRECT TERROIR,Commande directe auprès de Normand Direct Terroir,À CONFIRMER,À CONFIRMER,À CONFIRMER,À CONFIRMER,À CONFIRMER,,AUCUNE_INFORMATION_DANS_LES_DOCUMENTS,À CONFIRMER,À CONFIRMER,100.0,,100 grs,,NON,,À CONFIRMER,,2.9,2.9,unité,PU HT,0.2,3.48,,,,,,,,,,À CONFIRMER,,6/,6,À CONFIRMER,À CONFIRMER,À CONFIRMER,À CONFIRMER,À CONFIRMER,À CONFIRMER,À CONFIRMER,À CONFIRMER,À CONFIRMER,NON,À CONFIRMER,À CONFIRMER,À CONFIRMER,À CONFIRMER,À CONFIRMER,À CONFIRMER,À CONFIRMER,À CONFIRMER,À CONFIRMER,ESSENTIEL,2,palier de prix d'achat (2.90 € HT) → 2,PROPOSITION AUTOMATIQUE – À VALIDER EN BACK-OFFICE,À CONFIRMER,À CONFIRMER,NON,À CONFIRMER,FAIBLE_COUT_LOGISTIQUE,À CONFIRMER,À CONFIRMER,À CONFIRMER,À CONFIRMER,À CONFIRMER,À CONFIRMER,SUR_COMMANDE (document = tarif et bon de commande 2026),PRODUIT,,,,38,Tarif et bon de commande 2026 – onglet « TARIF NORMAND DIRECT 2026 »,ligne 435
PROD-0427,À CONFIRMER,Savon 100 grs rose,Savon 100 grs rose,À CONFIRMER,COSMETIQUE_BIEN_ETRE,SOIN,règle 10,LISANE,FOUR-0026,LISANE,LISANE,FOUR-0001,NORMAND DIRECT TERROIR,Commande directe auprès de Normand Direct Terroir,À CONFIRMER,À CONFIRMER,À CONFIRMER,À CONFIRMER,À CONFIRMER,,AUCUNE_INFORMATION_DANS_LES_DOCUMENTS,À CONFIRMER,À CONFIRMER,100.0,,100 grs,,NON,,À CONFIRMER,,2.9,2.9,unité,PU HT,0.2,3.48,,,,,,,,,,À CONFIRMER,,6/,6,À CONFIRMER,À CONFIRMER,À CONFIRMER,À CONFIRMER,À CONFIRMER,À CONFIRMER,À CONFIRMER,À CONFIRMER,À CONFIRMER,NON,À CONFIRMER,À CONFIRMER,À CONFIRMER,À CONFIRMER,À CONFIRMER,À CONFIRMER,À CONFIRMER,À CONFIRMER,À CONFIRMER,ESSENTIEL,2,palier de prix d'achat (2.90 € HT) → 2,PROPOSITION AUTOMATIQUE – À VALIDER EN BACK-OFFICE,À CONFIRMER,À CONFIRMER,NON,À CONFIRMER,FAIBLE_COUT_LOGISTIQUE,À CONFIRMER,À CONFIRMER,À CONFIRMER,À CONFIRMER,À CONFIRMER,À CONFIRMER,SUR_COMMANDE (document = tarif et bon de commande 2026),PRODUIT,,,,38,Tarif et bon de commande 2026 – onglet « TARIF NORMAND DIRECT 2026 »,ligne 436
PROD-0428,À CONFIRMER,Savon 100 grs fleur de pommier,Savon 100 grs fleur de pommier,À CONFIRMER,COSMETIQUE_BIEN_ETRE,SOIN,règle 10,LISANE,FOUR-0026,LISANE,LISANE,FOUR-0001,NORMAND DIRECT TERROIR,Commande directe auprès de Normand Direct Terroir,À CONFIRMER,À CONFIRMER,À CONFIRMER,À CONFIRMER,À CONFIRMER,,AUCUNE_INFORMATION_DANS_LES_DOCUMENTS,À CONFIRMER,À CONFIRMER,100.0,,100 grs,,NON,,À CONFIRMER,,2.9,2.9,unité,PU HT,0.2,3.48,,,,,,,,,,À CONFIRMER,,6/,6,À CONFIRMER,À CONFIRMER,À CONFIRMER,À CONFIRMER,À CONFIRMER,À CONFIRMER,À CONFIRMER,À CONFIRMER,À CONFIRMER,NON,À CONFIRMER,À CONFIRMER,À CONFIRMER,À CONFIRMER,À CONFIRMER,À CONFIRMER,À CONFIRMER,À CONFIRMER,À CONFIRMER,ESSENTIEL,2,palier de prix d'achat (2.90 € HT) → 2,PROPOSITION AUTOMATIQUE – À VALIDER EN BACK-OFFICE,À CONFIRMER,À CONFIRMER,NON,À CONFIRMER,FAIBLE_COUT_LOGISTIQUE,À CONFIRMER,À CONFIRMER,À CONFIRMER,À CONFIRMER,À CONFIRMER,À CONFIRMER,SUR_COMMANDE (document = tarif et bon de commande 2026),PRODUIT,,,,38,Tarif et bon de commande 2026 – onglet « TARIF NORMAND DIRECT 2026 »,ligne 437
PROD-0429,À CONFIRMER,Bain douche 250 ml lait,Bain douche 250 ml lait,À CONFIRMER,COSMETIQUE_BIEN_ETRE,SOIN,règle 10,LISANE,FOUR-0026,LISANE,LISANE,FOUR-0001,NORMAND DIRECT TERROIR,Commande directe auprès de Normand Direct Terroir,À CONFIRMER,À CONFIRMER,À CONFIRMER,À CONFIRMER,À CONFIRMER,,AUCUNE_INFORMATION_DANS_LES_DOCUMENTS,À CONFIRMER,À CONFIRMER,,250.0,250 ml,,NON,,À CONFIRMER,,7.7,7.7,unité,PU HT,0.2,9.24,,,,,,,,,,À CONFIRMER,,3/,3,À CONFIRMER,À CONFIRMER,À CONFIRMER,À CONFIRMER,À CONFIRMER,À CONFIRMER,À CONFIRMER,À CONFIRMER,À CONFIRMER,OUI_DEDUIT_DU_CONDITIONNEMENT,À CONFIRMER,À CONFIRMER,À CONFIRMER,À CONFIRMER,À CONFIRMER,À CONFIRMER,À CONFIRMER,À CONFIRMER,À CONFIRMER,SIGNATURE,3,palier de prix d'achat (7.70 € HT) → 3,PROPOSITION AUTOMATIQUE – À VALIDER EN BACK-OFFICE,À CONFIRMER,À CONFIRMER,NON,À CONFIRMER,,À CONFIRMER,À CONFIRMER,À CONFIRMER,À CONFIRMER,À CONFIRMER,À CONFIRMER,SUR_COMMANDE (document = tarif et bon de commande 2026),PRODUIT,,,,38,Tarif et bon de commande 2026 – onglet « TARIF NORMAND DIRECT 2026 »,ligne 438
PROD-0430,À CONFIRMER,Bain douche 250 ml amande douce,Bain douche 250 ml amande douce,À CONFIRMER,COSMETIQUE_BIEN_ETRE,SOIN,règle 10,LISANE,FOUR-0026,LISANE,LISANE,FOUR-0001,NORMAND DIRECT TERROIR,Commande directe auprès de Normand Direct Terroir,À CONFIRMER,À CONFIRMER,À CONFIRMER,À CONFIRMER,À CONFIRMER,,AUCUNE_INFORMATION_DANS_LES_DOCUMENTS,À CONFIRMER,À CONFIRMER,,250.0,250 ml,,NON,,À CONFIRMER,,7.7,7.7,unité,PU HT,0.2,9.24,,,,,,,,,,À CONFIRMER,,3/,3,À CONFIRMER,À CONFIRMER,À CONFIRMER,À CONFIRMER,À CONFIRMER,À CONFIRMER,À CONFIRMER,À CONFIRMER,À CONFIRMER,OUI_DEDUIT_DU_CONDITIONNEMENT,À CONFIRMER,À CONFIRMER,À CONFIRMER,À CONFIRMER,À CONFIRMER,À CONFIRMER,À CONFIRMER,À CONFIRMER,À CONFIRMER,SIGNATURE,3,palier de prix d'achat (7.70 € HT) → 3,PROPOSITION AUTOMATIQUE – À VALIDER EN BACK-OFFICE,À CONFIRMER,À CONFIRMER,NON,À CONFIRMER,,À CONFIRMER,À CONFIRMER,À CONFIRMER,À CONFIRMER,À CONFIRMER,À CONFIRMER,SUR_COMMANDE (document = tarif et bon de commande 2026),PRODUIT,,,,38,Tarif et bon de commande 2026 – onglet « TARIF NORMAND DIRECT 2026 »,ligne 439
PROD-0431,À CONFIRMER,Bain douche 250 ml thé blanc,Bain douche 250 ml thé blanc,À CONFIRMER,COSMETIQUE_BIEN_ETRE,SOIN,règle 10,LISANE,FOUR-0026,LISANE,LISANE,FOUR-0001,NORMAND DIRECT TERROIR,Commande directe auprès de Normand Direct Terroir,À CONFIRMER,À CONFIRMER,À CONFIRMER,À CONFIRMER,À CONFIRMER,,AUCUNE_INFORMATION_DANS_LES_DOCUMENTS,À CONFIRMER,À CONFIRMER,,250.0,250 ml,,NON,,À CONFIRMER,,7.7,7.7,unité,PU HT,0.2,9.24,,,,,,,,,,À CONFIRMER,,3/,3,À CONFIRMER,À CONFIRMER,À CONFIRMER,À CONFIRMER,À CONFIRMER,À CONFIRMER,À CONFIRMER,À CONFIRMER,À CONFIRMER,OUI_DEDUIT_DU_CONDITIONNEMENT,À CONFIRMER,À CONFIRMER,À CONFIRMER,À CONFIRMER,À CONFIRMER,À CONFIRMER,À CONFIRMER,À CONFIRMER,À CONFIRMER,SIGNATURE,3,palier de prix d'achat (7.70 € HT) → 3,PROPOSITION AUTOMATIQUE – À VALIDER EN BACK-OFFICE,À CONFIRMER,À CONFIRMER,NON,À CONFIRMER,,À CONFIRMER,À CONFIRMER,À CONFIRMER,À CONFIRMER,À CONFIRMER,À CONFIRMER,SUR_COMMANDE (document = tarif et bon de commande 2026),PRODUIT,,,,38,Tarif et bon de commande 2026 – onglet « TARIF NORMAND DIRECT 2026 »,ligne 440
PROD-0432,À CONFIRMER,Bain douche 250 ml marine,Bain douche 250 ml marine,À CONFIRMER,COSMETIQUE_BIEN_ETRE,SOIN,règle 10,LISANE,FOUR-0026,LISANE,LISANE,FOUR-0001,NORMAND DIRECT TERROIR,Commande directe auprès de Normand Direct Terroir,À CONFIRMER,À CONFIRMER,À CONFIRMER,À CONFIRMER,À CONFIRMER,,AUCUNE_INFORMATION_DANS_LES_DOCUMENTS,À CONFIRMER,À CONFIRMER,,250.0,250 ml,,NON,,À CONFIRMER,,7.7,7.7,unité,PU HT,0.2,9.24,,,,,,,,,,À CONFIRMER,,3/,3,À CONFIRMER,À CONFIRMER,À CONFIRMER,À CONFIRMER,À CONFIRMER,À CONFIRMER,À CONFIRMER,À CONFIRMER,À CONFIRMER,OUI_DEDUIT_DU_CONDITIONNEMENT,À CONFIRMER,À CONFIRMER,À CONFIRMER,À CONFIRMER,À CONFIRMER,À CONFIRMER,À CONFIRMER,À CONFIRMER,À CONFIRMER,SIGNATURE,3,palier de prix d'achat (7.70 € HT) → 3,PROPOSITION AUTOMATIQUE – À VALIDER EN BACK-OFFICE,À CONFIRMER,À CONFIRMER,NON,À CONFIRMER,,À CONFIRMER,À CONFIRMER,À CONFIRMER,À CONFIRMER,À CONFIRMER,À CONFIRMER,SUR_COMMANDE (document = tarif et bon de commande 2026),PRODUIT,,,,38,Tarif et bon de commande 2026 – onglet « TARIF NORMAND DIRECT 2026 »,ligne 441
PROD-0433,À CONFIRMER,Bain douche 250 ml chèvrefeuille,Bain douche 250 ml chèvrefeuille,À CONFIRMER,COSMETIQUE_BIEN_ETRE,SOIN,règle 10,LISANE,FOUR-0026,LISANE,LISANE,FOUR-0001,NORMAND DIRECT TERROIR,Commande directe auprès de Normand Direct Terroir,À CONFIRMER,À CONFIRMER,À CONFIRMER,À CONFIRMER,À CONFIRMER,,AUCUNE_INFORMATION_DANS_LES_DOCUMENTS,À CONFIRMER,À CONFIRMER,,250.0,250 ml,,NON,,À CONFIRMER,,7.7,7.7,unité,PU HT,0.2,9.24,,,,,,,,,,À CONFIRMER,,3/,3,À CONFIRMER,À CONFIRMER,À CONFIRMER,À CONFIRMER,À CONFIRMER,À CONFIRMER,À CONFIRMER,À CONFIRMER,À CONFIRMER,OUI_DEDUIT_DU_CONDITIONNEMENT,À CONFIRMER,À CONFIRMER,À CONFIRMER,À CONFIRMER,À CONFIRMER,À CONFIRMER,À CONFIRMER,À CONFIRMER,À CONFIRMER,SIGNATURE,3,palier de prix d'achat (7.70 € HT) → 3,PROPOSITION AUTOMATIQUE – À VALIDER EN BACK-OFFICE,À CONFIRMER,À CONFIRMER,NON,À CONFIRMER,,À CONFIRMER,À CONFIRMER,À CONFIRMER,À CONFIRMER,À CONFIRMER,À CONFIRMER,SUR_COMMANDE (document = tarif et bon de commande 2026),PRODUIT,,,,38,Tarif et bon de commande 2026 – onglet « TARIF NORMAND DIRECT 2026 »,ligne 442
PROD-0434,À CONFIRMER,Bain douche 250 ml avoine,Bain douche 250 ml avoine,À CONFIRMER,COSMETIQUE_BIEN_ETRE,SOIN,règle 10,LISANE,FOUR-0026,LISANE,LISANE,FOUR-0001,NORMAND DIRECT TERROIR,Commande directe auprès de Normand Direct Terroir,À CONFIRMER,À CONFIRMER,À CONFIRMER,À CONFIRMER,À CONFIRMER,,AUCUNE_INFORMATION_DANS_LES_DOCUMENTS,À CONFIRMER,À CONFIRMER,,250.0,250 ml,,NON,,À CONFIRMER,,7.7,7.7,unité,PU HT,0.2,9.24,,,,,,,,,,À CONFIRMER,,3/,3,À CONFIRMER,À CONFIRMER,À CONFIRMER,À CONFIRMER,À CONFIRMER,À CONFIRMER,À CONFIRMER,À CONFIRMER,À CONFIRMER,OUI_DEDUIT_DU_CONDITIONNEMENT,À CONFIRMER,À CONFIRMER,À CONFIRMER,À CONFIRMER,À CONFIRMER,À CONFIRMER,À CONFIRMER,À CONFIRMER,À CONFIRMER,SIGNATURE,3,palier de prix d'achat (7.70 € HT) → 3,PROPOSITION AUTOMATIQUE – À VALIDER EN BACK-OFFICE,À CONFIRMER,À CONFIRMER,NON,À CONFIRMER,,À CONFIRMER,À CONFIRMER,À CONFIRMER,À CONFIRMER,À CONFIRMER,À CONFIRMER,SUR_COMMANDE (document = tarif et bon de commande 2026),PRODUIT,,,,38,Tarif et bon de commande 2026 – onglet « TARIF NORMAND DIRECT 2026 »,ligne 443
PROD-0435,À CONFIRMER,Bain douche 250 ml fleur de pommier,Bain douche 250 ml fleur de pommier,À CONFIRMER,COSMETIQUE_BIEN_ETRE,SOIN,règle 10,LISANE,FOUR-0026,LISANE,LISANE,FOUR-0001,NORMAND DIRECT TERROIR,Commande directe auprès de Normand Direct Terroir,À CONFIRMER,À CONFIRMER,À CONFIRMER,À CONFIRMER,À CONFIRMER,,AUCUNE_INFORMATION_DANS_LES_DOCUMENTS,À CONFIRMER,À CONFIRMER,,250.0,250 ml,,NON,,À CONFIRMER,,7.7,7.7,unité,PU HT,0.2,9.24,,,,,,,,,,À CONFIRMER,,3/,3,À CONFIRMER,À CONFIRMER,À CONFIRMER,À CONFIRMER,À CONFIRMER,À CONFIRMER,À CONFIRMER,À CONFIRMER,À CONFIRMER,OUI_DEDUIT_DU_CONDITIONNEMENT,À CONFIRMER,À CONFIRMER,À CONFIRMER,À CONFIRMER,À CONFIRMER,À CONFIRMER,À CONFIRMER,À CONFIRMER,À CONFIRMER,SIGNATURE,3,palier de prix d'achat (7.70 € HT) → 3,PROPOSITION AUTOMATIQUE – À VALIDER EN BACK-OFFICE,À CONFIRMER,À CONFIRMER,NON,À CONFIRMER,,À CONFIRMER,À CONFIRMER,À CONFIRMER,À CONFIRMER,À CONFIRMER,À CONFIRMER,SUR_COMMANDE (document = tarif et bon de commande 2026),PRODUIT,,,,38,Tarif et bon de commande 2026 – onglet « TARIF NORMAND DIRECT 2026 »,ligne 444
PROD-0436,À CONFIRMER,Shampoing 200 ml,Shampoing 200 ml,À CONFIRMER,COSMETIQUE_BIEN_ETRE,SOIN,règle 10,LISANE,FOUR-0026,LISANE,LISANE,FOUR-0001,NORMAND DIRECT TERROIR,Commande directe auprès de Normand Direct Terroir,À CONFIRMER,À CONFIRMER,À CONFIRMER,À CONFIRMER,À CONFIRMER,,AUCUNE_INFORMATION_DANS_LES_DOCUMENTS,À CONFIRMER,À CONFIRMER,,200.0,200 ml,,NON,,À CONFIRMER,,7.8,7.8,unité,PU HT,0.2,9.36,,,,,,,,,,À CONFIRMER,,3/,3,À CONFIRMER,À CONFIRMER,À CONFIRMER,À CONFIRMER,À CONFIRMER,À CONFIRMER,À CONFIRMER,À CONFIRMER,À CONFIRMER,OUI_DEDUIT_DU_CONDITIONNEMENT,À CONFIRMER,À CONFIRMER,À CONFIRMER,À CONFIRMER,À CONFIRMER,À CONFIRMER,À CONFIRMER,À CONFIRMER,À CONFIRMER,SIGNATURE,3,palier de prix d'achat (7.80 € HT) → 3,PROPOSITION AUTOMATIQUE – À VALIDER EN BACK-OFFICE,À CONFIRMER,À CONFIRMER,NON,À CONFIRMER,,À CONFIRMER,À CONFIRMER,À CONFIRMER,À CONFIRMER,À CONFIRMER,À CONFIRMER,SUR_COMMANDE (document = tarif et bon de commande 2026),PRODUIT,,,,38,Tarif et bon de commande 2026 – onglet « TARIF NORMAND DIRECT 2026 »,ligne 445
PROD-0437,À CONFIRMER,Crème hydratante 50 ml,Crème hydratante 50 ml,À CONFIRMER,COSMETIQUE_BIEN_ETRE,SOIN,règle 10,LISANE,FOUR-0026,LISANE,LISANE,FOUR-0001,NORMAND DIRECT TERROIR,Commande directe auprès de Normand Direct Terroir,À CONFIRMER,À CONFIRMER,À CONFIRMER,À CONFIRMER,À CONFIRMER,,AUCUNE_INFORMATION_DANS_LES_DOCUMENTS,À CONFIRMER,À CONFIRMER,,50.0,50 ml,,NON,,À CONFIRMER,,11.3,11.3,unité,PU HT,0.2,13.56,,,,,,,,,,À CONFIRMER,,3/,3,À CONFIRMER,À CONFIRMER,À CONFIRMER,À CONFIRMER,À CONFIRMER,À CONFIRMER,À CONFIRMER,À CONFIRMER,À CONFIRMER,OUI_DEDUIT_DU_CONDITIONNEMENT,À CONFIRMER,À CONFIRMER,À CONFIRMER,À CONFIRMER,À CONFIRMER,À CONFIRMER,À CONFIRMER,À CONFIRMER,À CONFIRMER,PREMIUM,4,palier de prix d'achat (11.30 € HT) → 4,PROPOSITION AUTOMATIQUE – À VALIDER EN BACK-OFFICE,À CONFIRMER,À CONFIRMER,OUI,À CONFIRMER,PREMIUM,À CONFIRMER,À CONFIRMER,À CONFIRMER,À CONFIRMER,À CONFIRMER,À CONFIRMER,SUR_COMMANDE (document = tarif et bon de commande 2026),PRODUIT,,,,38,Tarif et bon de commande 2026 – onglet « TARIF NORMAND DIRECT 2026 »,ligne 446
PROD-0438,À CONFIRMER,Crème antiride 50 ml,Crème antiride 50 ml,À CONFIRMER,COSMETIQUE_BIEN_ETRE,SOIN,règle 10,LISANE,FOUR-0026,LISANE,LISANE,FOUR-0001,NORMAND DIRECT TERROIR,Commande directe auprès de Normand Direct Terroir,À CONFIRMER,À CONFIRMER,À CONFIRMER,À CONFIRMER,À CONFIRMER,,AUCUNE_INFORMATION_DANS_LES_DOCUMENTS,À CONFIRMER,À CONFIRMER,,50.0,50 ml,,NON,,À CONFIRMER,,12.8,12.8,unité,PU HT,0.2,15.36,,,,,,,,,,À CONFIRMER,,3/,3,À CONFIRMER,À CONFIRMER,À CONFIRMER,À CONFIRMER,À CONFIRMER,À CONFIRMER,À CONFIRMER,À CONFIRMER,À CONFIRMER,OUI_DEDUIT_DU_CONDITIONNEMENT,À CONFIRMER,À CONFIRMER,À CONFIRMER,À CONFIRMER,À CONFIRMER,À CONFIRMER,À CONFIRMER,À CONFIRMER,À CONFIRMER,PREMIUM,4,palier de prix d'achat (12.80 € HT) → 4,PROPOSITION AUTOMATIQUE – À VALIDER EN BACK-OFFICE,À CONFIRMER,À CONFIRMER,OUI,À CONFIRMER,PREMIUM,À CONFIRMER,À CONFIRMER,À CONFIRMER,À CONFIRMER,À CONFIRMER,À CONFIRMER,SUR_COMMANDE (document = tarif et bon de commande 2026),PRODUIT,,,,38,Tarif et bon de commande 2026 – onglet « TARIF NORMAND DIRECT 2026 »,ligne 447
PROD-0439,À CONFIRMER,Lait corporel 200 ml,Lait corporel 200 ml,À CONFIRMER,COSMETIQUE_BIEN_ETRE,SOIN,règle 10,LISANE,FOUR-0026,LISANE,LISANE,FOUR-0001,NORMAND DIRECT TERROIR,Commande directe auprès de Normand Direct Terroir,À CONFIRMER,À CONFIRMER,À CONFIRMER,À CONFIRMER,À CONFIRMER,,AUCUNE_INFORMATION_DANS_LES_DOCUMENTS,À CONFIRMER,À CONFIRMER,,200.0,200 ml,,NON,,À CONFIRMER,,13.7,13.7,unité,PU HT,0.2,16.44,,,,,,,,,,À CONFIRMER,,3/,3,À CONFIRMER,À CONFIRMER,À CONFIRMER,À CONFIRMER,À CONFIRMER,À CONFIRMER,À CONFIRMER,À CONFIRMER,À CONFIRMER,OUI_DEDUIT_DU_CONDITIONNEMENT,À CONFIRMER,À CONFIRMER,À CONFIRMER,À CONFIRMER,À CONFIRMER,À CONFIRMER,À CONFIRMER,À CONFIRMER,À CONFIRMER,PREMIUM,4,palier de prix d'achat (13.70 € HT) → 4,PROPOSITION AUTOMATIQUE – À VALIDER EN BACK-OFFICE,À CONFIRMER,À CONFIRMER,OUI,À CONFIRMER,PREMIUM,À CONFIRMER,À CONFIRMER,À CONFIRMER,À CONFIRMER,À CONFIRMER,À CONFIRMER,SUR_COMMANDE (document = tarif et bon de commande 2026),PRODUIT,,,,38,Tarif et bon de commande 2026 – onglet « TARIF NORMAND DIRECT 2026 »,ligne 448
PROD-0440,À CONFIRMER,Crème pieds 50 ml,Crème pieds 50 ml,À CONFIRMER,COSMETIQUE_BIEN_ETRE,SOIN,règle 10,LISANE,FOUR-0026,LISANE,LISANE,FOUR-0001,NORMAND DIRECT TERROIR,Commande directe auprès de Normand Direct Terroir,À CONFIRMER,À CONFIRMER,À CONFIRMER,À CONFIRMER,À CONFIRMER,,AUCUNE_INFORMATION_DANS_LES_DOCUMENTS,À CONFIRMER,À CONFIRMER,,50.0,50 ml,,NON,,À CONFIRMER,,8.45,8.45,unité,PU HT,0.2,10.14,,,,,,,,,,À CONFIRMER,,3/,3,À CONFIRMER,À CONFIRMER,À CONFIRMER,À CONFIRMER,À CONFIRMER,À CONFIRMER,À CONFIRMER,À CONFIRMER,À CONFIRMER,OUI_DEDUIT_DU_CONDITIONNEMENT,À CONFIRMER,À CONFIRMER,À CONFIRMER,À CONFIRMER,À CONFIRMER,À CONFIRMER,À CONFIRMER,À CONFIRMER,À CONFIRMER,SIGNATURE,3,palier de prix d'achat (8.45 € HT) → 3,PROPOSITION AUTOMATIQUE – À VALIDER EN BACK-OFFICE,À CONFIRMER,À CONFIRMER,NON,À CONFIRMER,,À CONFIRMER,À CONFIRMER,À CONFIRMER,À CONFIRMER,À CONFIRMER,À CONFIRMER,SUR_COMMANDE (document = tarif et bon de commande 2026),PRODUIT,,,,38,Tarif et bon de commande 2026 – onglet « TARIF NORMAND DIRECT 2026 »,ligne 449
PROD-0441,À CONFIRMER,Crème main 50 ml,Crème main 50 ml,À CONFIRMER,COSMETIQUE_BIEN_ETRE,SOIN,règle 10,LISANE,FOUR-0026,LISANE,LISANE,FOUR-0001,NORMAND DIRECT TERROIR,Commande directe auprès de Normand Direct Terroir,À CONFIRMER,À CONFIRMER,À CONFIRMER,À CONFIRMER,À CONFIRMER,,AUCUNE_INFORMATION_DANS_LES_DOCUMENTS,À CONFIRMER,À CONFIRMER,,50.0,50 ml,,NON,,À CONFIRMER,,8.45,8.45,unité,PU HT,0.2,10.14,,,,,,,,,,À CONFIRMER,,3/,3,À CONFIRMER,À CONFIRMER,À CONFIRMER,À CONFIRMER,À CONFIRMER,À CONFIRMER,À CONFIRMER,À CONFIRMER,À CONFIRMER,OUI_DEDUIT_DU_CONDITIONNEMENT,À CONFIRMER,À CONFIRMER,À CONFIRMER,À CONFIRMER,À CONFIRMER,À CONFIRMER,À CONFIRMER,À CONFIRMER,À CONFIRMER,SIGNATURE,3,palier de prix d'achat (8.45 € HT) → 3,PROPOSITION AUTOMATIQUE – À VALIDER EN BACK-OFFICE,À CONFIRMER,À CONFIRMER,NON,À CONFIRMER,,À CONFIRMER,À CONFIRMER,À CONFIRMER,À CONFIRMER,À CONFIRMER,À CONFIRMER,SUR_COMMANDE (document = tarif et bon de commande 2026),PRODUIT,,,,38,Tarif et bon de commande 2026 – onglet « TARIF NORMAND DIRECT 2026 »,ligne 450
PROD-0442,À CONFIRMER,Miel de Fleurs de Normandie 250gr,Miel de Fleurs de Normandie 250gr,À CONFIRMER,EPICERIE_SUCREE,MIEL,règle 27,Rucher du bocage Virois,FOUR-0027,Rucher du bocage Virois,Rucher du bocage Virois,FOUR-0001,NORMAND DIRECT TERROIR,Commande directe auprès de Normand Direct Terroir,À CONFIRMER,À CONFIRMER,À CONFIRMER,À CONFIRMER,À CONFIRMER,,INDICE_DANS_LE_NOM_DU_PRODUIT_SEULEMENT,NORMANDIE_INDIQUEE_DANS_LE_NOM_A_VERIFIER,À CONFIRMER,250.0,,250gr,,NON,,24 MOIS,,4.25,4.25,unité,PU HT,0.055,4.4837,,,,,,,,,,À CONFIRMER,,12/,12,À CONFIRMER,Colissage par 12 parfums au choix,À CONFIRMER,À CONFIRMER,À CONFIRMER,À CONFIRMER,À CONFIRMER,À CONFIRMER,À CONFIRMER,NON,À CONFIRMER,À CONFIRMER,À CONFIRMER,À CONFIRMER,À CONFIRMER,À CONFIRMER,À CONFIRMER,À CONFIRMER,À CONFIRMER,ESSENTIEL,2,palier de prix d'achat (4.25 € HT) → 2,PROPOSITION AUTOMATIQUE – À VALIDER EN BACK-OFFICE,À CONFIRMER,À CONFIRMER,NON,À CONFIRMER,FAIBLE_COUT_LOGISTIQUE,À CONFIRMER,À CONFIRMER,À CONFIRMER,À CONFIRMER,À CONFIRMER,À CONFIRMER,SUR_COMMANDE (document = tarif et bon de commande 2026),PRODUIT,LIBELLÉ IDENTIQUE – MÊME PRODUCTEUR,,,35,Tarif et bon de commande 2026 – onglet « TARIF NORMAND DIRECT 2026 »,ligne 451
PROD-0443,À CONFIRMER,Miel de Fleurs de Normandie 500gr,Miel de Fleurs de Normandie 500gr,À CONFIRMER,EPICERIE_SUCREE,MIEL,règle 27,Rucher du bocage Virois,FOUR-0027,Rucher du bocage Virois,Rucher du bocage Virois,FOUR-0001,NORMAND DIRECT TERROIR,Commande directe auprès de Normand Direct Terroir,À CONFIRMER,À CONFIRMER,À CONFIRMER,À CONFIRMER,À CONFIRMER,,INDICE_DANS_LE_NOM_DU_PRODUIT_SEULEMENT,NORMANDIE_INDIQUEE_DANS_LE_NOM_A_VERIFIER,À CONFIRMER,500.0,,500gr,,NON,,24 MOIS,,6.3,6.3,unité,PU HT,0.055,6.6465,,,,,,,,,,À CONFIRMER,,12/,12,À CONFIRMER,Colissage par 12 parfums au choix,À CONFIRMER,À CONFIRMER,À CONFIRMER,À CONFIRMER,À CONFIRMER,À CONFIRMER,À CONFIRMER,NON,À CONFIRMER,À CONFIRMER,À CONFIRMER,À CONFIRMER,À CONFIRMER,À CONFIRMER,À CONFIRMER,À CONFIRMER,À CONFIRMER,SIGNATURE,3,palier de prix d'achat (6.30 € HT) → 3,PROPOSITION AUTOMATIQUE – À VALIDER EN BACK-OFFICE,À CONFIRMER,À CONFIRMER,NON,À CONFIRMER,,À CONFIRMER,À CONFIRMER,À CONFIRMER,À CONFIRMER,À CONFIRMER,À CONFIRMER,SUR_COMMANDE (document = tarif et bon de commande 2026),PRODUIT,LIBELLÉ IDENTIQUE – MÊME PRODUCTEUR,,,35,Tarif et bon de commande 2026 – onglet « TARIF NORMAND DIRECT 2026 »,ligne 452
PROD-0444,À CONFIRMER,Miel d'Acacia 250gr,Miel d'Acacia 250gr,À CONFIRMER,EPICERIE_SUCREE,MIEL,règle 27,Rucher du bocage Virois,FOUR-0027,Rucher du bocage Virois,Rucher du bocage Virois,FOUR-0001,NORMAND DIRECT TERROIR,Commande directe auprès de Normand Direct Terroir,À CONFIRMER,À CONFIRMER,À CONFIRMER,À CONFIRMER,À CONFIRMER,,INDICE_DANS_LE_NOM_DU_PRODUIT_SEULEMENT,NORMANDIE_INDIQUEE_DANS_LE_NOM_A_VERIFIER,À CONFIRMER,250.0,,250gr,,NON,,24 MOIS,,5.8,5.8,unité,PU HT,0.055,6.119,,,,,,,,,,À CONFIRMER,,12/,12,À CONFIRMER,Colissage par 12 parfums au choix,À CONFIRMER,À CONFIRMER,À CONFIRMER,À CONFIRMER,À CONFIRMER,À CONFIRMER,À CONFIRMER,NON,À CONFIRMER,À CONFIRMER,À CONFIRMER,À CONFIRMER,À CONFIRMER,À CONFIRMER,À CONFIRMER,À CONFIRMER,À CONFIRMER,SIGNATURE,3,palier de prix d'achat (5.80 € HT) → 3,PROPOSITION AUTOMATIQUE – À VALIDER EN BACK-OFFICE,À CONFIRMER,À CONFIRMER,NON,À CONFIRMER,FAIBLE_COUT_LOGISTIQUE,À CONFIRMER,À CONFIRMER,À CONFIRMER,À CONFIRMER,À CONFIRMER,À CONFIRMER,SUR_COMMANDE (document = tarif et bon de commande 2026),PRODUIT,LIBELLÉ IDENTIQUE – MÊME PRODUCTEUR,,,35,Tarif et bon de commande 2026 – onglet « TARIF NORMAND DIRECT 2026 »,ligne 453
PROD-0445,À CONFIRMER,Miel d'Acacia 500gr,Miel d'Acacia 500gr,À CONFIRMER,EPICERIE_SUCREE,MIEL,règle 27,Rucher du bocage Virois,FOUR-0027,Rucher du bocage Virois,Rucher du bocage Virois,FOUR-0001,NORMAND DIRECT TERROIR,Commande directe auprès de Normand Direct Terroir,À CONFIRMER,À CONFIRMER,À CONFIRMER,À CONFIRMER,À CONFIRMER,,INDICE_DANS_LE_NOM_DU_PRODUIT_SEULEMENT,NORMANDIE_INDIQUEE_DANS_LE_NOM_A_VERIFIER,À CONFIRMER,500.0,,500gr,,NON,,24 MOIS,,9.4,9.4,unité,PU HT,0.055,9.917,,,,,,,,,,À CONFIRMER,,12/,12,À CONFIRMER,Colissage par 12 parfums au choix,À CONFIRMER,À CONFIRMER,À CONFIRMER,À CONFIRMER,À CONFIRMER,À CONFIRMER,À CONFIRMER,NON,À CONFIRMER,À CONFIRMER,À CONFIRMER,À CONFIRMER,À CONFIRMER,À CONFIRMER,À CONFIRMER,À CONFIRMER,À CONFIRMER,SIGNATURE,3,palier de prix d'achat (9.40 € HT) → 3,PROPOSITION AUTOMATIQUE – À VALIDER EN BACK-OFFICE,À CONFIRMER,À CONFIRMER,NON,À CONFIRMER,,À CONFIRMER,À CONFIRMER,À CONFIRMER,À CONFIRMER,À CONFIRMER,À CONFIRMER,SUR_COMMANDE (document = tarif et bon de commande 2026),PRODUIT,LIBELLÉ IDENTIQUE – MÊME PRODUCTEUR,,,35,Tarif et bon de commande 2026 – onglet « TARIF NORMAND DIRECT 2026 »,ligne 454
PROD-0446,À CONFIRMER,Miel de Tilleul 250gr,Miel de Tilleul 250gr,À CONFIRMER,EPICERIE_SUCREE,MIEL,règle 27,Rucher du bocage Virois,FOUR-0027,Rucher du bocage Virois,Rucher du bocage Virois,FOUR-0001,NORMAND DIRECT TERROIR,Commande directe auprès de Normand Direct Terroir,À CONFIRMER,À CONFIRMER,À CONFIRMER,À CONFIRMER,À CONFIRMER,,INDICE_DANS_LE_NOM_DU_PRODUIT_SEULEMENT,NORMANDIE_INDIQUEE_DANS_LE_NOM_A_VERIFIER,À CONFIRMER,250.0,,250gr,,NON,,24 MOIS,,5.8,5.8,unité,PU HT,0.055,6.119,,,,,,,,,,À CONFIRMER,,12/,12,À CONFIRMER,Colissage par 12 parfums au choix,À CONFIRMER,À CONFIRMER,À CONFIRMER,À CONFIRMER,À CONFIRMER,À CONFIRMER,À CONFIRMER,NON,À CONFIRMER,À CONFIRMER,À CONFIRMER,À CONFIRMER,À CONFIRMER,À CONFIRMER,À CONFIRMER,À CONFIRMER,À CONFIRMER,SIGNATURE,3,palier de prix d'achat (5.80 € HT) → 3,PROPOSITION AUTOMATIQUE – À VALIDER EN BACK-OFFICE,À CONFIRMER,À CONFIRMER,NON,À CONFIRMER,FAIBLE_COUT_LOGISTIQUE,À CONFIRMER,À CONFIRMER,À CONFIRMER,À CONFIRMER,À CONFIRMER,À CONFIRMER,SUR_COMMANDE (document = tarif et bon de commande 2026),PRODUIT,LIBELLÉ IDENTIQUE – MÊME PRODUCTEUR,,,35,Tarif et bon de commande 2026 – onglet « TARIF NORMAND DIRECT 2026 »,ligne 455
PROD-0447,À CONFIRMER,Miel de Tilleul 500gr,Miel de Tilleul 500gr,À CONFIRMER,EPICERIE_SUCREE,MIEL,règle 27,Rucher du bocage Virois,FOUR-0027,Rucher du bocage Virois,Rucher du bocage Virois,FOUR-0001,NORMAND DIRECT TERROIR,Commande directe auprès de Normand Direct Terroir,À CONFIRMER,À CONFIRMER,À CONFIRMER,À CONFIRMER,À CONFIRMER,,INDICE_DANS_LE_NOM_DU_PRODUIT_SEULEMENT,NORMANDIE_INDIQUEE_DANS_LE_NOM_A_VERIFIER,À CONFIRMER,500.0,,500gr,,NON,,24 MOIS,,9.4,9.4,unité,PU HT,0.055,9.917,,,,,,,,,,À CONFIRMER,,12/,12,À CONFIRMER,Colissage par 12 parfums au choix,À CONFIRMER,À CONFIRMER,À CONFIRMER,À CONFIRMER,À CONFIRMER,À CONFIRMER,À CONFIRMER,NON,À CONFIRMER,À CONFIRMER,À CONFIRMER,À CONFIRMER,À CONFIRMER,À CONFIRMER,À CONFIRMER,À CONFIRMER,À CONFIRMER,SIGNATURE,3,palier de prix d'achat (9.40 € HT) → 3,PROPOSITION AUTOMATIQUE – À VALIDER EN BACK-OFFICE,À CONFIRMER,À CONFIRMER,NON,À CONFIRMER,,À CONFIRMER,À CONFIRMER,À CONFIRMER,À CONFIRMER,À CONFIRMER,À CONFIRMER,SUR_COMMANDE (document = tarif et bon de commande 2026),PRODUIT,LIBELLÉ IDENTIQUE – MÊME PRODUCTEUR,,,35,Tarif et bon de commande 2026 – onglet « TARIF NORMAND DIRECT 2026 »,ligne 456
PROD-0448,À CONFIRMER,Miel de Chataigner 250gr,Miel de Chataigner 250gr,À CONFIRMER,EPICERIE_SUCREE,MIEL,règle 27,Rucher du bocage Virois,FOUR-0027,Rucher du bocage Virois,Rucher du bocage Virois,FOUR-0001,NORMAND DIRECT TERROIR,Commande directe auprès de Normand Direct Terroir,À CONFIRMER,À CONFIRMER,À CONFIRMER,À CONFIRMER,À CONFIRMER,,INDICE_DANS_LE_NOM_DU_PRODUIT_SEULEMENT,NORMANDIE_INDIQUEE_DANS_LE_NOM_A_VERIFIER,À CONFIRMER,250.0,,250gr,,NON,,24 MOIS,,5.8,5.8,unité,PU HT,0.055,6.119,,,,,,,,,,À CONFIRMER,,12/,12,À CONFIRMER,Colissage par 12 parfums au choix,À CONFIRMER,À CONFIRMER,À CONFIRMER,À CONFIRMER,À CONFIRMER,À CONFIRMER,À CONFIRMER,NON,À CONFIRMER,À CONFIRMER,À CONFIRMER,À CONFIRMER,À CONFIRMER,À CONFIRMER,À CONFIRMER,À CONFIRMER,À CONFIRMER,SIGNATURE,3,palier de prix d'achat (5.80 € HT) → 3,PROPOSITION AUTOMATIQUE – À VALIDER EN BACK-OFFICE,À CONFIRMER,À CONFIRMER,NON,À CONFIRMER,FAIBLE_COUT_LOGISTIQUE,À CONFIRMER,À CONFIRMER,À CONFIRMER,À CONFIRMER,À CONFIRMER,À CONFIRMER,SUR_COMMANDE (document = tarif et bon de commande 2026),PRODUIT,LIBELLÉ IDENTIQUE – MÊME PRODUCTEUR,,,35,Tarif et bon de commande 2026 – onglet « TARIF NORMAND DIRECT 2026 »,ligne 457
PROD-0449,À CONFIRMER,Miel de Chataigner 500gr,Miel de Chataigner 500gr,À CONFIRMER,EPICERIE_SUCREE,MIEL,règle 27,Rucher du bocage Virois,FOUR-0027,Rucher du bocage Virois,Rucher du bocage Virois,FOUR-0001,NORMAND DIRECT TERROIR,Commande directe auprès de Normand Direct Terroir,À CONFIRMER,À CONFIRMER,À CONFIRMER,À CONFIRMER,À CONFIRMER,,INDICE_DANS_LE_NOM_DU_PRODUIT_SEULEMENT,NORMANDIE_INDIQUEE_DANS_LE_NOM_A_VERIFIER,À CONFIRMER,500.0,,500gr,,NON,,24 MOIS,,9.4,9.4,unité,PU HT,0.055,9.917,,,,,,,,,,À CONFIRMER,,12/,12,À CONFIRMER,Colissage par 12 parfums au choix,À CONFIRMER,À CONFIRMER,À CONFIRMER,À CONFIRMER,À CONFIRMER,À CONFIRMER,À CONFIRMER,NON,À CONFIRMER,À CONFIRMER,À CONFIRMER,À CONFIRMER,À CONFIRMER,À CONFIRMER,À CONFIRMER,À CONFIRMER,À CONFIRMER,SIGNATURE,3,palier de prix d'achat (9.40 € HT) → 3,PROPOSITION AUTOMATIQUE – À VALIDER EN BACK-OFFICE,À CONFIRMER,À CONFIRMER,NON,À CONFIRMER,,À CONFIRMER,À CONFIRMER,À CONFIRMER,À CONFIRMER,À CONFIRMER,À CONFIRMER,SUR_COMMANDE (document = tarif et bon de commande 2026),PRODUIT,LIBELLÉ IDENTIQUE – MÊME PRODUCTEUR,,,35,Tarif et bon de commande 2026 – onglet « TARIF NORMAND DIRECT 2026 »,ligne 458
PROD-0450,À CONFIRMER,Miel de Foret 250gr,Miel de Foret 250gr,À CONFIRMER,EPICERIE_SUCREE,MIEL,règle 27,Rucher du bocage Virois,FOUR-0027,Rucher du bocage Virois,Rucher du bocage Virois,FOUR-0001,NORMAND DIRECT TERROIR,Commande directe auprès de Normand Direct Terroir,À CONFIRMER,À CONFIRMER,À CONFIRMER,À CONFIRMER,À CONFIRMER,,INDICE_DANS_LE_NOM_DU_PRODUIT_SEULEMENT,NORMANDIE_INDIQUEE_DANS_LE_NOM_A_VERIFIER,À CONFIRMER,250.0,,250gr,,NON,,24 MOIS,,5.8,5.8,unité,PU HT,0.055,6.119,,,,,,,,,,À CONFIRMER,,12/,12,À CONFIRMER,Colissage par 12 parfums au choix,À CONFIRMER,À CONFIRMER,À CONFIRMER,À CONFIRMER,À CONFIRMER,À CONFIRMER,À CONFIRMER,NON,À CONFIRMER,À CONFIRMER,À CONFIRMER,À CONFIRMER,À CONFIRMER,À CONFIRMER,À CONFIRMER,À CONFIRMER,À CONFIRMER,SIGNATURE,3,palier de prix d'achat (5.80 € HT) → 3,PROPOSITION AUTOMATIQUE – À VALIDER EN BACK-OFFICE,À CONFIRMER,À CONFIRMER,NON,À CONFIRMER,FAIBLE_COUT_LOGISTIQUE,À CONFIRMER,À CONFIRMER,À CONFIRMER,À CONFIRMER,À CONFIRMER,À CONFIRMER,SUR_COMMANDE (document = tarif et bon de commande 2026),PRODUIT,LIBELLÉ IDENTIQUE – MÊME PRODUCTEUR,,,35,Tarif et bon de commande 2026 – onglet « TARIF NORMAND DIRECT 2026 »,ligne 459
PROD-0451,À CONFIRMER,Miel de Foret 500gr,Miel de Foret 500gr,À CONFIRMER,EPICERIE_SUCREE,MIEL,règle 27,Rucher du bocage Virois,FOUR-0027,Rucher du bocage Virois,Rucher du bocage Virois,FOUR-0001,NORMAND DIRECT TERROIR,Commande directe auprès de Normand Direct Terroir,À CONFIRMER,À CONFIRMER,À CONFIRMER,À CONFIRMER,À CONFIRMER,,INDICE_DANS_LE_NOM_DU_PRODUIT_SEULEMENT,NORMANDIE_INDIQUEE_DANS_LE_NOM_A_VERIFIER,À CONFIRMER,500.0,,500gr,,NON,,24 MOIS,,9.4,9.4,unité,PU HT,0.055,9.917,,,,,,,,,,À CONFIRMER,,12/,12,À CONFIRMER,Colissage par 12 parfums au choix,À CONFIRMER,À CONFIRMER,À CONFIRMER,À CONFIRMER,À CONFIRMER,À CONFIRMER,À CONFIRMER,NON,À CONFIRMER,À CONFIRMER,À CONFIRMER,À CONFIRMER,À CONFIRMER,À CONFIRMER,À CONFIRMER,À CONFIRMER,À CONFIRMER,SIGNATURE,3,palier de prix d'achat (9.40 € HT) → 3,PROPOSITION AUTOMATIQUE – À VALIDER EN BACK-OFFICE,À CONFIRMER,À CONFIRMER,NON,À CONFIRMER,,À CONFIRMER,À CONFIRMER,À CONFIRMER,À CONFIRMER,À CONFIRMER,À CONFIRMER,SUR_COMMANDE (document = tarif et bon de commande 2026),PRODUIT,LIBELLÉ IDENTIQUE – MÊME PRODUCTEUR,,,35,Tarif et bon de commande 2026 – onglet « TARIF NORMAND DIRECT 2026 »,ligne 460
PROD-0452,À CONFIRMER,Pain D'épices Nature 100gr,Pain D'épices Nature 100gr,À CONFIRMER,BISCUITERIE,BISCUIT,règle 14,Rucher du bocage Virois,FOUR-0027,Rucher du bocage Virois,Rucher du bocage Virois Barquette en bois,FOUR-0001,NORMAND DIRECT TERROIR,Commande directe auprès de Normand Direct Terroir,À CONFIRMER,À CONFIRMER,À CONFIRMER,À CONFIRMER,À CONFIRMER,,INDICE_DANS_LE_NOM_DU_PRODUIT_SEULEMENT,NORMANDIE_INDIQUEE_DANS_LE_NOM_A_VERIFIER,À CONFIRMER,100.0,,100gr,,NON,,"2,5 MOIS",,1.9,1.9,unité,PU HT,À CONFIRMER,,,,,,,,,,,Barquette en bois,,12/,12,À CONFIRMER,Colissage par 12 parfums au choix,À CONFIRMER,À CONFIRMER,À CONFIRMER,À CONFIRMER,À CONFIRMER,À CONFIRMER,NON_DEDUIT_DU_CONDITIONNEMENT,NON,À CONFIRMER,À CONFIRMER,À CONFIRMER,À CONFIRMER,À CONFIRMER,À CONFIRMER,À CONFIRMER,À CONFIRMER,À CONFIRMER,ESSENTIEL,1,palier de prix d'achat (1.90 € HT) → 1,PROPOSITION AUTOMATIQUE – À VALIDER EN BACK-OFFICE,À CONFIRMER,À CONFIRMER,NON,À CONFIRMER,FAIBLE_COUT_LOGISTIQUE,À CONFIRMER,À CONFIRMER,À CONFIRMER,À CONFIRMER,À CONFIRMER,À CONFIRMER,SUR_COMMANDE (document = tarif et bon de commande 2026),PRODUIT,LIBELLÉ IDENTIQUE – MÊME PRODUCTEUR,,,34,Tarif et bon de commande 2026 – onglet « TARIF NORMAND DIRECT 2026 »,ligne 461
PROD-0453,À CONFIRMER,Pain D'épices Nature 250gr,Pain D'épices Nature 250gr,À CONFIRMER,BISCUITERIE,BISCUIT,règle 14,Rucher du bocage Virois,FOUR-0027,Rucher du bocage Virois,Rucher du bocage Virois Barquette en bois,FOUR-0001,NORMAND DIRECT TERROIR,Commande directe auprès de Normand Direct Terroir,À CONFIRMER,À CONFIRMER,À CONFIRMER,À CONFIRMER,À CONFIRMER,,INDICE_DANS_LE_NOM_DU_PRODUIT_SEULEMENT,NORMANDIE_INDIQUEE_DANS_LE_NOM_A_VERIFIER,À CONFIRMER,250.0,,250gr,,NON,,"2,5 MOIS",,3.8,3.8,unité,PU HT,0.055,4.009,,,,,,,,,,Barquette en bois,,12/,12,À CONFIRMER,Colissage par 12 parfums au choix,À CONFIRMER,À CONFIRMER,À CONFIRMER,À CONFIRMER,À CONFIRMER,À CONFIRMER,NON_DEDUIT_DU_CONDITIONNEMENT,NON,À CONFIRMER,À CONFIRMER,À CONFIRMER,À CONFIRMER,À CONFIRMER,À CONFIRMER,À CONFIRMER,À CONFIRMER,À CONFIRMER,ESSENTIEL,2,palier de prix d'achat (3.80 € HT) → 2,PROPOSITION AUTOMATIQUE – À VALIDER EN BACK-OFFICE,À CONFIRMER,À CONFIRMER,NON,À CONFIRMER,FAIBLE_COUT_LOGISTIQUE,À CONFIRMER,À CONFIRMER,À CONFIRMER,À CONFIRMER,À CONFIRMER,À CONFIRMER,SUR_COMMANDE (document = tarif et bon de commande 2026),PRODUIT,LIBELLÉ IDENTIQUE – MÊME PRODUCTEUR,,,33,Tarif et bon de commande 2026 – onglet « TARIF NORMAND DIRECT 2026 »,ligne 462
PROD-0454,À CONFIRMER,Pain D'épices aux pépites de Chocolats  250gr,Pain D'épices aux pépites de Chocolats  250gr,À CONFIRMER,BISCUITERIE,BISCUIT,règle 14,Rucher du bocage Virois,FOUR-0027,Rucher du bocage Virois,Rucher du bocage Virois Barquette en bois,FOUR-0001,NORMAND DIRECT TERROIR,Commande directe auprès de Normand Direct Terroir,À CONFIRMER,À CONFIRMER,À CONFIRMER,À CONFIRMER,À CONFIRMER,,INDICE_DANS_LE_NOM_DU_PRODUIT_SEULEMENT,NORMANDIE_INDIQUEE_DANS_LE_NOM_A_VERIFIER,À CONFIRMER,250.0,,250gr,,NON,,"2,5 MOIS",,3.95,3.95,unité,PU HT,0.055,4.1673,,,,,,,,,,Barquette en bois,,12/,12,À CONFIRMER,Colissage par 12 parfums au choix,À CONFIRMER,À CONFIRMER,À CONFIRMER,À CONFIRMER,À CONFIRMER,À CONFIRMER,NON_DEDUIT_DU_CONDITIONNEMENT,NON,À CONFIRMER,À CONFIRMER,À CONFIRMER,À CONFIRMER,À CONFIRMER,À CONFIRMER,À CONFIRMER,À CONFIRMER,À CONFIRMER,ESSENTIEL,2,palier de prix d'achat (3.95 € HT) → 2,PROPOSITION AUTOMATIQUE – À VALIDER EN BACK-OFFICE,À CONFIRMER,À CONFIRMER,NON,À CONFIRMER,FAIBLE_COUT_LOGISTIQUE,À CONFIRMER,À CONFIRMER,À CONFIRMER,À CONFIRMER,À CONFIRMER,À CONFIRMER,SUR_COMMANDE (document = tarif et bon de commande 2026),PRODUIT,,,,33,Tarif et bon de commande 2026 – onglet « TARIF NORMAND DIRECT 2026 »,ligne 463
PROD-0455,À CONFIRMER,Pain D'épices aux éclats de Noix  250gr,Pain D'épices aux éclats de Noix  250gr,À CONFIRMER,BISCUITERIE,BISCUIT,règle 14,Rucher du bocage Virois,FOUR-0027,Rucher du bocage Virois,Rucher du bocage Virois Barquette en bois,FOUR-0001,NORMAND DIRECT TERROIR,Commande directe auprès de Normand Direct Terroir,À CONFIRMER,À CONFIRMER,À CONFIRMER,À CONFIRMER,À CONFIRMER,,INDICE_DANS_LE_NOM_DU_PRODUIT_SEULEMENT,NORMANDIE_INDIQUEE_DANS_LE_NOM_A_VERIFIER,À CONFIRMER,250.0,,250gr,,NON,,"2,5 MOIS",,3.95,3.95,unité,PU HT,0.055,4.1673,,,,,,,,,,Barquette en bois,,12/,12,À CONFIRMER,Colissage par 12 parfums au choix,À CONFIRMER,À CONFIRMER,À CONFIRMER,À CONFIRMER,À CONFIRMER,À CONFIRMER,NON_DEDUIT_DU_CONDITIONNEMENT,NON,À CONFIRMER,À CONFIRMER,À CONFIRMER,À CONFIRMER,À CONFIRMER,À CONFIRMER,À CONFIRMER,À CONFIRMER,À CONFIRMER,ESSENTIEL,2,palier de prix d'achat (3.95 € HT) → 2,PROPOSITION AUTOMATIQUE – À VALIDER EN BACK-OFFICE,À CONFIRMER,À CONFIRMER,NON,À CONFIRMER,FAIBLE_COUT_LOGISTIQUE,À CONFIRMER,À CONFIRMER,À CONFIRMER,À CONFIRMER,À CONFIRMER,À CONFIRMER,SUR_COMMANDE (document = tarif et bon de commande 2026),PRODUIT,,,,33,Tarif et bon de commande 2026 – onglet « TARIF NORMAND DIRECT 2026 »,ligne 464
PROD-0456,À CONFIRMER,Pain D'épices aux écorces d'Oranges  250gr,Pain D'épices aux écorces d'Oranges  250gr,À CONFIRMER,BISCUITERIE,BISCUIT,règle 14,Rucher du bocage Virois,FOUR-0027,Rucher du bocage Virois,Rucher du bocage Virois Barquette en bois,FOUR-0001,NORMAND DIRECT TERROIR,Commande directe auprès de Normand Direct Terroir,À CONFIRMER,À CONFIRMER,À CONFIRMER,À CONFIRMER,À CONFIRMER,,INDICE_DANS_LE_NOM_DU_PRODUIT_SEULEMENT,NORMANDIE_INDIQUEE_DANS_LE_NOM_A_VERIFIER,À CONFIRMER,250.0,,250gr,,NON,,"2,5 MOIS",,3.95,3.95,unité,PU HT,0.055,4.1673,,,,,,,,,,Barquette en bois,,12/,12,À CONFIRMER,Colissage par 12 parfums au choix,À CONFIRMER,À CONFIRMER,À CONFIRMER,À CONFIRMER,À CONFIRMER,À CONFIRMER,NON_DEDUIT_DU_CONDITIONNEMENT,NON,À CONFIRMER,À CONFIRMER,À CONFIRMER,À CONFIRMER,À CONFIRMER,À CONFIRMER,À CONFIRMER,À CONFIRMER,À CONFIRMER,ESSENTIEL,2,palier de prix d'achat (3.95 € HT) → 2,PROPOSITION AUTOMATIQUE – À VALIDER EN BACK-OFFICE,À CONFIRMER,À CONFIRMER,NON,À CONFIRMER,FAIBLE_COUT_LOGISTIQUE,À CONFIRMER,À CONFIRMER,À CONFIRMER,À CONFIRMER,À CONFIRMER,À CONFIRMER,SUR_COMMANDE (document = tarif et bon de commande 2026),PRODUIT,,,,33,Tarif et bon de commande 2026 – onglet « TARIF NORMAND DIRECT 2026 »,ligne 465
PROD-0457,À CONFIRMER,Pain D'épices aux Figues 250gr (fin d'année),Pain D'épices aux Figues 250gr (fin d'année),À CONFIRMER,BISCUITERIE,BISCUIT,règle 14,Rucher du bocage Virois,FOUR-0027,Rucher du bocage Virois,Rucher du bocage Virois Barquette en bois,FOUR-0001,NORMAND DIRECT TERROIR,Commande directe auprès de Normand Direct Terroir,À CONFIRMER,À CONFIRMER,À CONFIRMER,À CONFIRMER,À CONFIRMER,,INDICE_DANS_LE_NOM_DU_PRODUIT_SEULEMENT,NORMANDIE_INDIQUEE_DANS_LE_NOM_A_VERIFIER,À CONFIRMER,250.0,,250gr,,NON,,"2,5 MOIS",,3.95,3.95,unité,PU HT,0.055,4.1673,,,,,,,,,,Barquette en bois,,12/,12,À CONFIRMER,Colissage par 12 parfums au choix,À CONFIRMER,À CONFIRMER,À CONFIRMER,À CONFIRMER,À CONFIRMER,À CONFIRMER,NON_DEDUIT_DU_CONDITIONNEMENT,NON,À CONFIRMER,À CONFIRMER,À CONFIRMER,À CONFIRMER,À CONFIRMER,À CONFIRMER,À CONFIRMER,À CONFIRMER,À CONFIRMER,ESSENTIEL,2,palier de prix d'achat (3.95 € HT) → 2,PROPOSITION AUTOMATIQUE – À VALIDER EN BACK-OFFICE,À CONFIRMER,OUI,NON,À CONFIRMER,PRODUIT_DE_NOEL ; FAIBLE_COUT_LOGISTIQUE,À CONFIRMER,À CONFIRMER,À CONFIRMER,À CONFIRMER,À CONFIRMER,À CONFIRMER,SUR_COMMANDE (document = tarif et bon de commande 2026),PRODUIT,,,,32,Tarif et bon de commande 2026 – onglet « TARIF NORMAND DIRECT 2026 »,ligne 466
PROD-0458,À CONFIRMER,Hydromel 75cl (fait a façon),Hydromel 75cl (fait a façon),À CONFIRMER,BOISSON_ALCOOLISEE,HYDROMEL,règle 7,Rucher du bocage Virois,FOUR-0027,Rucher du bocage Virois,Rucher du bocage Virois,FOUR-0001,NORMAND DIRECT TERROIR,Commande directe auprès de Normand Direct Terroir,À CONFIRMER,À CONFIRMER,À CONFIRMER,À CONFIRMER,À CONFIRMER,,INDICE_DANS_LE_NOM_DU_PRODUIT_SEULEMENT,NORMANDIE_INDIQUEE_DANS_LE_NOM_A_VERIFIER,À CONFIRMER,,750.0,75cl,À CONFIRMER,OUI,HYDROMEL,À CONFIRMER,,11.1,11.1,unité,PU HT,0.055,11.7105,,,,,,,,,,À CONFIRMER,,6/,6,À CONFIRMER,À CONFIRMER,À CONFIRMER,À CONFIRMER,À CONFIRMER,À CONFIRMER,À CONFIRMER,À CONFIRMER,À CONFIRMER,OUI_DEDUIT_DU_CONDITIONNEMENT,À CONFIRMER,À CONFIRMER,À CONFIRMER,"Boisson alcoolisée : vérifier les contraintes transporteur (déclaration, casse, interdiction sur certains services)",À CONFIRMER,À CONFIRMER,À CONFIRMER,À CONFIRMER,À CONFIRMER,PREMIUM,4,palier de prix d'achat (11.10 € HT) → 4,PROPOSITION AUTOMATIQUE – À VALIDER EN BACK-OFFICE,À CONFIRMER,À CONFIRMER,OUI,À CONFIRMER,PREMIUM,À CONFIRMER,À CONFIRMER,À CONFIRMER,À CONFIRMER,À CONFIRMER,À CONFIRMER,SUR_COMMANDE (document = tarif et bon de commande 2026),PRODUIT,,,,37,Tarif et bon de commande 2026 – onglet « TARIF NORMAND DIRECT 2026 »,ligne 467
PROD-0459,À CONFIRMER,Vinaigre de Miel 50cl (fait a façon),Vinaigre de Miel 50cl (fait a façon),À CONFIRMER,EPICERIE_SALEE,VINAIGRE,règle 5,Rucher du bocage Virois,FOUR-0027,Rucher du bocage Virois,Rucher du bocage Virois,FOUR-0001,NORMAND DIRECT TERROIR,Commande directe auprès de Normand Direct Terroir,À CONFIRMER,À CONFIRMER,À CONFIRMER,À CONFIRMER,À CONFIRMER,,INDICE_DANS_LE_NOM_DU_PRODUIT_SEULEMENT,NORMANDIE_INDIQUEE_DANS_LE_NOM_A_VERIFIER,À CONFIRMER,,500.0,50cl,,NON,,À CONFIRMER,,5.95,5.95,unité,PU HT,0.055,6.2772,,,,,,,,,,À CONFIRMER,,6/,6,À CONFIRMER,À CONFIRMER,À CONFIRMER,À CONFIRMER,À CONFIRMER,À CONFIRMER,À CONFIRMER,À CONFIRMER,À CONFIRMER,OUI_DEDUIT_DU_CONDITIONNEMENT,À CONFIRMER,À CONFIRMER,À CONFIRMER,À CONFIRMER,À CONFIRMER,À CONFIRMER,À CONFIRMER,À CONFIRMER,À CONFIRMER,SIGNATURE,3,palier de prix d'achat (5.95 € HT) → 3,PROPOSITION AUTOMATIQUE – À VALIDER EN BACK-OFFICE,À CONFIRMER,À CONFIRMER,NON,À CONFIRMER,,À CONFIRMER,À CONFIRMER,À CONFIRMER,À CONFIRMER,À CONFIRMER,À CONFIRMER,SUR_COMMANDE (document = tarif et bon de commande 2026),PRODUIT,,,,37,Tarif et bon de commande 2026 – onglet « TARIF NORMAND DIRECT 2026 »,ligne 468
PROD-0460,À CONFIRMER,Bonbons au Miel 250gr,Bonbons au Miel 250gr,À CONFIRMER,CONFISERIE,BONBON_ET_CONFISERIE,règle 21,Rucher du bocage Virois,FOUR-0027,Rucher du bocage Virois,Rucher du bocage Virois,FOUR-0001,NORMAND DIRECT TERROIR,Commande directe auprès de Normand Direct Terroir,À CONFIRMER,À CONFIRMER,À CONFIRMER,À CONFIRMER,À CONFIRMER,,INDICE_DANS_LE_NOM_DU_PRODUIT_SEULEMENT,NORMANDIE_INDIQUEE_DANS_LE_NOM_A_VERIFIER,À CONFIRMER,250.0,,250gr,,NON,,24 MOIS,,3.75,3.75,unité,PU HT,0.2,4.5,,,,,,,,,,À CONFIRMER,,6/,6,À CONFIRMER,À CONFIRMER,À CONFIRMER,À CONFIRMER,À CONFIRMER,À CONFIRMER,À CONFIRMER,À CONFIRMER,À CONFIRMER,NON,À CONFIRMER,À CONFIRMER,À CONFIRMER,À CONFIRMER,À CONFIRMER,À CONFIRMER,À CONFIRMER,À CONFIRMER,À CONFIRMER,ESSENTIEL,2,palier de prix d'achat (3.75 € HT) → 2,PROPOSITION AUTOMATIQUE – À VALIDER EN BACK-OFFICE,À CONFIRMER,À CONFIRMER,NON,À CONFIRMER,FAIBLE_COUT_LOGISTIQUE,À CONFIRMER,À CONFIRMER,À CONFIRMER,À CONFIRMER,À CONFIRMER,À CONFIRMER,SUR_COMMANDE (document = tarif et bon de commande 2026),PRODUIT,,,,36,Tarif et bon de commande 2026 – onglet « TARIF NORMAND DIRECT 2026 »,ligne 469
PROD-0461,À CONFIRMER,Bonbons au Miel et Eucalyptus 250gr,Bonbons au Miel et Eucalyptus 250gr,À CONFIRMER,CONFISERIE,BONBON_ET_CONFISERIE,règle 21,Rucher du bocage Virois,FOUR-0027,Rucher du bocage Virois,Rucher du bocage Virois,FOUR-0001,NORMAND DIRECT TERROIR,Commande directe auprès de Normand Direct Terroir,À CONFIRMER,À CONFIRMER,À CONFIRMER,À CONFIRMER,À CONFIRMER,,INDICE_DANS_LE_NOM_DU_PRODUIT_SEULEMENT,NORMANDIE_INDIQUEE_DANS_LE_NOM_A_VERIFIER,À CONFIRMER,250.0,,250gr,,NON,,24 MOIS,,3.75,3.75,unité,PU HT,0.2,4.5,,,,,,,,,,À CONFIRMER,,6/,6,À CONFIRMER,À CONFIRMER,À CONFIRMER,À CONFIRMER,À CONFIRMER,À CONFIRMER,À CONFIRMER,À CONFIRMER,À CONFIRMER,NON,À CONFIRMER,À CONFIRMER,À CONFIRMER,À CONFIRMER,À CONFIRMER,À CONFIRMER,À CONFIRMER,À CONFIRMER,À CONFIRMER,ESSENTIEL,2,palier de prix d'achat (3.75 € HT) → 2,PROPOSITION AUTOMATIQUE – À VALIDER EN BACK-OFFICE,À CONFIRMER,À CONFIRMER,NON,À CONFIRMER,FAIBLE_COUT_LOGISTIQUE,À CONFIRMER,À CONFIRMER,À CONFIRMER,À CONFIRMER,À CONFIRMER,À CONFIRMER,SUR_COMMANDE (document = tarif et bon de commande 2026),PRODUIT,,,,36,Tarif et bon de commande 2026 – onglet « TARIF NORMAND DIRECT 2026 »,ligne 470
PROD-0462,À CONFIRMER,Bonbons au Miel et Sève de Pin 250gr,Bonbons au Miel et Sève de Pin 250gr,À CONFIRMER,CONFISERIE,BONBON_ET_CONFISERIE,règle 21,Rucher du bocage Virois,FOUR-0027,Rucher du bocage Virois,Rucher du bocage Virois,FOUR-0001,NORMAND DIRECT TERROIR,Commande directe auprès de Normand Direct Terroir,À CONFIRMER,À CONFIRMER,À CONFIRMER,À CONFIRMER,À CONFIRMER,,INDICE_DANS_LE_NOM_DU_PRODUIT_SEULEMENT,NORMANDIE_INDIQUEE_DANS_LE_NOM_A_VERIFIER,À CONFIRMER,250.0,,250gr,,NON,,24 MOIS,,3.75,3.75,unité,PU HT,0.2,4.5,,,,,,,,,,À CONFIRMER,,6/,6,À CONFIRMER,À CONFIRMER,À CONFIRMER,À CONFIRMER,À CONFIRMER,À CONFIRMER,À CONFIRMER,À CONFIRMER,À CONFIRMER,NON,À CONFIRMER,À CONFIRMER,À CONFIRMER,À CONFIRMER,À CONFIRMER,À CONFIRMER,À CONFIRMER,À CONFIRMER,À CONFIRMER,ESSENTIEL,2,palier de prix d'achat (3.75 € HT) → 2,PROPOSITION AUTOMATIQUE – À VALIDER EN BACK-OFFICE,À CONFIRMER,À CONFIRMER,NON,À CONFIRMER,FAIBLE_COUT_LOGISTIQUE,À CONFIRMER,À CONFIRMER,À CONFIRMER,À CONFIRMER,À CONFIRMER,À CONFIRMER,SUR_COMMANDE (document = tarif et bon de commande 2026),PRODUIT,,,,36,Tarif et bon de commande 2026 – onglet « TARIF NORMAND DIRECT 2026 »,ligne 471
PROD-0463,À CONFIRMER,Bonbons Fourrés au Miel 250gr,Bonbons Fourrés au Miel 250gr,À CONFIRMER,CONFISERIE,BONBON_ET_CONFISERIE,règle 21,Rucher du bocage Virois,FOUR-0027,Rucher du bocage Virois,Rucher du bocage Virois,FOUR-0001,NORMAND DIRECT TERROIR,Commande directe auprès de Normand Direct Terroir,À CONFIRMER,À CONFIRMER,À CONFIRMER,À CONFIRMER,À CONFIRMER,,INDICE_DANS_LE_NOM_DU_PRODUIT_SEULEMENT,NORMANDIE_INDIQUEE_DANS_LE_NOM_A_VERIFIER,À CONFIRMER,250.0,,250gr,,NON,,24 MOIS,,4.0,4,unité,PU HT,0.2,4.8,,,,,,,,,,À CONFIRMER,,6/,6,À CONFIRMER,À CONFIRMER,À CONFIRMER,À CONFIRMER,À CONFIRMER,À CONFIRMER,À CONFIRMER,À CONFIRMER,À CONFIRMER,NON,À CONFIRMER,À CONFIRMER,À CONFIRMER,À CONFIRMER,À CONFIRMER,À CONFIRMER,À CONFIRMER,À CONFIRMER,À CONFIRMER,ESSENTIEL,2,palier de prix d'achat (4.00 € HT) → 2,PROPOSITION AUTOMATIQUE – À VALIDER EN BACK-OFFICE,À CONFIRMER,À CONFIRMER,NON,À CONFIRMER,FAIBLE_COUT_LOGISTIQUE,À CONFIRMER,À CONFIRMER,À CONFIRMER,À CONFIRMER,À CONFIRMER,À CONFIRMER,SUR_COMMANDE (document = tarif et bon de commande 2026),PRODUIT,,,,36,Tarif et bon de commande 2026 – onglet « TARIF NORMAND DIRECT 2026 »,ligne 472
PROD-0464,À CONFIRMER,Bonbons berlingot au Miel 150gr,Bonbons berlingot au Miel 150gr,À CONFIRMER,CONFISERIE,BONBON_ET_CONFISERIE,règle 21,Rucher du bocage Virois,FOUR-0027,Rucher du bocage Virois,Rucher du bocage Virois,FOUR-0001,NORMAND DIRECT TERROIR,Commande directe auprès de Normand Direct Terroir,À CONFIRMER,À CONFIRMER,À CONFIRMER,À CONFIRMER,À CONFIRMER,,INDICE_DANS_LE_NOM_DU_PRODUIT_SEULEMENT,NORMANDIE_INDIQUEE_DANS_LE_NOM_A_VERIFIER,À CONFIRMER,150.0,,150gr,,NON,,24 MOIS,,3.2,3.2,unité,PU HT,0.2,3.84,,,,,,,,,,À CONFIRMER,,6/,6,À CONFIRMER,À CONFIRMER,À CONFIRMER,À CONFIRMER,À CONFIRMER,À CONFIRMER,À CONFIRMER,À CONFIRMER,À CONFIRMER,NON,À CONFIRMER,À CONFIRMER,À CONFIRMER,À CONFIRMER,À CONFIRMER,À CONFIRMER,À CONFIRMER,À CONFIRMER,À CONFIRMER,ESSENTIEL,2,palier de prix d'achat (3.20 € HT) → 2,PROPOSITION AUTOMATIQUE – À VALIDER EN BACK-OFFICE,À CONFIRMER,À CONFIRMER,NON,À CONFIRMER,FAIBLE_COUT_LOGISTIQUE,À CONFIRMER,À CONFIRMER,À CONFIRMER,À CONFIRMER,À CONFIRMER,À CONFIRMER,SUR_COMMANDE (document = tarif et bon de commande 2026),PRODUIT,,,,36,Tarif et bon de commande 2026 – onglet « TARIF NORMAND DIRECT 2026 »,ligne 473
PROD-0465,À CONFIRMER,Nougat tendre Amandes Noisettes 100gr,Nougat tendre Amandes Noisettes 100gr,À CONFIRMER,CONFISERIE,BONBON_ET_CONFISERIE,règle 21,Rucher du bocage Virois,FOUR-0027,Rucher du bocage Virois,Rucher du bocage Virois,FOUR-0001,NORMAND DIRECT TERROIR,Commande directe auprès de Normand Direct Terroir,À CONFIRMER,À CONFIRMER,À CONFIRMER,À CONFIRMER,À CONFIRMER,,INDICE_DANS_LE_NOM_DU_PRODUIT_SEULEMENT,NORMANDIE_INDIQUEE_DANS_LE_NOM_A_VERIFIER,À CONFIRMER,100.0,,100gr,,NON,,4 MOIS,,4.0,4,unité,PU HT,0.2,4.8,,,,,,,,,,À CONFIRMER,,6/,6,À CONFIRMER,À CONFIRMER,À CONFIRMER,À CONFIRMER,À CONFIRMER,À CONFIRMER,À CONFIRMER,À CONFIRMER,À CONFIRMER,NON,À CONFIRMER,À CONFIRMER,À CONFIRMER,À CONFIRMER,À CONFIRMER,À CONFIRMER,À CONFIRMER,À CONFIRMER,À CONFIRMER,ESSENTIEL,2,palier de prix d'achat (4.00 € HT) → 2,PROPOSITION AUTOMATIQUE – À VALIDER EN BACK-OFFICE,À CONFIRMER,À CONFIRMER,NON,À CONFIRMER,FAIBLE_COUT_LOGISTIQUE,À CONFIRMER,À CONFIRMER,À CONFIRMER,À CONFIRMER,À CONFIRMER,À CONFIRMER,SUR_COMMANDE (document = tarif et bon de commande 2026),PRODUIT,,,,36,Tarif et bon de commande 2026 – onglet « TARIF NORMAND DIRECT 2026 »,ligne 474
PROD-0466,À CONFIRMER,Nougat tendre Amandes Noisettes Pistaches 100gr,Nougat tendre Amandes Noisettes Pistaches 100gr,À CONFIRMER,CONFISERIE,BONBON_ET_CONFISERIE,règle 21,Rucher du bocage Virois,FOUR-0027,Rucher du bocage Virois,Rucher du bocage Virois,FOUR-0001,NORMAND DIRECT TERROIR,Commande directe auprès de Normand Direct Terroir,À CONFIRMER,À CONFIRMER,À CONFIRMER,À CONFIRMER,À CONFIRMER,,INDICE_DANS_LE_NOM_DU_PRODUIT_SEULEMENT,NORMANDIE_INDIQUEE_DANS_LE_NOM_A_VERIFIER,À CONFIRMER,100.0,,100gr,,NON,,4 MOIS,,4.4,4.4,unité,PU HT,0.2,5.28,,,,,,,,,,À CONFIRMER,,6/,6,À CONFIRMER,À CONFIRMER,À CONFIRMER,À CONFIRMER,À CONFIRMER,À CONFIRMER,À CONFIRMER,À CONFIRMER,À CONFIRMER,NON,À CONFIRMER,À CONFIRMER,À CONFIRMER,À CONFIRMER,À CONFIRMER,À CONFIRMER,À CONFIRMER,À CONFIRMER,À CONFIRMER,ESSENTIEL,2,palier de prix d'achat (4.40 € HT) → 2,PROPOSITION AUTOMATIQUE – À VALIDER EN BACK-OFFICE,À CONFIRMER,À CONFIRMER,NON,À CONFIRMER,FAIBLE_COUT_LOGISTIQUE,À CONFIRMER,À CONFIRMER,À CONFIRMER,À CONFIRMER,À CONFIRMER,À CONFIRMER,SUR_COMMANDE (document = tarif et bon de commande 2026),PRODUIT,,,,36,Tarif et bon de commande 2026 – onglet « TARIF NORMAND DIRECT 2026 »,ligne 475
PROD-0467,À CONFIRMER,Nougat tendre Amandes Noisettes M&M's 100gr,Nougat tendre Amandes Noisettes M&M's 100gr,À CONFIRMER,CONFISERIE,BONBON_ET_CONFISERIE,règle 21,Rucher du bocage Virois,FOUR-0027,Rucher du bocage Virois,Rucher du bocage Virois,FOUR-0001,NORMAND DIRECT TERROIR,Commande directe auprès de Normand Direct Terroir,À CONFIRMER,À CONFIRMER,À CONFIRMER,À CONFIRMER,À CONFIRMER,,INDICE_DANS_LE_NOM_DU_PRODUIT_SEULEMENT,NORMANDIE_INDIQUEE_DANS_LE_NOM_A_VERIFIER,À CONFIRMER,100.0,,100gr,,NON,,4 MOIS,,4.4,4.4,unité,PU HT,0.2,5.28,,,,,,,,,,À CONFIRMER,,6/,6,À CONFIRMER,À CONFIRMER,À CONFIRMER,À CONFIRMER,À CONFIRMER,À CONFIRMER,À CONFIRMER,À CONFIRMER,À CONFIRMER,NON,À CONFIRMER,À CONFIRMER,À CONFIRMER,À CONFIRMER,À CONFIRMER,À CONFIRMER,À CONFIRMER,À CONFIRMER,À CONFIRMER,ESSENTIEL,2,palier de prix d'achat (4.40 € HT) → 2,PROPOSITION AUTOMATIQUE – À VALIDER EN BACK-OFFICE,À CONFIRMER,À CONFIRMER,NON,À CONFIRMER,FAIBLE_COUT_LOGISTIQUE,À CONFIRMER,À CONFIRMER,À CONFIRMER,À CONFIRMER,À CONFIRMER,À CONFIRMER,SUR_COMMANDE (document = tarif et bon de commande 2026),PRODUIT,,,,36,Tarif et bon de commande 2026 – onglet « TARIF NORMAND DIRECT 2026 »,ligne 476
PROD-0468,À CONFIRMER,Nougat tendre Noix de Pécan Caramel beurre salé 100gr,Nougat tendre Noix de Pécan Caramel beurre salé 100gr,À CONFIRMER,CONFISERIE,BONBON_ET_CONFISERIE,règle 21,Rucher du bocage Virois,FOUR-0027,Rucher du bocage Virois,Rucher du bocage Virois,FOUR-0001,NORMAND DIRECT TERROIR,Commande directe auprès de Normand Direct Terroir,À CONFIRMER,À CONFIRMER,À CONFIRMER,À CONFIRMER,À CONFIRMER,,INDICE_DANS_LE_NOM_DU_PRODUIT_SEULEMENT,NORMANDIE_INDIQUEE_DANS_LE_NOM_A_VERIFIER,À CONFIRMER,100.0,,100gr,,NON,,4 MOIS,,4.4,4.4,unité,PU HT,0.2,5.28,,,,,,,,,,À CONFIRMER,,6/,6,À CONFIRMER,À CONFIRMER,À CONFIRMER,À CONFIRMER,À CONFIRMER,À CONFIRMER,À CONFIRMER,À CONFIRMER,À CONFIRMER,NON,À CONFIRMER,À CONFIRMER,À CONFIRMER,À CONFIRMER,À CONFIRMER,À CONFIRMER,À CONFIRMER,À CONFIRMER,À CONFIRMER,ESSENTIEL,2,palier de prix d'achat (4.40 € HT) → 2,PROPOSITION AUTOMATIQUE – À VALIDER EN BACK-OFFICE,À CONFIRMER,À CONFIRMER,NON,À CONFIRMER,FAIBLE_COUT_LOGISTIQUE,À CONFIRMER,À CONFIRMER,À CONFIRMER,À CONFIRMER,À CONFIRMER,À CONFIRMER,SUR_COMMANDE (document = tarif et bon de commande 2026),PRODUIT,,,,36,Tarif et bon de commande 2026 – onglet « TARIF NORMAND DIRECT 2026 »,ligne 477
PROD-0469,À CONFIRMER,Bouchées Nougat tendre 100gr emballage individuel,Bouchées Nougat tendre 100gr emballage individuel,À CONFIRMER,CONFISERIE,BONBON_ET_CONFISERIE,règle 21,Rucher du bocage Virois,FOUR-0027,Rucher du bocage Virois,Rucher du bocage Virois,FOUR-0001,NORMAND DIRECT TERROIR,Commande directe auprès de Normand Direct Terroir,À CONFIRMER,À CONFIRMER,À CONFIRMER,À CONFIRMER,À CONFIRMER,,INDICE_DANS_LE_NOM_DU_PRODUIT_SEULEMENT,NORMANDIE_INDIQUEE_DANS_LE_NOM_A_VERIFIER,À CONFIRMER,100.0,,100gr,,NON,,4 MOIS,,4.9,4.9,unité,PU HT,0.2,5.88,,,,,,,,,,À CONFIRMER,,6/,6,À CONFIRMER,À CONFIRMER,À CONFIRMER,À CONFIRMER,À CONFIRMER,À CONFIRMER,À CONFIRMER,À CONFIRMER,À CONFIRMER,NON,À CONFIRMER,À CONFIRMER,À CONFIRMER,À CONFIRMER,À CONFIRMER,À CONFIRMER,À CONFIRMER,À CONFIRMER,À CONFIRMER,ESSENTIEL,2,palier de prix d'achat (4.90 € HT) → 2,PROPOSITION AUTOMATIQUE – À VALIDER EN BACK-OFFICE,À CONFIRMER,À CONFIRMER,NON,À CONFIRMER,FAIBLE_COUT_LOGISTIQUE,À CONFIRMER,À CONFIRMER,À CONFIRMER,À CONFIRMER,À CONFIRMER,À CONFIRMER,SUR_COMMANDE (document = tarif et bon de commande 2026),PRODUIT,,,,36,Tarif et bon de commande 2026 – onglet « TARIF NORMAND DIRECT 2026 »,ligne 478
PROD-0470,À CONFIRMER,Bouchées Nougat tendre emballage individuel EN VRAC,Bouchées Nougat tendre emballage individuel EN VRAC,À CONFIRMER,CONFISERIE,BONBON_ET_CONFISERIE,règle 21,Rucher du bocage Virois,FOUR-0027,Rucher du bocage Virois,Rucher du bocage Virois,FOUR-0001,NORMAND DIRECT TERROIR,Commande directe auprès de Normand Direct Terroir,À CONFIRMER,À CONFIRMER,À CONFIRMER,À CONFIRMER,À CONFIRMER,,INDICE_DANS_LE_NOM_DU_PRODUIT_SEULEMENT,NORMANDIE_INDIQUEE_DANS_LE_NOM_A_VERIFIER,À CONFIRMER,,,,,NON,,4 MOIS,,45.5,"45,50€/kg",kilogramme,PU HT,0.2,54.6,45.5,,,,,,,,,À CONFIRMER,,,,À CONFIRMER,À CONFIRMER,À CONFIRMER,À CONFIRMER,À CONFIRMER,À CONFIRMER,À CONFIRMER,À CONFIRMER,NON_DEDUIT_DU_CONDITIONNEMENT,NON,À CONFIRMER,À CONFIRMER,À CONFIRMER,À CONFIRMER,À CONFIRMER,À CONFIRMER,À CONFIRMER,À CONFIRMER,À CONFIRMER,PREMIUM,4,palier de prix d'achat (45.50 € HT) → 5 ; produit vrac / usage professionnel → -1,PROPOSITION AUTOMATIQUE – À VALIDER EN BACK-OFFICE,À CONFIRMER,À CONFIRMER,OUI,À CONFIRMER,PREMIUM,À CONFIRMER,À CONFIRMER,À CONFIRMER,À CONFIRMER,À CONFIRMER,À CONFIRMER,SUR_COMMANDE (document = tarif et bon de commande 2026),PRODUIT,,,,35,Tarif et bon de commande 2026 – onglet « TARIF NORMAND DIRECT 2026 »,ligne 479
PROD-0471,À CONFIRMER,"Balsamique de pommes ""onctueux""  20cl","Balsamique de pommes ""onctueux""  20cl",À CONFIRMER,EPICERIE_SALEE,CONDIMENT,règle 19,DOMAINE DES HAUTS VENTS,FOUR-0028,DOMAINE DES HAUTS VENTS,DOMAINE DES HAUTS VENTS,FOUR-0001,NORMAND DIRECT TERROIR,Commande directe auprès de Normand Direct Terroir,À CONFIRMER,À CONFIRMER,À CONFIRMER,À CONFIRMER,À CONFIRMER,,AUCUNE_INFORMATION_DANS_LES_DOCUMENTS,À CONFIRMER,À CONFIRMER,,200.0,20cl,,NON,,À CONFIRMER,,11.6,11.6,unité,PU HT,0.055,12.238,,,,,,,,,,À CONFIRMER,,6/,6,À CONFIRMER,À CONFIRMER,À CONFIRMER,À CONFIRMER,À CONFIRMER,À CONFIRMER,À CONFIRMER,À CONFIRMER,À CONFIRMER,OUI_DEDUIT_DU_CONDITIONNEMENT,À CONFIRMER,À CONFIRMER,À CONFIRMER,À CONFIRMER,À CONFIRMER,À CONFIRMER,À CONFIRMER,À CONFIRMER,À CONFIRMER,PREMIUM,4,palier de prix d'achat (11.60 € HT) → 4,PROPOSITION AUTOMATIQUE – À VALIDER EN BACK-OFFICE,À CONFIRMER,À CONFIRMER,OUI,À CONFIRMER,PREMIUM,À CONFIRMER,À CONFIRMER,À CONFIRMER,À CONFIRMER,À CONFIRMER,À CONFIRMER,SUR_COMMANDE (document = tarif et bon de commande 2026),PRODUIT,,,,38,Tarif et bon de commande 2026 – onglet « TARIF NORMAND DIRECT 2026 »,ligne 480
PROD-0472,À CONFIRMER,"Cidre de Glace 37,5cl 12%","Cidre de Glace 37,5cl 12%",À CONFIRMER,BOISSON_ALCOOLISEE,CIDRE_DE_GLACE,règle 8,DOMAINE DES HAUTS VENTS,FOUR-0028,DOMAINE DES HAUTS VENTS,DOMAINE DES HAUTS VENTS,FOUR-0001,NORMAND DIRECT TERROIR,Commande directe auprès de Normand Direct Terroir,À CONFIRMER,À CONFIRMER,À CONFIRMER,À CONFIRMER,À CONFIRMER,,AUCUNE_INFORMATION_DANS_LES_DOCUMENTS,À CONFIRMER,À CONFIRMER,,375.0,"37,5cl",12%,OUI,CIDRE_DE_GLACE,À CONFIRMER,,14.3,14.3,unité,PU HT,0.2,17.16,,,,,,,,,,À CONFIRMER,,6/,6,À CONFIRMER,À CONFIRMER,À CONFIRMER,À CONFIRMER,À CONFIRMER,À CONFIRMER,À CONFIRMER,À CONFIRMER,À CONFIRMER,OUI_DEDUIT_DU_CONDITIONNEMENT,À CONFIRMER,À CONFIRMER,À CONFIRMER,"Boisson alcoolisée : vérifier les contraintes transporteur (déclaration, casse, interdiction sur certains services)",À CONFIRMER,À CONFIRMER,À CONFIRMER,À CONFIRMER,À CONFIRMER,PREMIUM,4,palier de prix d'achat (14.30 € HT) → 4,PROPOSITION AUTOMATIQUE – À VALIDER EN BACK-OFFICE,À CONFIRMER,À CONFIRMER,OUI,À CONFIRMER,PREMIUM,À CONFIRMER,À CONFIRMER,À CONFIRMER,À CONFIRMER,À CONFIRMER,À CONFIRMER,SUR_COMMANDE (document = tarif et bon de commande 2026),PRODUIT,LIBELLÉ IDENTIQUE – PRODUCTEURS DIFFÉRENTS,,,37,Tarif et bon de commande 2026 – onglet « TARIF NORMAND DIRECT 2026 »,ligne 481
PROD-0473,À CONFIRMER,Saucisson sec nature env 225gr,Saucisson sec nature env 225gr,À CONFIRMER,TRAITEUR_CHARCUTERIE,CHARCUTERIE_ET_TERRINE,règle 25,BARBAQUES,FOUR-0029,BARBAQUES,BARBAQUES charcutier salaisonnier,FOUR-0001,NORMAND DIRECT TERROIR,Commande directe auprès de Normand Direct Terroir,À CONFIRMER,À CONFIRMER,À CONFIRMER,À CONFIRMER,À CONFIRMER,,AUCUNE_INFORMATION_DANS_LES_DOCUMENTS,À CONFIRMER,À CONFIRMER,225.0,,225gr,,NON,,2 mois,,6.35,6.35,unité,PU HT,0.055,6.6992,,,,,,,,,,charcutier salaisonnier,,6/,6,À CONFIRMER,À CONFIRMER,À CONFIRMER,À CONFIRMER,À CONFIRMER,À CONFIRMER,À CONFIRMER,À CONFIRMER,À CONFIRMER,NON,À CONFIRMER,À CONFIRMER,À CONFIRMER,À CONFIRMER,À CONFIRMER,À CONFIRMER,À CONFIRMER,À CONFIRMER,À CONFIRMER,SIGNATURE,3,palier de prix d'achat (6.35 € HT) → 3,PROPOSITION AUTOMATIQUE – À VALIDER EN BACK-OFFICE,À CONFIRMER,À CONFIRMER,NON,À CONFIRMER,FAIBLE_COUT_LOGISTIQUE,À CONFIRMER,À CONFIRMER,À CONFIRMER,À CONFIRMER,À CONFIRMER,À CONFIRMER,SUR_COMMANDE (document = tarif et bon de commande 2026),PRODUIT,,,,36,Tarif et bon de commande 2026 – onglet « TARIF NORMAND DIRECT 2026 »,ligne 482
PROD-0474,À CONFIRMER,Saucisson épices vin rouge env 225gr,Saucisson épices vin rouge env 225gr,À CONFIRMER,TRAITEUR_CHARCUTERIE,CHARCUTERIE_ET_TERRINE,règle 25,BARBAQUES,FOUR-0029,BARBAQUES,BARBAQUES charcutier salaisonnier,FOUR-0001,NORMAND DIRECT TERROIR,Commande directe auprès de Normand Direct Terroir,À CONFIRMER,À CONFIRMER,À CONFIRMER,À CONFIRMER,À CONFIRMER,,AUCUNE_INFORMATION_DANS_LES_DOCUMENTS,À CONFIRMER,À CONFIRMER,225.0,,225gr,À CONFIRMER,INGREDIENT_ALCOOLISE,Alcool cité comme ingrédient dans le libellé,2 mois,,6.95,6.95,unité,PU HT,0.055,7.3323,,,,,,,,,,charcutier salaisonnier,,6/,6,À CONFIRMER,À CONFIRMER,À CONFIRMER,À CONFIRMER,À CONFIRMER,À CONFIRMER,À CONFIRMER,À CONFIRMER,À CONFIRMER,NON,À CONFIRMER,À CONFIRMER,À CONFIRMER,À CONFIRMER,À CONFIRMER,À CONFIRMER,À CONFIRMER,À CONFIRMER,À CONFIRMER,SIGNATURE,3,palier de prix d'achat (6.95 € HT) → 3,PROPOSITION AUTOMATIQUE – À VALIDER EN BACK-OFFICE,À CONFIRMER,À CONFIRMER,NON,À CONFIRMER,FAIBLE_COUT_LOGISTIQUE,À CONFIRMER,À CONFIRMER,À CONFIRMER,À CONFIRMER,À CONFIRMER,À CONFIRMER,SUR_COMMANDE (document = tarif et bon de commande 2026),PRODUIT,,,,37,Tarif et bon de commande 2026 – onglet « TARIF NORMAND DIRECT 2026 »,ligne 483
PROD-0475,À CONFIRMER,Chorisson env 225gr,Chorisson env 225gr,À CONFIRMER,TRAITEUR_CHARCUTERIE,CHARCUTERIE_ET_TERRINE,règle 25,BARBAQUES,FOUR-0029,BARBAQUES,BARBAQUES charcutier salaisonnier,FOUR-0001,NORMAND DIRECT TERROIR,Commande directe auprès de Normand Direct Terroir,À CONFIRMER,À CONFIRMER,À CONFIRMER,À CONFIRMER,À CONFIRMER,,AUCUNE_INFORMATION_DANS_LES_DOCUMENTS,À CONFIRMER,À CONFIRMER,225.0,,225gr,,NON,,2 mois,,7.5,7.5,unité,PU HT,0.055,7.9125,,,,,,,,,,charcutier salaisonnier,,6/,6,À CONFIRMER,À CONFIRMER,À CONFIRMER,À CONFIRMER,À CONFIRMER,À CONFIRMER,À CONFIRMER,À CONFIRMER,À CONFIRMER,NON,À CONFIRMER,À CONFIRMER,À CONFIRMER,À CONFIRMER,À CONFIRMER,À CONFIRMER,À CONFIRMER,À CONFIRMER,À CONFIRMER,SIGNATURE,3,palier de prix d'achat (7.50 € HT) → 3,PROPOSITION AUTOMATIQUE – À VALIDER EN BACK-OFFICE,À CONFIRMER,À CONFIRMER,NON,À CONFIRMER,FAIBLE_COUT_LOGISTIQUE,À CONFIRMER,À CONFIRMER,À CONFIRMER,À CONFIRMER,À CONFIRMER,À CONFIRMER,SUR_COMMANDE (document = tarif et bon de commande 2026),PRODUIT,,,,36,Tarif et bon de commande 2026 – onglet « TARIF NORMAND DIRECT 2026 »,ligne 484
PROD-0476,À CONFIRMER,Cœur de roti (COPPA) env 200gr,Cœur de roti (COPPA) env 200gr,À CONFIRMER,TRAITEUR_CHARCUTERIE,CHARCUTERIE_ET_TERRINE,règle 25,BARBAQUES,FOUR-0029,BARBAQUES,BARBAQUES charcutier salaisonnier,FOUR-0001,NORMAND DIRECT TERROIR,Commande directe auprès de Normand Direct Terroir,À CONFIRMER,À CONFIRMER,À CONFIRMER,À CONFIRMER,À CONFIRMER,,AUCUNE_INFORMATION_DANS_LES_DOCUMENTS,À CONFIRMER,À CONFIRMER,200.0,,200gr,,NON,,3 mois,,7.98,7.98,unité,PU HT,0.055,8.4189,,,,,,,,,,charcutier salaisonnier,,1/,1,À CONFIRMER,À CONFIRMER,À CONFIRMER,À CONFIRMER,À CONFIRMER,À CONFIRMER,À CONFIRMER,À CONFIRMER,À CONFIRMER,NON,À CONFIRMER,À CONFIRMER,À CONFIRMER,À CONFIRMER,À CONFIRMER,À CONFIRMER,À CONFIRMER,À CONFIRMER,À CONFIRMER,SIGNATURE,3,palier de prix d'achat (7.98 € HT) → 3,PROPOSITION AUTOMATIQUE – À VALIDER EN BACK-OFFICE,À CONFIRMER,À CONFIRMER,NON,À CONFIRMER,FAIBLE_COUT_LOGISTIQUE,À CONFIRMER,À CONFIRMER,À CONFIRMER,À CONFIRMER,À CONFIRMER,À CONFIRMER,SUR_COMMANDE (document = tarif et bon de commande 2026),PRODUIT,,,,36,Tarif et bon de commande 2026 – onglet « TARIF NORMAND DIRECT 2026 »,ligne 485
PROD-0477,À CONFIRMER,Noix de roti (LONZU) env 200gr,Noix de roti (LONZU) env 200gr,À CONFIRMER,TRAITEUR_CHARCUTERIE,CHARCUTERIE_ET_TERRINE,règle 25,BARBAQUES,FOUR-0029,BARBAQUES,BARBAQUES charcutier salaisonnier,FOUR-0001,NORMAND DIRECT TERROIR,Commande directe auprès de Normand Direct Terroir,À CONFIRMER,À CONFIRMER,À CONFIRMER,À CONFIRMER,À CONFIRMER,,AUCUNE_INFORMATION_DANS_LES_DOCUMENTS,À CONFIRMER,À CONFIRMER,200.0,,200gr,,NON,,3 mois,,7.98,7.98,unité,PU HT,0.055,8.4189,,,,,,,,,,charcutier salaisonnier,,1/,1,À CONFIRMER,À CONFIRMER,À CONFIRMER,À CONFIRMER,À CONFIRMER,À CONFIRMER,À CONFIRMER,À CONFIRMER,À CONFIRMER,NON,À CONFIRMER,À CONFIRMER,À CONFIRMER,À CONFIRMER,À CONFIRMER,À CONFIRMER,À CONFIRMER,À CONFIRMER,À CONFIRMER,SIGNATURE,3,palier de prix d'achat (7.98 € HT) → 3,PROPOSITION AUTOMATIQUE – À VALIDER EN BACK-OFFICE,À CONFIRMER,À CONFIRMER,NON,À CONFIRMER,FAIBLE_COUT_LOGISTIQUE,À CONFIRMER,À CONFIRMER,À CONFIRMER,À CONFIRMER,À CONFIRMER,À CONFIRMER,SUR_COMMANDE (document = tarif et bon de commande 2026),PRODUIT,,,,36,Tarif et bon de commande 2026 – onglet « TARIF NORMAND DIRECT 2026 »,ligne 486
PROD-0478,À CONFIRMER,Bœuf Normand séché env 200gr,Bœuf Normand séché env 200gr,À CONFIRMER,TRAITEUR_CHARCUTERIE,CHARCUTERIE_ET_TERRINE,règle 25,BARBAQUES,FOUR-0029,BARBAQUES,BARBAQUES charcutier salaisonnier,FOUR-0001,NORMAND DIRECT TERROIR,Commande directe auprès de Normand Direct Terroir,À CONFIRMER,À CONFIRMER,À CONFIRMER,À CONFIRMER,À CONFIRMER,,INDICE_DANS_LE_NOM_DU_PRODUIT_SEULEMENT,NORMANDIE_INDIQUEE_DANS_LE_NOM_A_VERIFIER,À CONFIRMER,200.0,,200gr,,NON,,3 mois,,13.7,13.7,unité,PU HT,0.055,14.4535,,,,,,,,,,charcutier salaisonnier,,1/,1,À CONFIRMER,À CONFIRMER,À CONFIRMER,À CONFIRMER,À CONFIRMER,À CONFIRMER,À CONFIRMER,À CONFIRMER,À CONFIRMER,NON,À CONFIRMER,À CONFIRMER,À CONFIRMER,À CONFIRMER,À CONFIRMER,À CONFIRMER,À CONFIRMER,À CONFIRMER,À CONFIRMER,PREMIUM,4,palier de prix d'achat (13.70 € HT) → 4,PROPOSITION AUTOMATIQUE – À VALIDER EN BACK-OFFICE,À CONFIRMER,À CONFIRMER,OUI,À CONFIRMER,FAIBLE_COUT_LOGISTIQUE ; PREMIUM,À CONFIRMER,À CONFIRMER,À CONFIRMER,À CONFIRMER,À CONFIRMER,À CONFIRMER,SUR_COMMANDE (document = tarif et bon de commande 2026),PRODUIT,,,,35,Tarif et bon de commande 2026 – onglet « TARIF NORMAND DIRECT 2026 »,ligne 487
PROD-0479,À CONFIRMER,Gorge de porc séché facon Guanciale env 200gr,Gorge de porc séché facon Guanciale env 200gr,À CONFIRMER,TRAITEUR_CHARCUTERIE,CHARCUTERIE_ET_TERRINE,règle 25,BARBAQUES,FOUR-0029,BARBAQUES,BARBAQUES charcutier salaisonnier,FOUR-0001,NORMAND DIRECT TERROIR,Commande directe auprès de Normand Direct Terroir,À CONFIRMER,À CONFIRMER,À CONFIRMER,À CONFIRMER,À CONFIRMER,,AUCUNE_INFORMATION_DANS_LES_DOCUMENTS,À CONFIRMER,À CONFIRMER,200.0,,200gr,,NON,,3 mois,,7.98,7.98,unité,PU HT,0.055,8.4189,,,,,,,,,,charcutier salaisonnier,,1/,1,À CONFIRMER,À CONFIRMER,À CONFIRMER,À CONFIRMER,À CONFIRMER,À CONFIRMER,À CONFIRMER,À CONFIRMER,À CONFIRMER,NON,À CONFIRMER,À CONFIRMER,À CONFIRMER,À CONFIRMER,À CONFIRMER,À CONFIRMER,À CONFIRMER,À CONFIRMER,À CONFIRMER,SIGNATURE,3,palier de prix d'achat (7.98 € HT) → 3,PROPOSITION AUTOMATIQUE – À VALIDER EN BACK-OFFICE,À CONFIRMER,À CONFIRMER,NON,À CONFIRMER,FAIBLE_COUT_LOGISTIQUE,À CONFIRMER,À CONFIRMER,À CONFIRMER,À CONFIRMER,À CONFIRMER,À CONFIRMER,SUR_COMMANDE (document = tarif et bon de commande 2026),PRODUIT,,,,36,Tarif et bon de commande 2026 – onglet « TARIF NORMAND DIRECT 2026 »,ligne 488
PROD-0480,À CONFIRMER,Saucisse seche env 175gr,Saucisse seche env 175gr,À CONFIRMER,TRAITEUR_CHARCUTERIE,CHARCUTERIE_ET_TERRINE,règle 25,BARBAQUES,FOUR-0029,BARBAQUES,BARBAQUES charcutier salaisonnier,FOUR-0001,NORMAND DIRECT TERROIR,Commande directe auprès de Normand Direct Terroir,À CONFIRMER,À CONFIRMER,À CONFIRMER,À CONFIRMER,À CONFIRMER,,AUCUNE_INFORMATION_DANS_LES_DOCUMENTS,À CONFIRMER,À CONFIRMER,175.0,,175gr,,NON,,3 mois,,6.47,6.47,unité,PU HT,0.055,6.8258,,,,,,,,,,charcutier salaisonnier,,1/,1,À CONFIRMER,À CONFIRMER,À CONFIRMER,À CONFIRMER,À CONFIRMER,À CONFIRMER,À CONFIRMER,À CONFIRMER,À CONFIRMER,NON,À CONFIRMER,À CONFIRMER,À CONFIRMER,À CONFIRMER,À CONFIRMER,À CONFIRMER,À CONFIRMER,À CONFIRMER,À CONFIRMER,SIGNATURE,3,palier de prix d'achat (6.47 € HT) → 3,PROPOSITION AUTOMATIQUE – À VALIDER EN BACK-OFFICE,À CONFIRMER,À CONFIRMER,NON,À CONFIRMER,FAIBLE_COUT_LOGISTIQUE,À CONFIRMER,À CONFIRMER,À CONFIRMER,À CONFIRMER,À CONFIRMER,À CONFIRMER,SUR_COMMANDE (document = tarif et bon de commande 2026),PRODUIT,,,,36,Tarif et bon de commande 2026 – onglet « TARIF NORMAND DIRECT 2026 »,ligne 489
PROD-0481,À CONFIRMER,Disponible également en piéce entiére pour la coupe,Disponible également en piéce entiére pour la coupe,À CONFIRMER,TRAITEUR_CHARCUTERIE,CHARCUTERIE_ET_TERRINE,repli documenté : BARBAQUES charcutier salaisonnier,BARBAQUES,FOUR-0029,BARBAQUES,BARBAQUES charcutier salaisonnier,FOUR-0001,NORMAND DIRECT TERROIR,Commande directe auprès de Normand Direct Terroir,À CONFIRMER,À CONFIRMER,À CONFIRMER,À CONFIRMER,À CONFIRMER,,AUCUNE_INFORMATION_DANS_LES_DOCUMENTS,À CONFIRMER,À CONFIRMER,,,,,NON,,À CONFIRMER,,,au kilo,au kilo,PU HT,0.055,,,,,,,,,,,charcutier salaisonnier,,,,À CONFIRMER,À CONFIRMER,À CONFIRMER,À CONFIRMER,À CONFIRMER,À CONFIRMER,À CONFIRMER,À CONFIRMER,À CONFIRMER,NON,À CONFIRMER,À CONFIRMER,À CONFIRMER,À CONFIRMER,À CONFIRMER,À CONFIRMER,À CONFIRMER,À CONFIRMER,À CONFIRMER,À CONFIRMER,,Prix d'achat absent : niveau non calculable,PROPOSITION AUTOMATIQUE – À VALIDER EN BACK-OFFICE,À CONFIRMER,À CONFIRMER,NON,À CONFIRMER,,À CONFIRMER,À CONFIRMER,À CONFIRMER,À CONFIRMER,À CONFIRMER,À CONFIRMER,SUR_COMMANDE (document = tarif et bon de commande 2026),LIGNE_INFORMATIVE_NON_PRODUIT,,,,38,Tarif et bon de commande 2026 – onglet « TARIF NORMAND DIRECT 2026 »,ligne 490
PROD-0482,À CONFIRMER,Beurre de Cacahuètes Nature 300g,Beurre de Cacahuètes Nature 300g,À CONFIRMER,EPICERIE_SUCREE,PATE_A_TARTINER,règle 20,Huète'Ca,FOUR-0030,Huète'Ca,Huète'Ca,FOUR-0001,NORMAND DIRECT TERROIR,Commande directe auprès de Normand Direct Terroir,À CONFIRMER,À CONFIRMER,À CONFIRMER,À CONFIRMER,À CONFIRMER,,AUCUNE_INFORMATION_DANS_LES_DOCUMENTS,À CONFIRMER,À CONFIRMER,300.0,,300g,,NON,,12 mois,,4.08,4.08,unité,PU HT,0.055,4.3044,,,,,,,,,,À CONFIRMER,,6/,6,À CONFIRMER,À CONFIRMER,À CONFIRMER,À CONFIRMER,À CONFIRMER,À CONFIRMER,À CONFIRMER,À CONFIRMER,À CONFIRMER,NON,À CONFIRMER,À CONFIRMER,À CONFIRMER,À CONFIRMER,À CONFIRMER,À CONFIRMER,À CONFIRMER,À CONFIRMER,À CONFIRMER,ESSENTIEL,2,palier de prix d'achat (4.08 € HT) → 2,PROPOSITION AUTOMATIQUE – À VALIDER EN BACK-OFFICE,À CONFIRMER,À CONFIRMER,NON,À CONFIRMER,FAIBLE_COUT_LOGISTIQUE,À CONFIRMER,À CONFIRMER,À CONFIRMER,À CONFIRMER,À CONFIRMER,À CONFIRMER,SUR_COMMANDE (document = tarif et bon de commande 2026),PRODUIT,,,,37,Tarif et bon de commande 2026 – onglet « TARIF NORMAND DIRECT 2026 »,ligne 491
PROD-0483,À CONFIRMER,"Beurre de Cacahuètes ""Crunchy"" 300g","Beurre de Cacahuètes ""Crunchy"" 300g",À CONFIRMER,EPICERIE_SUCREE,PATE_A_TARTINER,règle 20,Huète'Ca,FOUR-0030,Huète'Ca,Huète'Ca,FOUR-0001,NORMAND DIRECT TERROIR,Commande directe auprès de Normand Direct Terroir,À CONFIRMER,À CONFIRMER,À CONFIRMER,À CONFIRMER,À CONFIRMER,,AUCUNE_INFORMATION_DANS_LES_DOCUMENTS,À CONFIRMER,À CONFIRMER,300.0,,300g,,NON,,12 mois,,4.08,4.08,unité,PU HT,0.055,4.3044,,,,,,,,,,À CONFIRMER,,6/,6,À CONFIRMER,À CONFIRMER,À CONFIRMER,À CONFIRMER,À CONFIRMER,À CONFIRMER,À CONFIRMER,À CONFIRMER,À CONFIRMER,NON,À CONFIRMER,À CONFIRMER,À CONFIRMER,À CONFIRMER,À CONFIRMER,À CONFIRMER,À CONFIRMER,À CONFIRMER,À CONFIRMER,ESSENTIEL,2,palier de prix d'achat (4.08 € HT) → 2,PROPOSITION AUTOMATIQUE – À VALIDER EN BACK-OFFICE,À CONFIRMER,À CONFIRMER,NON,À CONFIRMER,FAIBLE_COUT_LOGISTIQUE,À CONFIRMER,À CONFIRMER,À CONFIRMER,À CONFIRMER,À CONFIRMER,À CONFIRMER,SUR_COMMANDE (document = tarif et bon de commande 2026),PRODUIT,,,,37,Tarif et bon de commande 2026 – onglet « TARIF NORMAND DIRECT 2026 »,ligne 492
PROD-0484,À CONFIRMER,"Beurre de Cacahuètes ""Chouchou"" 300g","Beurre de Cacahuètes ""Chouchou"" 300g",À CONFIRMER,EPICERIE_SUCREE,PATE_A_TARTINER,règle 20,Huète'Ca,FOUR-0030,Huète'Ca,Huète'Ca,FOUR-0001,NORMAND DIRECT TERROIR,Commande directe auprès de Normand Direct Terroir,À CONFIRMER,À CONFIRMER,À CONFIRMER,À CONFIRMER,À CONFIRMER,,AUCUNE_INFORMATION_DANS_LES_DOCUMENTS,À CONFIRMER,À CONFIRMER,300.0,,300g,,NON,,12 mois,,4.08,4.08,unité,PU HT,0.055,4.3044,,,,,,,,,,À CONFIRMER,,6/,6,À CONFIRMER,À CONFIRMER,À CONFIRMER,À CONFIRMER,À CONFIRMER,À CONFIRMER,À CONFIRMER,À CONFIRMER,À CONFIRMER,NON,À CONFIRMER,À CONFIRMER,À CONFIRMER,À CONFIRMER,À CONFIRMER,À CONFIRMER,À CONFIRMER,À CONFIRMER,À CONFIRMER,ESSENTIEL,2,palier de prix d'achat (4.08 € HT) → 2,PROPOSITION AUTOMATIQUE – À VALIDER EN BACK-OFFICE,À CONFIRMER,À CONFIRMER,NON,À CONFIRMER,FAIBLE_COUT_LOGISTIQUE,À CONFIRMER,À CONFIRMER,À CONFIRMER,À CONFIRMER,À CONFIRMER,À CONFIRMER,SUR_COMMANDE (document = tarif et bon de commande 2026),PRODUIT,,,,37,Tarif et bon de commande 2026 – onglet « TARIF NORMAND DIRECT 2026 »,ligne 493
PROD-0485,À CONFIRMER,Beurre 100% Cacahuetes sans sucre ajouté 300g,Beurre 100% Cacahuetes sans sucre ajouté 300g,À CONFIRMER,EPICERIE_SUCREE,PATE_A_TARTINER,règle 20,Huète'Ca,FOUR-0030,Huète'Ca,Huète'Ca,FOUR-0001,NORMAND DIRECT TERROIR,Commande directe auprès de Normand Direct Terroir,À CONFIRMER,À CONFIRMER,À CONFIRMER,À CONFIRMER,À CONFIRMER,,AUCUNE_INFORMATION_DANS_LES_DOCUMENTS,À CONFIRMER,À CONFIRMER,300.0,,300g,,NON,,13 mois,,4.08,4.08,unité,PU HT,0.055,4.3044,,,,,,,,,,À CONFIRMER,,6/,6,À CONFIRMER,À CONFIRMER,À CONFIRMER,À CONFIRMER,À CONFIRMER,À CONFIRMER,À CONFIRMER,À CONFIRMER,À CONFIRMER,NON,À CONFIRMER,À CONFIRMER,À CONFIRMER,À CONFIRMER,À CONFIRMER,À CONFIRMER,À CONFIRMER,À CONFIRMER,À CONFIRMER,ESSENTIEL,2,palier de prix d'achat (4.08 € HT) → 2,PROPOSITION AUTOMATIQUE – À VALIDER EN BACK-OFFICE,À CONFIRMER,À CONFIRMER,NON,À CONFIRMER,FAIBLE_COUT_LOGISTIQUE,À CONFIRMER,À CONFIRMER,À CONFIRMER,À CONFIRMER,À CONFIRMER,À CONFIRMER,SUR_COMMANDE (document = tarif et bon de commande 2026),PRODUIT,,,,37,Tarif et bon de commande 2026 – onglet « TARIF NORMAND DIRECT 2026 »,ligne 494
PROD-0486,À CONFIRMER,Moscow Mule 70cl 16%,Moscow Mule 70cl 16%,À CONFIRMER,BOISSON_ALCOOLISEE,COCKTAIL_PRET_A_BOIRE,règle 9,SKINFAXI,FOUR-0031,SKINFAXI,SKINFAXI,FOUR-0001,NORMAND DIRECT TERROIR,Commande directe auprès de Normand Direct Terroir,À CONFIRMER,À CONFIRMER,À CONFIRMER,À CONFIRMER,À CONFIRMER,,AUCUNE_INFORMATION_DANS_LES_DOCUMENTS,À CONFIRMER,À CONFIRMER,,700.0,70cl,16%,OUI,COCKTAIL_PRET_A_BOIRE,À CONFIRMER,,12.6,12.6,unité,PU HT,0.2,15.12,,,,,,,,,,À CONFIRMER,,2/,2,À CONFIRMER,MINIMUM DE COMMANDE DE 6 BOUTEILLES,À CONFIRMER,À CONFIRMER,À CONFIRMER,À CONFIRMER,À CONFIRMER,À CONFIRMER,À CONFIRMER,OUI_DEDUIT_DU_CONDITIONNEMENT,À CONFIRMER,À CONFIRMER,À CONFIRMER,"Boisson alcoolisée : vérifier les contraintes transporteur (déclaration, casse, interdiction sur certains services)",À CONFIRMER,À CONFIRMER,À CONFIRMER,À CONFIRMER,À CONFIRMER,PREMIUM,4,palier de prix d'achat (12.60 € HT) → 4,PROPOSITION AUTOMATIQUE – À VALIDER EN BACK-OFFICE,À CONFIRMER,À CONFIRMER,OUI,À CONFIRMER,PREMIUM,À CONFIRMER,À CONFIRMER,À CONFIRMER,À CONFIRMER,À CONFIRMER,À CONFIRMER,SUR_COMMANDE (document = tarif et bon de commande 2026),PRODUIT,,,,36,Tarif et bon de commande 2026 – onglet « TARIF NORMAND DIRECT 2026 »,ligne 495
PROD-0487,À CONFIRMER,Pornstar Martini 70cl 16%,Pornstar Martini 70cl 16%,À CONFIRMER,BOISSON_ALCOOLISEE,COCKTAIL_PRET_A_BOIRE,règle 9,SKINFAXI,FOUR-0031,SKINFAXI,SKINFAXI,FOUR-0001,NORMAND DIRECT TERROIR,Commande directe auprès de Normand Direct Terroir,À CONFIRMER,À CONFIRMER,À CONFIRMER,À CONFIRMER,À CONFIRMER,,AUCUNE_INFORMATION_DANS_LES_DOCUMENTS,À CONFIRMER,À CONFIRMER,,700.0,70cl,16%,OUI,COCKTAIL_PRET_A_BOIRE,À CONFIRMER,,12.6,12.6,unité,PU HT,0.2,15.12,,,,,,,,,,À CONFIRMER,,2/,2,À CONFIRMER,MINIMUM DE COMMANDE DE 6 BOUTEILLES,À CONFIRMER,À CONFIRMER,À CONFIRMER,À CONFIRMER,À CONFIRMER,À CONFIRMER,À CONFIRMER,OUI_DEDUIT_DU_CONDITIONNEMENT,À CONFIRMER,À CONFIRMER,À CONFIRMER,"Boisson alcoolisée : vérifier les contraintes transporteur (déclaration, casse, interdiction sur certains services)",À CONFIRMER,À CONFIRMER,À CONFIRMER,À CONFIRMER,À CONFIRMER,PREMIUM,4,palier de prix d'achat (12.60 € HT) → 4,PROPOSITION AUTOMATIQUE – À VALIDER EN BACK-OFFICE,À CONFIRMER,À CONFIRMER,OUI,À CONFIRMER,PREMIUM,À CONFIRMER,À CONFIRMER,À CONFIRMER,À CONFIRMER,À CONFIRMER,À CONFIRMER,SUR_COMMANDE (document = tarif et bon de commande 2026),PRODUIT,,,,36,Tarif et bon de commande 2026 – onglet « TARIF NORMAND DIRECT 2026 »,ligne 496
PROD-0488,À CONFIRMER,Espresso Martini 70cl 16%,Espresso Martini 70cl 16%,À CONFIRMER,BOISSON_ALCOOLISEE,COCKTAIL_PRET_A_BOIRE,règle 9,SKINFAXI,FOUR-0031,SKINFAXI,SKINFAXI,FOUR-0001,NORMAND DIRECT TERROIR,Commande directe auprès de Normand Direct Terroir,À CONFIRMER,À CONFIRMER,À CONFIRMER,À CONFIRMER,À CONFIRMER,,AUCUNE_INFORMATION_DANS_LES_DOCUMENTS,À CONFIRMER,À CONFIRMER,,700.0,70cl,16%,OUI,COCKTAIL_PRET_A_BOIRE,À CONFIRMER,,12.6,12.6,unité,PU HT,0.2,15.12,,,,,,,,,,À CONFIRMER,,2/,2,À CONFIRMER,MINIMUM DE COMMANDE DE 6 BOUTEILLES,À CONFIRMER,À CONFIRMER,À CONFIRMER,À CONFIRMER,À CONFIRMER,À CONFIRMER,À CONFIRMER,OUI_DEDUIT_DU_CONDITIONNEMENT,À CONFIRMER,À CONFIRMER,À CONFIRMER,"Boisson alcoolisée : vérifier les contraintes transporteur (déclaration, casse, interdiction sur certains services)",À CONFIRMER,À CONFIRMER,À CONFIRMER,À CONFIRMER,À CONFIRMER,PREMIUM,4,palier de prix d'achat (12.60 € HT) → 4,PROPOSITION AUTOMATIQUE – À VALIDER EN BACK-OFFICE,À CONFIRMER,À CONFIRMER,OUI,À CONFIRMER,PREMIUM,À CONFIRMER,À CONFIRMER,À CONFIRMER,À CONFIRMER,À CONFIRMER,À CONFIRMER,SUR_COMMANDE (document = tarif et bon de commande 2026),PRODUIT,,,,36,Tarif et bon de commande 2026 – onglet « TARIF NORMAND DIRECT 2026 »,ligne 497
PROD-0489,À CONFIRMER,Sex on the Beach 70cl 16%,Sex on the Beach 70cl 16%,À CONFIRMER,BOISSON_ALCOOLISEE,COCKTAIL_PRET_A_BOIRE,règle 9,SKINFAXI,FOUR-0031,SKINFAXI,SKINFAXI,FOUR-0001,NORMAND DIRECT TERROIR,Commande directe auprès de Normand Direct Terroir,À CONFIRMER,À CONFIRMER,À CONFIRMER,À CONFIRMER,À CONFIRMER,,AUCUNE_INFORMATION_DANS_LES_DOCUMENTS,À CONFIRMER,À CONFIRMER,,700.0,70cl,16%,OUI,COCKTAIL_PRET_A_BOIRE,À CONFIRMER,,12.6,12.6,unité,PU HT,0.2,15.12,,,,,,,,,,À CONFIRMER,,2/,2,À CONFIRMER,MINIMUM DE COMMANDE DE 6 BOUTEILLES,À CONFIRMER,À CONFIRMER,À CONFIRMER,À CONFIRMER,À CONFIRMER,À CONFIRMER,À CONFIRMER,OUI_DEDUIT_DU_CONDITIONNEMENT,À CONFIRMER,À CONFIRMER,À CONFIRMER,"Boisson alcoolisée : vérifier les contraintes transporteur (déclaration, casse, interdiction sur certains services)",À CONFIRMER,À CONFIRMER,À CONFIRMER,À CONFIRMER,À CONFIRMER,PREMIUM,4,palier de prix d'achat (12.60 € HT) → 4,PROPOSITION AUTOMATIQUE – À VALIDER EN BACK-OFFICE,À CONFIRMER,À CONFIRMER,OUI,À CONFIRMER,PREMIUM,À CONFIRMER,À CONFIRMER,À CONFIRMER,À CONFIRMER,À CONFIRMER,À CONFIRMER,SUR_COMMANDE (document = tarif et bon de commande 2026),PRODUIT,,,,36,Tarif et bon de commande 2026 – onglet « TARIF NORMAND DIRECT 2026 »,ligne 498
PROD-0490,À CONFIRMER,Cosmopolitan 70cl 16%,Cosmopolitan 70cl 16%,À CONFIRMER,BOISSON_ALCOOLISEE,COCKTAIL_PRET_A_BOIRE,règle 9,SKINFAXI,FOUR-0031,SKINFAXI,SKINFAXI,FOUR-0001,NORMAND DIRECT TERROIR,Commande directe auprès de Normand Direct Terroir,À CONFIRMER,À CONFIRMER,À CONFIRMER,À CONFIRMER,À CONFIRMER,,AUCUNE_INFORMATION_DANS_LES_DOCUMENTS,À CONFIRMER,À CONFIRMER,,700.0,70cl,16%,OUI,COCKTAIL_PRET_A_BOIRE,À CONFIRMER,,12.6,12.6,unité,PU HT,0.2,15.12,,,,,,,,,,À CONFIRMER,,2/,2,À CONFIRMER,MINIMUM DE COMMANDE DE 6 BOUTEILLES,À CONFIRMER,À CONFIRMER,À CONFIRMER,À CONFIRMER,À CONFIRMER,À CONFIRMER,À CONFIRMER,OUI_DEDUIT_DU_CONDITIONNEMENT,À CONFIRMER,À CONFIRMER,À CONFIRMER,"Boisson alcoolisée : vérifier les contraintes transporteur (déclaration, casse, interdiction sur certains services)",À CONFIRMER,À CONFIRMER,À CONFIRMER,À CONFIRMER,À CONFIRMER,PREMIUM,4,palier de prix d'achat (12.60 € HT) → 4,PROPOSITION AUTOMATIQUE – À VALIDER EN BACK-OFFICE,À CONFIRMER,À CONFIRMER,OUI,À CONFIRMER,PREMIUM,À CONFIRMER,À CONFIRMER,À CONFIRMER,À CONFIRMER,À CONFIRMER,À CONFIRMER,SUR_COMMANDE (document = tarif et bon de commande 2026),PRODUIT,,,,36,Tarif et bon de commande 2026 – onglet « TARIF NORMAND DIRECT 2026 »,ligne 499
PROD-0491,À CONFIRMER,American Plum Sour 70cl 16%,American Plum Sour 70cl 16%,À CONFIRMER,BOISSON_ALCOOLISEE,COCKTAIL_PRET_A_BOIRE,règle 9,SKINFAXI,FOUR-0031,SKINFAXI,SKINFAXI,FOUR-0001,NORMAND DIRECT TERROIR,Commande directe auprès de Normand Direct Terroir,À CONFIRMER,À CONFIRMER,À CONFIRMER,À CONFIRMER,À CONFIRMER,,AUCUNE_INFORMATION_DANS_LES_DOCUMENTS,À CONFIRMER,À CONFIRMER,,700.0,70cl,16%,OUI,COCKTAIL_PRET_A_BOIRE,À CONFIRMER,,12.6,12.6,unité,PU HT,0.2,15.12,,,,,,,,,,À CONFIRMER,,2/,2,À CONFIRMER,MINIMUM DE COMMANDE DE 6 BOUTEILLES,À CONFIRMER,À CONFIRMER,À CONFIRMER,À CONFIRMER,À CONFIRMER,À CONFIRMER,À CONFIRMER,OUI_DEDUIT_DU_CONDITIONNEMENT,À CONFIRMER,À CONFIRMER,À CONFIRMER,"Boisson alcoolisée : vérifier les contraintes transporteur (déclaration, casse, interdiction sur certains services)",À CONFIRMER,À CONFIRMER,À CONFIRMER,À CONFIRMER,À CONFIRMER,PREMIUM,4,palier de prix d'achat (12.60 € HT) → 4,PROPOSITION AUTOMATIQUE – À VALIDER EN BACK-OFFICE,À CONFIRMER,À CONFIRMER,OUI,À CONFIRMER,PREMIUM,À CONFIRMER,À CONFIRMER,À CONFIRMER,À CONFIRMER,À CONFIRMER,À CONFIRMER,SUR_COMMANDE (document = tarif et bon de commande 2026),PRODUIT,,,,36,Tarif et bon de commande 2026 – onglet « TARIF NORMAND DIRECT 2026 »,ligne 500
PROD-0492,À CONFIRMER,"Vodka Arrangée Mangue Abricot 70cl 16,2%","Vodka Arrangée Mangue Abricot 70cl 16,2%",À CONFIRMER,BOISSON_ALCOOLISEE,SPIRITUEUX,règle 37,SKINFAXI,FOUR-0031,SKINFAXI,SKINFAXI,FOUR-0001,NORMAND DIRECT TERROIR,Commande directe auprès de Normand Direct Terroir,À CONFIRMER,À CONFIRMER,À CONFIRMER,À CONFIRMER,À CONFIRMER,,AUCUNE_INFORMATION_DANS_LES_DOCUMENTS,À CONFIRMER,À CONFIRMER,,700.0,70cl,"16,2%",OUI,SPIRITUEUX,À CONFIRMER,,18.9,18.9,unité,PU HT,0.2,22.68,,,,,,,,,,À CONFIRMER,,2/,2,À CONFIRMER,MINIMUM DE COMMANDE DE 6 BOUTEILLES,À CONFIRMER,À CONFIRMER,À CONFIRMER,À CONFIRMER,À CONFIRMER,À CONFIRMER,À CONFIRMER,OUI_DEDUIT_DU_CONDITIONNEMENT,À CONFIRMER,À CONFIRMER,À CONFIRMER,"Boisson alcoolisée : vérifier les contraintes transporteur (déclaration, casse, interdiction sur certains services)",À CONFIRMER,À CONFIRMER,À CONFIRMER,À CONFIRMER,À CONFIRMER,PREMIUM,4,palier de prix d'achat (18.90 € HT) → 4,PROPOSITION AUTOMATIQUE – À VALIDER EN BACK-OFFICE,À CONFIRMER,À CONFIRMER,OUI,À CONFIRMER,PREMIUM,À CONFIRMER,À CONFIRMER,À CONFIRMER,À CONFIRMER,À CONFIRMER,À CONFIRMER,SUR_COMMANDE (document = tarif et bon de commande 2026),PRODUIT,,,,36,Tarif et bon de commande 2026 – onglet « TARIF NORMAND DIRECT 2026 »,ligne 501
PROD-0493,À CONFIRMER,"Vodka Arrangée Romarin Pamplemousse 70cl 16,2%","Vodka Arrangée Romarin Pamplemousse 70cl 16,2%",À CONFIRMER,BOISSON_ALCOOLISEE,SPIRITUEUX,règle 37,SKINFAXI,FOUR-0031,SKINFAXI,SKINFAXI,FOUR-0001,NORMAND DIRECT TERROIR,Commande directe auprès de Normand Direct Terroir,À CONFIRMER,À CONFIRMER,À CONFIRMER,À CONFIRMER,À CONFIRMER,,AUCUNE_INFORMATION_DANS_LES_DOCUMENTS,À CONFIRMER,À CONFIRMER,,700.0,70cl,"16,2%",OUI,SPIRITUEUX,À CONFIRMER,,18.9,18.9,unité,PU HT,0.2,22.68,,,,,,,,,,À CONFIRMER,,2/,2,À CONFIRMER,MINIMUM DE COMMANDE DE 6 BOUTEILLES,À CONFIRMER,À CONFIRMER,À CONFIRMER,À CONFIRMER,À CONFIRMER,À CONFIRMER,À CONFIRMER,OUI_DEDUIT_DU_CONDITIONNEMENT,À CONFIRMER,À CONFIRMER,À CONFIRMER,"Boisson alcoolisée : vérifier les contraintes transporteur (déclaration, casse, interdiction sur certains services)",À CONFIRMER,À CONFIRMER,À CONFIRMER,À CONFIRMER,À CONFIRMER,PREMIUM,4,palier de prix d'achat (18.90 € HT) → 4,PROPOSITION AUTOMATIQUE – À VALIDER EN BACK-OFFICE,À CONFIRMER,À CONFIRMER,OUI,À CONFIRMER,PREMIUM,À CONFIRMER,À CONFIRMER,À CONFIRMER,À CONFIRMER,À CONFIRMER,À CONFIRMER,SUR_COMMANDE (document = tarif et bon de commande 2026),PRODUIT,,,,36,Tarif et bon de commande 2026 – onglet « TARIF NORMAND DIRECT 2026 »,ligne 502
PROD-0494,À CONFIRMER,"Vodka Arrangée Rhubarbe Sichuan 70cl 16,2%","Vodka Arrangée Rhubarbe Sichuan 70cl 16,2%",À CONFIRMER,BOISSON_ALCOOLISEE,SPIRITUEUX,règle 37,SKINFAXI,FOUR-0031,SKINFAXI,SKINFAXI,FOUR-0001,NORMAND DIRECT TERROIR,Commande directe auprès de Normand Direct Terroir,À CONFIRMER,À CONFIRMER,À CONFIRMER,À CONFIRMER,À CONFIRMER,,AUCUNE_INFORMATION_DANS_LES_DOCUMENTS,À CONFIRMER,À CONFIRMER,,700.0,70cl,"16,2%",OUI,SPIRITUEUX,À CONFIRMER,,18.9,18.9,unité,PU HT,0.2,22.68,,,,,,,,,,À CONFIRMER,,2/,2,À CONFIRMER,MINIMUM DE COMMANDE DE 6 BOUTEILLES,À CONFIRMER,À CONFIRMER,À CONFIRMER,À CONFIRMER,À CONFIRMER,À CONFIRMER,À CONFIRMER,OUI_DEDUIT_DU_CONDITIONNEMENT,À CONFIRMER,À CONFIRMER,À CONFIRMER,"Boisson alcoolisée : vérifier les contraintes transporteur (déclaration, casse, interdiction sur certains services)",À CONFIRMER,À CONFIRMER,À CONFIRMER,À CONFIRMER,À CONFIRMER,PREMIUM,4,palier de prix d'achat (18.90 € HT) → 4,PROPOSITION AUTOMATIQUE – À VALIDER EN BACK-OFFICE,À CONFIRMER,À CONFIRMER,OUI,À CONFIRMER,PREMIUM,À CONFIRMER,À CONFIRMER,À CONFIRMER,À CONFIRMER,À CONFIRMER,À CONFIRMER,SUR_COMMANDE (document = tarif et bon de commande 2026),PRODUIT,,,,36,Tarif et bon de commande 2026 – onglet « TARIF NORMAND DIRECT 2026 »,ligne 503
PROD-0495,À CONFIRMER,"Vodka Arrangée Banane Vanille 70cl 16,2%","Vodka Arrangée Banane Vanille 70cl 16,2%",À CONFIRMER,BOISSON_ALCOOLISEE,SPIRITUEUX,règle 37,SKINFAXI,FOUR-0031,SKINFAXI,SKINFAXI,FOUR-0001,NORMAND DIRECT TERROIR,Commande directe auprès de Normand Direct Terroir,À CONFIRMER,À CONFIRMER,À CONFIRMER,À CONFIRMER,À CONFIRMER,,AUCUNE_INFORMATION_DANS_LES_DOCUMENTS,À CONFIRMER,À CONFIRMER,,700.0,70cl,"16,2%",OUI,SPIRITUEUX,À CONFIRMER,,18.9,18.9,unité,PU HT,0.2,22.68,,,,,,,,,,À CONFIRMER,,2/,2,À CONFIRMER,MINIMUM DE COMMANDE DE 6 BOUTEILLES,À CONFIRMER,À CONFIRMER,À CONFIRMER,À CONFIRMER,À CONFIRMER,À CONFIRMER,À CONFIRMER,OUI_DEDUIT_DU_CONDITIONNEMENT,À CONFIRMER,À CONFIRMER,À CONFIRMER,"Boisson alcoolisée : vérifier les contraintes transporteur (déclaration, casse, interdiction sur certains services)",À CONFIRMER,À CONFIRMER,À CONFIRMER,À CONFIRMER,À CONFIRMER,PREMIUM,4,palier de prix d'achat (18.90 € HT) → 4,PROPOSITION AUTOMATIQUE – À VALIDER EN BACK-OFFICE,À CONFIRMER,À CONFIRMER,OUI,À CONFIRMER,PREMIUM,À CONFIRMER,À CONFIRMER,À CONFIRMER,À CONFIRMER,À CONFIRMER,À CONFIRMER,SUR_COMMANDE (document = tarif et bon de commande 2026),PRODUIT,,,,36,Tarif et bon de commande 2026 – onglet « TARIF NORMAND DIRECT 2026 »,ligne 504
PROD-0496,À CONFIRMER,Petite boite ronde 90gr,Petite boite ronde 90gr,À CONFIRMER,CONFISERIE,BONBON_ET_CONFISERIE,repli documenté : CROCAEN'T billes chocolatées,CROCAEN'T,FOUR-0032,CROCAEN'T,CROCAEN'T billes chocolatées,FOUR-0001,NORMAND DIRECT TERROIR,Commande directe auprès de Normand Direct Terroir,À CONFIRMER,À CONFIRMER,À CONFIRMER,À CONFIRMER,À CONFIRMER,,AUCUNE_INFORMATION_DANS_LES_DOCUMENTS,À CONFIRMER,À CONFIRMER,90.0,,90gr,,NON,,8 mois,,5.55,5.55,unité,PU HT,0.055,5.8552,,,,,,,,,,billes chocolatées,,10/,10,À CONFIRMER,PANACHABLE A VOLONTE ET PARFUMS AU CHOIX A PRECISER LORS DE LA COMMANDE,À CONFIRMER,À CONFIRMER,À CONFIRMER,À CONFIRMER,À CONFIRMER,À CONFIRMER,NON_DEDUIT_DU_CONDITIONNEMENT,NON,À CONFIRMER,À CONFIRMER,À CONFIRMER,À CONFIRMER,À CONFIRMER,À CONFIRMER,À CONFIRMER,À CONFIRMER,À CONFIRMER,SIGNATURE,3,palier de prix d'achat (5.55 € HT) → 3,PROPOSITION AUTOMATIQUE – À VALIDER EN BACK-OFFICE,À CONFIRMER,À CONFIRMER,NON,À CONFIRMER,FAIBLE_COUT_LOGISTIQUE,À CONFIRMER,À CONFIRMER,À CONFIRMER,À CONFIRMER,À CONFIRMER,À CONFIRMER,SUR_COMMANDE (document = tarif et bon de commande 2026),PRODUIT,,,,34,Tarif et bon de commande 2026 – onglet « TARIF NORMAND DIRECT 2026 »,ligne 505
PROD-0497,À CONFIRMER,Grande boite ronde 150gr,Grande boite ronde 150gr,À CONFIRMER,CONFISERIE,BONBON_ET_CONFISERIE,repli documenté : CROCAEN'T billes chocolatées,CROCAEN'T,FOUR-0032,CROCAEN'T,CROCAEN'T billes chocolatées,FOUR-0001,NORMAND DIRECT TERROIR,Commande directe auprès de Normand Direct Terroir,À CONFIRMER,À CONFIRMER,À CONFIRMER,À CONFIRMER,À CONFIRMER,,AUCUNE_INFORMATION_DANS_LES_DOCUMENTS,À CONFIRMER,À CONFIRMER,150.0,,150gr,,NON,,8 mois,,8.35,8.35,unité,PU HT,0.055,8.8092,,,,,,,,,,billes chocolatées,,6/,6,À CONFIRMER,PANACHABLE A VOLONTE ET PARFUMS AU CHOIX A PRECISER LORS DE LA COMMANDE,À CONFIRMER,À CONFIRMER,À CONFIRMER,À CONFIRMER,À CONFIRMER,À CONFIRMER,NON_DEDUIT_DU_CONDITIONNEMENT,NON,À CONFIRMER,À CONFIRMER,À CONFIRMER,À CONFIRMER,À CONFIRMER,À CONFIRMER,À CONFIRMER,À CONFIRMER,À CONFIRMER,SIGNATURE,3,palier de prix d'achat (8.35 € HT) → 3,PROPOSITION AUTOMATIQUE – À VALIDER EN BACK-OFFICE,À CONFIRMER,À CONFIRMER,NON,À CONFIRMER,FAIBLE_COUT_LOGISTIQUE,À CONFIRMER,À CONFIRMER,À CONFIRMER,À CONFIRMER,À CONFIRMER,À CONFIRMER,SUR_COMMANDE (document = tarif et bon de commande 2026),PRODUIT,,,,34,Tarif et bon de commande 2026 – onglet « TARIF NORMAND DIRECT 2026 »,ligne 506
PROD-0498,À CONFIRMER,Sachet Kraft 100gr,Sachet Kraft 100gr,À CONFIRMER,CONFISERIE,BONBON_ET_CONFISERIE,repli documenté : CROCAEN'T billes chocolatées,CROCAEN'T,FOUR-0032,CROCAEN'T,CROCAEN'T billes chocolatées,FOUR-0001,NORMAND DIRECT TERROIR,Commande directe auprès de Normand Direct Terroir,À CONFIRMER,À CONFIRMER,À CONFIRMER,À CONFIRMER,À CONFIRMER,,AUCUNE_INFORMATION_DANS_LES_DOCUMENTS,À CONFIRMER,À CONFIRMER,100.0,,100gr,,NON,,8 mois,,5.55,5.55,unité,PU HT,0.055,5.8552,,,,,,,,,,billes chocolatées,,10/,10,À CONFIRMER,PANACHABLE A VOLONTE ET PARFUMS AU CHOIX A PRECISER LORS DE LA COMMANDE,À CONFIRMER,À CONFIRMER,À CONFIRMER,À CONFIRMER,À CONFIRMER,À CONFIRMER,NON_DEDUIT_DU_CONDITIONNEMENT,NON,À CONFIRMER,À CONFIRMER,À CONFIRMER,À CONFIRMER,À CONFIRMER,À CONFIRMER,À CONFIRMER,À CONFIRMER,À CONFIRMER,SIGNATURE,3,palier de prix d'achat (5.55 € HT) → 3,PROPOSITION AUTOMATIQUE – À VALIDER EN BACK-OFFICE,À CONFIRMER,À CONFIRMER,NON,À CONFIRMER,FAIBLE_COUT_LOGISTIQUE,À CONFIRMER,À CONFIRMER,À CONFIRMER,À CONFIRMER,À CONFIRMER,À CONFIRMER,SUR_COMMANDE (document = tarif et bon de commande 2026),PRODUIT,,,,34,Tarif et bon de commande 2026 – onglet « TARIF NORMAND DIRECT 2026 »,ligne 507
PROD-0499,À CONFIRMER,Boite prestige 200gr,Boite prestige 200gr,À CONFIRMER,CONFISERIE,BONBON_ET_CONFISERIE,repli documenté : CROCAEN'T billes chocolatées,CROCAEN'T,FOUR-0032,CROCAEN'T,CROCAEN'T billes chocolatées,FOUR-0001,NORMAND DIRECT TERROIR,Commande directe auprès de Normand Direct Terroir,À CONFIRMER,À CONFIRMER,À CONFIRMER,À CONFIRMER,À CONFIRMER,,AUCUNE_INFORMATION_DANS_LES_DOCUMENTS,À CONFIRMER,À CONFIRMER,200.0,,200gr,,NON,,8 mois,,14.36,14.36,unité,PU HT,0.055,15.1498,,,,,,,,,,billes chocolatées,,6/,6,À CONFIRMER,PANACHABLE A VOLONTE ET PARFUMS AU CHOIX A PRECISER LORS DE LA COMMANDE,À CONFIRMER,À CONFIRMER,À CONFIRMER,À CONFIRMER,À CONFIRMER,À CONFIRMER,À CONFIRMER,NON,À CONFIRMER,À CONFIRMER,À CONFIRMER,À CONFIRMER,À CONFIRMER,À CONFIRMER,À CONFIRMER,À CONFIRMER,À CONFIRMER,PREMIUM,4,palier de prix d'achat (14.36 € HT) → 4,PROPOSITION AUTOMATIQUE – À VALIDER EN BACK-OFFICE,À CONFIRMER,À CONFIRMER,OUI,À CONFIRMER,FAIBLE_COUT_LOGISTIQUE ; PREMIUM,À CONFIRMER,À CONFIRMER,À CONFIRMER,À CONFIRMER,À CONFIRMER,À CONFIRMER,SUR_COMMANDE (document = tarif et bon de commande 2026),PRODUIT,LIBELLÉ IDENTIQUE – PRODUCTEURS DIFFÉRENTS,,,35,Tarif et bon de commande 2026 – onglet « TARIF NORMAND DIRECT 2026 »,ligne 508
PROD-0500,À CONFIRMER,Boite prestige 250gr,Boite prestige 250gr,À CONFIRMER,CONFISERIE,BONBON_ET_CONFISERIE,repli documenté : CROCAEN'T billes chocolatées,CROCAEN'T,FOUR-0032,CROCAEN'T,CROCAEN'T billes chocolatées,FOUR-0001,NORMAND DIRECT TERROIR,Commande directe auprès de Normand Direct Terroir,À CONFIRMER,À CONFIRMER,À CONFIRMER,À CONFIRMER,À CONFIRMER,,AUCUNE_INFORMATION_DANS_LES_DOCUMENTS,À CONFIRMER,À CONFIRMER,250.0,,250gr,,NON,,8 mois,,17.96,17.96,unité,PU HT,0.055,18.9478,,,,,,,,,,billes chocolatées,,6/,6,À CONFIRMER,PANACHABLE A VOLONTE ET PARFUMS AU CHOIX A PRECISER LORS DE LA COMMANDE,À CONFIRMER,À CONFIRMER,À CONFIRMER,À CONFIRMER,À CONFIRMER,À CONFIRMER,À CONFIRMER,NON,À CONFIRMER,À CONFIRMER,À CONFIRMER,À CONFIRMER,À CONFIRMER,À CONFIRMER,À CONFIRMER,À CONFIRMER,À CONFIRMER,PREMIUM,4,palier de prix d'achat (17.96 € HT) → 4,PROPOSITION AUTOMATIQUE – À VALIDER EN BACK-OFFICE,À CONFIRMER,À CONFIRMER,OUI,À CONFIRMER,FAIBLE_COUT_LOGISTIQUE ; PREMIUM,À CONFIRMER,À CONFIRMER,À CONFIRMER,À CONFIRMER,À CONFIRMER,À CONFIRMER,SUR_COMMANDE (document = tarif et bon de commande 2026),PRODUIT,LIBELLÉ IDENTIQUE – PRODUCTEURS DIFFÉRENTS,,,35,Tarif et bon de commande 2026 – onglet « TARIF NORMAND DIRECT 2026 »,ligne 509
PROD-0501,À CONFIRMER,Boite prestige 320gr,Boite prestige 320gr,À CONFIRMER,CONFISERIE,BONBON_ET_CONFISERIE,repli documenté : CROCAEN'T billes chocolatées,CROCAEN'T,FOUR-0032,CROCAEN'T,CROCAEN'T billes chocolatées,FOUR-0001,NORMAND DIRECT TERROIR,Commande directe auprès de Normand Direct Terroir,À CONFIRMER,À CONFIRMER,À CONFIRMER,À CONFIRMER,À CONFIRMER,,AUCUNE_INFORMATION_DANS_LES_DOCUMENTS,À CONFIRMER,À CONFIRMER,320.0,,320gr,,NON,,8 mois,,23.52,23.52,unité,PU HT,0.055,24.8136,,,,,,,,,,billes chocolatées,,6/,6,À CONFIRMER,PANACHABLE A VOLONTE ET PARFUMS AU CHOIX A PRECISER LORS DE LA COMMANDE,À CONFIRMER,À CONFIRMER,À CONFIRMER,À CONFIRMER,À CONFIRMER,À CONFIRMER,À CONFIRMER,NON,À CONFIRMER,À CONFIRMER,À CONFIRMER,À CONFIRMER,À CONFIRMER,À CONFIRMER,À CONFIRMER,À CONFIRMER,À CONFIRMER,PREMIUM,4,palier de prix d'achat (23.52 € HT) → 4,PROPOSITION AUTOMATIQUE – À VALIDER EN BACK-OFFICE,À CONFIRMER,À CONFIRMER,OUI,À CONFIRMER,PREMIUM,À CONFIRMER,À CONFIRMER,À CONFIRMER,À CONFIRMER,À CONFIRMER,À CONFIRMER,SUR_COMMANDE (document = tarif et bon de commande 2026),PRODUIT,LIBELLÉ IDENTIQUE – PRODUCTEURS DIFFÉRENTS,,,35,Tarif et bon de commande 2026 – onglet « TARIF NORMAND DIRECT 2026 »,ligne 510
PROD-0502,À CONFIRMER,Coffret 480gr,Coffret 480gr,À CONFIRMER,COFFRET_ET_EMBALLAGE,COFFRET_OU_PACK,règle 11,CROCAEN'T,FOUR-0032,CROCAEN'T,CROCAEN'T billes chocolatées,FOUR-0001,NORMAND DIRECT TERROIR,Commande directe auprès de Normand Direct Terroir,À CONFIRMER,À CONFIRMER,À CONFIRMER,À CONFIRMER,À CONFIRMER,,AUCUNE_INFORMATION_DANS_LES_DOCUMENTS,À CONFIRMER,À CONFIRMER,480.0,,480gr,,NON,,8 mois,,28.7,28.7,unité,PU HT,0.055,30.2785,,,,,,,,,,billes chocolatées,,6/,6,À CONFIRMER,PANACHABLE A VOLONTE ET PARFUMS AU CHOIX A PRECISER LORS DE LA COMMANDE,À CONFIRMER,À CONFIRMER,À CONFIRMER,À CONFIRMER,À CONFIRMER,À CONFIRMER,À CONFIRMER,NON,À CONFIRMER,À CONFIRMER,À CONFIRMER,À CONFIRMER,À CONFIRMER,À CONFIRMER,À CONFIRMER,À CONFIRMER,À CONFIRMER,PRESTIGE,5,palier de prix d'achat (28.70 € HT) → 5,PROPOSITION AUTOMATIQUE – À VALIDER EN BACK-OFFICE,À CONFIRMER,À CONFIRMER,OUI,À CONFIRMER,PREMIUM,À CONFIRMER,À CONFIRMER,À CONFIRMER,À CONFIRMER,À CONFIRMER,À CONFIRMER,SUR_COMMANDE (document = tarif et bon de commande 2026),PRODUIT,,,,35,Tarif et bon de commande 2026 – onglet « TARIF NORMAND DIRECT 2026 »,ligne 511
PROD-0503,À CONFIRMER,Billes chocolatées Vrac,Billes chocolatées Vrac,À CONFIRMER,CONFISERIE,BONBON_ET_CONFISERIE,règle 21,CROCAEN'T,FOUR-0032,CROCAEN'T,CROCAEN'T billes chocolatées,FOUR-0001,NORMAND DIRECT TERROIR,Commande directe auprès de Normand Direct Terroir,À CONFIRMER,À CONFIRMER,À CONFIRMER,À CONFIRMER,À CONFIRMER,,AUCUNE_INFORMATION_DANS_LES_DOCUMENTS,À CONFIRMER,À CONFIRMER,,,,,NON,,8 mois,,48.0,48,kilogramme,PU HT,0.055,50.64,48.0,,,,,,,,,billes chocolatées,,kg,,À CONFIRMER,PANACHABLE A VOLONTE ET PARFUMS AU CHOIX A PRECISER LORS DE LA COMMANDE,À CONFIRMER,À CONFIRMER,À CONFIRMER,À CONFIRMER,À CONFIRMER,À CONFIRMER,NON_DEDUIT_DU_CONDITIONNEMENT,NON,À CONFIRMER,À CONFIRMER,À CONFIRMER,À CONFIRMER,À CONFIRMER,À CONFIRMER,À CONFIRMER,À CONFIRMER,À CONFIRMER,PREMIUM,4,palier de prix d'achat (48.00 € HT) → 5 ; produit vrac / usage professionnel → -1,PROPOSITION AUTOMATIQUE – À VALIDER EN BACK-OFFICE,À CONFIRMER,À CONFIRMER,OUI,À CONFIRMER,PREMIUM,À CONFIRMER,À CONFIRMER,À CONFIRMER,À CONFIRMER,À CONFIRMER,À CONFIRMER,SUR_COMMANDE (document = tarif et bon de commande 2026),PRODUIT,,,,34,Tarif et bon de commande 2026 – onglet « TARIF NORMAND DIRECT 2026 »,ligne 512
PROD-0504,NC01805 (EAN 3498751018059),BOÎTE BOIS RONDE BEURRE SALÉ,BOÎTE BOIS RONDE BEURRE SALÉ,Gamme : LES BOÎTES BOIS (page 4) – BEURRE SALÉ,CONFISERIE,CARAMEL,gamme « LES BOÎTES BOIS (page 4) » du catalogue Isigny (repli caramel),CARAMELS D'ISIGNY,FOUR-0002,CARAMELS D'ISIGNY,LES BOÎTES BOIS (page 4),FOUR-0002,CARAMELS D'ISIGNY,"À CONFIRMER : onglet intégré au classeur Normand Direct Terroir, canal de commande non précisé",À CONFIRMER,À CONFIRMER,À CONFIRMER,À CONFIRMER,À CONFIRMER,,AUCUNE_INFORMATION_DANS_LES_DOCUMENTS,À CONFIRMER,À CONFIRMER,75.0,,75G,,NON,,À CONFIRMER,,2.85,2.85,unité,Prix unitaire HT,0.2,3.42,,,,,,,,,,75G,20,,,À CONFIRMER,À CONFIRMER,À CONFIRMER,À CONFIRMER,À CONFIRMER,À CONFIRMER,À CONFIRMER,À CONFIRMER,NON_DEDUIT_DU_CONDITIONNEMENT,NON,À CONFIRMER,À CONFIRMER,À CONFIRMER,À CONFIRMER,À CONFIRMER,À CONFIRMER,À CONFIRMER,À CONFIRMER,À CONFIRMER,ESSENTIEL,2,palier de prix d'achat (2.85 € HT) → 2,PROPOSITION AUTOMATIQUE – À VALIDER EN BACK-OFFICE,À CONFIRMER,À CONFIRMER,NON,À CONFIRMER,FAIBLE_COUT_LOGISTIQUE,À CONFIRMER,À CONFIRMER,À CONFIRMER,À CONFIRMER,À CONFIRMER,À CONFIRMER,SUR_COMMANDE (document = catalogue tarifé 2026),PRODUIT,LIBELLÉ IDENTIQUE – MÊME PRODUCTEUR,,,34,Tarif et bon de commande 2026 – onglet « CARAMELS ISIGNY 2026 »,ligne 4 – LES BOÎTES BOIS (page 4)
PROD-0505,NC01955 (EAN 3498751019551),BOÎTE BOIS RONDE BEURRE SALÉ,BOÎTE BOIS RONDE BEURRE SALÉ,Gamme : LES BOÎTES BOIS (page 4) – BEURRE SALÉ,CONFISERIE,CARAMEL,gamme « LES BOÎTES BOIS (page 4) » du catalogue Isigny (repli caramel),CARAMELS D'ISIGNY,FOUR-0002,CARAMELS D'ISIGNY,LES BOÎTES BOIS (page 4),FOUR-0002,CARAMELS D'ISIGNY,"À CONFIRMER : onglet intégré au classeur Normand Direct Terroir, canal de commande non précisé",À CONFIRMER,À CONFIRMER,À CONFIRMER,À CONFIRMER,À CONFIRMER,,AUCUNE_INFORMATION_DANS_LES_DOCUMENTS,À CONFIRMER,À CONFIRMER,150.0,,150G,,NON,,À CONFIRMER,,4.25,4.25,unité,Prix unitaire HT,0.2,5.1,,,,,,,,,,150G,12,,,À CONFIRMER,À CONFIRMER,À CONFIRMER,À CONFIRMER,À CONFIRMER,À CONFIRMER,À CONFIRMER,À CONFIRMER,NON_DEDUIT_DU_CONDITIONNEMENT,NON,À CONFIRMER,À CONFIRMER,À CONFIRMER,À CONFIRMER,À CONFIRMER,À CONFIRMER,À CONFIRMER,À CONFIRMER,À CONFIRMER,ESSENTIEL,2,palier de prix d'achat (4.25 € HT) → 2,PROPOSITION AUTOMATIQUE – À VALIDER EN BACK-OFFICE,À CONFIRMER,À CONFIRMER,NON,À CONFIRMER,FAIBLE_COUT_LOGISTIQUE,À CONFIRMER,À CONFIRMER,À CONFIRMER,À CONFIRMER,À CONFIRMER,À CONFIRMER,SUR_COMMANDE (document = catalogue tarifé 2026),PRODUIT,LIBELLÉ IDENTIQUE – MÊME PRODUCTEUR,,,34,Tarif et bon de commande 2026 – onglet « CARAMELS ISIGNY 2026 »,ligne 5 – LES BOÎTES BOIS (page 4)
PROD-0506,NC01815 (EAN 3498751018158),BOÎTE BOIS CARRÉE BEURRE SALÉ,BOÎTE BOIS CARRÉE BEURRE SALÉ,Gamme : LES BOÎTES BOIS (page 4) – BEURRE SALÉ,CONFISERIE,CARAMEL,gamme « LES BOÎTES BOIS (page 4) » du catalogue Isigny (repli caramel),CARAMELS D'ISIGNY,FOUR-0002,CARAMELS D'ISIGNY,LES BOÎTES BOIS (page 4),FOUR-0002,CARAMELS D'ISIGNY,"À CONFIRMER : onglet intégré au classeur Normand Direct Terroir, canal de commande non précisé",À CONFIRMER,À CONFIRMER,À CONFIRMER,À CONFIRMER,À CONFIRMER,,AUCUNE_INFORMATION_DANS_LES_DOCUMENTS,À CONFIRMER,À CONFIRMER,75.0,,75G,,NON,,À CONFIRMER,,2.85,2.85,unité,Prix unitaire HT,0.2,3.42,,,,,,,,,,75G,24,,,À CONFIRMER,À CONFIRMER,À CONFIRMER,À CONFIRMER,À CONFIRMER,À CONFIRMER,À CONFIRMER,À CONFIRMER,NON_DEDUIT_DU_CONDITIONNEMENT,NON,À CONFIRMER,À CONFIRMER,À CONFIRMER,À CONFIRMER,À CONFIRMER,À CONFIRMER,À CONFIRMER,À CONFIRMER,À CONFIRMER,ESSENTIEL,2,palier de prix d'achat (2.85 € HT) → 2,PROPOSITION AUTOMATIQUE – À VALIDER EN BACK-OFFICE,À CONFIRMER,À CONFIRMER,NON,À CONFIRMER,FAIBLE_COUT_LOGISTIQUE,À CONFIRMER,À CONFIRMER,À CONFIRMER,À CONFIRMER,À CONFIRMER,À CONFIRMER,SUR_COMMANDE (document = catalogue tarifé 2026),PRODUIT,LIBELLÉ IDENTIQUE – MÊME PRODUCTEUR,,,34,Tarif et bon de commande 2026 – onglet « CARAMELS ISIGNY 2026 »,ligne 6 – LES BOÎTES BOIS (page 4)
PROD-0507,NC01865 (EAN 3498751018653),BOÎTE BOIS CARRÉE BEURRE SALÉ,BOÎTE BOIS CARRÉE BEURRE SALÉ,Gamme : LES BOÎTES BOIS (page 4) – BEURRE SALÉ,CONFISERIE,CARAMEL,gamme « LES BOÎTES BOIS (page 4) » du catalogue Isigny (repli caramel),CARAMELS D'ISIGNY,FOUR-0002,CARAMELS D'ISIGNY,LES BOÎTES BOIS (page 4),FOUR-0002,CARAMELS D'ISIGNY,"À CONFIRMER : onglet intégré au classeur Normand Direct Terroir, canal de commande non précisé",À CONFIRMER,À CONFIRMER,À CONFIRMER,À CONFIRMER,À CONFIRMER,,AUCUNE_INFORMATION_DANS_LES_DOCUMENTS,À CONFIRMER,À CONFIRMER,150.0,,150G,,NON,,À CONFIRMER,,4.25,4.25,unité,Prix unitaire HT,0.2,5.1,,,,,,,,,,150G,12,,,À CONFIRMER,À CONFIRMER,À CONFIRMER,À CONFIRMER,À CONFIRMER,À CONFIRMER,À CONFIRMER,À CONFIRMER,NON_DEDUIT_DU_CONDITIONNEMENT,NON,À CONFIRMER,À CONFIRMER,À CONFIRMER,À CONFIRMER,À CONFIRMER,À CONFIRMER,À CONFIRMER,À CONFIRMER,À CONFIRMER,ESSENTIEL,2,palier de prix d'achat (4.25 € HT) → 2,PROPOSITION AUTOMATIQUE – À VALIDER EN BACK-OFFICE,À CONFIRMER,À CONFIRMER,NON,À CONFIRMER,FAIBLE_COUT_LOGISTIQUE,À CONFIRMER,À CONFIRMER,À CONFIRMER,À CONFIRMER,À CONFIRMER,À CONFIRMER,SUR_COMMANDE (document = catalogue tarifé 2026),PRODUIT,LIBELLÉ IDENTIQUE – MÊME PRODUCTEUR,,,34,Tarif et bon de commande 2026 – onglet « CARAMELS ISIGNY 2026 »,ligne 7 – LES BOÎTES BOIS (page 4)
PROD-0508,NC01810 (EAN 3498751018103),BOÎTE BOIS RONDE FONDANT BEURRE SALÉ,BOÎTE BOIS RONDE FONDANT BEURRE SALÉ,Gamme : LES BOÎTES BOIS (page 4) – FONDANT BEURRE SALÉ,CONFISERIE,CARAMEL,gamme « LES BOÎTES BOIS (page 4) » du catalogue Isigny (repli caramel),CARAMELS D'ISIGNY,FOUR-0002,CARAMELS D'ISIGNY,LES BOÎTES BOIS (page 4),FOUR-0002,CARAMELS D'ISIGNY,"À CONFIRMER : onglet intégré au classeur Normand Direct Terroir, canal de commande non précisé",À CONFIRMER,À CONFIRMER,À CONFIRMER,À CONFIRMER,À CONFIRMER,,AUCUNE_INFORMATION_DANS_LES_DOCUMENTS,À CONFIRMER,À CONFIRMER,75.0,,75G,,NON,,À CONFIRMER,,2.85,2.85,unité,Prix unitaire HT,0.2,3.42,,,,,,,,,,75G,20,,,À CONFIRMER,À CONFIRMER,À CONFIRMER,À CONFIRMER,À CONFIRMER,À CONFIRMER,À CONFIRMER,À CONFIRMER,NON_DEDUIT_DU_CONDITIONNEMENT,NON,À CONFIRMER,À CONFIRMER,À CONFIRMER,À CONFIRMER,À CONFIRMER,À CONFIRMER,À CONFIRMER,À CONFIRMER,À CONFIRMER,ESSENTIEL,2,palier de prix d'achat (2.85 € HT) → 2,PROPOSITION AUTOMATIQUE – À VALIDER EN BACK-OFFICE,À CONFIRMER,À CONFIRMER,NON,À CONFIRMER,FAIBLE_COUT_LOGISTIQUE,À CONFIRMER,À CONFIRMER,À CONFIRMER,À CONFIRMER,À CONFIRMER,À CONFIRMER,SUR_COMMANDE (document = catalogue tarifé 2026),PRODUIT,LIBELLÉ IDENTIQUE – MÊME PRODUCTEUR,,,34,Tarif et bon de commande 2026 – onglet « CARAMELS ISIGNY 2026 »,ligne 9 – LES BOÎTES BOIS (page 4)
PROD-0509,NC01950 (EAN 3498751019506),BOÎTE BOIS RONDE FONDANT BEURRE SALÉ,BOÎTE BOIS RONDE FONDANT BEURRE SALÉ,Gamme : LES BOÎTES BOIS (page 4) – FONDANT BEURRE SALÉ,CONFISERIE,CARAMEL,gamme « LES BOÎTES BOIS (page 4) » du catalogue Isigny (repli caramel),CARAMELS D'ISIGNY,FOUR-0002,CARAMELS D'ISIGNY,LES BOÎTES BOIS (page 4),FOUR-0002,CARAMELS D'ISIGNY,"À CONFIRMER : onglet intégré au classeur Normand Direct Terroir, canal de commande non précisé",À CONFIRMER,À CONFIRMER,À CONFIRMER,À CONFIRMER,À CONFIRMER,,AUCUNE_INFORMATION_DANS_LES_DOCUMENTS,À CONFIRMER,À CONFIRMER,150.0,,150G,,NON,,À CONFIRMER,,4.25,4.25,unité,Prix unitaire HT,0.2,5.1,,,,,,,,,,150G,12,,,À CONFIRMER,À CONFIRMER,À CONFIRMER,À CONFIRMER,À CONFIRMER,À CONFIRMER,À CONFIRMER,À CONFIRMER,NON_DEDUIT_DU_CONDITIONNEMENT,NON,À CONFIRMER,À CONFIRMER,À CONFIRMER,À CONFIRMER,À CONFIRMER,À CONFIRMER,À CONFIRMER,À CONFIRMER,À CONFIRMER,ESSENTIEL,2,palier de prix d'achat (4.25 € HT) → 2,PROPOSITION AUTOMATIQUE – À VALIDER EN BACK-OFFICE,À CONFIRMER,À CONFIRMER,NON,À CONFIRMER,FAIBLE_COUT_LOGISTIQUE,À CONFIRMER,À CONFIRMER,À CONFIRMER,À CONFIRMER,À CONFIRMER,À CONFIRMER,SUR_COMMANDE (document = catalogue tarifé 2026),PRODUIT,LIBELLÉ IDENTIQUE – MÊME PRODUCTEUR,,,34,Tarif et bon de commande 2026 – onglet « CARAMELS ISIGNY 2026 »,ligne 10 – LES BOÎTES BOIS (page 4)
PROD-0510,NC01830 (EAN 3498751018301),BOÎTE BOIS CARRÉE FONDANT BEURRE SALÉ,BOÎTE BOIS CARRÉE FONDANT BEURRE SALÉ,Gamme : LES BOÎTES BOIS (page 4) – FONDANT BEURRE SALÉ,CONFISERIE,CARAMEL,gamme « LES BOÎTES BOIS (page 4) » du catalogue Isigny (repli caramel),CARAMELS D'ISIGNY,FOUR-0002,CARAMELS D'ISIGNY,LES BOÎTES BOIS (page 4),FOUR-0002,CARAMELS D'ISIGNY,"À CONFIRMER : onglet intégré au classeur Normand Direct Terroir, canal de commande non précisé",À CONFIRMER,À CONFIRMER,À CONFIRMER,À CONFIRMER,À CONFIRMER,,AUCUNE_INFORMATION_DANS_LES_DOCUMENTS,À CONFIRMER,À CONFIRMER,75.0,,75G,,NON,,À CONFIRMER,,2.85,2.85,unité,Prix unitaire HT,0.2,3.42,,,,,,,,,,75G,24,,,À CONFIRMER,À CONFIRMER,À CONFIRMER,À CONFIRMER,À CONFIRMER,À CONFIRMER,À CONFIRMER,À CONFIRMER,NON_DEDUIT_DU_CONDITIONNEMENT,NON,À CONFIRMER,À CONFIRMER,À CONFIRMER,À CONFIRMER,À CONFIRMER,À CONFIRMER,À CONFIRMER,À CONFIRMER,À CONFIRMER,ESSENTIEL,2,palier de prix d'achat (2.85 € HT) → 2,PROPOSITION AUTOMATIQUE – À VALIDER EN BACK-OFFICE,À CONFIRMER,À CONFIRMER,NON,À CONFIRMER,FAIBLE_COUT_LOGISTIQUE,À CONFIRMER,À CONFIRMER,À CONFIRMER,À CONFIRMER,À CONFIRMER,À CONFIRMER,SUR_COMMANDE (document = catalogue tarifé 2026),PRODUIT,LIBELLÉ IDENTIQUE – MÊME PRODUCTEUR,,,34,Tarif et bon de commande 2026 – onglet « CARAMELS ISIGNY 2026 »,ligne 11 – LES BOÎTES BOIS (page 4)
PROD-0511,NC01860 (EAN 3498751018608),BOÎTE BOIS CARRÉE FONDANT BEURRE SALÉ,BOÎTE BOIS CARRÉE FONDANT BEURRE SALÉ,Gamme : LES BOÎTES BOIS (page 4) – FONDANT BEURRE SALÉ,CONFISERIE,CARAMEL,gamme « LES BOÎTES BOIS (page 4) » du catalogue Isigny (repli caramel),CARAMELS D'ISIGNY,FOUR-0002,CARAMELS D'ISIGNY,LES BOÎTES BOIS (page 4),FOUR-0002,CARAMELS D'ISIGNY,"À CONFIRMER : onglet intégré au classeur Normand Direct Terroir, canal de commande non précisé",À CONFIRMER,À CONFIRMER,À CONFIRMER,À CONFIRMER,À CONFIRMER,,AUCUNE_INFORMATION_DANS_LES_DOCUMENTS,À CONFIRMER,À CONFIRMER,150.0,,150G,,NON,,À CONFIRMER,,4.25,4.25,unité,Prix unitaire HT,0.2,5.1,,,,,,,,,,150G,12,,,À CONFIRMER,À CONFIRMER,À CONFIRMER,À CONFIRMER,À CONFIRMER,À CONFIRMER,À CONFIRMER,À CONFIRMER,NON_DEDUIT_DU_CONDITIONNEMENT,NON,À CONFIRMER,À CONFIRMER,À CONFIRMER,À CONFIRMER,À CONFIRMER,À CONFIRMER,À CONFIRMER,À CONFIRMER,À CONFIRMER,ESSENTIEL,2,palier de prix d'achat (4.25 € HT) → 2,PROPOSITION AUTOMATIQUE – À VALIDER EN BACK-OFFICE,À CONFIRMER,À CONFIRMER,NON,À CONFIRMER,FAIBLE_COUT_LOGISTIQUE,À CONFIRMER,À CONFIRMER,À CONFIRMER,À CONFIRMER,À CONFIRMER,À CONFIRMER,SUR_COMMANDE (document = catalogue tarifé 2026),PRODUIT,LIBELLÉ IDENTIQUE – MÊME PRODUCTEUR,,,34,Tarif et bon de commande 2026 – onglet « CARAMELS ISIGNY 2026 »,ligne 12 – LES BOÎTES BOIS (page 4)
PROD-0512,NC01808 (EAN 3498751018080),BOÎTE BOIS RONDE ASSORTIMENT TRADITION,BOÎTE BOIS RONDE ASSORTIMENT TRADITION,Gamme : LES BOÎTES BOIS (page 4) – ASSORTIMENT TRADITION,CONFISERIE,CARAMEL,gamme « LES BOÎTES BOIS (page 4) » du catalogue Isigny (repli caramel),CARAMELS D'ISIGNY,FOUR-0002,CARAMELS D'ISIGNY,LES BOÎTES BOIS (page 4),FOUR-0002,CARAMELS D'ISIGNY,"À CONFIRMER : onglet intégré au classeur Normand Direct Terroir, canal de commande non précisé",À CONFIRMER,À CONFIRMER,À CONFIRMER,À CONFIRMER,À CONFIRMER,,AUCUNE_INFORMATION_DANS_LES_DOCUMENTS,À CONFIRMER,À CONFIRMER,75.0,,75G,,NON,,À CONFIRMER,,2.85,2.85,unité,Prix unitaire HT,0.2,3.42,,,,,,,,,,75G,20,,,À CONFIRMER,À CONFIRMER,À CONFIRMER,À CONFIRMER,À CONFIRMER,À CONFIRMER,À CONFIRMER,À CONFIRMER,NON_DEDUIT_DU_CONDITIONNEMENT,NON,À CONFIRMER,À CONFIRMER,À CONFIRMER,À CONFIRMER,À CONFIRMER,À CONFIRMER,À CONFIRMER,À CONFIRMER,À CONFIRMER,ESSENTIEL,2,palier de prix d'achat (2.85 € HT) → 2,PROPOSITION AUTOMATIQUE – À VALIDER EN BACK-OFFICE,À CONFIRMER,À CONFIRMER,NON,À CONFIRMER,FAIBLE_COUT_LOGISTIQUE,À CONFIRMER,À CONFIRMER,À CONFIRMER,À CONFIRMER,À CONFIRMER,À CONFIRMER,SUR_COMMANDE (document = catalogue tarifé 2026),PRODUIT,LIBELLÉ IDENTIQUE – MÊME PRODUCTEUR,,,34,Tarif et bon de commande 2026 – onglet « CARAMELS ISIGNY 2026 »,ligne 14 – LES BOÎTES BOIS (page 4)
PROD-0513,NC01958 (EAN 3498751019582),BOÎTE BOIS RONDE ASSORTIMENT TRADITION,BOÎTE BOIS RONDE ASSORTIMENT TRADITION,Gamme : LES BOÎTES BOIS (page 4) – ASSORTIMENT TRADITION,CONFISERIE,CARAMEL,gamme « LES BOÎTES BOIS (page 4) » du catalogue Isigny (repli caramel),CARAMELS D'ISIGNY,FOUR-0002,CARAMELS D'ISIGNY,LES BOÎTES BOIS (page 4),FOUR-0002,CARAMELS D'ISIGNY,"À CONFIRMER : onglet intégré au classeur Normand Direct Terroir, canal de commande non précisé",À CONFIRMER,À CONFIRMER,À CONFIRMER,À CONFIRMER,À CONFIRMER,,AUCUNE_INFORMATION_DANS_LES_DOCUMENTS,À CONFIRMER,À CONFIRMER,150.0,,150G,,NON,,À CONFIRMER,,4.25,4.25,unité,Prix unitaire HT,0.2,5.1,,,,,,,,,,150G,12,,,À CONFIRMER,À CONFIRMER,À CONFIRMER,À CONFIRMER,À CONFIRMER,À CONFIRMER,À CONFIRMER,À CONFIRMER,NON_DEDUIT_DU_CONDITIONNEMENT,NON,À CONFIRMER,À CONFIRMER,À CONFIRMER,À CONFIRMER,À CONFIRMER,À CONFIRMER,À CONFIRMER,À CONFIRMER,À CONFIRMER,ESSENTIEL,2,palier de prix d'achat (4.25 € HT) → 2,PROPOSITION AUTOMATIQUE – À VALIDER EN BACK-OFFICE,À CONFIRMER,À CONFIRMER,NON,À CONFIRMER,FAIBLE_COUT_LOGISTIQUE,À CONFIRMER,À CONFIRMER,À CONFIRMER,À CONFIRMER,À CONFIRMER,À CONFIRMER,SUR_COMMANDE (document = catalogue tarifé 2026),PRODUIT,LIBELLÉ IDENTIQUE – MÊME PRODUCTEUR,,,34,Tarif et bon de commande 2026 – onglet « CARAMELS ISIGNY 2026 »,ligne 15 – LES BOÎTES BOIS (page 4)
PROD-0514,NC01818 (EAN 3498751018189),BOÎTE BOIS CARRÉE ASSORTIMENT TRADITION,BOÎTE BOIS CARRÉE ASSORTIMENT TRADITION,Gamme : LES BOÎTES BOIS (page 4) – ASSORTIMENT TRADITION,CONFISERIE,CARAMEL,gamme « LES BOÎTES BOIS (page 4) » du catalogue Isigny (repli caramel),CARAMELS D'ISIGNY,FOUR-0002,CARAMELS D'ISIGNY,LES BOÎTES BOIS (page 4),FOUR-0002,CARAMELS D'ISIGNY,"À CONFIRMER : onglet intégré au classeur Normand Direct Terroir, canal de commande non précisé",À CONFIRMER,À CONFIRMER,À CONFIRMER,À CONFIRMER,À CONFIRMER,,AUCUNE_INFORMATION_DANS_LES_DOCUMENTS,À CONFIRMER,À CONFIRMER,75.0,,75G,,NON,,À CONFIRMER,,2.85,2.85,unité,Prix unitaire HT,0.2,3.42,,,,,,,,,,75G,24,,,À CONFIRMER,À CONFIRMER,À CONFIRMER,À CONFIRMER,À CONFIRMER,À CONFIRMER,À CONFIRMER,À CONFIRMER,NON_DEDUIT_DU_CONDITIONNEMENT,NON,À CONFIRMER,À CONFIRMER,À CONFIRMER,À CONFIRMER,À CONFIRMER,À CONFIRMER,À CONFIRMER,À CONFIRMER,À CONFIRMER,ESSENTIEL,2,palier de prix d'achat (2.85 € HT) → 2,PROPOSITION AUTOMATIQUE – À VALIDER EN BACK-OFFICE,À CONFIRMER,À CONFIRMER,NON,À CONFIRMER,FAIBLE_COUT_LOGISTIQUE,À CONFIRMER,À CONFIRMER,À CONFIRMER,À CONFIRMER,À CONFIRMER,À CONFIRMER,SUR_COMMANDE (document = catalogue tarifé 2026),PRODUIT,LIBELLÉ IDENTIQUE – MÊME PRODUCTEUR,,,34,Tarif et bon de commande 2026 – onglet « CARAMELS ISIGNY 2026 »,ligne 16 – LES BOÎTES BOIS (page 4)
PROD-0515,NC01868 (EAN 3498751018684),BOÎTE BOIS CARRÉE ASSORTIMENT TRADITION,BOÎTE BOIS CARRÉE ASSORTIMENT TRADITION,Gamme : LES BOÎTES BOIS (page 4) – ASSORTIMENT TRADITION,CONFISERIE,CARAMEL,gamme « LES BOÎTES BOIS (page 4) » du catalogue Isigny (repli caramel),CARAMELS D'ISIGNY,FOUR-0002,CARAMELS D'ISIGNY,LES BOÎTES BOIS (page 4),FOUR-0002,CARAMELS D'ISIGNY,"À CONFIRMER : onglet intégré au classeur Normand Direct Terroir, canal de commande non précisé",À CONFIRMER,À CONFIRMER,À CONFIRMER,À CONFIRMER,À CONFIRMER,,AUCUNE_INFORMATION_DANS_LES_DOCUMENTS,À CONFIRMER,À CONFIRMER,150.0,,150G,,NON,,À CONFIRMER,,4.25,4.25,unité,Prix unitaire HT,0.2,5.1,,,,,,,,,,150G,12,,,À CONFIRMER,À CONFIRMER,À CONFIRMER,À CONFIRMER,À CONFIRMER,À CONFIRMER,À CONFIRMER,À CONFIRMER,NON_DEDUIT_DU_CONDITIONNEMENT,NON,À CONFIRMER,À CONFIRMER,À CONFIRMER,À CONFIRMER,À CONFIRMER,À CONFIRMER,À CONFIRMER,À CONFIRMER,À CONFIRMER,ESSENTIEL,2,palier de prix d'achat (4.25 € HT) → 2,PROPOSITION AUTOMATIQUE – À VALIDER EN BACK-OFFICE,À CONFIRMER,À CONFIRMER,NON,À CONFIRMER,FAIBLE_COUT_LOGISTIQUE,À CONFIRMER,À CONFIRMER,À CONFIRMER,À CONFIRMER,À CONFIRMER,À CONFIRMER,SUR_COMMANDE (document = catalogue tarifé 2026),PRODUIT,LIBELLÉ IDENTIQUE – MÊME PRODUCTEUR,,,34,Tarif et bon de commande 2026 – onglet « CARAMELS ISIGNY 2026 »,ligne 17 – LES BOÎTES BOIS (page 4)
PROD-0516,NC01807 (EAN 3498751018073),BOÎTE BOIS RONDE ASSORTIMENT FONDANTS,BOÎTE BOIS RONDE ASSORTIMENT FONDANTS,Gamme : LES BOÎTES BOIS (page 4) – ASSORTIMENT FONDANTS,CONFISERIE,CARAMEL,gamme « LES BOÎTES BOIS (page 4) » du catalogue Isigny (repli caramel),CARAMELS D'ISIGNY,FOUR-0002,CARAMELS D'ISIGNY,LES BOÎTES BOIS (page 4),FOUR-0002,CARAMELS D'ISIGNY,"À CONFIRMER : onglet intégré au classeur Normand Direct Terroir, canal de commande non précisé",À CONFIRMER,À CONFIRMER,À CONFIRMER,À CONFIRMER,À CONFIRMER,,AUCUNE_INFORMATION_DANS_LES_DOCUMENTS,À CONFIRMER,À CONFIRMER,75.0,,75G,,NON,,À CONFIRMER,,2.85,2.85,unité,Prix unitaire HT,0.2,3.42,,,,,,,,,,75G,20,,,À CONFIRMER,À CONFIRMER,À CONFIRMER,À CONFIRMER,À CONFIRMER,À CONFIRMER,À CONFIRMER,À CONFIRMER,NON_DEDUIT_DU_CONDITIONNEMENT,NON,À CONFIRMER,À CONFIRMER,À CONFIRMER,À CONFIRMER,À CONFIRMER,À CONFIRMER,À CONFIRMER,À CONFIRMER,À CONFIRMER,ESSENTIEL,2,palier de prix d'achat (2.85 € HT) → 2,PROPOSITION AUTOMATIQUE – À VALIDER EN BACK-OFFICE,À CONFIRMER,À CONFIRMER,NON,À CONFIRMER,FAIBLE_COUT_LOGISTIQUE,À CONFIRMER,À CONFIRMER,À CONFIRMER,À CONFIRMER,À CONFIRMER,À CONFIRMER,SUR_COMMANDE (document = catalogue tarifé 2026),PRODUIT,LIBELLÉ IDENTIQUE – MÊME PRODUCTEUR,,,34,Tarif et bon de commande 2026 – onglet « CARAMELS ISIGNY 2026 »,ligne 19 – LES BOÎTES BOIS (page 4)
PROD-0517,NC01957 (EAN 3498751019575),BOÎTE BOIS RONDE ASSORTIMENT FONDANTS,BOÎTE BOIS RONDE ASSORTIMENT FONDANTS,Gamme : LES BOÎTES BOIS (page 4) – ASSORTIMENT FONDANTS,CONFISERIE,CARAMEL,gamme « LES BOÎTES BOIS (page 4) » du catalogue Isigny (repli caramel),CARAMELS D'ISIGNY,FOUR-0002,CARAMELS D'ISIGNY,LES BOÎTES BOIS (page 4),FOUR-0002,CARAMELS D'ISIGNY,"À CONFIRMER : onglet intégré au classeur Normand Direct Terroir, canal de commande non précisé",À CONFIRMER,À CONFIRMER,À CONFIRMER,À CONFIRMER,À CONFIRMER,,AUCUNE_INFORMATION_DANS_LES_DOCUMENTS,À CONFIRMER,À CONFIRMER,150.0,,150G,,NON,,À CONFIRMER,,4.25,4.25,unité,Prix unitaire HT,0.2,5.1,,,,,,,,,,150G,12,,,À CONFIRMER,À CONFIRMER,À CONFIRMER,À CONFIRMER,À CONFIRMER,À CONFIRMER,À CONFIRMER,À CONFIRMER,NON_DEDUIT_DU_CONDITIONNEMENT,NON,À CONFIRMER,À CONFIRMER,À CONFIRMER,À CONFIRMER,À CONFIRMER,À CONFIRMER,À CONFIRMER,À CONFIRMER,À CONFIRMER,ESSENTIEL,2,palier de prix d'achat (4.25 € HT) → 2,PROPOSITION AUTOMATIQUE – À VALIDER EN BACK-OFFICE,À CONFIRMER,À CONFIRMER,NON,À CONFIRMER,FAIBLE_COUT_LOGISTIQUE,À CONFIRMER,À CONFIRMER,À CONFIRMER,À CONFIRMER,À CONFIRMER,À CONFIRMER,SUR_COMMANDE (document = catalogue tarifé 2026),PRODUIT,LIBELLÉ IDENTIQUE – MÊME PRODUCTEUR,,,34,Tarif et bon de commande 2026 – onglet « CARAMELS ISIGNY 2026 »,ligne 20 – LES BOÎTES BOIS (page 4)
PROD-0518,NC01817 (EAN 3498751018172),BOÎTE BOIS CARRÉE ASSORTIMENT FONDANTS,BOÎTE BOIS CARRÉE ASSORTIMENT FONDANTS,Gamme : LES BOÎTES BOIS (page 4) – ASSORTIMENT FONDANTS,CONFISERIE,CARAMEL,gamme « LES BOÎTES BOIS (page 4) » du catalogue Isigny (repli caramel),CARAMELS D'ISIGNY,FOUR-0002,CARAMELS D'ISIGNY,LES BOÎTES BOIS (page 4),FOUR-0002,CARAMELS D'ISIGNY,"À CONFIRMER : onglet intégré au classeur Normand Direct Terroir, canal de commande non précisé",À CONFIRMER,À CONFIRMER,À CONFIRMER,À CONFIRMER,À CONFIRMER,,AUCUNE_INFORMATION_DANS_LES_DOCUMENTS,À CONFIRMER,À CONFIRMER,75.0,,75G,,NON,,À CONFIRMER,,2.85,2.85,unité,Prix unitaire HT,0.2,3.42,,,,,,,,,,75G,24,,,À CONFIRMER,À CONFIRMER,À CONFIRMER,À CONFIRMER,À CONFIRMER,À CONFIRMER,À CONFIRMER,À CONFIRMER,NON_DEDUIT_DU_CONDITIONNEMENT,NON,À CONFIRMER,À CONFIRMER,À CONFIRMER,À CONFIRMER,À CONFIRMER,À CONFIRMER,À CONFIRMER,À CONFIRMER,À CONFIRMER,ESSENTIEL,2,palier de prix d'achat (2.85 € HT) → 2,PROPOSITION AUTOMATIQUE – À VALIDER EN BACK-OFFICE,À CONFIRMER,À CONFIRMER,NON,À CONFIRMER,FAIBLE_COUT_LOGISTIQUE,À CONFIRMER,À CONFIRMER,À CONFIRMER,À CONFIRMER,À CONFIRMER,À CONFIRMER,SUR_COMMANDE (document = catalogue tarifé 2026),PRODUIT,LIBELLÉ IDENTIQUE – MÊME PRODUCTEUR,,,34,Tarif et bon de commande 2026 – onglet « CARAMELS ISIGNY 2026 »,ligne 21 – LES BOÎTES BOIS (page 4)
PROD-0519,NC01867 (EAN 3498751018677),BOÎTE BOIS CARRÉE ASSORTIMENT FONDANTS,BOÎTE BOIS CARRÉE ASSORTIMENT FONDANTS,Gamme : LES BOÎTES BOIS (page 4) – ASSORTIMENT FONDANTS,CONFISERIE,CARAMEL,gamme « LES BOÎTES BOIS (page 4) » du catalogue Isigny (repli caramel),CARAMELS D'ISIGNY,FOUR-0002,CARAMELS D'ISIGNY,LES BOÎTES BOIS (page 4),FOUR-0002,CARAMELS D'ISIGNY,"À CONFIRMER : onglet intégré au classeur Normand Direct Terroir, canal de commande non précisé",À CONFIRMER,À CONFIRMER,À CONFIRMER,À CONFIRMER,À CONFIRMER,,AUCUNE_INFORMATION_DANS_LES_DOCUMENTS,À CONFIRMER,À CONFIRMER,150.0,,150G,,NON,,À CONFIRMER,,4.25,4.25,unité,Prix unitaire HT,0.2,5.1,,,,,,,,,,150G,12,,,À CONFIRMER,À CONFIRMER,À CONFIRMER,À CONFIRMER,À CONFIRMER,À CONFIRMER,À CONFIRMER,À CONFIRMER,NON_DEDUIT_DU_CONDITIONNEMENT,NON,À CONFIRMER,À CONFIRMER,À CONFIRMER,À CONFIRMER,À CONFIRMER,À CONFIRMER,À CONFIRMER,À CONFIRMER,À CONFIRMER,ESSENTIEL,2,palier de prix d'achat (4.25 € HT) → 2,PROPOSITION AUTOMATIQUE – À VALIDER EN BACK-OFFICE,À CONFIRMER,À CONFIRMER,NON,À CONFIRMER,FAIBLE_COUT_LOGISTIQUE,À CONFIRMER,À CONFIRMER,À CONFIRMER,À CONFIRMER,À CONFIRMER,À CONFIRMER,SUR_COMMANDE (document = catalogue tarifé 2026),PRODUIT,LIBELLÉ IDENTIQUE – MÊME PRODUCTEUR,,,34,Tarif et bon de commande 2026 – onglet « CARAMELS ISIGNY 2026 »,ligne 22 – LES BOÎTES BOIS (page 4)
PROD-0520,NC01806 (EAN 3498751018066),BOÎTE BOIS RONDE ASSORTIMENT NORMANDIE,BOÎTE BOIS RONDE ASSORTIMENT NORMANDIE,Gamme : LES BOÎTES BOIS (page 4) – ASSORTIMENT NORMANDIE,CONFISERIE,CARAMEL,gamme « LES BOÎTES BOIS (page 4) » du catalogue Isigny (repli caramel),CARAMELS D'ISIGNY,FOUR-0002,CARAMELS D'ISIGNY,LES BOÎTES BOIS (page 4),FOUR-0002,CARAMELS D'ISIGNY,"À CONFIRMER : onglet intégré au classeur Normand Direct Terroir, canal de commande non précisé",À CONFIRMER,À CONFIRMER,À CONFIRMER,À CONFIRMER,À CONFIRMER,,INDICE_DANS_LE_NOM_DU_PRODUIT_SEULEMENT,NORMANDIE_INDIQUEE_DANS_LE_NOM_A_VERIFIER,À CONFIRMER,75.0,,75G,,NON,,À CONFIRMER,,2.85,2.85,unité,Prix unitaire HT,0.2,3.42,,,,,,,,,,75G,20,,,À CONFIRMER,À CONFIRMER,À CONFIRMER,À CONFIRMER,À CONFIRMER,À CONFIRMER,À CONFIRMER,À CONFIRMER,NON_DEDUIT_DU_CONDITIONNEMENT,NON,À CONFIRMER,À CONFIRMER,À CONFIRMER,À CONFIRMER,À CONFIRMER,À CONFIRMER,À CONFIRMER,À CONFIRMER,À CONFIRMER,ESSENTIEL,2,palier de prix d'achat (2.85 € HT) → 2,PROPOSITION AUTOMATIQUE – À VALIDER EN BACK-OFFICE,À CONFIRMER,À CONFIRMER,NON,À CONFIRMER,FAIBLE_COUT_LOGISTIQUE,À CONFIRMER,À CONFIRMER,À CONFIRMER,À CONFIRMER,À CONFIRMER,À CONFIRMER,SUR_COMMANDE (document = catalogue tarifé 2026),PRODUIT,LIBELLÉ IDENTIQUE – MÊME PRODUCTEUR,,,33,Tarif et bon de commande 2026 – onglet « CARAMELS ISIGNY 2026 »,ligne 24 – LES BOÎTES BOIS (page 4)
PROD-0521,NC01951 (EAN 3498751019513),BOÎTE BOIS RONDE ASSORTIMENT NORMANDIE,BOÎTE BOIS RONDE ASSORTIMENT NORMANDIE,Gamme : LES BOÎTES BOIS (page 4) – ASSORTIMENT NORMANDIE,CONFISERIE,CARAMEL,gamme « LES BOÎTES BOIS (page 4) » du catalogue Isigny (repli caramel),CARAMELS D'ISIGNY,FOUR-0002,CARAMELS D'ISIGNY,LES BOÎTES BOIS (page 4),FOUR-0002,CARAMELS D'ISIGNY,"À CONFIRMER : onglet intégré au classeur Normand Direct Terroir, canal de commande non précisé",À CONFIRMER,À CONFIRMER,À CONFIRMER,À CONFIRMER,À CONFIRMER,,INDICE_DANS_LE_NOM_DU_PRODUIT_SEULEMENT,NORMANDIE_INDIQUEE_DANS_LE_NOM_A_VERIFIER,À CONFIRMER,150.0,,150G,,NON,,À CONFIRMER,,4.25,4.25,unité,Prix unitaire HT,0.2,5.1,,,,,,,,,,150G,12,,,À CONFIRMER,À CONFIRMER,À CONFIRMER,À CONFIRMER,À CONFIRMER,À CONFIRMER,À CONFIRMER,À CONFIRMER,NON_DEDUIT_DU_CONDITIONNEMENT,NON,À CONFIRMER,À CONFIRMER,À CONFIRMER,À CONFIRMER,À CONFIRMER,À CONFIRMER,À CONFIRMER,À CONFIRMER,À CONFIRMER,ESSENTIEL,2,palier de prix d'achat (4.25 € HT) → 2,PROPOSITION AUTOMATIQUE – À VALIDER EN BACK-OFFICE,À CONFIRMER,À CONFIRMER,NON,À CONFIRMER,FAIBLE_COUT_LOGISTIQUE,À CONFIRMER,À CONFIRMER,À CONFIRMER,À CONFIRMER,À CONFIRMER,À CONFIRMER,SUR_COMMANDE (document = catalogue tarifé 2026),PRODUIT,LIBELLÉ IDENTIQUE – MÊME PRODUCTEUR,,,33,Tarif et bon de commande 2026 – onglet « CARAMELS ISIGNY 2026 »,ligne 25 – LES BOÎTES BOIS (page 4)
PROD-0522,NC01816 (EAN 3498751018165),BOÎTE BOIS CARRÉE ASSORTIMENT NORMANDIE,BOÎTE BOIS CARRÉE ASSORTIMENT NORMANDIE,Gamme : LES BOÎTES BOIS (page 4) – ASSORTIMENT NORMANDIE,CONFISERIE,CARAMEL,gamme « LES BOÎTES BOIS (page 4) » du catalogue Isigny (repli caramel),CARAMELS D'ISIGNY,FOUR-0002,CARAMELS D'ISIGNY,LES BOÎTES BOIS (page 4),FOUR-0002,CARAMELS D'ISIGNY,"À CONFIRMER : onglet intégré au classeur Normand Direct Terroir, canal de commande non précisé",À CONFIRMER,À CONFIRMER,À CONFIRMER,À CONFIRMER,À CONFIRMER,,INDICE_DANS_LE_NOM_DU_PRODUIT_SEULEMENT,NORMANDIE_INDIQUEE_DANS_LE_NOM_A_VERIFIER,À CONFIRMER,75.0,,75G,,NON,,À CONFIRMER,,2.85,2.85,unité,Prix unitaire HT,0.2,3.42,,,,,,,,,,75G,24,,,À CONFIRMER,À CONFIRMER,À CONFIRMER,À CONFIRMER,À CONFIRMER,À CONFIRMER,À CONFIRMER,À CONFIRMER,NON_DEDUIT_DU_CONDITIONNEMENT,NON,À CONFIRMER,À CONFIRMER,À CONFIRMER,À CONFIRMER,À CONFIRMER,À CONFIRMER,À CONFIRMER,À CONFIRMER,À CONFIRMER,ESSENTIEL,2,palier de prix d'achat (2.85 € HT) → 2,PROPOSITION AUTOMATIQUE – À VALIDER EN BACK-OFFICE,À CONFIRMER,À CONFIRMER,NON,À CONFIRMER,FAIBLE_COUT_LOGISTIQUE,À CONFIRMER,À CONFIRMER,À CONFIRMER,À CONFIRMER,À CONFIRMER,À CONFIRMER,SUR_COMMANDE (document = catalogue tarifé 2026),PRODUIT,LIBELLÉ IDENTIQUE – MÊME PRODUCTEUR,,,33,Tarif et bon de commande 2026 – onglet « CARAMELS ISIGNY 2026 »,ligne 26 – LES BOÎTES BOIS (page 4)
PROD-0523,NC01861 (EAN 3498751018615),BOÎTE BOIS CARRÉE ASSORTIMENT NORMANDIE,BOÎTE BOIS CARRÉE ASSORTIMENT NORMANDIE,Gamme : LES BOÎTES BOIS (page 4) – ASSORTIMENT NORMANDIE,CONFISERIE,CARAMEL,gamme « LES BOÎTES BOIS (page 4) » du catalogue Isigny (repli caramel),CARAMELS D'ISIGNY,FOUR-0002,CARAMELS D'ISIGNY,LES BOÎTES BOIS (page 4),FOUR-0002,CARAMELS D'ISIGNY,"À CONFIRMER : onglet intégré au classeur Normand Direct Terroir, canal de commande non précisé",À CONFIRMER,À CONFIRMER,À CONFIRMER,À CONFIRMER,À CONFIRMER,,INDICE_DANS_LE_NOM_DU_PRODUIT_SEULEMENT,NORMANDIE_INDIQUEE_DANS_LE_NOM_A_VERIFIER,À CONFIRMER,150.0,,150G,,NON,,À CONFIRMER,,4.25,4.25,unité,Prix unitaire HT,0.2,5.1,,,,,,,,,,150G,12,,,À CONFIRMER,À CONFIRMER,À CONFIRMER,À CONFIRMER,À CONFIRMER,À CONFIRMER,À CONFIRMER,À CONFIRMER,NON_DEDUIT_DU_CONDITIONNEMENT,NON,À CONFIRMER,À CONFIRMER,À CONFIRMER,À CONFIRMER,À CONFIRMER,À CONFIRMER,À CONFIRMER,À CONFIRMER,À CONFIRMER,ESSENTIEL,2,palier de prix d'achat (4.25 € HT) → 2,PROPOSITION AUTOMATIQUE – À VALIDER EN BACK-OFFICE,À CONFIRMER,À CONFIRMER,NON,À CONFIRMER,FAIBLE_COUT_LOGISTIQUE,À CONFIRMER,À CONFIRMER,À CONFIRMER,À CONFIRMER,À CONFIRMER,À CONFIRMER,SUR_COMMANDE (document = catalogue tarifé 2026),PRODUIT,LIBELLÉ IDENTIQUE – MÊME PRODUCTEUR,,,33,Tarif et bon de commande 2026 – onglet « CARAMELS ISIGNY 2026 »,ligne 27 – LES BOÎTES BOIS (page 4)
PROD-0524,NC00530 (EAN 3498751005301),SACHET FONDANTS BEURRE SALÉ,SACHET FONDANTS BEURRE SALÉ,Gamme : LES SACHETS (page 5) – MONO-PARFUM,CONFISERIE,CARAMEL,gamme « LES SACHETS (page 5) » du catalogue Isigny (repli caramel),CARAMELS D'ISIGNY,FOUR-0002,CARAMELS D'ISIGNY,LES SACHETS (page 5),FOUR-0002,CARAMELS D'ISIGNY,"À CONFIRMER : onglet intégré au classeur Normand Direct Terroir, canal de commande non précisé",À CONFIRMER,À CONFIRMER,À CONFIRMER,À CONFIRMER,À CONFIRMER,,AUCUNE_INFORMATION_DANS_LES_DOCUMENTS,À CONFIRMER,À CONFIRMER,175.0,,175G,,NON,,À CONFIRMER,,4.4,4.4,unité,Prix unitaire HT,0.2,5.28,,,,,,,,,,175G,20,,,À CONFIRMER,À CONFIRMER,À CONFIRMER,À CONFIRMER,À CONFIRMER,À CONFIRMER,À CONFIRMER,À CONFIRMER,NON_DEDUIT_DU_CONDITIONNEMENT,NON,À CONFIRMER,À CONFIRMER,À CONFIRMER,À CONFIRMER,À CONFIRMER,À CONFIRMER,À CONFIRMER,À CONFIRMER,À CONFIRMER,ESSENTIEL,2,palier de prix d'achat (4.40 € HT) → 2,PROPOSITION AUTOMATIQUE – À VALIDER EN BACK-OFFICE,À CONFIRMER,À CONFIRMER,NON,À CONFIRMER,FAIBLE_COUT_LOGISTIQUE,À CONFIRMER,À CONFIRMER,À CONFIRMER,À CONFIRMER,À CONFIRMER,À CONFIRMER,SUR_COMMANDE (document = catalogue tarifé 2026),PRODUIT,,,,34,Tarif et bon de commande 2026 – onglet « CARAMELS ISIGNY 2026 »,ligne 31 – LES SACHETS (page 5)
PROD-0525,NC00536 (EAN 3498751005363),SACHET FONDANTS NOISETTE,SACHET FONDANTS NOISETTE,Gamme : LES SACHETS (page 5) – MONO-PARFUM,CONFISERIE,CARAMEL,gamme « LES SACHETS (page 5) » du catalogue Isigny (repli caramel),CARAMELS D'ISIGNY,FOUR-0002,CARAMELS D'ISIGNY,LES SACHETS (page 5),FOUR-0002,CARAMELS D'ISIGNY,"À CONFIRMER : onglet intégré au classeur Normand Direct Terroir, canal de commande non précisé",À CONFIRMER,À CONFIRMER,À CONFIRMER,À CONFIRMER,À CONFIRMER,,AUCUNE_INFORMATION_DANS_LES_DOCUMENTS,À CONFIRMER,À CONFIRMER,175.0,,175G,,NON,,À CONFIRMER,,4.4,4.4,unité,Prix unitaire HT,0.2,5.28,,,,,,,,,,175G,20,,,À CONFIRMER,À CONFIRMER,À CONFIRMER,À CONFIRMER,À CONFIRMER,À CONFIRMER,À CONFIRMER,À CONFIRMER,NON_DEDUIT_DU_CONDITIONNEMENT,NON,À CONFIRMER,À CONFIRMER,À CONFIRMER,À CONFIRMER,À CONFIRMER,À CONFIRMER,À CONFIRMER,À CONFIRMER,À CONFIRMER,ESSENTIEL,2,palier de prix d'achat (4.40 € HT) → 2,PROPOSITION AUTOMATIQUE – À VALIDER EN BACK-OFFICE,À CONFIRMER,À CONFIRMER,NON,À CONFIRMER,FAIBLE_COUT_LOGISTIQUE,À CONFIRMER,À CONFIRMER,À CONFIRMER,À CONFIRMER,À CONFIRMER,À CONFIRMER,SUR_COMMANDE (document = catalogue tarifé 2026),PRODUIT,,,,34,Tarif et bon de commande 2026 – onglet « CARAMELS ISIGNY 2026 »,ligne 32 – LES SACHETS (page 5)
PROD-0526,NC00533 (EAN 3498751005332),SACHET FONDANTS VANILLE,SACHET FONDANTS VANILLE,Gamme : LES SACHETS (page 5) – MONO-PARFUM,CONFISERIE,CARAMEL,gamme « LES SACHETS (page 5) » du catalogue Isigny (repli caramel),CARAMELS D'ISIGNY,FOUR-0002,CARAMELS D'ISIGNY,LES SACHETS (page 5),FOUR-0002,CARAMELS D'ISIGNY,"À CONFIRMER : onglet intégré au classeur Normand Direct Terroir, canal de commande non précisé",À CONFIRMER,À CONFIRMER,À CONFIRMER,À CONFIRMER,À CONFIRMER,,AUCUNE_INFORMATION_DANS_LES_DOCUMENTS,À CONFIRMER,À CONFIRMER,175.0,,175G,,NON,,À CONFIRMER,,4.4,4.4,unité,Prix unitaire HT,0.2,5.28,,,,,,,,,,175G,20,,,À CONFIRMER,À CONFIRMER,À CONFIRMER,À CONFIRMER,À CONFIRMER,À CONFIRMER,À CONFIRMER,À CONFIRMER,NON_DEDUIT_DU_CONDITIONNEMENT,NON,À CONFIRMER,À CONFIRMER,À CONFIRMER,À CONFIRMER,À CONFIRMER,À CONFIRMER,À CONFIRMER,À CONFIRMER,À CONFIRMER,ESSENTIEL,2,palier de prix d'achat (4.40 € HT) → 2,PROPOSITION AUTOMATIQUE – À VALIDER EN BACK-OFFICE,À CONFIRMER,À CONFIRMER,NON,À CONFIRMER,FAIBLE_COUT_LOGISTIQUE,À CONFIRMER,À CONFIRMER,À CONFIRMER,À CONFIRMER,À CONFIRMER,À CONFIRMER,SUR_COMMANDE (document = catalogue tarifé 2026),PRODUIT,,,,34,Tarif et bon de commande 2026 – onglet « CARAMELS ISIGNY 2026 »,ligne 33 – LES SACHETS (page 5)
PROD-0527,NC00534 (EAN 3498751005349),SACHET FONDANTS VANILLE MARBRÉ CHOCOLAT,SACHET FONDANTS VANILLE MARBRÉ CHOCOLAT,Gamme : LES SACHETS (page 5) – MONO-PARFUM,CONFISERIE,CARAMEL,gamme « LES SACHETS (page 5) » du catalogue Isigny (repli caramel),CARAMELS D'ISIGNY,FOUR-0002,CARAMELS D'ISIGNY,LES SACHETS (page 5),FOUR-0002,CARAMELS D'ISIGNY,"À CONFIRMER : onglet intégré au classeur Normand Direct Terroir, canal de commande non précisé",À CONFIRMER,À CONFIRMER,À CONFIRMER,À CONFIRMER,À CONFIRMER,,AUCUNE_INFORMATION_DANS_LES_DOCUMENTS,À CONFIRMER,À CONFIRMER,175.0,,175G,,NON,,À CONFIRMER,,4.4,4.4,unité,Prix unitaire HT,0.2,5.28,,,,,,,,,,175G,20,,,À CONFIRMER,À CONFIRMER,À CONFIRMER,À CONFIRMER,À CONFIRMER,À CONFIRMER,À CONFIRMER,À CONFIRMER,NON_DEDUIT_DU_CONDITIONNEMENT,NON,À CONFIRMER,À CONFIRMER,À CONFIRMER,À CONFIRMER,À CONFIRMER,À CONFIRMER,À CONFIRMER,À CONFIRMER,À CONFIRMER,ESSENTIEL,2,palier de prix d'achat (4.40 € HT) → 2,PROPOSITION AUTOMATIQUE – À VALIDER EN BACK-OFFICE,À CONFIRMER,À CONFIRMER,NON,À CONFIRMER,FAIBLE_COUT_LOGISTIQUE,À CONFIRMER,À CONFIRMER,À CONFIRMER,À CONFIRMER,À CONFIRMER,À CONFIRMER,SUR_COMMANDE (document = catalogue tarifé 2026),PRODUIT,,,,34,Tarif et bon de commande 2026 – onglet « CARAMELS ISIGNY 2026 »,ligne 34 – LES SACHETS (page 5)
PROD-0528,NC00535 (EAN 3498751005356),SACHET BEURRE SALÉ,SACHET BEURRE SALÉ,Gamme : LES SACHETS (page 5) – MONO-PARFUM,CONFISERIE,CARAMEL,gamme « LES SACHETS (page 5) » du catalogue Isigny (repli caramel),CARAMELS D'ISIGNY,FOUR-0002,CARAMELS D'ISIGNY,LES SACHETS (page 5),FOUR-0002,CARAMELS D'ISIGNY,"À CONFIRMER : onglet intégré au classeur Normand Direct Terroir, canal de commande non précisé",À CONFIRMER,À CONFIRMER,À CONFIRMER,À CONFIRMER,À CONFIRMER,,AUCUNE_INFORMATION_DANS_LES_DOCUMENTS,À CONFIRMER,À CONFIRMER,175.0,,175G,,NON,,À CONFIRMER,,4.4,4.4,unité,Prix unitaire HT,0.2,5.28,,,,,,,,,,175G,20,,,À CONFIRMER,À CONFIRMER,À CONFIRMER,À CONFIRMER,À CONFIRMER,À CONFIRMER,À CONFIRMER,À CONFIRMER,NON_DEDUIT_DU_CONDITIONNEMENT,NON,À CONFIRMER,À CONFIRMER,À CONFIRMER,À CONFIRMER,À CONFIRMER,À CONFIRMER,À CONFIRMER,À CONFIRMER,À CONFIRMER,ESSENTIEL,2,palier de prix d'achat (4.40 € HT) → 2,PROPOSITION AUTOMATIQUE – À VALIDER EN BACK-OFFICE,À CONFIRMER,À CONFIRMER,NON,À CONFIRMER,FAIBLE_COUT_LOGISTIQUE,À CONFIRMER,À CONFIRMER,À CONFIRMER,À CONFIRMER,À CONFIRMER,À CONFIRMER,SUR_COMMANDE (document = catalogue tarifé 2026),PRODUIT,,,,34,Tarif et bon de commande 2026 – onglet « CARAMELS ISIGNY 2026 »,ligne 35 – LES SACHETS (page 5)
PROD-0529,NC00532 (EAN 3498751005325),SACHET BEURRE SALÉ & CRÈME D’ISIGNY AOP,SACHET BEURRE SALÉ & CRÈME D’ISIGNY AOP,Gamme : LES SACHETS (page 5) – MONO-PARFUM,CONFISERIE,CARAMEL,gamme « LES SACHETS (page 5) » du catalogue Isigny (repli caramel),CARAMELS D'ISIGNY,FOUR-0002,CARAMELS D'ISIGNY,LES SACHETS (page 5),FOUR-0002,CARAMELS D'ISIGNY,"À CONFIRMER : onglet intégré au classeur Normand Direct Terroir, canal de commande non précisé",À CONFIRMER,À CONFIRMER,À CONFIRMER,À CONFIRMER,À CONFIRMER,,APPELLATION_PORTANT_SUR_UN_INGREDIENT_SEULEMENT,NORMANDIE_INDIQUEE_DANS_LE_NOM_A_VERIFIER,À CONFIRMER,175.0,,175G,,NON,,À CONFIRMER,,4.4,4.4,unité,Prix unitaire HT,0.2,5.28,,,,,,,,,,175G,20,,,À CONFIRMER,À CONFIRMER,À CONFIRMER,À CONFIRMER,À CONFIRMER,À CONFIRMER,À CONFIRMER,À CONFIRMER,NON_DEDUIT_DU_CONDITIONNEMENT,NON,À CONFIRMER,À CONFIRMER,À CONFIRMER,À CONFIRMER,À CONFIRMER,À CONFIRMER,À CONFIRMER,À CONFIRMER,À CONFIRMER,ESSENTIEL,2,palier de prix d'achat (4.40 € HT) → 2,PROPOSITION AUTOMATIQUE – À VALIDER EN BACK-OFFICE,À CONFIRMER,À CONFIRMER,NON,À CONFIRMER,FAIBLE_COUT_LOGISTIQUE,À CONFIRMER,À CONFIRMER,À CONFIRMER,À CONFIRMER,À CONFIRMER,À CONFIRMER,SUR_COMMANDE (document = catalogue tarifé 2026),PRODUIT,,,,33,Tarif et bon de commande 2026 – onglet « CARAMELS ISIGNY 2026 »,ligne 36 – LES SACHETS (page 5)
PROD-0530,NC00541 (EAN 3498751005417),SACHET BEURRE DOUX D’ISIGNY AOP,SACHET BEURRE DOUX D’ISIGNY AOP,Gamme : LES SACHETS (page 5) – MONO-PARFUM,CONFISERIE,CARAMEL,gamme « LES SACHETS (page 5) » du catalogue Isigny (repli caramel),CARAMELS D'ISIGNY,FOUR-0002,CARAMELS D'ISIGNY,LES SACHETS (page 5),FOUR-0002,CARAMELS D'ISIGNY,"À CONFIRMER : onglet intégré au classeur Normand Direct Terroir, canal de commande non précisé",À CONFIRMER,À CONFIRMER,À CONFIRMER,À CONFIRMER,À CONFIRMER,,APPELLATION_PORTANT_SUR_UN_INGREDIENT_SEULEMENT,NORMANDIE_INDIQUEE_DANS_LE_NOM_A_VERIFIER,À CONFIRMER,175.0,,175G,,NON,,À CONFIRMER,,4.4,4.4,unité,Prix unitaire HT,0.2,5.28,,,,,,,,,,175G,20,,,À CONFIRMER,À CONFIRMER,À CONFIRMER,À CONFIRMER,À CONFIRMER,À CONFIRMER,À CONFIRMER,À CONFIRMER,NON_DEDUIT_DU_CONDITIONNEMENT,NON,À CONFIRMER,À CONFIRMER,À CONFIRMER,À CONFIRMER,À CONFIRMER,À CONFIRMER,À CONFIRMER,À CONFIRMER,À CONFIRMER,ESSENTIEL,2,palier de prix d'achat (4.40 € HT) → 2,PROPOSITION AUTOMATIQUE – À VALIDER EN BACK-OFFICE,À CONFIRMER,À CONFIRMER,NON,À CONFIRMER,FAIBLE_COUT_LOGISTIQUE,À CONFIRMER,À CONFIRMER,À CONFIRMER,À CONFIRMER,À CONFIRMER,À CONFIRMER,SUR_COMMANDE (document = catalogue tarifé 2026),PRODUIT,,,,33,Tarif et bon de commande 2026 – onglet « CARAMELS ISIGNY 2026 »,ligne 37 – LES SACHETS (page 5)
PROD-0531,NC00540 (EAN 3498751005400),SACHET CRÈME D’ISIGNY AOP,SACHET CRÈME D’ISIGNY AOP,Gamme : LES SACHETS (page 5) – MONO-PARFUM,CONFISERIE,CARAMEL,gamme « LES SACHETS (page 5) » du catalogue Isigny (repli caramel),CARAMELS D'ISIGNY,FOUR-0002,CARAMELS D'ISIGNY,LES SACHETS (page 5),FOUR-0002,CARAMELS D'ISIGNY,"À CONFIRMER : onglet intégré au classeur Normand Direct Terroir, canal de commande non précisé",À CONFIRMER,À CONFIRMER,À CONFIRMER,À CONFIRMER,À CONFIRMER,,APPELLATION_PORTANT_SUR_UN_INGREDIENT_SEULEMENT,NORMANDIE_INDIQUEE_DANS_LE_NOM_A_VERIFIER,À CONFIRMER,175.0,,175G,,NON,,À CONFIRMER,,4.4,4.4,unité,Prix unitaire HT,0.2,5.28,,,,,,,,,,175G,20,,,À CONFIRMER,À CONFIRMER,À CONFIRMER,À CONFIRMER,À CONFIRMER,À CONFIRMER,À CONFIRMER,À CONFIRMER,NON_DEDUIT_DU_CONDITIONNEMENT,NON,À CONFIRMER,À CONFIRMER,À CONFIRMER,À CONFIRMER,À CONFIRMER,À CONFIRMER,À CONFIRMER,À CONFIRMER,À CONFIRMER,ESSENTIEL,2,palier de prix d'achat (4.40 € HT) → 2,PROPOSITION AUTOMATIQUE – À VALIDER EN BACK-OFFICE,À CONFIRMER,À CONFIRMER,NON,À CONFIRMER,FAIBLE_COUT_LOGISTIQUE,À CONFIRMER,À CONFIRMER,À CONFIRMER,À CONFIRMER,À CONFIRMER,À CONFIRMER,SUR_COMMANDE (document = catalogue tarifé 2026),PRODUIT,,,,33,Tarif et bon de commande 2026 – onglet « CARAMELS ISIGNY 2026 »,ligne 38 – LES SACHETS (page 5)
PROD-0532,NC00537 (EAN 3498751005370),SACHET ASSORTIMENT FONDANTS,SACHET ASSORTIMENT FONDANTS,Gamme : LES SACHETS (page 5) – ASSORTIMENTS,CONFISERIE,CARAMEL,gamme « LES SACHETS (page 5) » du catalogue Isigny (repli caramel),CARAMELS D'ISIGNY,FOUR-0002,CARAMELS D'ISIGNY,LES SACHETS (page 5),FOUR-0002,CARAMELS D'ISIGNY,"À CONFIRMER : onglet intégré au classeur Normand Direct Terroir, canal de commande non précisé",À CONFIRMER,À CONFIRMER,À CONFIRMER,À CONFIRMER,À CONFIRMER,,AUCUNE_INFORMATION_DANS_LES_DOCUMENTS,À CONFIRMER,À CONFIRMER,175.0,,175G,,NON,,À CONFIRMER,,4.4,4.4,unité,Prix unitaire HT,0.2,5.28,,,,,,,,,,175G,20,,,À CONFIRMER,À CONFIRMER,À CONFIRMER,À CONFIRMER,À CONFIRMER,À CONFIRMER,À CONFIRMER,À CONFIRMER,NON_DEDUIT_DU_CONDITIONNEMENT,NON,À CONFIRMER,À CONFIRMER,À CONFIRMER,À CONFIRMER,À CONFIRMER,À CONFIRMER,À CONFIRMER,À CONFIRMER,À CONFIRMER,ESSENTIEL,2,palier de prix d'achat (4.40 € HT) → 2,PROPOSITION AUTOMATIQUE – À VALIDER EN BACK-OFFICE,À CONFIRMER,À CONFIRMER,NON,À CONFIRMER,FAIBLE_COUT_LOGISTIQUE,À CONFIRMER,À CONFIRMER,À CONFIRMER,À CONFIRMER,À CONFIRMER,À CONFIRMER,SUR_COMMANDE (document = catalogue tarifé 2026),PRODUIT,,,,34,Tarif et bon de commande 2026 – onglet « CARAMELS ISIGNY 2026 »,ligne 40 – LES SACHETS (page 5)
PROD-0533,NC00538 (EAN 3498751005387),SACHET ASSORTIMENT TRADITION,SACHET ASSORTIMENT TRADITION,Gamme : LES SACHETS (page 5) – ASSORTIMENTS,CONFISERIE,CARAMEL,gamme « LES SACHETS (page 5) » du catalogue Isigny (repli caramel),CARAMELS D'ISIGNY,FOUR-0002,CARAMELS D'ISIGNY,LES SACHETS (page 5),FOUR-0002,CARAMELS D'ISIGNY,"À CONFIRMER : onglet intégré au classeur Normand Direct Terroir, canal de commande non précisé",À CONFIRMER,À CONFIRMER,À CONFIRMER,À CONFIRMER,À CONFIRMER,,AUCUNE_INFORMATION_DANS_LES_DOCUMENTS,À CONFIRMER,À CONFIRMER,175.0,,175G,,NON,,À CONFIRMER,,4.4,4.4,unité,Prix unitaire HT,0.2,5.28,,,,,,,,,,175G,20,,,À CONFIRMER,À CONFIRMER,À CONFIRMER,À CONFIRMER,À CONFIRMER,À CONFIRMER,À CONFIRMER,À CONFIRMER,NON_DEDUIT_DU_CONDITIONNEMENT,NON,À CONFIRMER,À CONFIRMER,À CONFIRMER,À CONFIRMER,À CONFIRMER,À CONFIRMER,À CONFIRMER,À CONFIRMER,À CONFIRMER,ESSENTIEL,2,palier de prix d'achat (4.40 € HT) → 2,PROPOSITION AUTOMATIQUE – À VALIDER EN BACK-OFFICE,À CONFIRMER,À CONFIRMER,NON,À CONFIRMER,FAIBLE_COUT_LOGISTIQUE,À CONFIRMER,À CONFIRMER,À CONFIRMER,À CONFIRMER,À CONFIRMER,À CONFIRMER,SUR_COMMANDE (document = catalogue tarifé 2026),PRODUIT,,,,34,Tarif et bon de commande 2026 – onglet « CARAMELS ISIGNY 2026 »,ligne 41 – LES SACHETS (page 5)
PROD-0534,NC00531 (EAN 3498751005318),SACHET ASSORTIMENT NORMANDIE,SACHET ASSORTIMENT NORMANDIE,Gamme : LES SACHETS (page 5) – ASSORTIMENTS,CONFISERIE,CARAMEL,gamme « LES SACHETS (page 5) » du catalogue Isigny (repli caramel),CARAMELS D'ISIGNY,FOUR-0002,CARAMELS D'ISIGNY,LES SACHETS (page 5),FOUR-0002,CARAMELS D'ISIGNY,"À CONFIRMER : onglet intégré au classeur Normand Direct Terroir, canal de commande non précisé",À CONFIRMER,À CONFIRMER,À CONFIRMER,À CONFIRMER,À CONFIRMER,,INDICE_DANS_LE_NOM_DU_PRODUIT_SEULEMENT,NORMANDIE_INDIQUEE_DANS_LE_NOM_A_VERIFIER,À CONFIRMER,175.0,,175G,,NON,,À CONFIRMER,,4.4,4.4,unité,Prix unitaire HT,0.2,5.28,,,,,,,,,,175G,20,,,À CONFIRMER,À CONFIRMER,À CONFIRMER,À CONFIRMER,À CONFIRMER,À CONFIRMER,À CONFIRMER,À CONFIRMER,NON_DEDUIT_DU_CONDITIONNEMENT,NON,À CONFIRMER,À CONFIRMER,À CONFIRMER,À CONFIRMER,À CONFIRMER,À CONFIRMER,À CONFIRMER,À CONFIRMER,À CONFIRMER,ESSENTIEL,2,palier de prix d'achat (4.40 € HT) → 2,PROPOSITION AUTOMATIQUE – À VALIDER EN BACK-OFFICE,À CONFIRMER,À CONFIRMER,NON,À CONFIRMER,FAIBLE_COUT_LOGISTIQUE,À CONFIRMER,À CONFIRMER,À CONFIRMER,À CONFIRMER,À CONFIRMER,À CONFIRMER,SUR_COMMANDE (document = catalogue tarifé 2026),PRODUIT,,,,33,Tarif et bon de commande 2026 – onglet « CARAMELS ISIGNY 2026 »,ligne 42 – LES SACHETS (page 5)
PROD-0535,NC11082 (EAN 3498751110821),"BOÎTE MÉTAL À FENÊTRE ""GOÛT TATIN""","BOÎTE MÉTAL À FENÊTRE ""GOÛT TATIN""",Gamme : LA GAMME RÉGIONALE (page 6),CONFISERIE,CARAMEL,gamme « LA GAMME RÉGIONALE (page 6) » du catalogue Isigny (repli caramel),CARAMELS D'ISIGNY,FOUR-0002,CARAMELS D'ISIGNY,LA GAMME RÉGIONALE (page 6),FOUR-0002,CARAMELS D'ISIGNY,"À CONFIRMER : onglet intégré au classeur Normand Direct Terroir, canal de commande non précisé",À CONFIRMER,À CONFIRMER,À CONFIRMER,À CONFIRMER,À CONFIRMER,,AUCUNE_INFORMATION_DANS_LES_DOCUMENTS,À CONFIRMER,À CONFIRMER,150.0,,150G,,NON,,À CONFIRMER,,5.15,5.15,unité,Prix unitaire HT,0.2,6.18,,,,,,,,,,150G,12,,,À CONFIRMER,À CONFIRMER,À CONFIRMER,À CONFIRMER,À CONFIRMER,À CONFIRMER,À CONFIRMER,À CONFIRMER,NON_DEDUIT_DU_CONDITIONNEMENT,NON,À CONFIRMER,À CONFIRMER,À CONFIRMER,À CONFIRMER,À CONFIRMER,À CONFIRMER,À CONFIRMER,À CONFIRMER,À CONFIRMER,SIGNATURE,3,palier de prix d'achat (5.15 € HT) → 3,PROPOSITION AUTOMATIQUE – À VALIDER EN BACK-OFFICE,À CONFIRMER,À CONFIRMER,NON,À CONFIRMER,FAIBLE_COUT_LOGISTIQUE,À CONFIRMER,À CONFIRMER,À CONFIRMER,À CONFIRMER,À CONFIRMER,À CONFIRMER,SUR_COMMANDE (document = catalogue tarifé 2026),PRODUIT,,,,34,Tarif et bon de commande 2026 – onglet « CARAMELS ISIGNY 2026 »,ligne 45 – LA GAMME RÉGIONALE (page 6)
PROD-0536,NC00439 (EAN 3498751004397),"SACHET NŒUD ""GOÛT TATIN""","SACHET NŒUD ""GOÛT TATIN""",Gamme : LA GAMME RÉGIONALE (page 6),CONFISERIE,CARAMEL,gamme « LA GAMME RÉGIONALE (page 6) » du catalogue Isigny (repli caramel),CARAMELS D'ISIGNY,FOUR-0002,CARAMELS D'ISIGNY,LA GAMME RÉGIONALE (page 6),FOUR-0002,CARAMELS D'ISIGNY,"À CONFIRMER : onglet intégré au classeur Normand Direct Terroir, canal de commande non précisé",À CONFIRMER,À CONFIRMER,À CONFIRMER,À CONFIRMER,À CONFIRMER,,AUCUNE_INFORMATION_DANS_LES_DOCUMENTS,À CONFIRMER,À CONFIRMER,150.0,,150G,,NON,,À CONFIRMER,,3.85,3.85,unité,Prix unitaire HT,0.2,4.62,,,,,,,,,,150G,20,,,À CONFIRMER,À CONFIRMER,À CONFIRMER,À CONFIRMER,À CONFIRMER,À CONFIRMER,À CONFIRMER,À CONFIRMER,NON_DEDUIT_DU_CONDITIONNEMENT,NON,À CONFIRMER,À CONFIRMER,À CONFIRMER,À CONFIRMER,À CONFIRMER,À CONFIRMER,À CONFIRMER,À CONFIRMER,À CONFIRMER,ESSENTIEL,2,palier de prix d'achat (3.85 € HT) → 2,PROPOSITION AUTOMATIQUE – À VALIDER EN BACK-OFFICE,À CONFIRMER,À CONFIRMER,NON,À CONFIRMER,FAIBLE_COUT_LOGISTIQUE,À CONFIRMER,À CONFIRMER,À CONFIRMER,À CONFIRMER,À CONFIRMER,À CONFIRMER,SUR_COMMANDE (document = catalogue tarifé 2026),PRODUIT,,,,34,Tarif et bon de commande 2026 – onglet « CARAMELS ISIGNY 2026 »,ligne 46 – LA GAMME RÉGIONALE (page 6)
PROD-0537,NC00823 (EAN 3498751008234),BOÎTE CUBE BEURRE SALÉ,BOÎTE CUBE BEURRE SALÉ,Gamme : LES BOÎTES CUBE (page 8),CONFISERIE,CARAMEL,gamme « LES BOÎTES CUBE (page 8) » du catalogue Isigny (repli caramel),CARAMELS D'ISIGNY,FOUR-0002,CARAMELS D'ISIGNY,LES BOÎTES CUBE (page 8),FOUR-0002,CARAMELS D'ISIGNY,"À CONFIRMER : onglet intégré au classeur Normand Direct Terroir, canal de commande non précisé",À CONFIRMER,À CONFIRMER,À CONFIRMER,À CONFIRMER,À CONFIRMER,,AUCUNE_INFORMATION_DANS_LES_DOCUMENTS,À CONFIRMER,À CONFIRMER,100.0,,100G,,NON,,À CONFIRMER,,3.4,3.4,unité,Prix unitaire HT,0.2,4.08,,,,,,,,,,100G,20,,,À CONFIRMER,À CONFIRMER,À CONFIRMER,À CONFIRMER,À CONFIRMER,À CONFIRMER,À CONFIRMER,À CONFIRMER,NON_DEDUIT_DU_CONDITIONNEMENT,NON,À CONFIRMER,À CONFIRMER,À CONFIRMER,À CONFIRMER,À CONFIRMER,À CONFIRMER,À CONFIRMER,À CONFIRMER,À CONFIRMER,ESSENTIEL,2,palier de prix d'achat (3.40 € HT) → 2,PROPOSITION AUTOMATIQUE – À VALIDER EN BACK-OFFICE,À CONFIRMER,À CONFIRMER,NON,À CONFIRMER,FAIBLE_COUT_LOGISTIQUE,À CONFIRMER,À CONFIRMER,À CONFIRMER,À CONFIRMER,À CONFIRMER,À CONFIRMER,SUR_COMMANDE (document = catalogue tarifé 2026),PRODUIT,,,,34,Tarif et bon de commande 2026 – onglet « CARAMELS ISIGNY 2026 »,ligne 49 – LES BOÎTES CUBE (page 8)
PROD-0538,NC00826 (EAN 3498751008265),BOÎTE CUBE FONDANTS BEURRE SALÉ,BOÎTE CUBE FONDANTS BEURRE SALÉ,Gamme : LES BOÎTES CUBE (page 8),CONFISERIE,CARAMEL,gamme « LES BOÎTES CUBE (page 8) » du catalogue Isigny (repli caramel),CARAMELS D'ISIGNY,FOUR-0002,CARAMELS D'ISIGNY,LES BOÎTES CUBE (page 8),FOUR-0002,CARAMELS D'ISIGNY,"À CONFIRMER : onglet intégré au classeur Normand Direct Terroir, canal de commande non précisé",À CONFIRMER,À CONFIRMER,À CONFIRMER,À CONFIRMER,À CONFIRMER,,AUCUNE_INFORMATION_DANS_LES_DOCUMENTS,À CONFIRMER,À CONFIRMER,100.0,,100G,,NON,,À CONFIRMER,,3.4,3.4,unité,Prix unitaire HT,0.2,4.08,,,,,,,,,,100G,20,,,À CONFIRMER,À CONFIRMER,À CONFIRMER,À CONFIRMER,À CONFIRMER,À CONFIRMER,À CONFIRMER,À CONFIRMER,NON_DEDUIT_DU_CONDITIONNEMENT,NON,À CONFIRMER,À CONFIRMER,À CONFIRMER,À CONFIRMER,À CONFIRMER,À CONFIRMER,À CONFIRMER,À CONFIRMER,À CONFIRMER,ESSENTIEL,2,palier de prix d'achat (3.40 € HT) → 2,PROPOSITION AUTOMATIQUE – À VALIDER EN BACK-OFFICE,À CONFIRMER,À CONFIRMER,NON,À CONFIRMER,FAIBLE_COUT_LOGISTIQUE,À CONFIRMER,À CONFIRMER,À CONFIRMER,À CONFIRMER,À CONFIRMER,À CONFIRMER,SUR_COMMANDE (document = catalogue tarifé 2026),PRODUIT,,,,34,Tarif et bon de commande 2026 – onglet « CARAMELS ISIGNY 2026 »,ligne 50 – LES BOÎTES CUBE (page 8)
PROD-0539,NC00824 (EAN 3498751008241),BOÎTE CUBE ASSORTIMENT TRADITION,BOÎTE CUBE ASSORTIMENT TRADITION,Gamme : LES BOÎTES CUBE (page 8),CONFISERIE,CARAMEL,gamme « LES BOÎTES CUBE (page 8) » du catalogue Isigny (repli caramel),CARAMELS D'ISIGNY,FOUR-0002,CARAMELS D'ISIGNY,LES BOÎTES CUBE (page 8),FOUR-0002,CARAMELS D'ISIGNY,"À CONFIRMER : onglet intégré au classeur Normand Direct Terroir, canal de commande non précisé",À CONFIRMER,À CONFIRMER,À CONFIRMER,À CONFIRMER,À CONFIRMER,,AUCUNE_INFORMATION_DANS_LES_DOCUMENTS,À CONFIRMER,À CONFIRMER,100.0,,100G,,NON,,À CONFIRMER,,3.4,3.4,unité,Prix unitaire HT,0.2,4.08,,,,,,,,,,100G,20,,,À CONFIRMER,À CONFIRMER,À CONFIRMER,À CONFIRMER,À CONFIRMER,À CONFIRMER,À CONFIRMER,À CONFIRMER,NON_DEDUIT_DU_CONDITIONNEMENT,NON,À CONFIRMER,À CONFIRMER,À CONFIRMER,À CONFIRMER,À CONFIRMER,À CONFIRMER,À CONFIRMER,À CONFIRMER,À CONFIRMER,ESSENTIEL,2,palier de prix d'achat (3.40 € HT) → 2,PROPOSITION AUTOMATIQUE – À VALIDER EN BACK-OFFICE,À CONFIRMER,À CONFIRMER,NON,À CONFIRMER,FAIBLE_COUT_LOGISTIQUE,À CONFIRMER,À CONFIRMER,À CONFIRMER,À CONFIRMER,À CONFIRMER,À CONFIRMER,SUR_COMMANDE (document = catalogue tarifé 2026),PRODUIT,,,,34,Tarif et bon de commande 2026 – onglet « CARAMELS ISIGNY 2026 »,ligne 51 – LES BOÎTES CUBE (page 8)
PROD-0540,NC00825 (EAN 3498751008258),BOÎTE CUBE ASSORTIMENT NORMANDIE,BOÎTE CUBE ASSORTIMENT NORMANDIE,Gamme : LES BOÎTES CUBE (page 8),CONFISERIE,CARAMEL,gamme « LES BOÎTES CUBE (page 8) » du catalogue Isigny (repli caramel),CARAMELS D'ISIGNY,FOUR-0002,CARAMELS D'ISIGNY,LES BOÎTES CUBE (page 8),FOUR-0002,CARAMELS D'ISIGNY,"À CONFIRMER : onglet intégré au classeur Normand Direct Terroir, canal de commande non précisé",À CONFIRMER,À CONFIRMER,À CONFIRMER,À CONFIRMER,À CONFIRMER,,INDICE_DANS_LE_NOM_DU_PRODUIT_SEULEMENT,NORMANDIE_INDIQUEE_DANS_LE_NOM_A_VERIFIER,À CONFIRMER,100.0,,100G,,NON,,À CONFIRMER,,3.4,3.4,unité,Prix unitaire HT,0.2,4.08,,,,,,,,,,100G,20,,,À CONFIRMER,À CONFIRMER,À CONFIRMER,À CONFIRMER,À CONFIRMER,À CONFIRMER,À CONFIRMER,À CONFIRMER,NON_DEDUIT_DU_CONDITIONNEMENT,NON,À CONFIRMER,À CONFIRMER,À CONFIRMER,À CONFIRMER,À CONFIRMER,À CONFIRMER,À CONFIRMER,À CONFIRMER,À CONFIRMER,ESSENTIEL,2,palier de prix d'achat (3.40 € HT) → 2,PROPOSITION AUTOMATIQUE – À VALIDER EN BACK-OFFICE,À CONFIRMER,À CONFIRMER,NON,À CONFIRMER,FAIBLE_COUT_LOGISTIQUE,À CONFIRMER,À CONFIRMER,À CONFIRMER,À CONFIRMER,À CONFIRMER,À CONFIRMER,SUR_COMMANDE (document = catalogue tarifé 2026),PRODUIT,,,,33,Tarif et bon de commande 2026 – onglet « CARAMELS ISIGNY 2026 »,ligne 52 – LES BOÎTES CUBE (page 8)
PROD-0541,NC00830 (EAN 3498751008302),BOÎTE FER FONDANTS,BOÎTE FER FONDANTS,Gamme : LES BOÎTES FER 100G (page 8),CONFISERIE,CARAMEL,gamme « LES BOÎTES FER 100G (page 8) » du catalogue Isigny (repli caramel),CARAMELS D'ISIGNY,FOUR-0002,CARAMELS D'ISIGNY,LES BOÎTES FER 100G (page 8),FOUR-0002,CARAMELS D'ISIGNY,"À CONFIRMER : onglet intégré au classeur Normand Direct Terroir, canal de commande non précisé",À CONFIRMER,À CONFIRMER,À CONFIRMER,À CONFIRMER,À CONFIRMER,,AUCUNE_INFORMATION_DANS_LES_DOCUMENTS,À CONFIRMER,À CONFIRMER,100.0,,100G,,NON,,À CONFIRMER,,4.25,4.25,unité,Prix unitaire HT,0.2,5.1,,,,,,,,,,100G,9,,,À CONFIRMER,À CONFIRMER,À CONFIRMER,À CONFIRMER,À CONFIRMER,À CONFIRMER,À CONFIRMER,À CONFIRMER,NON_DEDUIT_DU_CONDITIONNEMENT,NON,À CONFIRMER,À CONFIRMER,À CONFIRMER,À CONFIRMER,À CONFIRMER,À CONFIRMER,À CONFIRMER,À CONFIRMER,À CONFIRMER,ESSENTIEL,2,palier de prix d'achat (4.25 € HT) → 2,PROPOSITION AUTOMATIQUE – À VALIDER EN BACK-OFFICE,À CONFIRMER,À CONFIRMER,NON,À CONFIRMER,FAIBLE_COUT_LOGISTIQUE,À CONFIRMER,À CONFIRMER,À CONFIRMER,À CONFIRMER,À CONFIRMER,À CONFIRMER,SUR_COMMANDE (document = catalogue tarifé 2026),PRODUIT,,,,34,Tarif et bon de commande 2026 – onglet « CARAMELS ISIGNY 2026 »,ligne 55 – LES BOÎTES FER 100G (page 8)
PROD-0542,NC00835 (EAN 3498751008357),BOÎTE FER BEURRE SALÉ,BOÎTE FER BEURRE SALÉ,Gamme : LES BOÎTES FER 100G (page 8),CONFISERIE,CARAMEL,gamme « LES BOÎTES FER 100G (page 8) » du catalogue Isigny (repli caramel),CARAMELS D'ISIGNY,FOUR-0002,CARAMELS D'ISIGNY,LES BOÎTES FER 100G (page 8),FOUR-0002,CARAMELS D'ISIGNY,"À CONFIRMER : onglet intégré au classeur Normand Direct Terroir, canal de commande non précisé",À CONFIRMER,À CONFIRMER,À CONFIRMER,À CONFIRMER,À CONFIRMER,,AUCUNE_INFORMATION_DANS_LES_DOCUMENTS,À CONFIRMER,À CONFIRMER,100.0,,100G,,NON,,À CONFIRMER,,4.25,4.25,unité,Prix unitaire HT,0.2,5.1,,,,,,,,,,100G,9,,,À CONFIRMER,À CONFIRMER,À CONFIRMER,À CONFIRMER,À CONFIRMER,À CONFIRMER,À CONFIRMER,À CONFIRMER,NON_DEDUIT_DU_CONDITIONNEMENT,NON,À CONFIRMER,À CONFIRMER,À CONFIRMER,À CONFIRMER,À CONFIRMER,À CONFIRMER,À CONFIRMER,À CONFIRMER,À CONFIRMER,ESSENTIEL,2,palier de prix d'achat (4.25 € HT) → 2,PROPOSITION AUTOMATIQUE – À VALIDER EN BACK-OFFICE,À CONFIRMER,À CONFIRMER,NON,À CONFIRMER,FAIBLE_COUT_LOGISTIQUE,À CONFIRMER,À CONFIRMER,À CONFIRMER,À CONFIRMER,À CONFIRMER,À CONFIRMER,SUR_COMMANDE (document = catalogue tarifé 2026),PRODUIT,,,,34,Tarif et bon de commande 2026 – onglet « CARAMELS ISIGNY 2026 »,ligne 56 – LES BOÎTES FER 100G (page 8)
PROD-0543,NC00831 (EAN 3498751008319),BOÎTE FER ASSORTIMENT NORMANDIE,BOÎTE FER ASSORTIMENT NORMANDIE,Gamme : LES BOÎTES FER 100G (page 8),CONFISERIE,CARAMEL,gamme « LES BOÎTES FER 100G (page 8) » du catalogue Isigny (repli caramel),CARAMELS D'ISIGNY,FOUR-0002,CARAMELS D'ISIGNY,LES BOÎTES FER 100G (page 8),FOUR-0002,CARAMELS D'ISIGNY,"À CONFIRMER : onglet intégré au classeur Normand Direct Terroir, canal de commande non précisé",À CONFIRMER,À CONFIRMER,À CONFIRMER,À CONFIRMER,À CONFIRMER,,INDICE_DANS_LE_NOM_DU_PRODUIT_SEULEMENT,NORMANDIE_INDIQUEE_DANS_LE_NOM_A_VERIFIER,À CONFIRMER,100.0,,100G,,NON,,À CONFIRMER,,4.25,4.25,unité,Prix unitaire HT,0.2,5.1,,,,,,,,,,100G,9,,,À CONFIRMER,À CONFIRMER,À CONFIRMER,À CONFIRMER,À CONFIRMER,À CONFIRMER,À CONFIRMER,À CONFIRMER,NON_DEDUIT_DU_CONDITIONNEMENT,NON,À CONFIRMER,À CONFIRMER,À CONFIRMER,À CONFIRMER,À CONFIRMER,À CONFIRMER,À CONFIRMER,À CONFIRMER,À CONFIRMER,ESSENTIEL,2,palier de prix d'achat (4.25 € HT) → 2,PROPOSITION AUTOMATIQUE – À VALIDER EN BACK-OFFICE,À CONFIRMER,À CONFIRMER,NON,À CONFIRMER,FAIBLE_COUT_LOGISTIQUE,À CONFIRMER,À CONFIRMER,À CONFIRMER,À CONFIRMER,À CONFIRMER,À CONFIRMER,SUR_COMMANDE (document = catalogue tarifé 2026),PRODUIT,,,,33,Tarif et bon de commande 2026 – onglet « CARAMELS ISIGNY 2026 »,ligne 57 – LES BOÎTES FER 100G (page 8)
PROD-0544,NC00900 (EAN 3498751009002),POT À LAIT,POT À LAIT,Gamme : LE THÈME NORMANDIE (page 9),CONFISERIE,CARAMEL,gamme « LE THÈME NORMANDIE (page 9) » du catalogue Isigny (repli caramel),CARAMELS D'ISIGNY,FOUR-0002,CARAMELS D'ISIGNY,LE THÈME NORMANDIE (page 9),FOUR-0002,CARAMELS D'ISIGNY,"À CONFIRMER : onglet intégré au classeur Normand Direct Terroir, canal de commande non précisé",À CONFIRMER,À CONFIRMER,À CONFIRMER,À CONFIRMER,À CONFIRMER,,INDICE_DANS_LE_NOM_DU_PRODUIT_SEULEMENT,NORMANDIE_INDIQUEE_DANS_LE_NOM_A_VERIFIER,À CONFIRMER,75.0,,75G,,NON,,À CONFIRMER,,4.5,4.5,unité,Prix unitaire HT,0.2,5.4,,,,,,,,,,75G,12,,,À CONFIRMER,À CONFIRMER,À CONFIRMER,À CONFIRMER,À CONFIRMER,À CONFIRMER,À CONFIRMER,À CONFIRMER,À CONFIRMER,NON,À CONFIRMER,À CONFIRMER,À CONFIRMER,À CONFIRMER,À CONFIRMER,À CONFIRMER,À CONFIRMER,À CONFIRMER,À CONFIRMER,ESSENTIEL,2,palier de prix d'achat (4.50 € HT) → 2,PROPOSITION AUTOMATIQUE – À VALIDER EN BACK-OFFICE,À CONFIRMER,À CONFIRMER,NON,À CONFIRMER,FAIBLE_COUT_LOGISTIQUE,À CONFIRMER,À CONFIRMER,À CONFIRMER,À CONFIRMER,À CONFIRMER,À CONFIRMER,SUR_COMMANDE (document = catalogue tarifé 2026),PRODUIT,,,,34,Tarif et bon de commande 2026 – onglet « CARAMELS ISIGNY 2026 »,ligne 60 – LE THÈME NORMANDIE (page 9)
PROD-0545,NC11081 (EAN 3498751110814),BOÎTE CIGARE,BOÎTE CIGARE,Gamme : LE THÈME NORMANDIE (page 9),CONFISERIE,CARAMEL,gamme « LE THÈME NORMANDIE (page 9) » du catalogue Isigny (repli caramel),CARAMELS D'ISIGNY,FOUR-0002,CARAMELS D'ISIGNY,LE THÈME NORMANDIE (page 9),FOUR-0002,CARAMELS D'ISIGNY,"À CONFIRMER : onglet intégré au classeur Normand Direct Terroir, canal de commande non précisé",À CONFIRMER,À CONFIRMER,À CONFIRMER,À CONFIRMER,À CONFIRMER,,INDICE_DANS_LE_NOM_DU_PRODUIT_SEULEMENT,NORMANDIE_INDIQUEE_DANS_LE_NOM_A_VERIFIER,À CONFIRMER,180.0,,180G,,NON,,À CONFIRMER,,5.5,5.5,unité,Prix unitaire HT,0.2,6.6,,,,,,,,,,180G,6,,,À CONFIRMER,À CONFIRMER,À CONFIRMER,À CONFIRMER,À CONFIRMER,À CONFIRMER,À CONFIRMER,À CONFIRMER,À CONFIRMER,NON,À CONFIRMER,À CONFIRMER,À CONFIRMER,À CONFIRMER,À CONFIRMER,À CONFIRMER,À CONFIRMER,À CONFIRMER,À CONFIRMER,SIGNATURE,3,palier de prix d'achat (5.50 € HT) → 3,PROPOSITION AUTOMATIQUE – À VALIDER EN BACK-OFFICE,À CONFIRMER,À CONFIRMER,NON,À CONFIRMER,FAIBLE_COUT_LOGISTIQUE,À CONFIRMER,À CONFIRMER,À CONFIRMER,À CONFIRMER,À CONFIRMER,À CONFIRMER,SUR_COMMANDE (document = catalogue tarifé 2026),PRODUIT,LIBELLÉ IDENTIQUE – MÊME PRODUCTEUR,,,34,Tarif et bon de commande 2026 – onglet « CARAMELS ISIGNY 2026 »,ligne 61 – LE THÈME NORMANDIE (page 9)
PROD-0546,NC00819 (EAN 3498751008197),2 CV FOURGONNETTE,2 CV FOURGONNETTE,Gamme : LE THÈME NORMANDIE (page 9),CONFISERIE,CARAMEL,gamme « LE THÈME NORMANDIE (page 9) » du catalogue Isigny (repli caramel),CARAMELS D'ISIGNY,FOUR-0002,CARAMELS D'ISIGNY,LE THÈME NORMANDIE (page 9),FOUR-0002,CARAMELS D'ISIGNY,"À CONFIRMER : onglet intégré au classeur Normand Direct Terroir, canal de commande non précisé",À CONFIRMER,À CONFIRMER,À CONFIRMER,À CONFIRMER,À CONFIRMER,,INDICE_DANS_LE_NOM_DU_PRODUIT_SEULEMENT,NORMANDIE_INDIQUEE_DANS_LE_NOM_A_VERIFIER,À CONFIRMER,150.0,,150G,,NON,,À CONFIRMER,,9.5,9.5,unité,Prix unitaire HT,0.2,11.4,,,,,,,,,,150G,6,,,À CONFIRMER,À CONFIRMER,À CONFIRMER,À CONFIRMER,À CONFIRMER,À CONFIRMER,À CONFIRMER,À CONFIRMER,À CONFIRMER,NON,À CONFIRMER,À CONFIRMER,À CONFIRMER,À CONFIRMER,À CONFIRMER,À CONFIRMER,À CONFIRMER,À CONFIRMER,À CONFIRMER,SIGNATURE,3,palier de prix d'achat (9.50 € HT) → 3,PROPOSITION AUTOMATIQUE – À VALIDER EN BACK-OFFICE,À CONFIRMER,À CONFIRMER,NON,À CONFIRMER,FAIBLE_COUT_LOGISTIQUE,À CONFIRMER,À CONFIRMER,À CONFIRMER,À CONFIRMER,À CONFIRMER,À CONFIRMER,SUR_COMMANDE (document = catalogue tarifé 2026),PRODUIT,,,,34,Tarif et bon de commande 2026 – onglet « CARAMELS ISIGNY 2026 »,ligne 62 – LE THÈME NORMANDIE (page 9)
PROD-0547,NC01401 (EAN 3498751014013),ASSORTIMENT NORMANDIE,ASSORTIMENT NORMANDIE,Gamme : LES BOÎTES DISTRIBUTRICES (page 9),CONFISERIE,CARAMEL,gamme « LES BOÎTES DISTRIBUTRICES (page 9) » du catalogue Isigny (repli caramel),CARAMELS D'ISIGNY,FOUR-0002,CARAMELS D'ISIGNY,LES BOÎTES DISTRIBUTRICES (page 9),FOUR-0002,CARAMELS D'ISIGNY,"À CONFIRMER : onglet intégré au classeur Normand Direct Terroir, canal de commande non précisé",À CONFIRMER,À CONFIRMER,À CONFIRMER,À CONFIRMER,À CONFIRMER,,INDICE_DANS_LE_NOM_DU_PRODUIT_SEULEMENT,NORMANDIE_INDIQUEE_DANS_LE_NOM_A_VERIFIER,À CONFIRMER,2000.0,,2KG,,NON,,À CONFIRMER,,29.5,29.5,unité,Prix unitaire HT,0.2,35.4,,,,,,,,,,2KG,1,,,À CONFIRMER,À CONFIRMER,À CONFIRMER,À CONFIRMER,À CONFIRMER,À CONFIRMER,À CONFIRMER,À CONFIRMER,À CONFIRMER,NON,À CONFIRMER,À CONFIRMER,À CONFIRMER,À CONFIRMER,À CONFIRMER,À CONFIRMER,À CONFIRMER,À CONFIRMER,À CONFIRMER,PRESTIGE,5,palier de prix d'achat (29.50 € HT) → 5,PROPOSITION AUTOMATIQUE – À VALIDER EN BACK-OFFICE,À CONFIRMER,À CONFIRMER,OUI,À CONFIRMER,PRODUIT_LOURD ; PREMIUM,À CONFIRMER,À CONFIRMER,À CONFIRMER,À CONFIRMER,À CONFIRMER,À CONFIRMER,SUR_COMMANDE (document = catalogue tarifé 2026),PRODUIT,LIBELLÉ IDENTIQUE – MÊME PRODUCTEUR,,,34,Tarif et bon de commande 2026 – onglet « CARAMELS ISIGNY 2026 »,ligne 65 – LES BOÎTES DISTRIBUTRICES (page 9)
PROD-0548,NC01400 (EAN 3498751014006),BEURRE SALÉ,BEURRE SALÉ,Gamme : LES BOÎTES DISTRIBUTRICES (page 9),CONFISERIE,CARAMEL,gamme « LES BOÎTES DISTRIBUTRICES (page 9) » du catalogue Isigny (repli caramel),CARAMELS D'ISIGNY,FOUR-0002,CARAMELS D'ISIGNY,LES BOÎTES DISTRIBUTRICES (page 9),FOUR-0002,CARAMELS D'ISIGNY,"À CONFIRMER : onglet intégré au classeur Normand Direct Terroir, canal de commande non précisé",À CONFIRMER,À CONFIRMER,À CONFIRMER,À CONFIRMER,À CONFIRMER,,AUCUNE_INFORMATION_DANS_LES_DOCUMENTS,À CONFIRMER,À CONFIRMER,2000.0,,2KG,,NON,,À CONFIRMER,,29.5,29.5,unité,Prix unitaire HT,0.2,35.4,,,,,,,,,,2KG,1,,,À CONFIRMER,À CONFIRMER,À CONFIRMER,À CONFIRMER,À CONFIRMER,À CONFIRMER,À CONFIRMER,À CONFIRMER,À CONFIRMER,NON,À CONFIRMER,À CONFIRMER,À CONFIRMER,À CONFIRMER,À CONFIRMER,À CONFIRMER,À CONFIRMER,À CONFIRMER,À CONFIRMER,PRESTIGE,5,palier de prix d'achat (29.50 € HT) → 5,PROPOSITION AUTOMATIQUE – À VALIDER EN BACK-OFFICE,À CONFIRMER,À CONFIRMER,OUI,À CONFIRMER,PRODUIT_LOURD ; PREMIUM,À CONFIRMER,À CONFIRMER,À CONFIRMER,À CONFIRMER,À CONFIRMER,À CONFIRMER,SUR_COMMANDE (document = catalogue tarifé 2026),PRODUIT,LIBELLÉ IDENTIQUE – MÊME PRODUCTEUR,,,35,Tarif et bon de commande 2026 – onglet « CARAMELS ISIGNY 2026 »,ligne 66 – LES BOÎTES DISTRIBUTRICES (page 9)
PROD-0549,NC01404 (EAN 3498751014044),FONDANT BEURRE SALÉ,FONDANT BEURRE SALÉ,Gamme : LES BOÎTES DISTRIBUTRICES (page 9),CONFISERIE,CARAMEL,gamme « LES BOÎTES DISTRIBUTRICES (page 9) » du catalogue Isigny (repli caramel),CARAMELS D'ISIGNY,FOUR-0002,CARAMELS D'ISIGNY,LES BOÎTES DISTRIBUTRICES (page 9),FOUR-0002,CARAMELS D'ISIGNY,"À CONFIRMER : onglet intégré au classeur Normand Direct Terroir, canal de commande non précisé",À CONFIRMER,À CONFIRMER,À CONFIRMER,À CONFIRMER,À CONFIRMER,,AUCUNE_INFORMATION_DANS_LES_DOCUMENTS,À CONFIRMER,À CONFIRMER,2000.0,,2KG,,NON,,À CONFIRMER,,29.5,29.5,unité,Prix unitaire HT,0.2,35.4,,,,,,,,,,2KG,1,,,À CONFIRMER,À CONFIRMER,À CONFIRMER,À CONFIRMER,À CONFIRMER,À CONFIRMER,À CONFIRMER,À CONFIRMER,À CONFIRMER,NON,À CONFIRMER,À CONFIRMER,À CONFIRMER,À CONFIRMER,À CONFIRMER,À CONFIRMER,À CONFIRMER,À CONFIRMER,À CONFIRMER,PRESTIGE,5,palier de prix d'achat (29.50 € HT) → 5,PROPOSITION AUTOMATIQUE – À VALIDER EN BACK-OFFICE,À CONFIRMER,À CONFIRMER,OUI,À CONFIRMER,PRODUIT_LOURD ; PREMIUM,À CONFIRMER,À CONFIRMER,À CONFIRMER,À CONFIRMER,À CONFIRMER,À CONFIRMER,SUR_COMMANDE (document = catalogue tarifé 2026),PRODUIT,,,,35,Tarif et bon de commande 2026 – onglet « CARAMELS ISIGNY 2026 »,ligne 67 – LES BOÎTES DISTRIBUTRICES (page 9)
PROD-0550,NC01405 (EAN 3498751014051),ASSORTIMENT FONDANTS,ASSORTIMENT FONDANTS,Gamme : LES BOÎTES DISTRIBUTRICES (page 9),CONFISERIE,CARAMEL,gamme « LES BOÎTES DISTRIBUTRICES (page 9) » du catalogue Isigny (repli caramel),CARAMELS D'ISIGNY,FOUR-0002,CARAMELS D'ISIGNY,LES BOÎTES DISTRIBUTRICES (page 9),FOUR-0002,CARAMELS D'ISIGNY,"À CONFIRMER : onglet intégré au classeur Normand Direct Terroir, canal de commande non précisé",À CONFIRMER,À CONFIRMER,À CONFIRMER,À CONFIRMER,À CONFIRMER,,AUCUNE_INFORMATION_DANS_LES_DOCUMENTS,À CONFIRMER,À CONFIRMER,2000.0,,2KG,,NON,,À CONFIRMER,,29.5,29.5,unité,Prix unitaire HT,0.2,35.4,,,,,,,,,,2KG,1,,,À CONFIRMER,À CONFIRMER,À CONFIRMER,À CONFIRMER,À CONFIRMER,À CONFIRMER,À CONFIRMER,À CONFIRMER,À CONFIRMER,NON,À CONFIRMER,À CONFIRMER,À CONFIRMER,À CONFIRMER,À CONFIRMER,À CONFIRMER,À CONFIRMER,À CONFIRMER,À CONFIRMER,PRESTIGE,5,palier de prix d'achat (29.50 € HT) → 5,PROPOSITION AUTOMATIQUE – À VALIDER EN BACK-OFFICE,À CONFIRMER,À CONFIRMER,OUI,À CONFIRMER,PRODUIT_LOURD ; PREMIUM,À CONFIRMER,À CONFIRMER,À CONFIRMER,À CONFIRMER,À CONFIRMER,À CONFIRMER,SUR_COMMANDE (document = catalogue tarifé 2026),PRODUIT,LIBELLÉ IDENTIQUE – MÊME PRODUCTEUR,,,35,Tarif et bon de commande 2026 – onglet « CARAMELS ISIGNY 2026 »,ligne 68 – LES BOÎTES DISTRIBUTRICES (page 9)
PROD-0551,NC11080 (EAN 3498751110807),BOÎTE CIGARE,BOÎTE CIGARE,Gamme : LA GAMME D-DAY (page 9),CONFISERIE,CARAMEL,gamme « LA GAMME D-DAY (page 9) » du catalogue Isigny (repli caramel),CARAMELS D'ISIGNY,FOUR-0002,CARAMELS D'ISIGNY,LA GAMME D-DAY (page 9),FOUR-0002,CARAMELS D'ISIGNY,"À CONFIRMER : onglet intégré au classeur Normand Direct Terroir, canal de commande non précisé",À CONFIRMER,À CONFIRMER,À CONFIRMER,À CONFIRMER,À CONFIRMER,,AUCUNE_INFORMATION_DANS_LES_DOCUMENTS,À CONFIRMER,À CONFIRMER,180.0,,180G,,NON,,À CONFIRMER,,5.5,5.5,unité,Prix unitaire HT,0.2,6.6,,,,,,,,,,180G,6,,,À CONFIRMER,À CONFIRMER,À CONFIRMER,À CONFIRMER,À CONFIRMER,À CONFIRMER,À CONFIRMER,À CONFIRMER,À CONFIRMER,NON,À CONFIRMER,À CONFIRMER,À CONFIRMER,À CONFIRMER,À CONFIRMER,À CONFIRMER,À CONFIRMER,À CONFIRMER,À CONFIRMER,SIGNATURE,3,palier de prix d'achat (5.50 € HT) → 3,PROPOSITION AUTOMATIQUE – À VALIDER EN BACK-OFFICE,À CONFIRMER,À CONFIRMER,NON,À CONFIRMER,FAIBLE_COUT_LOGISTIQUE,À CONFIRMER,À CONFIRMER,À CONFIRMER,À CONFIRMER,À CONFIRMER,À CONFIRMER,SUR_COMMANDE (document = catalogue tarifé 2026),PRODUIT,LIBELLÉ IDENTIQUE – MÊME PRODUCTEUR,,,35,Tarif et bon de commande 2026 – onglet « CARAMELS ISIGNY 2026 »,ligne 71 – LA GAMME D-DAY (page 9)
PROD-0552,NC01944 (EAN 3498751019452),BOÎTE BOIS DEBARQUEMENT,BOÎTE BOIS DEBARQUEMENT,Gamme : LA GAMME D-DAY (page 9),CONFISERIE,CARAMEL,gamme « LA GAMME D-DAY (page 9) » du catalogue Isigny (repli caramel),CARAMELS D'ISIGNY,FOUR-0002,CARAMELS D'ISIGNY,LA GAMME D-DAY (page 9),FOUR-0002,CARAMELS D'ISIGNY,"À CONFIRMER : onglet intégré au classeur Normand Direct Terroir, canal de commande non précisé",À CONFIRMER,À CONFIRMER,À CONFIRMER,À CONFIRMER,À CONFIRMER,,AUCUNE_INFORMATION_DANS_LES_DOCUMENTS,À CONFIRMER,À CONFIRMER,75.0,,75G,,NON,,À CONFIRMER,,2.85,2.85,unité,Prix unitaire HT,0.2,3.42,,,,,,,,,,75G,24,,,À CONFIRMER,À CONFIRMER,À CONFIRMER,À CONFIRMER,À CONFIRMER,À CONFIRMER,À CONFIRMER,À CONFIRMER,NON_DEDUIT_DU_CONDITIONNEMENT,NON,À CONFIRMER,À CONFIRMER,À CONFIRMER,À CONFIRMER,À CONFIRMER,À CONFIRMER,À CONFIRMER,À CONFIRMER,À CONFIRMER,ESSENTIEL,2,palier de prix d'achat (2.85 € HT) → 2,PROPOSITION AUTOMATIQUE – À VALIDER EN BACK-OFFICE,À CONFIRMER,À CONFIRMER,NON,À CONFIRMER,FAIBLE_COUT_LOGISTIQUE,À CONFIRMER,À CONFIRMER,À CONFIRMER,À CONFIRMER,À CONFIRMER,À CONFIRMER,SUR_COMMANDE (document = catalogue tarifé 2026),PRODUIT,,,,34,Tarif et bon de commande 2026 – onglet « CARAMELS ISIGNY 2026 »,ligne 72 – LA GAMME D-DAY (page 9)
PROD-0553,NC00841 (EAN 3498751008418),FOLKLORE NORMAND,FOLKLORE NORMAND,Gamme : LES BOÎTES À MUSIQUE (page 10),CONFISERIE,CARAMEL,gamme « LES BOÎTES À MUSIQUE (page 10) » du catalogue Isigny (repli caramel),CARAMELS D'ISIGNY,FOUR-0002,CARAMELS D'ISIGNY,LES BOÎTES À MUSIQUE (page 10),FOUR-0002,CARAMELS D'ISIGNY,"À CONFIRMER : onglet intégré au classeur Normand Direct Terroir, canal de commande non précisé",À CONFIRMER,À CONFIRMER,À CONFIRMER,À CONFIRMER,À CONFIRMER,,INDICE_DANS_LE_NOM_DU_PRODUIT_SEULEMENT,NORMANDIE_INDIQUEE_DANS_LE_NOM_A_VERIFIER,À CONFIRMER,200.0,,200G,,NON,,À CONFIRMER,,9.25,9.25,unité,Prix unitaire HT,0.2,11.1,,,,,,,,,,200G,6,,,À CONFIRMER,À CONFIRMER,À CONFIRMER,À CONFIRMER,À CONFIRMER,À CONFIRMER,À CONFIRMER,À CONFIRMER,À CONFIRMER,NON,À CONFIRMER,À CONFIRMER,À CONFIRMER,À CONFIRMER,À CONFIRMER,À CONFIRMER,À CONFIRMER,À CONFIRMER,À CONFIRMER,SIGNATURE,3,palier de prix d'achat (9.25 € HT) → 3,PROPOSITION AUTOMATIQUE – À VALIDER EN BACK-OFFICE,À CONFIRMER,À CONFIRMER,NON,À CONFIRMER,FAIBLE_COUT_LOGISTIQUE,À CONFIRMER,À CONFIRMER,À CONFIRMER,À CONFIRMER,À CONFIRMER,À CONFIRMER,SUR_COMMANDE (document = catalogue tarifé 2026),PRODUIT,,,,34,Tarif et bon de commande 2026 – onglet « CARAMELS ISIGNY 2026 »,ligne 75 – LES BOÎTES À MUSIQUE (page 10)
PROD-0554,NC00840 (EAN 3498751008401),CARROUSEL,CARROUSEL,Gamme : LES BOÎTES À MUSIQUE (page 10),CONFISERIE,CARAMEL,gamme « LES BOÎTES À MUSIQUE (page 10) » du catalogue Isigny (repli caramel),CARAMELS D'ISIGNY,FOUR-0002,CARAMELS D'ISIGNY,LES BOÎTES À MUSIQUE (page 10),FOUR-0002,CARAMELS D'ISIGNY,"À CONFIRMER : onglet intégré au classeur Normand Direct Terroir, canal de commande non précisé",À CONFIRMER,À CONFIRMER,À CONFIRMER,À CONFIRMER,À CONFIRMER,,AUCUNE_INFORMATION_DANS_LES_DOCUMENTS,À CONFIRMER,À CONFIRMER,200.0,,200G,,NON,,À CONFIRMER,,9.25,9.25,unité,Prix unitaire HT,0.2,11.1,,,,,,,,,,200G,6,,,À CONFIRMER,À CONFIRMER,À CONFIRMER,À CONFIRMER,À CONFIRMER,À CONFIRMER,À CONFIRMER,À CONFIRMER,À CONFIRMER,NON,À CONFIRMER,À CONFIRMER,À CONFIRMER,À CONFIRMER,À CONFIRMER,À CONFIRMER,À CONFIRMER,À CONFIRMER,À CONFIRMER,SIGNATURE,3,palier de prix d'achat (9.25 € HT) → 3,PROPOSITION AUTOMATIQUE – À VALIDER EN BACK-OFFICE,À CONFIRMER,À CONFIRMER,NON,À CONFIRMER,FAIBLE_COUT_LOGISTIQUE,À CONFIRMER,À CONFIRMER,À CONFIRMER,À CONFIRMER,À CONFIRMER,À CONFIRMER,SUR_COMMANDE (document = catalogue tarifé 2026),PRODUIT,,,,35,Tarif et bon de commande 2026 – onglet « CARAMELS ISIGNY 2026 »,ligne 76 – LES BOÎTES À MUSIQUE (page 10)
PROD-0555,NC10900 (EAN 3498751109009),"BOÎTE ""PRESTIGE""","BOÎTE ""PRESTIGE""",Gamme : BOÎTES OVALES (page 11),CONFISERIE,CARAMEL,gamme « BOÎTES OVALES (page 11) » du catalogue Isigny (repli caramel),CARAMELS D'ISIGNY,FOUR-0002,CARAMELS D'ISIGNY,BOÎTES OVALES (page 11),FOUR-0002,CARAMELS D'ISIGNY,"À CONFIRMER : onglet intégré au classeur Normand Direct Terroir, canal de commande non précisé",À CONFIRMER,À CONFIRMER,À CONFIRMER,À CONFIRMER,À CONFIRMER,,AUCUNE_INFORMATION_DANS_LES_DOCUMENTS,À CONFIRMER,À CONFIRMER,250.0,,250G,,NON,,À CONFIRMER,,7.9,7.9,unité,Prix unitaire HT,0.2,9.48,,,,,,,,,,250G,12,,,À CONFIRMER,À CONFIRMER,À CONFIRMER,À CONFIRMER,À CONFIRMER,À CONFIRMER,À CONFIRMER,À CONFIRMER,À CONFIRMER,NON,À CONFIRMER,À CONFIRMER,À CONFIRMER,À CONFIRMER,À CONFIRMER,À CONFIRMER,À CONFIRMER,À CONFIRMER,À CONFIRMER,SIGNATURE,3,palier de prix d'achat (7.90 € HT) → 3,PROPOSITION AUTOMATIQUE – À VALIDER EN BACK-OFFICE,À CONFIRMER,À CONFIRMER,NON,À CONFIRMER,FAIBLE_COUT_LOGISTIQUE,À CONFIRMER,À CONFIRMER,À CONFIRMER,À CONFIRMER,À CONFIRMER,À CONFIRMER,SUR_COMMANDE (document = catalogue tarifé 2026),PRODUIT,LIBELLÉ IDENTIQUE – PRODUCTEURS DIFFÉRENTS,,,35,Tarif et bon de commande 2026 – onglet « CARAMELS ISIGNY 2026 »,ligne 79 – BOÎTES OVALES (page 11)
PROD-0556,NC11000 (EAN 3498751110005),"BOÎTE ""SOUVENIRS D’ENFANCE""","BOÎTE ""SOUVENIRS D’ENFANCE""",Gamme : BOÎTES OVALES (page 11),CONFISERIE,CARAMEL,gamme « BOÎTES OVALES (page 11) » du catalogue Isigny (repli caramel),CARAMELS D'ISIGNY,FOUR-0002,CARAMELS D'ISIGNY,BOÎTES OVALES (page 11),FOUR-0002,CARAMELS D'ISIGNY,"À CONFIRMER : onglet intégré au classeur Normand Direct Terroir, canal de commande non précisé",À CONFIRMER,À CONFIRMER,À CONFIRMER,À CONFIRMER,À CONFIRMER,,AUCUNE_INFORMATION_DANS_LES_DOCUMENTS,À CONFIRMER,À CONFIRMER,250.0,,250G,,NON,,À CONFIRMER,,7.9,7.9,unité,Prix unitaire HT,0.2,9.48,,,,,,,,,,250G,12,,,À CONFIRMER,À CONFIRMER,À CONFIRMER,À CONFIRMER,À CONFIRMER,À CONFIRMER,À CONFIRMER,À CONFIRMER,À CONFIRMER,NON,À CONFIRMER,À CONFIRMER,À CONFIRMER,À CONFIRMER,À CONFIRMER,À CONFIRMER,À CONFIRMER,À CONFIRMER,À CONFIRMER,SIGNATURE,3,palier de prix d'achat (7.90 € HT) → 3,PROPOSITION AUTOMATIQUE – À VALIDER EN BACK-OFFICE,À CONFIRMER,À CONFIRMER,NON,À CONFIRMER,FAIBLE_COUT_LOGISTIQUE,À CONFIRMER,À CONFIRMER,À CONFIRMER,À CONFIRMER,À CONFIRMER,À CONFIRMER,SUR_COMMANDE (document = catalogue tarifé 2026),PRODUIT,,,,35,Tarif et bon de commande 2026 – onglet « CARAMELS ISIGNY 2026 »,ligne 80 – BOÎTES OVALES (page 11)
PROD-0557,NC00842 (EAN 3498751008425),"BOÎTE FER ""NOËL""","1.BOÎTE FER ""NOËL""",Gamme : LA GAMME NOËL (page 12),CONFISERIE,CARAMEL,gamme « LA GAMME NOËL (page 12) » du catalogue Isigny (repli caramel),CARAMELS D'ISIGNY,FOUR-0002,CARAMELS D'ISIGNY,LA GAMME NOËL (page 12),FOUR-0002,CARAMELS D'ISIGNY,"À CONFIRMER : onglet intégré au classeur Normand Direct Terroir, canal de commande non précisé",À CONFIRMER,À CONFIRMER,À CONFIRMER,À CONFIRMER,À CONFIRMER,,AUCUNE_INFORMATION_DANS_LES_DOCUMENTS,À CONFIRMER,À CONFIRMER,100.0,,100G,,NON,,À CONFIRMER,,5.1,5.1,unité,Prix unitaire HT,0.2,6.12,,,,,,,,,,100G,10,,,À CONFIRMER,À CONFIRMER,À CONFIRMER,À CONFIRMER,À CONFIRMER,À CONFIRMER,À CONFIRMER,À CONFIRMER,NON_DEDUIT_DU_CONDITIONNEMENT,NON,À CONFIRMER,À CONFIRMER,À CONFIRMER,À CONFIRMER,À CONFIRMER,À CONFIRMER,À CONFIRMER,À CONFIRMER,À CONFIRMER,SIGNATURE,3,palier de prix d'achat (5.10 € HT) → 3,PROPOSITION AUTOMATIQUE – À VALIDER EN BACK-OFFICE,À CONFIRMER,OUI,NON,À CONFIRMER,PRODUIT_DE_NOEL ; FAIBLE_COUT_LOGISTIQUE,À CONFIRMER,À CONFIRMER,À CONFIRMER,À CONFIRMER,À CONFIRMER,À CONFIRMER,SUR_COMMANDE (document = catalogue tarifé 2026),PRODUIT,,,,33,Tarif et bon de commande 2026 – onglet « CARAMELS ISIGNY 2026 »,ligne 83 – LA GAMME NOËL (page 12)
PROD-0558,NC00827 (EAN 3498751008272),"CITROËN 2CV ""NOËL""","2.CITROËN 2CV ""NOËL""",Gamme : LA GAMME NOËL (page 12),CONFISERIE,CARAMEL,gamme « LA GAMME NOËL (page 12) » du catalogue Isigny (repli caramel),CARAMELS D'ISIGNY,FOUR-0002,CARAMELS D'ISIGNY,LA GAMME NOËL (page 12),FOUR-0002,CARAMELS D'ISIGNY,"À CONFIRMER : onglet intégré au classeur Normand Direct Terroir, canal de commande non précisé",À CONFIRMER,À CONFIRMER,À CONFIRMER,À CONFIRMER,À CONFIRMER,,AUCUNE_INFORMATION_DANS_LES_DOCUMENTS,À CONFIRMER,À CONFIRMER,150.0,,150G,,NON,,À CONFIRMER,,9.5,9.5,unité,Prix unitaire HT,0.2,11.4,,,,,,,,,,150G,6,,,À CONFIRMER,À CONFIRMER,À CONFIRMER,À CONFIRMER,À CONFIRMER,À CONFIRMER,À CONFIRMER,À CONFIRMER,À CONFIRMER,NON,À CONFIRMER,À CONFIRMER,À CONFIRMER,À CONFIRMER,À CONFIRMER,À CONFIRMER,À CONFIRMER,À CONFIRMER,À CONFIRMER,SIGNATURE,3,palier de prix d'achat (9.50 € HT) → 3,PROPOSITION AUTOMATIQUE – À VALIDER EN BACK-OFFICE,À CONFIRMER,OUI,NON,À CONFIRMER,PRODUIT_DE_NOEL ; FAIBLE_COUT_LOGISTIQUE,À CONFIRMER,À CONFIRMER,À CONFIRMER,À CONFIRMER,À CONFIRMER,À CONFIRMER,SUR_COMMANDE (document = catalogue tarifé 2026),PRODUIT,,,,34,Tarif et bon de commande 2026 – onglet « CARAMELS ISIGNY 2026 »,ligne 84 – LA GAMME NOËL (page 12)
PROD-0559,NC01811 (EAN 3498751018110),"BOÎTE ""JOYEUSES FÊTES""","3.BOÎTE ""JOYEUSES FÊTES""",Gamme : LA GAMME NOËL (page 12),CONFISERIE,CARAMEL,gamme « LA GAMME NOËL (page 12) » du catalogue Isigny (repli caramel),CARAMELS D'ISIGNY,FOUR-0002,CARAMELS D'ISIGNY,LA GAMME NOËL (page 12),FOUR-0002,CARAMELS D'ISIGNY,"À CONFIRMER : onglet intégré au classeur Normand Direct Terroir, canal de commande non précisé",À CONFIRMER,À CONFIRMER,À CONFIRMER,À CONFIRMER,À CONFIRMER,,AUCUNE_INFORMATION_DANS_LES_DOCUMENTS,À CONFIRMER,À CONFIRMER,75.0,,75G,,NON,,À CONFIRMER,,2.85,2.85,unité,Prix unitaire HT,0.2,3.42,,,,,,,,,,75G,20,,,À CONFIRMER,À CONFIRMER,À CONFIRMER,À CONFIRMER,À CONFIRMER,À CONFIRMER,À CONFIRMER,À CONFIRMER,À CONFIRMER,NON,À CONFIRMER,À CONFIRMER,À CONFIRMER,À CONFIRMER,À CONFIRMER,À CONFIRMER,À CONFIRMER,À CONFIRMER,À CONFIRMER,ESSENTIEL,2,palier de prix d'achat (2.85 € HT) → 2,PROPOSITION AUTOMATIQUE – À VALIDER EN BACK-OFFICE,À CONFIRMER,OUI,NON,À CONFIRMER,PRODUIT_DE_NOEL ; FAIBLE_COUT_LOGISTIQUE,À CONFIRMER,À CONFIRMER,À CONFIRMER,À CONFIRMER,À CONFIRMER,À CONFIRMER,SUR_COMMANDE (document = catalogue tarifé 2026),PRODUIT,,,,34,Tarif et bon de commande 2026 – onglet « CARAMELS ISIGNY 2026 »,ligne 85 – LA GAMME NOËL (page 12)
PROD-0560,NC11083 (EAN 3498751110838),CALENDRIER DE L'AVENT (Décor 09/2026),4.CALENDRIER DE L'AVENT (Décor 09/2026),Gamme : LA GAMME NOËL (page 12),CONFISERIE,CARAMEL,gamme « LA GAMME NOËL (page 12) » du catalogue Isigny (repli caramel),CARAMELS D'ISIGNY,FOUR-0002,CARAMELS D'ISIGNY,LA GAMME NOËL (page 12),FOUR-0002,CARAMELS D'ISIGNY,"À CONFIRMER : onglet intégré au classeur Normand Direct Terroir, canal de commande non précisé",À CONFIRMER,À CONFIRMER,À CONFIRMER,À CONFIRMER,À CONFIRMER,,AUCUNE_INFORMATION_DANS_LES_DOCUMENTS,À CONFIRMER,À CONFIRMER,200.0,,200G,,NON,,À CONFIRMER,,13.3,13.3,unité,Prix unitaire HT,0.2,15.96,,,,,,,,,,200G,5,,,À CONFIRMER,À CONFIRMER,À CONFIRMER,À CONFIRMER,À CONFIRMER,À CONFIRMER,À CONFIRMER,À CONFIRMER,À CONFIRMER,NON,À CONFIRMER,À CONFIRMER,À CONFIRMER,À CONFIRMER,À CONFIRMER,À CONFIRMER,À CONFIRMER,À CONFIRMER,À CONFIRMER,PREMIUM,4,palier de prix d'achat (13.30 € HT) → 4,PROPOSITION AUTOMATIQUE – À VALIDER EN BACK-OFFICE,À CONFIRMER,OUI,OUI,À CONFIRMER,PRODUIT_DE_NOEL ; FAIBLE_COUT_LOGISTIQUE ; PREMIUM,À CONFIRMER,À CONFIRMER,À CONFIRMER,À CONFIRMER,À CONFIRMER,À CONFIRMER,SUR_COMMANDE (document = catalogue tarifé 2026),PRODUIT,,,,34,Tarif et bon de commande 2026 – onglet « CARAMELS ISIGNY 2026 »,ligne 86 – LA GAMME NOËL (page 12)
PROD-0561,NC01300 (EAN 3498751013009),BEURRE SALÉ,BEURRE SALÉ,Gamme : LES ÉTUIS 108 CARAMELS (page 13),CONFISERIE,CARAMEL,gamme « LES ÉTUIS 108 CARAMELS (page 13) » du catalogue Isigny (repli caramel),CARAMELS D'ISIGNY,FOUR-0002,CARAMELS D'ISIGNY,LES ÉTUIS 108 CARAMELS (page 13),FOUR-0002,CARAMELS D'ISIGNY,"À CONFIRMER : onglet intégré au classeur Normand Direct Terroir, canal de commande non précisé",À CONFIRMER,À CONFIRMER,À CONFIRMER,À CONFIRMER,À CONFIRMER,,AUCUNE_INFORMATION_DANS_LES_DOCUMENTS,À CONFIRMER,À CONFIRMER,1000.0,,1KG,,NON,,À CONFIRMER,,16.7,16.7,unité,Prix unitaire HT,0.2,20.04,,,,,,,,,,1KG,6,,,À CONFIRMER,À CONFIRMER,À CONFIRMER,À CONFIRMER,À CONFIRMER,À CONFIRMER,À CONFIRMER,À CONFIRMER,NON_DEDUIT_DU_CONDITIONNEMENT,NON,À CONFIRMER,À CONFIRMER,À CONFIRMER,À CONFIRMER,À CONFIRMER,À CONFIRMER,À CONFIRMER,À CONFIRMER,À CONFIRMER,PREMIUM,4,palier de prix d'achat (16.70 € HT) → 4,PROPOSITION AUTOMATIQUE – À VALIDER EN BACK-OFFICE,À CONFIRMER,À CONFIRMER,OUI,À CONFIRMER,PRODUIT_LOURD ; PREMIUM,À CONFIRMER,À CONFIRMER,À CONFIRMER,À CONFIRMER,À CONFIRMER,À CONFIRMER,SUR_COMMANDE (document = catalogue tarifé 2026),PRODUIT,LIBELLÉ IDENTIQUE – MÊME PRODUCTEUR,,,34,Tarif et bon de commande 2026 – onglet « CARAMELS ISIGNY 2026 »,ligne 89 – LES ÉTUIS 108 CARAMELS (page 13)
PROD-0562,NC01304 (EAN 3498751013047),FONDANTS BEURRE SALÉ,FONDANTS BEURRE SALÉ,Gamme : LES ÉTUIS 108 CARAMELS (page 13),CONFISERIE,CARAMEL,gamme « LES ÉTUIS 108 CARAMELS (page 13) » du catalogue Isigny (repli caramel),CARAMELS D'ISIGNY,FOUR-0002,CARAMELS D'ISIGNY,LES ÉTUIS 108 CARAMELS (page 13),FOUR-0002,CARAMELS D'ISIGNY,"À CONFIRMER : onglet intégré au classeur Normand Direct Terroir, canal de commande non précisé",À CONFIRMER,À CONFIRMER,À CONFIRMER,À CONFIRMER,À CONFIRMER,,AUCUNE_INFORMATION_DANS_LES_DOCUMENTS,À CONFIRMER,À CONFIRMER,1000.0,,1KG,,NON,,À CONFIRMER,,16.7,16.7,unité,Prix unitaire HT,0.2,20.04,,,,,,,,,,1KG,6,,,À CONFIRMER,À CONFIRMER,À CONFIRMER,À CONFIRMER,À CONFIRMER,À CONFIRMER,À CONFIRMER,À CONFIRMER,NON_DEDUIT_DU_CONDITIONNEMENT,NON,À CONFIRMER,À CONFIRMER,À CONFIRMER,À CONFIRMER,À CONFIRMER,À CONFIRMER,À CONFIRMER,À CONFIRMER,À CONFIRMER,PREMIUM,4,palier de prix d'achat (16.70 € HT) → 4,PROPOSITION AUTOMATIQUE – À VALIDER EN BACK-OFFICE,À CONFIRMER,À CONFIRMER,OUI,À CONFIRMER,PRODUIT_LOURD ; PREMIUM,À CONFIRMER,À CONFIRMER,À CONFIRMER,À CONFIRMER,À CONFIRMER,À CONFIRMER,SUR_COMMANDE (document = catalogue tarifé 2026),PRODUIT,,,,34,Tarif et bon de commande 2026 – onglet « CARAMELS ISIGNY 2026 »,ligne 90 – LES ÉTUIS 108 CARAMELS (page 13)
PROD-0563,NC01302 (EAN 3498751013023),ASSORTIMENT FONDANTS,ASSORTIMENT FONDANTS,Gamme : LES ÉTUIS 108 CARAMELS (page 13),CONFISERIE,CARAMEL,gamme « LES ÉTUIS 108 CARAMELS (page 13) » du catalogue Isigny (repli caramel),CARAMELS D'ISIGNY,FOUR-0002,CARAMELS D'ISIGNY,LES ÉTUIS 108 CARAMELS (page 13),FOUR-0002,CARAMELS D'ISIGNY,"À CONFIRMER : onglet intégré au classeur Normand Direct Terroir, canal de commande non précisé",À CONFIRMER,À CONFIRMER,À CONFIRMER,À CONFIRMER,À CONFIRMER,,AUCUNE_INFORMATION_DANS_LES_DOCUMENTS,À CONFIRMER,À CONFIRMER,1000.0,,1KG,,NON,,À CONFIRMER,,16.7,16.7,unité,Prix unitaire HT,0.2,20.04,,,,,,,,,,1KG,6,,,À CONFIRMER,À CONFIRMER,À CONFIRMER,À CONFIRMER,À CONFIRMER,À CONFIRMER,À CONFIRMER,À CONFIRMER,NON_DEDUIT_DU_CONDITIONNEMENT,NON,À CONFIRMER,À CONFIRMER,À CONFIRMER,À CONFIRMER,À CONFIRMER,À CONFIRMER,À CONFIRMER,À CONFIRMER,À CONFIRMER,PREMIUM,4,palier de prix d'achat (16.70 € HT) → 4,PROPOSITION AUTOMATIQUE – À VALIDER EN BACK-OFFICE,À CONFIRMER,À CONFIRMER,OUI,À CONFIRMER,PRODUIT_LOURD ; PREMIUM,À CONFIRMER,À CONFIRMER,À CONFIRMER,À CONFIRMER,À CONFIRMER,À CONFIRMER,SUR_COMMANDE (document = catalogue tarifé 2026),PRODUIT,LIBELLÉ IDENTIQUE – MÊME PRODUCTEUR,,,34,Tarif et bon de commande 2026 – onglet « CARAMELS ISIGNY 2026 »,ligne 91 – LES ÉTUIS 108 CARAMELS (page 13)
PROD-0564,NC01301 (EAN 3498751013016),ASSORTIMENT NORMANDIE,ASSORTIMENT NORMANDIE,Gamme : LES ÉTUIS 108 CARAMELS (page 13),CONFISERIE,CARAMEL,gamme « LES ÉTUIS 108 CARAMELS (page 13) » du catalogue Isigny (repli caramel),CARAMELS D'ISIGNY,FOUR-0002,CARAMELS D'ISIGNY,LES ÉTUIS 108 CARAMELS (page 13),FOUR-0002,CARAMELS D'ISIGNY,"À CONFIRMER : onglet intégré au classeur Normand Direct Terroir, canal de commande non précisé",À CONFIRMER,À CONFIRMER,À CONFIRMER,À CONFIRMER,À CONFIRMER,,INDICE_DANS_LE_NOM_DU_PRODUIT_SEULEMENT,NORMANDIE_INDIQUEE_DANS_LE_NOM_A_VERIFIER,À CONFIRMER,1000.0,,1KG,,NON,,À CONFIRMER,,16.7,16.7,unité,Prix unitaire HT,0.2,20.04,,,,,,,,,,1KG,6,,,À CONFIRMER,À CONFIRMER,À CONFIRMER,À CONFIRMER,À CONFIRMER,À CONFIRMER,À CONFIRMER,À CONFIRMER,NON_DEDUIT_DU_CONDITIONNEMENT,NON,À CONFIRMER,À CONFIRMER,À CONFIRMER,À CONFIRMER,À CONFIRMER,À CONFIRMER,À CONFIRMER,À CONFIRMER,À CONFIRMER,PREMIUM,4,palier de prix d'achat (16.70 € HT) → 4,PROPOSITION AUTOMATIQUE – À VALIDER EN BACK-OFFICE,À CONFIRMER,À CONFIRMER,OUI,À CONFIRMER,PRODUIT_LOURD ; PREMIUM,À CONFIRMER,À CONFIRMER,À CONFIRMER,À CONFIRMER,À CONFIRMER,À CONFIRMER,SUR_COMMANDE (document = catalogue tarifé 2026),PRODUIT,LIBELLÉ IDENTIQUE – MÊME PRODUCTEUR,,,33,Tarif et bon de commande 2026 – onglet « CARAMELS ISIGNY 2026 »,ligne 92 – LES ÉTUIS 108 CARAMELS (page 13)
PROD-0565,NC01303 (EAN 3498751013030),ASSORTIMENT 9 FRUITS,ASSORTIMENT 9 FRUITS,Gamme : LES ÉTUIS 108 CARAMELS (page 13),CONFISERIE,CARAMEL,gamme « LES ÉTUIS 108 CARAMELS (page 13) » du catalogue Isigny (repli caramel),CARAMELS D'ISIGNY,FOUR-0002,CARAMELS D'ISIGNY,LES ÉTUIS 108 CARAMELS (page 13),FOUR-0002,CARAMELS D'ISIGNY,"À CONFIRMER : onglet intégré au classeur Normand Direct Terroir, canal de commande non précisé",À CONFIRMER,À CONFIRMER,À CONFIRMER,À CONFIRMER,À CONFIRMER,,AUCUNE_INFORMATION_DANS_LES_DOCUMENTS,À CONFIRMER,À CONFIRMER,1000.0,,1KG,,NON,,À CONFIRMER,,16.7,16.7,unité,Prix unitaire HT,0.2,20.04,,,,,,,,,,1KG,6,,,À CONFIRMER,À CONFIRMER,À CONFIRMER,À CONFIRMER,À CONFIRMER,À CONFIRMER,À CONFIRMER,À CONFIRMER,NON_DEDUIT_DU_CONDITIONNEMENT,NON,À CONFIRMER,À CONFIRMER,À CONFIRMER,À CONFIRMER,À CONFIRMER,À CONFIRMER,À CONFIRMER,À CONFIRMER,À CONFIRMER,PREMIUM,4,palier de prix d'achat (16.70 € HT) → 4,PROPOSITION AUTOMATIQUE – À VALIDER EN BACK-OFFICE,À CONFIRMER,À CONFIRMER,OUI,À CONFIRMER,PRODUIT_LOURD ; PREMIUM,À CONFIRMER,À CONFIRMER,À CONFIRMER,À CONFIRMER,À CONFIRMER,À CONFIRMER,SUR_COMMANDE (document = catalogue tarifé 2026),PRODUIT,,,,34,Tarif et bon de commande 2026 – onglet « CARAMELS ISIGNY 2026 »,ligne 93 – LES ÉTUIS 108 CARAMELS (page 13)
PROD-0566,NC01308 (EAN 3498751013085),ASSORTIMENT TRADITION,ASSORTIMENT TRADITION,Gamme : LES ÉTUIS 108 CARAMELS (page 13),CONFISERIE,CARAMEL,gamme « LES ÉTUIS 108 CARAMELS (page 13) » du catalogue Isigny (repli caramel),CARAMELS D'ISIGNY,FOUR-0002,CARAMELS D'ISIGNY,LES ÉTUIS 108 CARAMELS (page 13),FOUR-0002,CARAMELS D'ISIGNY,"À CONFIRMER : onglet intégré au classeur Normand Direct Terroir, canal de commande non précisé",À CONFIRMER,À CONFIRMER,À CONFIRMER,À CONFIRMER,À CONFIRMER,,AUCUNE_INFORMATION_DANS_LES_DOCUMENTS,À CONFIRMER,À CONFIRMER,1000.0,,1KG,,NON,,À CONFIRMER,,16.7,16.7,unité,Prix unitaire HT,0.2,20.04,,,,,,,,,,1KG,6,,,À CONFIRMER,À CONFIRMER,À CONFIRMER,À CONFIRMER,À CONFIRMER,À CONFIRMER,À CONFIRMER,À CONFIRMER,NON_DEDUIT_DU_CONDITIONNEMENT,NON,À CONFIRMER,À CONFIRMER,À CONFIRMER,À CONFIRMER,À CONFIRMER,À CONFIRMER,À CONFIRMER,À CONFIRMER,À CONFIRMER,PREMIUM,4,palier de prix d'achat (16.70 € HT) → 4,PROPOSITION AUTOMATIQUE – À VALIDER EN BACK-OFFICE,À CONFIRMER,À CONFIRMER,OUI,À CONFIRMER,PRODUIT_LOURD ; PREMIUM,À CONFIRMER,À CONFIRMER,À CONFIRMER,À CONFIRMER,À CONFIRMER,À CONFIRMER,SUR_COMMANDE (document = catalogue tarifé 2026),PRODUIT,LIBELLÉ IDENTIQUE – MÊME PRODUCTEUR,,,34,Tarif et bon de commande 2026 – onglet « CARAMELS ISIGNY 2026 »,ligne 94 – LES ÉTUIS 108 CARAMELS (page 13)
PROD-0567,NC02158 (EAN 3498751021585),ASSORTIMENT TRADITION,1.ASSORTIMENT TRADITION,Gamme : LES ÉTUIS 15 CARAMELS (page 14),CONFISERIE,CARAMEL,gamme « LES ÉTUIS 15 CARAMELS (page 14) » du catalogue Isigny (repli caramel),CARAMELS D'ISIGNY,FOUR-0002,CARAMELS D'ISIGNY,LES ÉTUIS 15 CARAMELS (page 14),FOUR-0002,CARAMELS D'ISIGNY,"À CONFIRMER : onglet intégré au classeur Normand Direct Terroir, canal de commande non précisé",À CONFIRMER,À CONFIRMER,À CONFIRMER,À CONFIRMER,À CONFIRMER,,AUCUNE_INFORMATION_DANS_LES_DOCUMENTS,À CONFIRMER,À CONFIRMER,140.0,,140G,,NON,,À CONFIRMER,,4.15,4.15,unité,Prix unitaire HT,0.2,4.98,,,,,,,,,,140G,14,,,À CONFIRMER,À CONFIRMER,À CONFIRMER,À CONFIRMER,À CONFIRMER,À CONFIRMER,À CONFIRMER,À CONFIRMER,NON_DEDUIT_DU_CONDITIONNEMENT,NON,À CONFIRMER,À CONFIRMER,À CONFIRMER,À CONFIRMER,À CONFIRMER,À CONFIRMER,À CONFIRMER,À CONFIRMER,À CONFIRMER,ESSENTIEL,2,palier de prix d'achat (4.15 € HT) → 2,PROPOSITION AUTOMATIQUE – À VALIDER EN BACK-OFFICE,À CONFIRMER,À CONFIRMER,NON,À CONFIRMER,FAIBLE_COUT_LOGISTIQUE,À CONFIRMER,À CONFIRMER,À CONFIRMER,À CONFIRMER,À CONFIRMER,À CONFIRMER,SUR_COMMANDE (document = catalogue tarifé 2026),PRODUIT,LIBELLÉ IDENTIQUE – MÊME PRODUCTEUR,,,34,Tarif et bon de commande 2026 – onglet « CARAMELS ISIGNY 2026 »,ligne 97 – LES ÉTUIS 15 CARAMELS (page 14)
PROD-0568,NC02151 (EAN 3498751021516),ASSORTIMENT NORMANDIE,2.ASSORTIMENT NORMANDIE,Gamme : LES ÉTUIS 15 CARAMELS (page 14),CONFISERIE,CARAMEL,gamme « LES ÉTUIS 15 CARAMELS (page 14) » du catalogue Isigny (repli caramel),CARAMELS D'ISIGNY,FOUR-0002,CARAMELS D'ISIGNY,LES ÉTUIS 15 CARAMELS (page 14),FOUR-0002,CARAMELS D'ISIGNY,"À CONFIRMER : onglet intégré au classeur Normand Direct Terroir, canal de commande non précisé",À CONFIRMER,À CONFIRMER,À CONFIRMER,À CONFIRMER,À CONFIRMER,,INDICE_DANS_LE_NOM_DU_PRODUIT_SEULEMENT,NORMANDIE_INDIQUEE_DANS_LE_NOM_A_VERIFIER,À CONFIRMER,140.0,,140G,,NON,,À CONFIRMER,,4.15,4.15,unité,Prix unitaire HT,0.2,4.98,,,,,,,,,,140G,14,,,À CONFIRMER,À CONFIRMER,À CONFIRMER,À CONFIRMER,À CONFIRMER,À CONFIRMER,À CONFIRMER,À CONFIRMER,NON_DEDUIT_DU_CONDITIONNEMENT,NON,À CONFIRMER,À CONFIRMER,À CONFIRMER,À CONFIRMER,À CONFIRMER,À CONFIRMER,À CONFIRMER,À CONFIRMER,À CONFIRMER,ESSENTIEL,2,palier de prix d'achat (4.15 € HT) → 2,PROPOSITION AUTOMATIQUE – À VALIDER EN BACK-OFFICE,À CONFIRMER,À CONFIRMER,NON,À CONFIRMER,FAIBLE_COUT_LOGISTIQUE,À CONFIRMER,À CONFIRMER,À CONFIRMER,À CONFIRMER,À CONFIRMER,À CONFIRMER,SUR_COMMANDE (document = catalogue tarifé 2026),PRODUIT,LIBELLÉ IDENTIQUE – MÊME PRODUCTEUR,,,33,Tarif et bon de commande 2026 – onglet « CARAMELS ISIGNY 2026 »,ligne 98 – LES ÉTUIS 15 CARAMELS (page 14)
PROD-0569,NC02152 (EAN 3498751021523),ASSORTIMENT 5 FRUITS,3.ASSORTIMENT 5 FRUITS,Gamme : LES ÉTUIS 15 CARAMELS (page 14),CONFISERIE,CARAMEL,gamme « LES ÉTUIS 15 CARAMELS (page 14) » du catalogue Isigny (repli caramel),CARAMELS D'ISIGNY,FOUR-0002,CARAMELS D'ISIGNY,LES ÉTUIS 15 CARAMELS (page 14),FOUR-0002,CARAMELS D'ISIGNY,"À CONFIRMER : onglet intégré au classeur Normand Direct Terroir, canal de commande non précisé",À CONFIRMER,À CONFIRMER,À CONFIRMER,À CONFIRMER,À CONFIRMER,,AUCUNE_INFORMATION_DANS_LES_DOCUMENTS,À CONFIRMER,À CONFIRMER,140.0,,140G,,NON,,À CONFIRMER,,4.15,4.15,unité,Prix unitaire HT,0.2,4.98,,,,,,,,,,140G,14,,,À CONFIRMER,À CONFIRMER,À CONFIRMER,À CONFIRMER,À CONFIRMER,À CONFIRMER,À CONFIRMER,À CONFIRMER,NON_DEDUIT_DU_CONDITIONNEMENT,NON,À CONFIRMER,À CONFIRMER,À CONFIRMER,À CONFIRMER,À CONFIRMER,À CONFIRMER,À CONFIRMER,À CONFIRMER,À CONFIRMER,ESSENTIEL,2,palier de prix d'achat (4.15 € HT) → 2,PROPOSITION AUTOMATIQUE – À VALIDER EN BACK-OFFICE,À CONFIRMER,À CONFIRMER,NON,À CONFIRMER,FAIBLE_COUT_LOGISTIQUE,À CONFIRMER,À CONFIRMER,À CONFIRMER,À CONFIRMER,À CONFIRMER,À CONFIRMER,SUR_COMMANDE (document = catalogue tarifé 2026),PRODUIT,,,,34,Tarif et bon de commande 2026 – onglet « CARAMELS ISIGNY 2026 »,ligne 99 – LES ÉTUIS 15 CARAMELS (page 14)
PROD-0570,NC02155 (EAN 3498751021554),BEURRE SALÉ,4.BEURRE SALÉ,Gamme : LES ÉTUIS 15 CARAMELS (page 14),CONFISERIE,CARAMEL,gamme « LES ÉTUIS 15 CARAMELS (page 14) » du catalogue Isigny (repli caramel),CARAMELS D'ISIGNY,FOUR-0002,CARAMELS D'ISIGNY,LES ÉTUIS 15 CARAMELS (page 14),FOUR-0002,CARAMELS D'ISIGNY,"À CONFIRMER : onglet intégré au classeur Normand Direct Terroir, canal de commande non précisé",À CONFIRMER,À CONFIRMER,À CONFIRMER,À CONFIRMER,À CONFIRMER,,AUCUNE_INFORMATION_DANS_LES_DOCUMENTS,À CONFIRMER,À CONFIRMER,140.0,,140G,,NON,,À CONFIRMER,,4.15,4.15,unité,Prix unitaire HT,0.2,4.98,,,,,,,,,,140G,14,,,À CONFIRMER,À CONFIRMER,À CONFIRMER,À CONFIRMER,À CONFIRMER,À CONFIRMER,À CONFIRMER,À CONFIRMER,NON_DEDUIT_DU_CONDITIONNEMENT,NON,À CONFIRMER,À CONFIRMER,À CONFIRMER,À CONFIRMER,À CONFIRMER,À CONFIRMER,À CONFIRMER,À CONFIRMER,À CONFIRMER,ESSENTIEL,2,palier de prix d'achat (4.15 € HT) → 2,PROPOSITION AUTOMATIQUE – À VALIDER EN BACK-OFFICE,À CONFIRMER,À CONFIRMER,NON,À CONFIRMER,FAIBLE_COUT_LOGISTIQUE,À CONFIRMER,À CONFIRMER,À CONFIRMER,À CONFIRMER,À CONFIRMER,À CONFIRMER,SUR_COMMANDE (document = catalogue tarifé 2026),PRODUIT,LIBELLÉ IDENTIQUE – MÊME PRODUCTEUR,,,34,Tarif et bon de commande 2026 – onglet « CARAMELS ISIGNY 2026 »,ligne 100 – LES ÉTUIS 15 CARAMELS (page 14)
PROD-0571,NC02150 (EAN 3498751021509),ASSORTIMENT FONDANTS,5.ASSORTIMENT FONDANTS,Gamme : LES ÉTUIS 15 CARAMELS (page 14),CONFISERIE,CARAMEL,gamme « LES ÉTUIS 15 CARAMELS (page 14) » du catalogue Isigny (repli caramel),CARAMELS D'ISIGNY,FOUR-0002,CARAMELS D'ISIGNY,LES ÉTUIS 15 CARAMELS (page 14),FOUR-0002,CARAMELS D'ISIGNY,"À CONFIRMER : onglet intégré au classeur Normand Direct Terroir, canal de commande non précisé",À CONFIRMER,À CONFIRMER,À CONFIRMER,À CONFIRMER,À CONFIRMER,,AUCUNE_INFORMATION_DANS_LES_DOCUMENTS,À CONFIRMER,À CONFIRMER,140.0,,140G,,NON,,À CONFIRMER,,4.15,4.15,unité,Prix unitaire HT,0.2,4.98,,,,,,,,,,140G,14,,,À CONFIRMER,À CONFIRMER,À CONFIRMER,À CONFIRMER,À CONFIRMER,À CONFIRMER,À CONFIRMER,À CONFIRMER,NON_DEDUIT_DU_CONDITIONNEMENT,NON,À CONFIRMER,À CONFIRMER,À CONFIRMER,À CONFIRMER,À CONFIRMER,À CONFIRMER,À CONFIRMER,À CONFIRMER,À CONFIRMER,ESSENTIEL,2,palier de prix d'achat (4.15 € HT) → 2,PROPOSITION AUTOMATIQUE – À VALIDER EN BACK-OFFICE,À CONFIRMER,À CONFIRMER,NON,À CONFIRMER,FAIBLE_COUT_LOGISTIQUE,À CONFIRMER,À CONFIRMER,À CONFIRMER,À CONFIRMER,À CONFIRMER,À CONFIRMER,SUR_COMMANDE (document = catalogue tarifé 2026),PRODUIT,LIBELLÉ IDENTIQUE – MÊME PRODUCTEUR,,,34,Tarif et bon de commande 2026 – onglet « CARAMELS ISIGNY 2026 »,ligne 101 – LES ÉTUIS 15 CARAMELS (page 14)
PROD-0572,NC01068,BOÎTE 2KG BEURRE SALÉ D’ISIGNY AOP,1.BOÎTE 2KG BEURRE SALÉ D’ISIGNY AOP,Gamme : LES CARAMELS FONDANTS EN VRAC (page 15) – CARAMELS PÂTISSIERS FONDANTS / Boite de 2kg,CONFISERIE,CARAMEL_VRAC,gamme « LES CARAMELS FONDANTS EN VRAC (page 15) » du catalogue Isigny,CARAMELS D'ISIGNY,FOUR-0002,CARAMELS D'ISIGNY,LES CARAMELS FONDANTS EN VRAC (page 15),FOUR-0002,CARAMELS D'ISIGNY,"À CONFIRMER : onglet intégré au classeur Normand Direct Terroir, canal de commande non précisé",À CONFIRMER,À CONFIRMER,À CONFIRMER,À CONFIRMER,À CONFIRMER,,APPELLATION_PORTANT_SUR_UN_INGREDIENT_SEULEMENT,NORMANDIE_INDIQUEE_DANS_LE_NOM_A_VERIFIER,À CONFIRMER,2000.0,,2KG,,NON,,À CONFIRMER,,32.2,16.1,unité,Prix/Unitaire HT,0.2,38.64,16.1,,,,,,,,,2KG,,,,Boite de 2kg (mention du catalogue : « CARAMELS PÂTISSIERS FONDANTS / Boite de 2kg »),À CONFIRMER,À CONFIRMER,À CONFIRMER,À CONFIRMER,À CONFIRMER,À CONFIRMER,À CONFIRMER,NON_DEDUIT_DU_CONDITIONNEMENT,NON,À CONFIRMER,À CONFIRMER,À CONFIRMER,À CONFIRMER,À CONFIRMER,À CONFIRMER,À CONFIRMER,À CONFIRMER,À CONFIRMER,PREMIUM,4,palier de prix d'achat (32.20 € HT) → 5 ; produit vrac / usage professionnel → -1,PROPOSITION AUTOMATIQUE – À VALIDER EN BACK-OFFICE,À CONFIRMER,À CONFIRMER,OUI,À CONFIRMER,PRODUIT_LOURD ; PREMIUM,À CONFIRMER,À CONFIRMER,À CONFIRMER,À CONFIRMER,À CONFIRMER,À CONFIRMER,SUR_COMMANDE (document = catalogue tarifé 2026),PRODUIT,LIBELLÉ IDENTIQUE – MÊME PRODUCTEUR,,,32,Tarif et bon de commande 2026 – onglet « CARAMELS ISIGNY 2026 »,ligne 105 – LES CARAMELS FONDANTS EN VRAC (page 15)
PROD-0573,NC01064,BOÎTE 2KG NOISETTE,2.BOÎTE 2KG NOISETTE,Gamme : LES CARAMELS FONDANTS EN VRAC (page 15) – CARAMELS PÂTISSIERS FONDANTS / Boite de 2kg,CONFISERIE,CARAMEL_VRAC,gamme « LES CARAMELS FONDANTS EN VRAC (page 15) » du catalogue Isigny,CARAMELS D'ISIGNY,FOUR-0002,CARAMELS D'ISIGNY,LES CARAMELS FONDANTS EN VRAC (page 15),FOUR-0002,CARAMELS D'ISIGNY,"À CONFIRMER : onglet intégré au classeur Normand Direct Terroir, canal de commande non précisé",À CONFIRMER,À CONFIRMER,À CONFIRMER,À CONFIRMER,À CONFIRMER,,AUCUNE_INFORMATION_DANS_LES_DOCUMENTS,À CONFIRMER,À CONFIRMER,2000.0,,2KG,,NON,,À CONFIRMER,,32.2,16.1,unité,Prix/Unitaire HT,0.2,38.64,16.1,,,,,,,,,2KG,,,,Boite de 2kg (mention du catalogue : « CARAMELS PÂTISSIERS FONDANTS / Boite de 2kg »),À CONFIRMER,À CONFIRMER,À CONFIRMER,À CONFIRMER,À CONFIRMER,À CONFIRMER,À CONFIRMER,NON_DEDUIT_DU_CONDITIONNEMENT,NON,À CONFIRMER,À CONFIRMER,À CONFIRMER,À CONFIRMER,À CONFIRMER,À CONFIRMER,À CONFIRMER,À CONFIRMER,À CONFIRMER,PREMIUM,4,palier de prix d'achat (32.20 € HT) → 5 ; produit vrac / usage professionnel → -1,PROPOSITION AUTOMATIQUE – À VALIDER EN BACK-OFFICE,À CONFIRMER,À CONFIRMER,OUI,À CONFIRMER,PRODUIT_LOURD ; PREMIUM,À CONFIRMER,À CONFIRMER,À CONFIRMER,À CONFIRMER,À CONFIRMER,À CONFIRMER,SUR_COMMANDE (document = catalogue tarifé 2026),PRODUIT,LIBELLÉ IDENTIQUE – MÊME PRODUCTEUR,,,33,Tarif et bon de commande 2026 – onglet « CARAMELS ISIGNY 2026 »,ligne 106 – LES CARAMELS FONDANTS EN VRAC (page 15)
PROD-0574,NC01066,BOÎTE 2KG VANILLE,3.BOÎTE 2KG VANILLE,Gamme : LES CARAMELS FONDANTS EN VRAC (page 15) – CARAMELS PÂTISSIERS FONDANTS / Boite de 2kg,CONFISERIE,CARAMEL_VRAC,gamme « LES CARAMELS FONDANTS EN VRAC (page 15) » du catalogue Isigny,CARAMELS D'ISIGNY,FOUR-0002,CARAMELS D'ISIGNY,LES CARAMELS FONDANTS EN VRAC (page 15),FOUR-0002,CARAMELS D'ISIGNY,"À CONFIRMER : onglet intégré au classeur Normand Direct Terroir, canal de commande non précisé",À CONFIRMER,À CONFIRMER,À CONFIRMER,À CONFIRMER,À CONFIRMER,,AUCUNE_INFORMATION_DANS_LES_DOCUMENTS,À CONFIRMER,À CONFIRMER,2000.0,,2KG,,NON,,À CONFIRMER,,32.2,16.1,unité,Prix/Unitaire HT,0.2,38.64,16.1,,,,,,,,,2KG,,,,Boite de 2kg (mention du catalogue : « CARAMELS PÂTISSIERS FONDANTS / Boite de 2kg »),À CONFIRMER,À CONFIRMER,À CONFIRMER,À CONFIRMER,À CONFIRMER,À CONFIRMER,À CONFIRMER,NON_DEDUIT_DU_CONDITIONNEMENT,NON,À CONFIRMER,À CONFIRMER,À CONFIRMER,À CONFIRMER,À CONFIRMER,À CONFIRMER,À CONFIRMER,À CONFIRMER,À CONFIRMER,PREMIUM,4,palier de prix d'achat (32.20 € HT) → 5 ; produit vrac / usage professionnel → -1,PROPOSITION AUTOMATIQUE – À VALIDER EN BACK-OFFICE,À CONFIRMER,À CONFIRMER,OUI,À CONFIRMER,PRODUIT_LOURD ; PREMIUM,À CONFIRMER,À CONFIRMER,À CONFIRMER,À CONFIRMER,À CONFIRMER,À CONFIRMER,SUR_COMMANDE (document = catalogue tarifé 2026),PRODUIT,,,,33,Tarif et bon de commande 2026 – onglet « CARAMELS ISIGNY 2026 »,ligne 107 – LES CARAMELS FONDANTS EN VRAC (page 15)
PROD-0575,NC01067,BOÎTE 2KG VANILLE MARBRÉ CHOCOLAT,4.BOÎTE 2KG VANILLE MARBRÉ CHOCOLAT,Gamme : LES CARAMELS FONDANTS EN VRAC (page 15) – CARAMELS PÂTISSIERS FONDANTS / Boite de 2kg,CONFISERIE,CARAMEL_VRAC,gamme « LES CARAMELS FONDANTS EN VRAC (page 15) » du catalogue Isigny,CARAMELS D'ISIGNY,FOUR-0002,CARAMELS D'ISIGNY,LES CARAMELS FONDANTS EN VRAC (page 15),FOUR-0002,CARAMELS D'ISIGNY,"À CONFIRMER : onglet intégré au classeur Normand Direct Terroir, canal de commande non précisé",À CONFIRMER,À CONFIRMER,À CONFIRMER,À CONFIRMER,À CONFIRMER,,AUCUNE_INFORMATION_DANS_LES_DOCUMENTS,À CONFIRMER,À CONFIRMER,2000.0,,2KG,,NON,,À CONFIRMER,,32.2,16.1,unité,Prix/Unitaire HT,0.2,38.64,16.1,,,,,,,,,2KG,,,,Boite de 2kg (mention du catalogue : « CARAMELS PÂTISSIERS FONDANTS / Boite de 2kg »),À CONFIRMER,À CONFIRMER,À CONFIRMER,À CONFIRMER,À CONFIRMER,À CONFIRMER,À CONFIRMER,NON_DEDUIT_DU_CONDITIONNEMENT,NON,À CONFIRMER,À CONFIRMER,À CONFIRMER,À CONFIRMER,À CONFIRMER,À CONFIRMER,À CONFIRMER,À CONFIRMER,À CONFIRMER,PREMIUM,4,palier de prix d'achat (32.20 € HT) → 5 ; produit vrac / usage professionnel → -1,PROPOSITION AUTOMATIQUE – À VALIDER EN BACK-OFFICE,À CONFIRMER,À CONFIRMER,OUI,À CONFIRMER,PRODUIT_LOURD ; PREMIUM,À CONFIRMER,À CONFIRMER,À CONFIRMER,À CONFIRMER,À CONFIRMER,À CONFIRMER,SUR_COMMANDE (document = catalogue tarifé 2026),PRODUIT,,,,33,Tarif et bon de commande 2026 – onglet « CARAMELS ISIGNY 2026 »,ligne 108 – LES CARAMELS FONDANTS EN VRAC (page 15)
PROD-0576,NC01375,VRAC BEURRE SALÉ D’ISIGNY AOP,5.VRAC BEURRE SALÉ D’ISIGNY AOP,Gamme : LES CARAMELS FONDANTS EN VRAC (page 15) – CARAMELS PAPILLOTES FONDANTS / Vrac 3kg minimum,CONFISERIE,CARAMEL_VRAC,gamme « LES CARAMELS FONDANTS EN VRAC (page 15) » du catalogue Isigny,CARAMELS D'ISIGNY,FOUR-0002,CARAMELS D'ISIGNY,LES CARAMELS FONDANTS EN VRAC (page 15),FOUR-0002,CARAMELS D'ISIGNY,"À CONFIRMER : onglet intégré au classeur Normand Direct Terroir, canal de commande non précisé",À CONFIRMER,À CONFIRMER,À CONFIRMER,À CONFIRMER,À CONFIRMER,,APPELLATION_PORTANT_SUR_UN_INGREDIENT_SEULEMENT,NORMANDIE_INDIQUEE_DANS_LE_NOM_A_VERIFIER,À CONFIRMER,1000.0,,1KG,,NON,,À CONFIRMER,,13.65,13.65,unité,Prix/Unitaire HT,0.2,16.38,,,,,,,,,,1KG,,,,Vrac 3kg minimum (mention du catalogue : « CARAMELS PAPILLOTES FONDANTS / Vrac 3kg minimum »),À CONFIRMER,À CONFIRMER,À CONFIRMER,À CONFIRMER,À CONFIRMER,À CONFIRMER,À CONFIRMER,NON_DEDUIT_DU_CONDITIONNEMENT,NON,À CONFIRMER,À CONFIRMER,À CONFIRMER,À CONFIRMER,À CONFIRMER,À CONFIRMER,À CONFIRMER,À CONFIRMER,À CONFIRMER,SIGNATURE,3,palier de prix d'achat (13.65 € HT) → 4 ; produit vrac / usage professionnel → -1,PROPOSITION AUTOMATIQUE – À VALIDER EN BACK-OFFICE,À CONFIRMER,À CONFIRMER,NON,À CONFIRMER,PRODUIT_LOURD,À CONFIRMER,À CONFIRMER,À CONFIRMER,À CONFIRMER,À CONFIRMER,À CONFIRMER,SUR_COMMANDE (document = catalogue tarifé 2026),PRODUIT,LIBELLÉ IDENTIQUE – MÊME PRODUCTEUR,,,32,Tarif et bon de commande 2026 – onglet « CARAMELS ISIGNY 2026 »,ligne 110 – LES CARAMELS FONDANTS EN VRAC (page 15)
PROD-0577,NC01377,VRAC NOISETTE,6.VRAC NOISETTE,Gamme : LES CARAMELS FONDANTS EN VRAC (page 15) – CARAMELS PAPILLOTES FONDANTS / Vrac 3kg minimum,CONFISERIE,CARAMEL_VRAC,gamme « LES CARAMELS FONDANTS EN VRAC (page 15) » du catalogue Isigny,CARAMELS D'ISIGNY,FOUR-0002,CARAMELS D'ISIGNY,LES CARAMELS FONDANTS EN VRAC (page 15),FOUR-0002,CARAMELS D'ISIGNY,"À CONFIRMER : onglet intégré au classeur Normand Direct Terroir, canal de commande non précisé",À CONFIRMER,À CONFIRMER,À CONFIRMER,À CONFIRMER,À CONFIRMER,,AUCUNE_INFORMATION_DANS_LES_DOCUMENTS,À CONFIRMER,À CONFIRMER,1000.0,,1KG,,NON,,À CONFIRMER,,13.65,13.65,unité,Prix/Unitaire HT,0.2,16.38,,,,,,,,,,1KG,,,,Vrac 3kg minimum (mention du catalogue : « CARAMELS PAPILLOTES FONDANTS / Vrac 3kg minimum »),À CONFIRMER,À CONFIRMER,À CONFIRMER,À CONFIRMER,À CONFIRMER,À CONFIRMER,À CONFIRMER,NON_DEDUIT_DU_CONDITIONNEMENT,NON,À CONFIRMER,À CONFIRMER,À CONFIRMER,À CONFIRMER,À CONFIRMER,À CONFIRMER,À CONFIRMER,À CONFIRMER,À CONFIRMER,SIGNATURE,3,palier de prix d'achat (13.65 € HT) → 4 ; produit vrac / usage professionnel → -1,PROPOSITION AUTOMATIQUE – À VALIDER EN BACK-OFFICE,À CONFIRMER,À CONFIRMER,NON,À CONFIRMER,PRODUIT_LOURD,À CONFIRMER,À CONFIRMER,À CONFIRMER,À CONFIRMER,À CONFIRMER,À CONFIRMER,SUR_COMMANDE (document = catalogue tarifé 2026),PRODUIT,LIBELLÉ IDENTIQUE – MÊME PRODUCTEUR,,,33,Tarif et bon de commande 2026 – onglet « CARAMELS ISIGNY 2026 »,ligne 111 – LES CARAMELS FONDANTS EN VRAC (page 15)
PROD-0578,NC01374,VRAC VANILLE,7.VRAC VANILLE,Gamme : LES CARAMELS FONDANTS EN VRAC (page 15) – CARAMELS PAPILLOTES FONDANTS / Vrac 3kg minimum,CONFISERIE,CARAMEL_VRAC,gamme « LES CARAMELS FONDANTS EN VRAC (page 15) » du catalogue Isigny,CARAMELS D'ISIGNY,FOUR-0002,CARAMELS D'ISIGNY,LES CARAMELS FONDANTS EN VRAC (page 15),FOUR-0002,CARAMELS D'ISIGNY,"À CONFIRMER : onglet intégré au classeur Normand Direct Terroir, canal de commande non précisé",À CONFIRMER,À CONFIRMER,À CONFIRMER,À CONFIRMER,À CONFIRMER,,AUCUNE_INFORMATION_DANS_LES_DOCUMENTS,À CONFIRMER,À CONFIRMER,1000.0,,1KG,,NON,,À CONFIRMER,,13.65,13.65,unité,Prix/Unitaire HT,0.2,16.38,,,,,,,,,,1KG,,,,Vrac 3kg minimum (mention du catalogue : « CARAMELS PAPILLOTES FONDANTS / Vrac 3kg minimum »),À CONFIRMER,À CONFIRMER,À CONFIRMER,À CONFIRMER,À CONFIRMER,À CONFIRMER,À CONFIRMER,NON_DEDUIT_DU_CONDITIONNEMENT,NON,À CONFIRMER,À CONFIRMER,À CONFIRMER,À CONFIRMER,À CONFIRMER,À CONFIRMER,À CONFIRMER,À CONFIRMER,À CONFIRMER,SIGNATURE,3,palier de prix d'achat (13.65 € HT) → 4 ; produit vrac / usage professionnel → -1,PROPOSITION AUTOMATIQUE – À VALIDER EN BACK-OFFICE,À CONFIRMER,À CONFIRMER,NON,À CONFIRMER,PRODUIT_LOURD,À CONFIRMER,À CONFIRMER,À CONFIRMER,À CONFIRMER,À CONFIRMER,À CONFIRMER,SUR_COMMANDE (document = catalogue tarifé 2026),PRODUIT,,,,33,Tarif et bon de commande 2026 – onglet « CARAMELS ISIGNY 2026 »,ligne 112 – LES CARAMELS FONDANTS EN VRAC (page 15)
PROD-0579,NC01370,VRAC VANILLE MARBRÉ CHOCOLAT,8.VRAC VANILLE MARBRÉ CHOCOLAT,Gamme : LES CARAMELS FONDANTS EN VRAC (page 15) – CARAMELS PAPILLOTES FONDANTS / Vrac 3kg minimum,CONFISERIE,CARAMEL_VRAC,gamme « LES CARAMELS FONDANTS EN VRAC (page 15) » du catalogue Isigny,CARAMELS D'ISIGNY,FOUR-0002,CARAMELS D'ISIGNY,LES CARAMELS FONDANTS EN VRAC (page 15),FOUR-0002,CARAMELS D'ISIGNY,"À CONFIRMER : onglet intégré au classeur Normand Direct Terroir, canal de commande non précisé",À CONFIRMER,À CONFIRMER,À CONFIRMER,À CONFIRMER,À CONFIRMER,,AUCUNE_INFORMATION_DANS_LES_DOCUMENTS,À CONFIRMER,À CONFIRMER,1000.0,,1KG,,NON,,À CONFIRMER,,13.65,13.65,unité,Prix/Unitaire HT,0.2,16.38,,,,,,,,,,1KG,,,,Vrac 3kg minimum (mention du catalogue : « CARAMELS PAPILLOTES FONDANTS / Vrac 3kg minimum »),À CONFIRMER,À CONFIRMER,À CONFIRMER,À CONFIRMER,À CONFIRMER,À CONFIRMER,À CONFIRMER,NON_DEDUIT_DU_CONDITIONNEMENT,NON,À CONFIRMER,À CONFIRMER,À CONFIRMER,À CONFIRMER,À CONFIRMER,À CONFIRMER,À CONFIRMER,À CONFIRMER,À CONFIRMER,SIGNATURE,3,palier de prix d'achat (13.65 € HT) → 4 ; produit vrac / usage professionnel → -1,PROPOSITION AUTOMATIQUE – À VALIDER EN BACK-OFFICE,À CONFIRMER,À CONFIRMER,NON,À CONFIRMER,PRODUIT_LOURD,À CONFIRMER,À CONFIRMER,À CONFIRMER,À CONFIRMER,À CONFIRMER,À CONFIRMER,SUR_COMMANDE (document = catalogue tarifé 2026),PRODUIT,,,,33,Tarif et bon de commande 2026 – onglet « CARAMELS ISIGNY 2026 »,ligne 113 – LES CARAMELS FONDANTS EN VRAC (page 15)
PROD-0580,NC01047,BOÎTE BOUCHÉES CARAMEL FONDANT BEURRE SALÉ,BOÎTE BOUCHÉES CARAMEL FONDANT BEURRE SALÉ,Gamme : LES CARAMELS FONDANTS EN VRAC (page 15) – BOUCHÉES DE CARAMELS FONDANTS / Boite de 48 unités (env. 30g unité),CONFISERIE,CARAMEL_VRAC,gamme « LES CARAMELS FONDANTS EN VRAC (page 15) » du catalogue Isigny,CARAMELS D'ISIGNY,FOUR-0002,CARAMELS D'ISIGNY,LES CARAMELS FONDANTS EN VRAC (page 15),FOUR-0002,CARAMELS D'ISIGNY,"À CONFIRMER : onglet intégré au classeur Normand Direct Terroir, canal de commande non précisé",À CONFIRMER,À CONFIRMER,À CONFIRMER,À CONFIRMER,À CONFIRMER,,AUCUNE_INFORMATION_DANS_LES_DOCUMENTS,À CONFIRMER,À CONFIRMER,1440.0,,"1,44KG",,NON,,À CONFIRMER,,61.4,42.64,unité,Prix/Unitaire HT,0.2,73.68,42.64,,,,,,,,,"1,44KG",,,,Boite de 48 unités (env. 30g unité) (mention du catalogue : « BOUCHÉES DE CARAMELS FONDANTS / Boite de 48 unités (env. 30g unité) »),À CONFIRMER,À CONFIRMER,À CONFIRMER,À CONFIRMER,À CONFIRMER,À CONFIRMER,À CONFIRMER,NON_DEDUIT_DU_CONDITIONNEMENT,NON,À CONFIRMER,À CONFIRMER,À CONFIRMER,À CONFIRMER,À CONFIRMER,À CONFIRMER,À CONFIRMER,À CONFIRMER,À CONFIRMER,PREMIUM,4,palier de prix d'achat (61.40 € HT) → 5 ; produit vrac / usage professionnel → -1,PROPOSITION AUTOMATIQUE – À VALIDER EN BACK-OFFICE,À CONFIRMER,À CONFIRMER,OUI,À CONFIRMER,PRODUIT_LOURD ; PREMIUM,À CONFIRMER,À CONFIRMER,À CONFIRMER,À CONFIRMER,À CONFIRMER,À CONFIRMER,SUR_COMMANDE (document = catalogue tarifé 2026),PRODUIT,,,,33,Tarif et bon de commande 2026 – onglet « CARAMELS ISIGNY 2026 »,ligne 115 – LES CARAMELS FONDANTS EN VRAC (page 15)
PROD-0581,NC01564,VRAC BEURRE SALÉ D’ISIGNY AOP,9.VRAC BEURRE SALÉ D’ISIGNY AOP,Gamme : LES CARAMELS EN VRAC (page 16) – CARAMELS PAPILLOTES - CELLOPHANE IMPRIMÉE / Vrac 3kg minimum,CONFISERIE,CARAMEL_VRAC,gamme « LES CARAMELS EN VRAC (page 16) » du catalogue Isigny,CARAMELS D'ISIGNY,FOUR-0002,CARAMELS D'ISIGNY,LES CARAMELS EN VRAC (page 16),FOUR-0002,CARAMELS D'ISIGNY,"À CONFIRMER : onglet intégré au classeur Normand Direct Terroir, canal de commande non précisé",À CONFIRMER,À CONFIRMER,À CONFIRMER,À CONFIRMER,À CONFIRMER,,APPELLATION_PORTANT_SUR_UN_INGREDIENT_SEULEMENT,NORMANDIE_INDIQUEE_DANS_LE_NOM_A_VERIFIER,À CONFIRMER,1000.0,,1KG,,NON,,À CONFIRMER,,13.0,13,unité,Prix unitaire HT,0.2,15.6,13.0,,,,,,,,,1KG,,,,Vrac 3kg minimum (mention du catalogue : « CARAMELS PAPILLOTES - CELLOPHANE IMPRIMÉE / Vrac 3kg minimum »),À CONFIRMER,À CONFIRMER,À CONFIRMER,À CONFIRMER,À CONFIRMER,À CONFIRMER,À CONFIRMER,NON_DEDUIT_DU_CONDITIONNEMENT,NON,À CONFIRMER,À CONFIRMER,À CONFIRMER,À CONFIRMER,À CONFIRMER,À CONFIRMER,À CONFIRMER,À CONFIRMER,À CONFIRMER,SIGNATURE,3,palier de prix d'achat (13.00 € HT) → 4 ; produit vrac / usage professionnel → -1,PROPOSITION AUTOMATIQUE – À VALIDER EN BACK-OFFICE,À CONFIRMER,À CONFIRMER,NON,À CONFIRMER,PRODUIT_LOURD,À CONFIRMER,À CONFIRMER,À CONFIRMER,À CONFIRMER,À CONFIRMER,À CONFIRMER,SUR_COMMANDE (document = catalogue tarifé 2026),PRODUIT,DOUBLON POTENTIEL,CONFLIT DE PRIX,,32,Tarif et bon de commande 2026 – onglet « CARAMELS ISIGNY 2026 »,ligne 119 – LES CARAMELS EN VRAC (page 16)
PROD-0582,NC01556,VRAC BEURRE SALÉ D’ISIGNY AOP,10.VRAC BEURRE SALÉ D’ISIGNY AOP,Gamme : LES CARAMELS EN VRAC (page 16) – CARAMELS PAPILLOTES - CELLOPHANE IMPRIMÉE / Vrac 3kg minimum,CONFISERIE,CARAMEL_VRAC,gamme « LES CARAMELS EN VRAC (page 16) » du catalogue Isigny,CARAMELS D'ISIGNY,FOUR-0002,CARAMELS D'ISIGNY,LES CARAMELS EN VRAC (page 16),FOUR-0002,CARAMELS D'ISIGNY,"À CONFIRMER : onglet intégré au classeur Normand Direct Terroir, canal de commande non précisé",À CONFIRMER,À CONFIRMER,À CONFIRMER,À CONFIRMER,À CONFIRMER,,APPELLATION_PORTANT_SUR_UN_INGREDIENT_SEULEMENT,NORMANDIE_INDIQUEE_DANS_LE_NOM_A_VERIFIER,À CONFIRMER,1000.0,,1KG,,NON,,À CONFIRMER,,13.65,13.65,unité,Prix unitaire HT,0.2,16.38,13.65,,,,,,,,,1KG,,,,Vrac 3kg minimum (mention du catalogue : « CARAMELS PAPILLOTES - CELLOPHANE IMPRIMÉE / Vrac 3kg minimum »),À CONFIRMER,À CONFIRMER,À CONFIRMER,À CONFIRMER,À CONFIRMER,À CONFIRMER,À CONFIRMER,NON_DEDUIT_DU_CONDITIONNEMENT,NON,À CONFIRMER,À CONFIRMER,À CONFIRMER,À CONFIRMER,À CONFIRMER,À CONFIRMER,À CONFIRMER,À CONFIRMER,À CONFIRMER,SIGNATURE,3,palier de prix d'achat (13.65 € HT) → 4 ; produit vrac / usage professionnel → -1,PROPOSITION AUTOMATIQUE – À VALIDER EN BACK-OFFICE,À CONFIRMER,À CONFIRMER,NON,À CONFIRMER,PRODUIT_LOURD,À CONFIRMER,À CONFIRMER,À CONFIRMER,À CONFIRMER,À CONFIRMER,À CONFIRMER,SUR_COMMANDE (document = catalogue tarifé 2026),PRODUIT,DOUBLON POTENTIEL,CONFLIT DE PRIX,,32,Tarif et bon de commande 2026 – onglet « CARAMELS ISIGNY 2026 »,ligne 120 – LES CARAMELS EN VRAC (page 16)
PROD-0583,NC01534,VRAC BEURRE DOUX D’ISIGNY AOP,11.VRAC BEURRE DOUX D’ISIGNY AOP,Gamme : LES CARAMELS EN VRAC (page 16) – CARAMELS PAPILLOTES - CELLOPHANE IMPRIMÉE / Vrac 3kg minimum,CONFISERIE,CARAMEL_VRAC,gamme « LES CARAMELS EN VRAC (page 16) » du catalogue Isigny,CARAMELS D'ISIGNY,FOUR-0002,CARAMELS D'ISIGNY,LES CARAMELS EN VRAC (page 16),FOUR-0002,CARAMELS D'ISIGNY,"À CONFIRMER : onglet intégré au classeur Normand Direct Terroir, canal de commande non précisé",À CONFIRMER,À CONFIRMER,À CONFIRMER,À CONFIRMER,À CONFIRMER,,APPELLATION_PORTANT_SUR_UN_INGREDIENT_SEULEMENT,NORMANDIE_INDIQUEE_DANS_LE_NOM_A_VERIFIER,À CONFIRMER,1000.0,,1KG,,NON,,À CONFIRMER,,13.65,13.65,unité,Prix unitaire HT,0.2,16.38,13.65,,,,,,,,,1KG,,,,Vrac 3kg minimum (mention du catalogue : « CARAMELS PAPILLOTES - CELLOPHANE IMPRIMÉE / Vrac 3kg minimum »),À CONFIRMER,À CONFIRMER,À CONFIRMER,À CONFIRMER,À CONFIRMER,À CONFIRMER,À CONFIRMER,NON_DEDUIT_DU_CONDITIONNEMENT,NON,À CONFIRMER,À CONFIRMER,À CONFIRMER,À CONFIRMER,À CONFIRMER,À CONFIRMER,À CONFIRMER,À CONFIRMER,À CONFIRMER,SIGNATURE,3,palier de prix d'achat (13.65 € HT) → 4 ; produit vrac / usage professionnel → -1,PROPOSITION AUTOMATIQUE – À VALIDER EN BACK-OFFICE,À CONFIRMER,À CONFIRMER,NON,À CONFIRMER,PRODUIT_LOURD,À CONFIRMER,À CONFIRMER,À CONFIRMER,À CONFIRMER,À CONFIRMER,À CONFIRMER,SUR_COMMANDE (document = catalogue tarifé 2026),PRODUIT,LIBELLÉ IDENTIQUE – MÊME PRODUCTEUR,,,32,Tarif et bon de commande 2026 – onglet « CARAMELS ISIGNY 2026 »,ligne 121 – LES CARAMELS EN VRAC (page 16)
PROD-0584,NC01469,VRAC CRÈME D’ISIGNY AOP,12.VRAC CRÈME D’ISIGNY AOP,Gamme : LES CARAMELS EN VRAC (page 16) – CARAMELS PAPILLOTES - CELLOPHANE IMPRIMÉE / Vrac 3kg minimum,CONFISERIE,CARAMEL_VRAC,gamme « LES CARAMELS EN VRAC (page 16) » du catalogue Isigny,CARAMELS D'ISIGNY,FOUR-0002,CARAMELS D'ISIGNY,LES CARAMELS EN VRAC (page 16),FOUR-0002,CARAMELS D'ISIGNY,"À CONFIRMER : onglet intégré au classeur Normand Direct Terroir, canal de commande non précisé",À CONFIRMER,À CONFIRMER,À CONFIRMER,À CONFIRMER,À CONFIRMER,,APPELLATION_PORTANT_SUR_UN_INGREDIENT_SEULEMENT,NORMANDIE_INDIQUEE_DANS_LE_NOM_A_VERIFIER,À CONFIRMER,1000.0,,1KG,,NON,,À CONFIRMER,,13.65,13.65,unité,Prix unitaire HT,0.2,16.38,13.65,,,,,,,,,1KG,,,,Vrac 3kg minimum (mention du catalogue : « CARAMELS PAPILLOTES - CELLOPHANE IMPRIMÉE / Vrac 3kg minimum »),À CONFIRMER,À CONFIRMER,À CONFIRMER,À CONFIRMER,À CONFIRMER,À CONFIRMER,À CONFIRMER,NON_DEDUIT_DU_CONDITIONNEMENT,NON,À CONFIRMER,À CONFIRMER,À CONFIRMER,À CONFIRMER,À CONFIRMER,À CONFIRMER,À CONFIRMER,À CONFIRMER,À CONFIRMER,SIGNATURE,3,palier de prix d'achat (13.65 € HT) → 4 ; produit vrac / usage professionnel → -1,PROPOSITION AUTOMATIQUE – À VALIDER EN BACK-OFFICE,À CONFIRMER,À CONFIRMER,NON,À CONFIRMER,PRODUIT_LOURD,À CONFIRMER,À CONFIRMER,À CONFIRMER,À CONFIRMER,À CONFIRMER,À CONFIRMER,SUR_COMMANDE (document = catalogue tarifé 2026),PRODUIT,,,,32,Tarif et bon de commande 2026 – onglet « CARAMELS ISIGNY 2026 »,ligne 122 – LES CARAMELS EN VRAC (page 16)
PROD-0585,NC01480,VRAC BEURRE SALÉ ET CRÈME D’ISIGNY AOP,13.VRAC BEURRE SALÉ ET CRÈME D’ISIGNY AOP,Gamme : LES CARAMELS EN VRAC (page 16) – CARAMELS PAPILLOTES - CELLOPHANE IMPRIMÉE / Vrac 3kg minimum,CONFISERIE,CARAMEL_VRAC,gamme « LES CARAMELS EN VRAC (page 16) » du catalogue Isigny,CARAMELS D'ISIGNY,FOUR-0002,CARAMELS D'ISIGNY,LES CARAMELS EN VRAC (page 16),FOUR-0002,CARAMELS D'ISIGNY,"À CONFIRMER : onglet intégré au classeur Normand Direct Terroir, canal de commande non précisé",À CONFIRMER,À CONFIRMER,À CONFIRMER,À CONFIRMER,À CONFIRMER,,APPELLATION_PORTANT_SUR_UN_INGREDIENT_SEULEMENT,NORMANDIE_INDIQUEE_DANS_LE_NOM_A_VERIFIER,À CONFIRMER,1000.0,,1KG,,NON,,À CONFIRMER,,13.65,13.65,unité,Prix unitaire HT,0.2,16.38,13.65,,,,,,,,,1KG,,,,Vrac 3kg minimum (mention du catalogue : « CARAMELS PAPILLOTES - CELLOPHANE IMPRIMÉE / Vrac 3kg minimum »),À CONFIRMER,À CONFIRMER,À CONFIRMER,À CONFIRMER,À CONFIRMER,À CONFIRMER,À CONFIRMER,NON_DEDUIT_DU_CONDITIONNEMENT,NON,À CONFIRMER,À CONFIRMER,À CONFIRMER,À CONFIRMER,À CONFIRMER,À CONFIRMER,À CONFIRMER,À CONFIRMER,À CONFIRMER,SIGNATURE,3,palier de prix d'achat (13.65 € HT) → 4 ; produit vrac / usage professionnel → -1,PROPOSITION AUTOMATIQUE – À VALIDER EN BACK-OFFICE,À CONFIRMER,À CONFIRMER,NON,À CONFIRMER,PRODUIT_LOURD,À CONFIRMER,À CONFIRMER,À CONFIRMER,À CONFIRMER,À CONFIRMER,À CONFIRMER,SUR_COMMANDE (document = catalogue tarifé 2026),PRODUIT,,,,32,Tarif et bon de commande 2026 – onglet « CARAMELS ISIGNY 2026 »,ligne 123 – LES CARAMELS EN VRAC (page 16)
PROD-0586,NC01549,VRAC GOÛT TATIN,14.VRAC GOÛT TATIN,Gamme : LES CARAMELS EN VRAC (page 16) – CARAMELS PAPILLOTES - CELLOPHANE IMPRIMÉE / Vrac 3kg minimum,CONFISERIE,CARAMEL_VRAC,gamme « LES CARAMELS EN VRAC (page 16) » du catalogue Isigny,CARAMELS D'ISIGNY,FOUR-0002,CARAMELS D'ISIGNY,LES CARAMELS EN VRAC (page 16),FOUR-0002,CARAMELS D'ISIGNY,"À CONFIRMER : onglet intégré au classeur Normand Direct Terroir, canal de commande non précisé",À CONFIRMER,À CONFIRMER,À CONFIRMER,À CONFIRMER,À CONFIRMER,,AUCUNE_INFORMATION_DANS_LES_DOCUMENTS,À CONFIRMER,À CONFIRMER,1000.0,,1KG,,NON,,À CONFIRMER,,13.65,13.65,unité,Prix unitaire HT,0.2,16.38,13.65,,,,,,,,,1KG,,,,Vrac 3kg minimum (mention du catalogue : « CARAMELS PAPILLOTES - CELLOPHANE IMPRIMÉE / Vrac 3kg minimum »),À CONFIRMER,À CONFIRMER,À CONFIRMER,À CONFIRMER,À CONFIRMER,À CONFIRMER,À CONFIRMER,NON_DEDUIT_DU_CONDITIONNEMENT,NON,À CONFIRMER,À CONFIRMER,À CONFIRMER,À CONFIRMER,À CONFIRMER,À CONFIRMER,À CONFIRMER,À CONFIRMER,À CONFIRMER,SIGNATURE,3,palier de prix d'achat (13.65 € HT) → 4 ; produit vrac / usage professionnel → -1,PROPOSITION AUTOMATIQUE – À VALIDER EN BACK-OFFICE,À CONFIRMER,À CONFIRMER,NON,À CONFIRMER,PRODUIT_LOURD,À CONFIRMER,À CONFIRMER,À CONFIRMER,À CONFIRMER,À CONFIRMER,À CONFIRMER,SUR_COMMANDE (document = catalogue tarifé 2026),PRODUIT,,,,33,Tarif et bon de commande 2026 – onglet « CARAMELS ISIGNY 2026 »,ligne 124 – LES CARAMELS EN VRAC (page 16)
PROD-0587,NC01531,VRAC CHOCOLAT,15.VRAC CHOCOLAT,Gamme : LES CARAMELS EN VRAC (page 16) – CARAMELS PAPILLOTES - CELLOPHANE IMPRIMÉE / Vrac 3kg minimum,CONFISERIE,CARAMEL_VRAC,gamme « LES CARAMELS EN VRAC (page 16) » du catalogue Isigny,CARAMELS D'ISIGNY,FOUR-0002,CARAMELS D'ISIGNY,LES CARAMELS EN VRAC (page 16),FOUR-0002,CARAMELS D'ISIGNY,"À CONFIRMER : onglet intégré au classeur Normand Direct Terroir, canal de commande non précisé",À CONFIRMER,À CONFIRMER,À CONFIRMER,À CONFIRMER,À CONFIRMER,,AUCUNE_INFORMATION_DANS_LES_DOCUMENTS,À CONFIRMER,À CONFIRMER,1000.0,,1KG,,NON,,À CONFIRMER,,13.65,13.65,unité,Prix unitaire HT,0.2,16.38,13.65,,,,,,,,,1KG,,,,Vrac 3kg minimum (mention du catalogue : « CARAMELS PAPILLOTES - CELLOPHANE IMPRIMÉE / Vrac 3kg minimum »),À CONFIRMER,À CONFIRMER,À CONFIRMER,À CONFIRMER,À CONFIRMER,À CONFIRMER,À CONFIRMER,NON_DEDUIT_DU_CONDITIONNEMENT,NON,À CONFIRMER,À CONFIRMER,À CONFIRMER,À CONFIRMER,À CONFIRMER,À CONFIRMER,À CONFIRMER,À CONFIRMER,À CONFIRMER,SIGNATURE,3,palier de prix d'achat (13.65 € HT) → 4 ; produit vrac / usage professionnel → -1,PROPOSITION AUTOMATIQUE – À VALIDER EN BACK-OFFICE,À CONFIRMER,À CONFIRMER,NON,À CONFIRMER,PRODUIT_LOURD,À CONFIRMER,À CONFIRMER,À CONFIRMER,À CONFIRMER,À CONFIRMER,À CONFIRMER,SUR_COMMANDE (document = catalogue tarifé 2026),PRODUIT,LIBELLÉ IDENTIQUE – MÊME PRODUCTEUR,,,33,Tarif et bon de commande 2026 – onglet « CARAMELS ISIGNY 2026 »,ligne 125 – LES CARAMELS EN VRAC (page 16)
PROD-0588,NC01532,VRAC NOISETTE,16.VRAC NOISETTE,Gamme : LES CARAMELS EN VRAC (page 16) – CARAMELS PAPILLOTES - CELLOPHANE IMPRIMÉE / Vrac 3kg minimum,CONFISERIE,CARAMEL_VRAC,gamme « LES CARAMELS EN VRAC (page 16) » du catalogue Isigny,CARAMELS D'ISIGNY,FOUR-0002,CARAMELS D'ISIGNY,LES CARAMELS EN VRAC (page 16),FOUR-0002,CARAMELS D'ISIGNY,"À CONFIRMER : onglet intégré au classeur Normand Direct Terroir, canal de commande non précisé",À CONFIRMER,À CONFIRMER,À CONFIRMER,À CONFIRMER,À CONFIRMER,,AUCUNE_INFORMATION_DANS_LES_DOCUMENTS,À CONFIRMER,À CONFIRMER,1000.0,,1KG,,NON,,À CONFIRMER,,13.65,13.65,unité,Prix unitaire HT,0.2,16.38,13.65,,,,,,,,,1KG,,,,Vrac 3kg minimum (mention du catalogue : « CARAMELS PAPILLOTES - CELLOPHANE IMPRIMÉE / Vrac 3kg minimum »),À CONFIRMER,À CONFIRMER,À CONFIRMER,À CONFIRMER,À CONFIRMER,À CONFIRMER,À CONFIRMER,NON_DEDUIT_DU_CONDITIONNEMENT,NON,À CONFIRMER,À CONFIRMER,À CONFIRMER,À CONFIRMER,À CONFIRMER,À CONFIRMER,À CONFIRMER,À CONFIRMER,À CONFIRMER,SIGNATURE,3,palier de prix d'achat (13.65 € HT) → 4 ; produit vrac / usage professionnel → -1,PROPOSITION AUTOMATIQUE – À VALIDER EN BACK-OFFICE,À CONFIRMER,À CONFIRMER,NON,À CONFIRMER,PRODUIT_LOURD,À CONFIRMER,À CONFIRMER,À CONFIRMER,À CONFIRMER,À CONFIRMER,À CONFIRMER,SUR_COMMANDE (document = catalogue tarifé 2026),PRODUIT,LIBELLÉ IDENTIQUE – MÊME PRODUCTEUR,,,33,Tarif et bon de commande 2026 – onglet « CARAMELS ISIGNY 2026 »,ligne 126 – LES CARAMELS EN VRAC (page 16)
PROD-0589,NC01530,VRAC CAFÉ,17.VRAC CAFÉ,Gamme : LES CARAMELS EN VRAC (page 16) – CARAMELS PAPILLOTES - CELLOPHANE IMPRIMÉE / Vrac 3kg minimum,CONFISERIE,CARAMEL_VRAC,gamme « LES CARAMELS EN VRAC (page 16) » du catalogue Isigny,CARAMELS D'ISIGNY,FOUR-0002,CARAMELS D'ISIGNY,LES CARAMELS EN VRAC (page 16),FOUR-0002,CARAMELS D'ISIGNY,"À CONFIRMER : onglet intégré au classeur Normand Direct Terroir, canal de commande non précisé",À CONFIRMER,À CONFIRMER,À CONFIRMER,À CONFIRMER,À CONFIRMER,,AUCUNE_INFORMATION_DANS_LES_DOCUMENTS,À CONFIRMER,À CONFIRMER,1000.0,,1KG,,NON,,À CONFIRMER,,13.65,13.65,unité,Prix unitaire HT,0.2,16.38,13.65,,,,,,,,,1KG,,,,Vrac 3kg minimum (mention du catalogue : « CARAMELS PAPILLOTES - CELLOPHANE IMPRIMÉE / Vrac 3kg minimum »),À CONFIRMER,À CONFIRMER,À CONFIRMER,À CONFIRMER,À CONFIRMER,À CONFIRMER,À CONFIRMER,NON_DEDUIT_DU_CONDITIONNEMENT,NON,À CONFIRMER,À CONFIRMER,À CONFIRMER,À CONFIRMER,À CONFIRMER,À CONFIRMER,À CONFIRMER,À CONFIRMER,À CONFIRMER,SIGNATURE,3,palier de prix d'achat (13.65 € HT) → 4 ; produit vrac / usage professionnel → -1,PROPOSITION AUTOMATIQUE – À VALIDER EN BACK-OFFICE,À CONFIRMER,À CONFIRMER,NON,À CONFIRMER,PRODUIT_LOURD,À CONFIRMER,À CONFIRMER,À CONFIRMER,À CONFIRMER,À CONFIRMER,À CONFIRMER,SUR_COMMANDE (document = catalogue tarifé 2026),PRODUIT,LIBELLÉ IDENTIQUE – MÊME PRODUCTEUR,,,33,Tarif et bon de commande 2026 – onglet « CARAMELS ISIGNY 2026 »,ligne 127 – LES CARAMELS EN VRAC (page 16)
PROD-0590,NC01559,VRAC CALVADOS,18.VRAC CALVADOS,Gamme : LES CARAMELS EN VRAC (page 16) – CARAMELS PAPILLOTES - CELLOPHANE IMPRIMÉE / Vrac 3kg minimum,CONFISERIE,CARAMEL_VRAC,gamme « LES CARAMELS EN VRAC (page 16) » du catalogue Isigny,CARAMELS D'ISIGNY,FOUR-0002,CARAMELS D'ISIGNY,LES CARAMELS EN VRAC (page 16),FOUR-0002,CARAMELS D'ISIGNY,"À CONFIRMER : onglet intégré au classeur Normand Direct Terroir, canal de commande non précisé",À CONFIRMER,À CONFIRMER,À CONFIRMER,À CONFIRMER,À CONFIRMER,,AUCUNE_INFORMATION_DANS_LES_DOCUMENTS,À CONFIRMER,À CONFIRMER,1000.0,,1KG,À CONFIRMER,INGREDIENT_ALCOOLISE,Alcool cité comme ingrédient dans le libellé,À CONFIRMER,,13.65,13.65,unité,Prix unitaire HT,0.2,16.38,13.65,,,,,,,,,1KG,,,,Vrac 3kg minimum (mention du catalogue : « CARAMELS PAPILLOTES - CELLOPHANE IMPRIMÉE / Vrac 3kg minimum »),À CONFIRMER,À CONFIRMER,À CONFIRMER,À CONFIRMER,À CONFIRMER,À CONFIRMER,À CONFIRMER,NON_DEDUIT_DU_CONDITIONNEMENT,NON,À CONFIRMER,À CONFIRMER,À CONFIRMER,À CONFIRMER,À CONFIRMER,À CONFIRMER,À CONFIRMER,À CONFIRMER,À CONFIRMER,SIGNATURE,3,palier de prix d'achat (13.65 € HT) → 4 ; produit vrac / usage professionnel → -1,PROPOSITION AUTOMATIQUE – À VALIDER EN BACK-OFFICE,À CONFIRMER,À CONFIRMER,NON,À CONFIRMER,PRODUIT_LOURD,À CONFIRMER,À CONFIRMER,À CONFIRMER,À CONFIRMER,À CONFIRMER,À CONFIRMER,SUR_COMMANDE (document = catalogue tarifé 2026),PRODUIT,,,,34,Tarif et bon de commande 2026 – onglet « CARAMELS ISIGNY 2026 »,ligne 128 – LES CARAMELS EN VRAC (page 16)
PROD-0591,NC01558,VRAC POMME,19.VRAC POMME,Gamme : LES CARAMELS EN VRAC (page 16) – CARAMELS PAPILLOTES - CELLOPHANE IMPRIMÉE / Vrac 3kg minimum,CONFISERIE,CARAMEL_VRAC,gamme « LES CARAMELS EN VRAC (page 16) » du catalogue Isigny,CARAMELS D'ISIGNY,FOUR-0002,CARAMELS D'ISIGNY,LES CARAMELS EN VRAC (page 16),FOUR-0002,CARAMELS D'ISIGNY,"À CONFIRMER : onglet intégré au classeur Normand Direct Terroir, canal de commande non précisé",À CONFIRMER,À CONFIRMER,À CONFIRMER,À CONFIRMER,À CONFIRMER,,AUCUNE_INFORMATION_DANS_LES_DOCUMENTS,À CONFIRMER,À CONFIRMER,1000.0,,1KG,,NON,,À CONFIRMER,,13.65,13.65,unité,Prix unitaire HT,0.2,16.38,13.65,,,,,,,,,1KG,,,,Vrac 3kg minimum (mention du catalogue : « CARAMELS PAPILLOTES - CELLOPHANE IMPRIMÉE / Vrac 3kg minimum »),À CONFIRMER,À CONFIRMER,À CONFIRMER,À CONFIRMER,À CONFIRMER,À CONFIRMER,À CONFIRMER,NON_DEDUIT_DU_CONDITIONNEMENT,NON,À CONFIRMER,À CONFIRMER,À CONFIRMER,À CONFIRMER,À CONFIRMER,À CONFIRMER,À CONFIRMER,À CONFIRMER,À CONFIRMER,SIGNATURE,3,palier de prix d'achat (13.65 € HT) → 4 ; produit vrac / usage professionnel → -1,PROPOSITION AUTOMATIQUE – À VALIDER EN BACK-OFFICE,À CONFIRMER,À CONFIRMER,NON,À CONFIRMER,PRODUIT_LOURD,À CONFIRMER,À CONFIRMER,À CONFIRMER,À CONFIRMER,À CONFIRMER,À CONFIRMER,SUR_COMMANDE (document = catalogue tarifé 2026),PRODUIT,,,,33,Tarif et bon de commande 2026 – onglet « CARAMELS ISIGNY 2026 »,ligne 129 – LES CARAMELS EN VRAC (page 16)
PROD-0592,NC01465,VRAC ASSORTIMENT TRADITION,20.VRAC ASSORTIMENT TRADITION,Gamme : LES CARAMELS EN VRAC (page 16) – CARAMELS PAPILLOTES - CELLOPHANE IMPRIMÉE / Vrac 3kg minimum,CONFISERIE,CARAMEL_VRAC,gamme « LES CARAMELS EN VRAC (page 16) » du catalogue Isigny,CARAMELS D'ISIGNY,FOUR-0002,CARAMELS D'ISIGNY,LES CARAMELS EN VRAC (page 16),FOUR-0002,CARAMELS D'ISIGNY,"À CONFIRMER : onglet intégré au classeur Normand Direct Terroir, canal de commande non précisé",À CONFIRMER,À CONFIRMER,À CONFIRMER,À CONFIRMER,À CONFIRMER,,AUCUNE_INFORMATION_DANS_LES_DOCUMENTS,À CONFIRMER,À CONFIRMER,1000.0,,1KG,,NON,,À CONFIRMER,,13.65,13.65,unité,Prix unitaire HT,0.2,16.38,13.65,,,,,,,,,1KG,,,,Vrac 3kg minimum (mention du catalogue : « CARAMELS PAPILLOTES - CELLOPHANE IMPRIMÉE / Vrac 3kg minimum »),À CONFIRMER,À CONFIRMER,À CONFIRMER,À CONFIRMER,À CONFIRMER,À CONFIRMER,À CONFIRMER,NON_DEDUIT_DU_CONDITIONNEMENT,NON,À CONFIRMER,À CONFIRMER,À CONFIRMER,À CONFIRMER,À CONFIRMER,À CONFIRMER,À CONFIRMER,À CONFIRMER,À CONFIRMER,SIGNATURE,3,palier de prix d'achat (13.65 € HT) → 4 ; produit vrac / usage professionnel → -1,PROPOSITION AUTOMATIQUE – À VALIDER EN BACK-OFFICE,À CONFIRMER,À CONFIRMER,NON,À CONFIRMER,PRODUIT_LOURD,À CONFIRMER,À CONFIRMER,À CONFIRMER,À CONFIRMER,À CONFIRMER,À CONFIRMER,SUR_COMMANDE (document = catalogue tarifé 2026),PRODUIT,,,,33,Tarif et bon de commande 2026 – onglet « CARAMELS ISIGNY 2026 »,ligne 130 – LES CARAMELS EN VRAC (page 16)
PROD-0593,NC01477,VRAC ASSORTIMENT NORMANDIE,21.VRAC ASSORTIMENT NORMANDIE,Gamme : LES CARAMELS EN VRAC (page 16) – CARAMELS PAPILLOTES - CELLOPHANE IMPRIMÉE / Vrac 3kg minimum,CONFISERIE,CARAMEL_VRAC,gamme « LES CARAMELS EN VRAC (page 16) » du catalogue Isigny,CARAMELS D'ISIGNY,FOUR-0002,CARAMELS D'ISIGNY,LES CARAMELS EN VRAC (page 16),FOUR-0002,CARAMELS D'ISIGNY,"À CONFIRMER : onglet intégré au classeur Normand Direct Terroir, canal de commande non précisé",À CONFIRMER,À CONFIRMER,À CONFIRMER,À CONFIRMER,À CONFIRMER,,INDICE_DANS_LE_NOM_DU_PRODUIT_SEULEMENT,NORMANDIE_INDIQUEE_DANS_LE_NOM_A_VERIFIER,À CONFIRMER,1000.0,,1KG,,NON,,À CONFIRMER,,13.65,13.65,unité,Prix unitaire HT,0.2,16.38,13.65,,,,,,,,,1KG,,,,Vrac 3kg minimum (mention du catalogue : « CARAMELS PAPILLOTES - CELLOPHANE IMPRIMÉE / Vrac 3kg minimum »),À CONFIRMER,À CONFIRMER,À CONFIRMER,À CONFIRMER,À CONFIRMER,À CONFIRMER,À CONFIRMER,NON_DEDUIT_DU_CONDITIONNEMENT,NON,À CONFIRMER,À CONFIRMER,À CONFIRMER,À CONFIRMER,À CONFIRMER,À CONFIRMER,À CONFIRMER,À CONFIRMER,À CONFIRMER,SIGNATURE,3,palier de prix d'achat (13.65 € HT) → 4 ; produit vrac / usage professionnel → -1,PROPOSITION AUTOMATIQUE – À VALIDER EN BACK-OFFICE,À CONFIRMER,À CONFIRMER,NON,À CONFIRMER,PRODUIT_LOURD,À CONFIRMER,À CONFIRMER,À CONFIRMER,À CONFIRMER,À CONFIRMER,À CONFIRMER,SUR_COMMANDE (document = catalogue tarifé 2026),PRODUIT,,,,32,Tarif et bon de commande 2026 – onglet « CARAMELS ISIGNY 2026 »,ligne 131 – LES CARAMELS EN VRAC (page 16)
PROD-0594,NC01513,VRAC BEURRE DOUX D’ISIGNY AOP,22.VRAC BEURRE DOUX D’ISIGNY AOP,Gamme : LES CARAMELS EN VRAC (page 16) – CARAMELS PAPILLOTES - CELLOPHANE NEUTRE / Vrac 3kg minimum,CONFISERIE,CARAMEL_VRAC,gamme « LES CARAMELS EN VRAC (page 16) » du catalogue Isigny,CARAMELS D'ISIGNY,FOUR-0002,CARAMELS D'ISIGNY,LES CARAMELS EN VRAC (page 16),FOUR-0002,CARAMELS D'ISIGNY,"À CONFIRMER : onglet intégré au classeur Normand Direct Terroir, canal de commande non précisé",À CONFIRMER,À CONFIRMER,À CONFIRMER,À CONFIRMER,À CONFIRMER,,APPELLATION_PORTANT_SUR_UN_INGREDIENT_SEULEMENT,NORMANDIE_INDIQUEE_DANS_LE_NOM_A_VERIFIER,À CONFIRMER,1000.0,,1KG,,NON,,À CONFIRMER,,13.0,13,unité,Prix/KG,0.2,15.6,13.0,,,,,,,,,1KG,,,,Vrac 3kg minimum (mention du catalogue : « CARAMELS PAPILLOTES - CELLOPHANE NEUTRE / Vrac 3kg minimum »),À CONFIRMER,À CONFIRMER,À CONFIRMER,À CONFIRMER,À CONFIRMER,À CONFIRMER,À CONFIRMER,NON_DEDUIT_DU_CONDITIONNEMENT,NON,À CONFIRMER,À CONFIRMER,À CONFIRMER,À CONFIRMER,À CONFIRMER,À CONFIRMER,À CONFIRMER,À CONFIRMER,À CONFIRMER,SIGNATURE,3,palier de prix d'achat (13.00 € HT) → 4 ; produit vrac / usage professionnel → -1,PROPOSITION AUTOMATIQUE – À VALIDER EN BACK-OFFICE,À CONFIRMER,À CONFIRMER,NON,À CONFIRMER,PRODUIT_LOURD,À CONFIRMER,À CONFIRMER,À CONFIRMER,À CONFIRMER,À CONFIRMER,À CONFIRMER,SUR_COMMANDE (document = catalogue tarifé 2026),PRODUIT,LIBELLÉ IDENTIQUE – MÊME PRODUCTEUR,,,32,Tarif et bon de commande 2026 – onglet « CARAMELS ISIGNY 2026 »,ligne 133 – LES CARAMELS EN VRAC (page 16)
PROD-0595,NC01510,VRAC CAFÉ,23.VRAC CAFÉ,Gamme : LES CARAMELS EN VRAC (page 16) – CARAMELS PAPILLOTES - CELLOPHANE NEUTRE / Vrac 3kg minimum,CONFISERIE,CARAMEL_VRAC,gamme « LES CARAMELS EN VRAC (page 16) » du catalogue Isigny,CARAMELS D'ISIGNY,FOUR-0002,CARAMELS D'ISIGNY,LES CARAMELS EN VRAC (page 16),FOUR-0002,CARAMELS D'ISIGNY,"À CONFIRMER : onglet intégré au classeur Normand Direct Terroir, canal de commande non précisé",À CONFIRMER,À CONFIRMER,À CONFIRMER,À CONFIRMER,À CONFIRMER,,AUCUNE_INFORMATION_DANS_LES_DOCUMENTS,À CONFIRMER,À CONFIRMER,1000.0,,1KG,,NON,,À CONFIRMER,,13.0,13,unité,Prix/KG,0.2,15.6,13.0,,,,,,,,,1KG,,,,Vrac 3kg minimum (mention du catalogue : « CARAMELS PAPILLOTES - CELLOPHANE NEUTRE / Vrac 3kg minimum »),À CONFIRMER,À CONFIRMER,À CONFIRMER,À CONFIRMER,À CONFIRMER,À CONFIRMER,À CONFIRMER,NON_DEDUIT_DU_CONDITIONNEMENT,NON,À CONFIRMER,À CONFIRMER,À CONFIRMER,À CONFIRMER,À CONFIRMER,À CONFIRMER,À CONFIRMER,À CONFIRMER,À CONFIRMER,SIGNATURE,3,palier de prix d'achat (13.00 € HT) → 4 ; produit vrac / usage professionnel → -1,PROPOSITION AUTOMATIQUE – À VALIDER EN BACK-OFFICE,À CONFIRMER,À CONFIRMER,NON,À CONFIRMER,PRODUIT_LOURD,À CONFIRMER,À CONFIRMER,À CONFIRMER,À CONFIRMER,À CONFIRMER,À CONFIRMER,SUR_COMMANDE (document = catalogue tarifé 2026),PRODUIT,LIBELLÉ IDENTIQUE – MÊME PRODUCTEUR,,,33,Tarif et bon de commande 2026 – onglet « CARAMELS ISIGNY 2026 »,ligne 134 – LES CARAMELS EN VRAC (page 16)
PROD-0596,NC01511,VRAC CHOCOLAT,24.VRAC CHOCOLAT,Gamme : LES CARAMELS EN VRAC (page 16) – CARAMELS PAPILLOTES - CELLOPHANE NEUTRE / Vrac 3kg minimum,CONFISERIE,CARAMEL_VRAC,gamme « LES CARAMELS EN VRAC (page 16) » du catalogue Isigny,CARAMELS D'ISIGNY,FOUR-0002,CARAMELS D'ISIGNY,LES CARAMELS EN VRAC (page 16),FOUR-0002,CARAMELS D'ISIGNY,"À CONFIRMER : onglet intégré au classeur Normand Direct Terroir, canal de commande non précisé",À CONFIRMER,À CONFIRMER,À CONFIRMER,À CONFIRMER,À CONFIRMER,,AUCUNE_INFORMATION_DANS_LES_DOCUMENTS,À CONFIRMER,À CONFIRMER,1000.0,,1KG,,NON,,À CONFIRMER,,13.0,13,unité,Prix/KG,0.2,15.6,13.0,,,,,,,,,1KG,,,,Vrac 3kg minimum (mention du catalogue : « CARAMELS PAPILLOTES - CELLOPHANE NEUTRE / Vrac 3kg minimum »),À CONFIRMER,À CONFIRMER,À CONFIRMER,À CONFIRMER,À CONFIRMER,À CONFIRMER,À CONFIRMER,NON_DEDUIT_DU_CONDITIONNEMENT,NON,À CONFIRMER,À CONFIRMER,À CONFIRMER,À CONFIRMER,À CONFIRMER,À CONFIRMER,À CONFIRMER,À CONFIRMER,À CONFIRMER,SIGNATURE,3,palier de prix d'achat (13.00 € HT) → 4 ; produit vrac / usage professionnel → -1,PROPOSITION AUTOMATIQUE – À VALIDER EN BACK-OFFICE,À CONFIRMER,À CONFIRMER,NON,À CONFIRMER,PRODUIT_LOURD,À CONFIRMER,À CONFIRMER,À CONFIRMER,À CONFIRMER,À CONFIRMER,À CONFIRMER,SUR_COMMANDE (document = catalogue tarifé 2026),PRODUIT,LIBELLÉ IDENTIQUE – MÊME PRODUCTEUR,,,33,Tarif et bon de commande 2026 – onglet « CARAMELS ISIGNY 2026 »,ligne 135 – LES CARAMELS EN VRAC (page 16)
PROD-0597,NC01512,VRAC NOISETTE,25.VRAC NOISETTE,Gamme : LES CARAMELS EN VRAC (page 16) – CARAMELS PAPILLOTES - CELLOPHANE NEUTRE / Vrac 3kg minimum,CONFISERIE,CARAMEL_VRAC,gamme « LES CARAMELS EN VRAC (page 16) » du catalogue Isigny,CARAMELS D'ISIGNY,FOUR-0002,CARAMELS D'ISIGNY,LES CARAMELS EN VRAC (page 16),FOUR-0002,CARAMELS D'ISIGNY,"À CONFIRMER : onglet intégré au classeur Normand Direct Terroir, canal de commande non précisé",À CONFIRMER,À CONFIRMER,À CONFIRMER,À CONFIRMER,À CONFIRMER,,AUCUNE_INFORMATION_DANS_LES_DOCUMENTS,À CONFIRMER,À CONFIRMER,1000.0,,1KG,,NON,,À CONFIRMER,,13.0,13,unité,Prix/KG,0.2,15.6,13.0,,,,,,,,,1KG,,,,Vrac 3kg minimum (mention du catalogue : « CARAMELS PAPILLOTES - CELLOPHANE NEUTRE / Vrac 3kg minimum »),À CONFIRMER,À CONFIRMER,À CONFIRMER,À CONFIRMER,À CONFIRMER,À CONFIRMER,À CONFIRMER,NON_DEDUIT_DU_CONDITIONNEMENT,NON,À CONFIRMER,À CONFIRMER,À CONFIRMER,À CONFIRMER,À CONFIRMER,À CONFIRMER,À CONFIRMER,À CONFIRMER,À CONFIRMER,SIGNATURE,3,palier de prix d'achat (13.00 € HT) → 4 ; produit vrac / usage professionnel → -1,PROPOSITION AUTOMATIQUE – À VALIDER EN BACK-OFFICE,À CONFIRMER,À CONFIRMER,NON,À CONFIRMER,PRODUIT_LOURD,À CONFIRMER,À CONFIRMER,À CONFIRMER,À CONFIRMER,À CONFIRMER,À CONFIRMER,SUR_COMMANDE (document = catalogue tarifé 2026),PRODUIT,LIBELLÉ IDENTIQUE – MÊME PRODUCTEUR,,,33,Tarif et bon de commande 2026 – onglet « CARAMELS ISIGNY 2026 »,ligne 136 – LES CARAMELS EN VRAC (page 16)
PROD-0598,NC01225,BOÎTE 2KG CRÈME D’ISIGNY AOP,26.BOÎTE 2KG CRÈME D’ISIGNY AOP,Gamme : LES CARAMELS EN VRAC (page 17) – CARAMELS PÂTISSIERS - CELLOPHANE IMPRIMÉE / boite de 2kg,CONFISERIE,CARAMEL_VRAC,gamme « LES CARAMELS EN VRAC (page 17) » du catalogue Isigny,CARAMELS D'ISIGNY,FOUR-0002,CARAMELS D'ISIGNY,LES CARAMELS EN VRAC (page 17),FOUR-0002,CARAMELS D'ISIGNY,"À CONFIRMER : onglet intégré au classeur Normand Direct Terroir, canal de commande non précisé",À CONFIRMER,À CONFIRMER,À CONFIRMER,À CONFIRMER,À CONFIRMER,,APPELLATION_PORTANT_SUR_UN_INGREDIENT_SEULEMENT,NORMANDIE_INDIQUEE_DANS_LE_NOM_A_VERIFIER,À CONFIRMER,2000.0,,2KG,,NON,,À CONFIRMER,,32.2,16.1,unité,Prix/Unitaire,0.2,38.64,16.1,,,,,,,,,2KG,,,,boite de 2kg (mention du catalogue : « CARAMELS PÂTISSIERS - CELLOPHANE IMPRIMÉE / boite de 2kg »),À CONFIRMER,À CONFIRMER,À CONFIRMER,À CONFIRMER,À CONFIRMER,À CONFIRMER,À CONFIRMER,NON_DEDUIT_DU_CONDITIONNEMENT,NON,À CONFIRMER,À CONFIRMER,À CONFIRMER,À CONFIRMER,À CONFIRMER,À CONFIRMER,À CONFIRMER,À CONFIRMER,À CONFIRMER,PREMIUM,4,palier de prix d'achat (32.20 € HT) → 5 ; produit vrac / usage professionnel → -1,PROPOSITION AUTOMATIQUE – À VALIDER EN BACK-OFFICE,À CONFIRMER,À CONFIRMER,OUI,À CONFIRMER,PRODUIT_LOURD ; PREMIUM,À CONFIRMER,À CONFIRMER,À CONFIRMER,À CONFIRMER,À CONFIRMER,À CONFIRMER,SUR_COMMANDE (document = catalogue tarifé 2026),PRODUIT,,,,32,Tarif et bon de commande 2026 – onglet « CARAMELS ISIGNY 2026 »,ligne 140 – LES CARAMELS EN VRAC (page 17)
PROD-0599,NC01580,BOÎTE 2KG BEURRE SALÉ D’ISIGNY AOP,27.BOÎTE 2KG BEURRE SALÉ D’ISIGNY AOP,Gamme : LES CARAMELS EN VRAC (page 17) – CARAMELS PÂTISSIERS - CELLOPHANE IMPRIMÉE / boite de 2kg,CONFISERIE,CARAMEL_VRAC,gamme « LES CARAMELS EN VRAC (page 17) » du catalogue Isigny,CARAMELS D'ISIGNY,FOUR-0002,CARAMELS D'ISIGNY,LES CARAMELS EN VRAC (page 17),FOUR-0002,CARAMELS D'ISIGNY,"À CONFIRMER : onglet intégré au classeur Normand Direct Terroir, canal de commande non précisé",À CONFIRMER,À CONFIRMER,À CONFIRMER,À CONFIRMER,À CONFIRMER,,APPELLATION_PORTANT_SUR_UN_INGREDIENT_SEULEMENT,NORMANDIE_INDIQUEE_DANS_LE_NOM_A_VERIFIER,À CONFIRMER,2000.0,,2KG,,NON,,À CONFIRMER,,32.2,16.1,unité,Prix/Unitaire,0.2,38.64,16.1,,,,,,,,,2KG,,,,boite de 2kg (mention du catalogue : « CARAMELS PÂTISSIERS - CELLOPHANE IMPRIMÉE / boite de 2kg »),À CONFIRMER,À CONFIRMER,À CONFIRMER,À CONFIRMER,À CONFIRMER,À CONFIRMER,À CONFIRMER,NON_DEDUIT_DU_CONDITIONNEMENT,NON,À CONFIRMER,À CONFIRMER,À CONFIRMER,À CONFIRMER,À CONFIRMER,À CONFIRMER,À CONFIRMER,À CONFIRMER,À CONFIRMER,PREMIUM,4,palier de prix d'achat (32.20 € HT) → 5 ; produit vrac / usage professionnel → -1,PROPOSITION AUTOMATIQUE – À VALIDER EN BACK-OFFICE,À CONFIRMER,À CONFIRMER,OUI,À CONFIRMER,PRODUIT_LOURD ; PREMIUM,À CONFIRMER,À CONFIRMER,À CONFIRMER,À CONFIRMER,À CONFIRMER,À CONFIRMER,SUR_COMMANDE (document = catalogue tarifé 2026),PRODUIT,DOUBLON POTENTIEL,CONFLIT DE PRIX,,32,Tarif et bon de commande 2026 – onglet « CARAMELS ISIGNY 2026 »,ligne 141 – LES CARAMELS EN VRAC (page 17)
PROD-0600,NC01224,BOÎTE 2KG BEURRE DOUX D’ISIGNY AOP,28.BOÎTE 2KG BEURRE DOUX D’ISIGNY AOP,Gamme : LES CARAMELS EN VRAC (page 17) – CARAMELS PÂTISSIERS - CELLOPHANE IMPRIMÉE / boite de 2kg,CONFISERIE,CARAMEL_VRAC,gamme « LES CARAMELS EN VRAC (page 17) » du catalogue Isigny,CARAMELS D'ISIGNY,FOUR-0002,CARAMELS D'ISIGNY,LES CARAMELS EN VRAC (page 17),FOUR-0002,CARAMELS D'ISIGNY,"À CONFIRMER : onglet intégré au classeur Normand Direct Terroir, canal de commande non précisé",À CONFIRMER,À CONFIRMER,À CONFIRMER,À CONFIRMER,À CONFIRMER,,APPELLATION_PORTANT_SUR_UN_INGREDIENT_SEULEMENT,NORMANDIE_INDIQUEE_DANS_LE_NOM_A_VERIFIER,À CONFIRMER,2000.0,,2KG,,NON,,À CONFIRMER,,32.2,16.1,unité,Prix/Unitaire,0.2,38.64,16.1,,,,,,,,,2KG,,,,boite de 2kg (mention du catalogue : « CARAMELS PÂTISSIERS - CELLOPHANE IMPRIMÉE / boite de 2kg »),À CONFIRMER,À CONFIRMER,À CONFIRMER,À CONFIRMER,À CONFIRMER,À CONFIRMER,À CONFIRMER,NON_DEDUIT_DU_CONDITIONNEMENT,NON,À CONFIRMER,À CONFIRMER,À CONFIRMER,À CONFIRMER,À CONFIRMER,À CONFIRMER,À CONFIRMER,À CONFIRMER,À CONFIRMER,PREMIUM,4,palier de prix d'achat (32.20 € HT) → 5 ; produit vrac / usage professionnel → -1,PROPOSITION AUTOMATIQUE – À VALIDER EN BACK-OFFICE,À CONFIRMER,À CONFIRMER,OUI,À CONFIRMER,PRODUIT_LOURD ; PREMIUM,À CONFIRMER,À CONFIRMER,À CONFIRMER,À CONFIRMER,À CONFIRMER,À CONFIRMER,SUR_COMMANDE (document = catalogue tarifé 2026),PRODUIT,LIBELLÉ IDENTIQUE – MÊME PRODUCTEUR,,,32,Tarif et bon de commande 2026 – onglet « CARAMELS ISIGNY 2026 »,ligne 142 – LES CARAMELS EN VRAC (page 17)
PROD-0601,NC01299,BOÎTE 2KG CALVADOS,29.BOÎTE 2KG CALVADOS,Gamme : LES CARAMELS EN VRAC (page 17) – CARAMELS PÂTISSIERS - CELLOPHANE IMPRIMÉE / boite de 2kg,CONFISERIE,CARAMEL_VRAC,gamme « LES CARAMELS EN VRAC (page 17) » du catalogue Isigny,CARAMELS D'ISIGNY,FOUR-0002,CARAMELS D'ISIGNY,LES CARAMELS EN VRAC (page 17),FOUR-0002,CARAMELS D'ISIGNY,"À CONFIRMER : onglet intégré au classeur Normand Direct Terroir, canal de commande non précisé",À CONFIRMER,À CONFIRMER,À CONFIRMER,À CONFIRMER,À CONFIRMER,,AUCUNE_INFORMATION_DANS_LES_DOCUMENTS,À CONFIRMER,À CONFIRMER,2000.0,,2KG,À CONFIRMER,INGREDIENT_ALCOOLISE,Alcool cité comme ingrédient dans le libellé,À CONFIRMER,,32.2,16.1,unité,Prix/Unitaire,0.2,38.64,16.1,,,,,,,,,2KG,,,,boite de 2kg (mention du catalogue : « CARAMELS PÂTISSIERS - CELLOPHANE IMPRIMÉE / boite de 2kg »),À CONFIRMER,À CONFIRMER,À CONFIRMER,À CONFIRMER,À CONFIRMER,À CONFIRMER,À CONFIRMER,NON_DEDUIT_DU_CONDITIONNEMENT,NON,À CONFIRMER,À CONFIRMER,À CONFIRMER,À CONFIRMER,À CONFIRMER,À CONFIRMER,À CONFIRMER,À CONFIRMER,À CONFIRMER,PREMIUM,4,palier de prix d'achat (32.20 € HT) → 5 ; produit vrac / usage professionnel → -1,PROPOSITION AUTOMATIQUE – À VALIDER EN BACK-OFFICE,À CONFIRMER,À CONFIRMER,OUI,À CONFIRMER,PRODUIT_LOURD ; PREMIUM,À CONFIRMER,À CONFIRMER,À CONFIRMER,À CONFIRMER,À CONFIRMER,À CONFIRMER,SUR_COMMANDE (document = catalogue tarifé 2026),PRODUIT,,,,34,Tarif et bon de commande 2026 – onglet « CARAMELS ISIGNY 2026 »,ligne 143 – LES CARAMELS EN VRAC (page 17)
PROD-0602,NC01245,BOÎTE 2KG GOÛT TATIN,30.BOÎTE 2KG GOÛT TATIN,Gamme : LES CARAMELS EN VRAC (page 17) – CARAMELS PÂTISSIERS - CELLOPHANE IMPRIMÉE / boite de 2kg,CONFISERIE,CARAMEL_VRAC,gamme « LES CARAMELS EN VRAC (page 17) » du catalogue Isigny,CARAMELS D'ISIGNY,FOUR-0002,CARAMELS D'ISIGNY,LES CARAMELS EN VRAC (page 17),FOUR-0002,CARAMELS D'ISIGNY,"À CONFIRMER : onglet intégré au classeur Normand Direct Terroir, canal de commande non précisé",À CONFIRMER,À CONFIRMER,À CONFIRMER,À CONFIRMER,À CONFIRMER,,AUCUNE_INFORMATION_DANS_LES_DOCUMENTS,À CONFIRMER,À CONFIRMER,2000.0,,2KG,,NON,,À CONFIRMER,,32.2,16.1,unité,Prix/Unitaire,0.2,38.64,16.1,,,,,,,,,2KG,,,,boite de 2kg (mention du catalogue : « CARAMELS PÂTISSIERS - CELLOPHANE IMPRIMÉE / boite de 2kg »),À CONFIRMER,À CONFIRMER,À CONFIRMER,À CONFIRMER,À CONFIRMER,À CONFIRMER,À CONFIRMER,NON_DEDUIT_DU_CONDITIONNEMENT,NON,À CONFIRMER,À CONFIRMER,À CONFIRMER,À CONFIRMER,À CONFIRMER,À CONFIRMER,À CONFIRMER,À CONFIRMER,À CONFIRMER,PREMIUM,4,palier de prix d'achat (32.20 € HT) → 5 ; produit vrac / usage professionnel → -1,PROPOSITION AUTOMATIQUE – À VALIDER EN BACK-OFFICE,À CONFIRMER,À CONFIRMER,OUI,À CONFIRMER,PRODUIT_LOURD ; PREMIUM,À CONFIRMER,À CONFIRMER,À CONFIRMER,À CONFIRMER,À CONFIRMER,À CONFIRMER,SUR_COMMANDE (document = catalogue tarifé 2026),PRODUIT,,,,33,Tarif et bon de commande 2026 – onglet « CARAMELS ISIGNY 2026 »,ligne 144 – LES CARAMELS EN VRAC (page 17)
PROD-0603,NC01134,BOÎTE 2KG POMME,31.BOÎTE 2KG POMME,Gamme : LES CARAMELS EN VRAC (page 17) – CARAMELS PÂTISSIERS - CELLOPHANE IMPRIMÉE / boite de 2kg,CONFISERIE,CARAMEL_VRAC,gamme « LES CARAMELS EN VRAC (page 17) » du catalogue Isigny,CARAMELS D'ISIGNY,FOUR-0002,CARAMELS D'ISIGNY,LES CARAMELS EN VRAC (page 17),FOUR-0002,CARAMELS D'ISIGNY,"À CONFIRMER : onglet intégré au classeur Normand Direct Terroir, canal de commande non précisé",À CONFIRMER,À CONFIRMER,À CONFIRMER,À CONFIRMER,À CONFIRMER,,AUCUNE_INFORMATION_DANS_LES_DOCUMENTS,À CONFIRMER,À CONFIRMER,2000.0,,2KG,,NON,,À CONFIRMER,,32.2,16.1,unité,Prix/Unitaire,0.2,38.64,16.1,,,,,,,,,2KG,,,,boite de 2kg (mention du catalogue : « CARAMELS PÂTISSIERS - CELLOPHANE IMPRIMÉE / boite de 2kg »),À CONFIRMER,À CONFIRMER,À CONFIRMER,À CONFIRMER,À CONFIRMER,À CONFIRMER,À CONFIRMER,NON_DEDUIT_DU_CONDITIONNEMENT,NON,À CONFIRMER,À CONFIRMER,À CONFIRMER,À CONFIRMER,À CONFIRMER,À CONFIRMER,À CONFIRMER,À CONFIRMER,À CONFIRMER,PREMIUM,4,palier de prix d'achat (32.20 € HT) → 5 ; produit vrac / usage professionnel → -1,PROPOSITION AUTOMATIQUE – À VALIDER EN BACK-OFFICE,À CONFIRMER,À CONFIRMER,OUI,À CONFIRMER,PRODUIT_LOURD ; PREMIUM,À CONFIRMER,À CONFIRMER,À CONFIRMER,À CONFIRMER,À CONFIRMER,À CONFIRMER,SUR_COMMANDE (document = catalogue tarifé 2026),PRODUIT,,,,33,Tarif et bon de commande 2026 – onglet « CARAMELS ISIGNY 2026 »,ligne 145 – LES CARAMELS EN VRAC (page 17)
PROD-0604,NC01112,BOÎTE 2KG GOÛT CONFITURE DE LAIT,32.BOÎTE 2KG GOÛT CONFITURE DE LAIT,Gamme : LES CARAMELS EN VRAC (page 17) – CARAMELS PÂTISSIERS - CELLOPHANE IMPRIMÉE / boite de 2kg,CONFISERIE,CARAMEL_VRAC,gamme « LES CARAMELS EN VRAC (page 17) » du catalogue Isigny,CARAMELS D'ISIGNY,FOUR-0002,CARAMELS D'ISIGNY,LES CARAMELS EN VRAC (page 17),FOUR-0002,CARAMELS D'ISIGNY,"À CONFIRMER : onglet intégré au classeur Normand Direct Terroir, canal de commande non précisé",À CONFIRMER,À CONFIRMER,À CONFIRMER,À CONFIRMER,À CONFIRMER,,AUCUNE_INFORMATION_DANS_LES_DOCUMENTS,À CONFIRMER,À CONFIRMER,2000.0,,2KG,,NON,,À CONFIRMER,,32.2,16.1,unité,Prix/Unitaire,0.2,38.64,16.1,,,,,,,,,2KG,,,,boite de 2kg (mention du catalogue : « CARAMELS PÂTISSIERS - CELLOPHANE IMPRIMÉE / boite de 2kg »),À CONFIRMER,À CONFIRMER,À CONFIRMER,À CONFIRMER,À CONFIRMER,À CONFIRMER,À CONFIRMER,NON_DEDUIT_DU_CONDITIONNEMENT,NON,À CONFIRMER,À CONFIRMER,À CONFIRMER,À CONFIRMER,À CONFIRMER,À CONFIRMER,À CONFIRMER,À CONFIRMER,À CONFIRMER,PREMIUM,4,palier de prix d'achat (32.20 € HT) → 5 ; produit vrac / usage professionnel → -1,PROPOSITION AUTOMATIQUE – À VALIDER EN BACK-OFFICE,À CONFIRMER,À CONFIRMER,OUI,À CONFIRMER,PRODUIT_LOURD ; PREMIUM,À CONFIRMER,À CONFIRMER,À CONFIRMER,À CONFIRMER,À CONFIRMER,À CONFIRMER,SUR_COMMANDE (document = catalogue tarifé 2026),PRODUIT,,,,33,Tarif et bon de commande 2026 – onglet « CARAMELS ISIGNY 2026 »,ligne 146 – LES CARAMELS EN VRAC (page 17)
PROD-0605,NC01146,BOÎTE 2KG MENTHE,33.BOÎTE 2KG MENTHE,Gamme : LES CARAMELS EN VRAC (page 17) – CARAMELS PÂTISSIERS - CELLOPHANE IMPRIMÉE / boite de 2kg,CONFISERIE,CARAMEL_VRAC,gamme « LES CARAMELS EN VRAC (page 17) » du catalogue Isigny,CARAMELS D'ISIGNY,FOUR-0002,CARAMELS D'ISIGNY,LES CARAMELS EN VRAC (page 17),FOUR-0002,CARAMELS D'ISIGNY,"À CONFIRMER : onglet intégré au classeur Normand Direct Terroir, canal de commande non précisé",À CONFIRMER,À CONFIRMER,À CONFIRMER,À CONFIRMER,À CONFIRMER,,AUCUNE_INFORMATION_DANS_LES_DOCUMENTS,À CONFIRMER,À CONFIRMER,2000.0,,2KG,,NON,,À CONFIRMER,,32.2,16.1,unité,Prix/Unitaire,0.2,38.64,16.1,,,,,,,,,2KG,,,,boite de 2kg (mention du catalogue : « CARAMELS PÂTISSIERS - CELLOPHANE IMPRIMÉE / boite de 2kg »),À CONFIRMER,À CONFIRMER,À CONFIRMER,À CONFIRMER,À CONFIRMER,À CONFIRMER,À CONFIRMER,NON_DEDUIT_DU_CONDITIONNEMENT,NON,À CONFIRMER,À CONFIRMER,À CONFIRMER,À CONFIRMER,À CONFIRMER,À CONFIRMER,À CONFIRMER,À CONFIRMER,À CONFIRMER,PREMIUM,4,palier de prix d'achat (32.20 € HT) → 5 ; produit vrac / usage professionnel → -1,PROPOSITION AUTOMATIQUE – À VALIDER EN BACK-OFFICE,À CONFIRMER,À CONFIRMER,OUI,À CONFIRMER,PRODUIT_LOURD ; PREMIUM,À CONFIRMER,À CONFIRMER,À CONFIRMER,À CONFIRMER,À CONFIRMER,À CONFIRMER,SUR_COMMANDE (document = catalogue tarifé 2026),PRODUIT,,,,33,Tarif et bon de commande 2026 – onglet « CARAMELS ISIGNY 2026 »,ligne 147 – LES CARAMELS EN VRAC (page 17)
PROD-0606,NC01215,BOÎTE 2KG PRUNEAU,34.BOÎTE 2KG PRUNEAU,Gamme : LES CARAMELS EN VRAC (page 17) – CARAMELS PÂTISSIERS - CELLOPHANE IMPRIMÉE / boite de 2kg,CONFISERIE,CARAMEL_VRAC,gamme « LES CARAMELS EN VRAC (page 17) » du catalogue Isigny,CARAMELS D'ISIGNY,FOUR-0002,CARAMELS D'ISIGNY,LES CARAMELS EN VRAC (page 17),FOUR-0002,CARAMELS D'ISIGNY,"À CONFIRMER : onglet intégré au classeur Normand Direct Terroir, canal de commande non précisé",À CONFIRMER,À CONFIRMER,À CONFIRMER,À CONFIRMER,À CONFIRMER,,AUCUNE_INFORMATION_DANS_LES_DOCUMENTS,À CONFIRMER,À CONFIRMER,2000.0,,2KG,,NON,,À CONFIRMER,,32.2,16.1,unité,Prix/Unitaire,0.2,38.64,16.1,,,,,,,,,2KG,,,,boite de 2kg (mention du catalogue : « CARAMELS PÂTISSIERS - CELLOPHANE IMPRIMÉE / boite de 2kg »),À CONFIRMER,À CONFIRMER,À CONFIRMER,À CONFIRMER,À CONFIRMER,À CONFIRMER,À CONFIRMER,NON_DEDUIT_DU_CONDITIONNEMENT,NON,À CONFIRMER,À CONFIRMER,À CONFIRMER,À CONFIRMER,À CONFIRMER,À CONFIRMER,À CONFIRMER,À CONFIRMER,À CONFIRMER,PREMIUM,4,palier de prix d'achat (32.20 € HT) → 5 ; produit vrac / usage professionnel → -1,PROPOSITION AUTOMATIQUE – À VALIDER EN BACK-OFFICE,À CONFIRMER,À CONFIRMER,OUI,À CONFIRMER,PRODUIT_LOURD ; PREMIUM,À CONFIRMER,À CONFIRMER,À CONFIRMER,À CONFIRMER,À CONFIRMER,À CONFIRMER,SUR_COMMANDE (document = catalogue tarifé 2026),PRODUIT,,,,33,Tarif et bon de commande 2026 – onglet « CARAMELS ISIGNY 2026 »,ligne 148 – LES CARAMELS EN VRAC (page 17)
PROD-0607,NC01145,BOÎTE 2KG MARRON,35.BOÎTE 2KG MARRON,Gamme : LES CARAMELS EN VRAC (page 17) – CARAMELS PÂTISSIERS - CELLOPHANE IMPRIMÉE / boite de 2kg,CONFISERIE,CARAMEL_VRAC,gamme « LES CARAMELS EN VRAC (page 17) » du catalogue Isigny,CARAMELS D'ISIGNY,FOUR-0002,CARAMELS D'ISIGNY,LES CARAMELS EN VRAC (page 17),FOUR-0002,CARAMELS D'ISIGNY,"À CONFIRMER : onglet intégré au classeur Normand Direct Terroir, canal de commande non précisé",À CONFIRMER,À CONFIRMER,À CONFIRMER,À CONFIRMER,À CONFIRMER,,AUCUNE_INFORMATION_DANS_LES_DOCUMENTS,À CONFIRMER,À CONFIRMER,2000.0,,2KG,,NON,,À CONFIRMER,,32.2,16.1,unité,Prix/Unitaire,0.2,38.64,16.1,,,,,,,,,2KG,,,,boite de 2kg (mention du catalogue : « CARAMELS PÂTISSIERS - CELLOPHANE IMPRIMÉE / boite de 2kg »),À CONFIRMER,À CONFIRMER,À CONFIRMER,À CONFIRMER,À CONFIRMER,À CONFIRMER,À CONFIRMER,NON_DEDUIT_DU_CONDITIONNEMENT,NON,À CONFIRMER,À CONFIRMER,À CONFIRMER,À CONFIRMER,À CONFIRMER,À CONFIRMER,À CONFIRMER,À CONFIRMER,À CONFIRMER,PREMIUM,4,palier de prix d'achat (32.20 € HT) → 5 ; produit vrac / usage professionnel → -1,PROPOSITION AUTOMATIQUE – À VALIDER EN BACK-OFFICE,À CONFIRMER,À CONFIRMER,OUI,À CONFIRMER,PRODUIT_LOURD ; PREMIUM,À CONFIRMER,À CONFIRMER,À CONFIRMER,À CONFIRMER,À CONFIRMER,À CONFIRMER,SUR_COMMANDE (document = catalogue tarifé 2026),PRODUIT,,,,33,Tarif et bon de commande 2026 – onglet « CARAMELS ISIGNY 2026 »,ligne 149 – LES CARAMELS EN VRAC (page 17)
PROD-0608,NC01273,BOÎTE 2KG NOIX,36.BOÎTE 2KG NOIX,Gamme : LES CARAMELS EN VRAC (page 17) – CARAMELS PÂTISSIERS - CELLOPHANE IMPRIMÉE / boite de 2kg,CONFISERIE,CARAMEL_VRAC,gamme « LES CARAMELS EN VRAC (page 17) » du catalogue Isigny,CARAMELS D'ISIGNY,FOUR-0002,CARAMELS D'ISIGNY,LES CARAMELS EN VRAC (page 17),FOUR-0002,CARAMELS D'ISIGNY,"À CONFIRMER : onglet intégré au classeur Normand Direct Terroir, canal de commande non précisé",À CONFIRMER,À CONFIRMER,À CONFIRMER,À CONFIRMER,À CONFIRMER,,AUCUNE_INFORMATION_DANS_LES_DOCUMENTS,À CONFIRMER,À CONFIRMER,2000.0,,2KG,,NON,,À CONFIRMER,,32.2,16.1,unité,Prix/Unitaire,0.2,38.64,16.1,,,,,,,,,2KG,,,,boite de 2kg (mention du catalogue : « CARAMELS PÂTISSIERS - CELLOPHANE IMPRIMÉE / boite de 2kg »),À CONFIRMER,À CONFIRMER,À CONFIRMER,À CONFIRMER,À CONFIRMER,À CONFIRMER,À CONFIRMER,NON_DEDUIT_DU_CONDITIONNEMENT,NON,À CONFIRMER,À CONFIRMER,À CONFIRMER,À CONFIRMER,À CONFIRMER,À CONFIRMER,À CONFIRMER,À CONFIRMER,À CONFIRMER,PREMIUM,4,palier de prix d'achat (32.20 € HT) → 5 ; produit vrac / usage professionnel → -1,PROPOSITION AUTOMATIQUE – À VALIDER EN BACK-OFFICE,À CONFIRMER,À CONFIRMER,OUI,À CONFIRMER,PRODUIT_LOURD ; PREMIUM,À CONFIRMER,À CONFIRMER,À CONFIRMER,À CONFIRMER,À CONFIRMER,À CONFIRMER,SUR_COMMANDE (document = catalogue tarifé 2026),PRODUIT,,,,33,Tarif et bon de commande 2026 – onglet « CARAMELS ISIGNY 2026 »,ligne 150 – LES CARAMELS EN VRAC (page 17)
PROD-0609,NC01147,BOÎTE 2KG MIEL,37.BOÎTE 2KG MIEL,Gamme : LES CARAMELS EN VRAC (page 17) – CARAMELS PÂTISSIERS - CELLOPHANE IMPRIMÉE / boite de 2kg,CONFISERIE,CARAMEL_VRAC,gamme « LES CARAMELS EN VRAC (page 17) » du catalogue Isigny,CARAMELS D'ISIGNY,FOUR-0002,CARAMELS D'ISIGNY,LES CARAMELS EN VRAC (page 17),FOUR-0002,CARAMELS D'ISIGNY,"À CONFIRMER : onglet intégré au classeur Normand Direct Terroir, canal de commande non précisé",À CONFIRMER,À CONFIRMER,À CONFIRMER,À CONFIRMER,À CONFIRMER,,AUCUNE_INFORMATION_DANS_LES_DOCUMENTS,À CONFIRMER,À CONFIRMER,2000.0,,2KG,,NON,,À CONFIRMER,,32.2,16.1,unité,Prix/Unitaire,0.2,38.64,16.1,,,,,,,,,2KG,,,,boite de 2kg (mention du catalogue : « CARAMELS PÂTISSIERS - CELLOPHANE IMPRIMÉE / boite de 2kg »),À CONFIRMER,À CONFIRMER,À CONFIRMER,À CONFIRMER,À CONFIRMER,À CONFIRMER,À CONFIRMER,NON_DEDUIT_DU_CONDITIONNEMENT,NON,À CONFIRMER,À CONFIRMER,À CONFIRMER,À CONFIRMER,À CONFIRMER,À CONFIRMER,À CONFIRMER,À CONFIRMER,À CONFIRMER,PREMIUM,4,palier de prix d'achat (32.20 € HT) → 5 ; produit vrac / usage professionnel → -1,PROPOSITION AUTOMATIQUE – À VALIDER EN BACK-OFFICE,À CONFIRMER,À CONFIRMER,OUI,À CONFIRMER,PRODUIT_LOURD ; PREMIUM,À CONFIRMER,À CONFIRMER,À CONFIRMER,À CONFIRMER,À CONFIRMER,À CONFIRMER,SUR_COMMANDE (document = catalogue tarifé 2026),PRODUIT,,,,33,Tarif et bon de commande 2026 – onglet « CARAMELS ISIGNY 2026 »,ligne 151 – LES CARAMELS EN VRAC (page 17)
PROD-0610,NC01039,BOÎTE 2KG CHOCOLAT,38.BOÎTE 2KG CHOCOLAT,Gamme : LES CARAMELS EN VRAC (page 17) – CARAMELS PÂTISSIERS - CELLOPHANE IMPRIMÉE / boite de 2kg,CONFISERIE,CARAMEL_VRAC,gamme « LES CARAMELS EN VRAC (page 17) » du catalogue Isigny,CARAMELS D'ISIGNY,FOUR-0002,CARAMELS D'ISIGNY,LES CARAMELS EN VRAC (page 17),FOUR-0002,CARAMELS D'ISIGNY,"À CONFIRMER : onglet intégré au classeur Normand Direct Terroir, canal de commande non précisé",À CONFIRMER,À CONFIRMER,À CONFIRMER,À CONFIRMER,À CONFIRMER,,AUCUNE_INFORMATION_DANS_LES_DOCUMENTS,À CONFIRMER,À CONFIRMER,2000.0,,2KG,,NON,,À CONFIRMER,,32.2,16.1,unité,Prix/Unitaire,0.2,38.64,16.1,,,,,,,,,2KG,,,,boite de 2kg (mention du catalogue : « CARAMELS PÂTISSIERS - CELLOPHANE IMPRIMÉE / boite de 2kg »),À CONFIRMER,À CONFIRMER,À CONFIRMER,À CONFIRMER,À CONFIRMER,À CONFIRMER,À CONFIRMER,NON_DEDUIT_DU_CONDITIONNEMENT,NON,À CONFIRMER,À CONFIRMER,À CONFIRMER,À CONFIRMER,À CONFIRMER,À CONFIRMER,À CONFIRMER,À CONFIRMER,À CONFIRMER,PREMIUM,4,palier de prix d'achat (32.20 € HT) → 5 ; produit vrac / usage professionnel → -1,PROPOSITION AUTOMATIQUE – À VALIDER EN BACK-OFFICE,À CONFIRMER,À CONFIRMER,OUI,À CONFIRMER,PRODUIT_LOURD ; PREMIUM,À CONFIRMER,À CONFIRMER,À CONFIRMER,À CONFIRMER,À CONFIRMER,À CONFIRMER,SUR_COMMANDE (document = catalogue tarifé 2026),PRODUIT,LIBELLÉ IDENTIQUE – MÊME PRODUCTEUR,,,33,Tarif et bon de commande 2026 – onglet « CARAMELS ISIGNY 2026 »,ligne 152 – LES CARAMELS EN VRAC (page 17)
PROD-0611,NC01151,BOÎTE 2KG CAFÉ,39.BOÎTE 2KG CAFÉ,Gamme : LES CARAMELS EN VRAC (page 17) – CARAMELS PÂTISSIERS - CELLOPHANE IMPRIMÉE / boite de 2kg,CONFISERIE,CARAMEL_VRAC,gamme « LES CARAMELS EN VRAC (page 17) » du catalogue Isigny,CARAMELS D'ISIGNY,FOUR-0002,CARAMELS D'ISIGNY,LES CARAMELS EN VRAC (page 17),FOUR-0002,CARAMELS D'ISIGNY,"À CONFIRMER : onglet intégré au classeur Normand Direct Terroir, canal de commande non précisé",À CONFIRMER,À CONFIRMER,À CONFIRMER,À CONFIRMER,À CONFIRMER,,AUCUNE_INFORMATION_DANS_LES_DOCUMENTS,À CONFIRMER,À CONFIRMER,2000.0,,2KG,,NON,,À CONFIRMER,,32.2,16.1,unité,Prix/Unitaire,0.2,38.64,16.1,,,,,,,,,2KG,,,,boite de 2kg (mention du catalogue : « CARAMELS PÂTISSIERS - CELLOPHANE IMPRIMÉE / boite de 2kg »),À CONFIRMER,À CONFIRMER,À CONFIRMER,À CONFIRMER,À CONFIRMER,À CONFIRMER,À CONFIRMER,NON_DEDUIT_DU_CONDITIONNEMENT,NON,À CONFIRMER,À CONFIRMER,À CONFIRMER,À CONFIRMER,À CONFIRMER,À CONFIRMER,À CONFIRMER,À CONFIRMER,À CONFIRMER,PREMIUM,4,palier de prix d'achat (32.20 € HT) → 5 ; produit vrac / usage professionnel → -1,PROPOSITION AUTOMATIQUE – À VALIDER EN BACK-OFFICE,À CONFIRMER,À CONFIRMER,OUI,À CONFIRMER,PRODUIT_LOURD ; PREMIUM,À CONFIRMER,À CONFIRMER,À CONFIRMER,À CONFIRMER,À CONFIRMER,À CONFIRMER,SUR_COMMANDE (document = catalogue tarifé 2026),PRODUIT,LIBELLÉ IDENTIQUE – MÊME PRODUCTEUR,,,33,Tarif et bon de commande 2026 – onglet « CARAMELS ISIGNY 2026 »,ligne 153 – LES CARAMELS EN VRAC (page 17)
PROD-0612,NC01043,BOÎTE 2KG NOISETTE,40.BOÎTE 2KG NOISETTE,Gamme : LES CARAMELS EN VRAC (page 17) – CARAMELS PÂTISSIERS - CELLOPHANE IMPRIMÉE / boite de 2kg,CONFISERIE,CARAMEL_VRAC,gamme « LES CARAMELS EN VRAC (page 17) » du catalogue Isigny,CARAMELS D'ISIGNY,FOUR-0002,CARAMELS D'ISIGNY,LES CARAMELS EN VRAC (page 17),FOUR-0002,CARAMELS D'ISIGNY,"À CONFIRMER : onglet intégré au classeur Normand Direct Terroir, canal de commande non précisé",À CONFIRMER,À CONFIRMER,À CONFIRMER,À CONFIRMER,À CONFIRMER,,AUCUNE_INFORMATION_DANS_LES_DOCUMENTS,À CONFIRMER,À CONFIRMER,2000.0,,2KG,,NON,,À CONFIRMER,,32.2,16.1,unité,Prix/Unitaire,0.2,38.64,16.1,,,,,,,,,2KG,,,,boite de 2kg (mention du catalogue : « CARAMELS PÂTISSIERS - CELLOPHANE IMPRIMÉE / boite de 2kg »),À CONFIRMER,À CONFIRMER,À CONFIRMER,À CONFIRMER,À CONFIRMER,À CONFIRMER,À CONFIRMER,NON_DEDUIT_DU_CONDITIONNEMENT,NON,À CONFIRMER,À CONFIRMER,À CONFIRMER,À CONFIRMER,À CONFIRMER,À CONFIRMER,À CONFIRMER,À CONFIRMER,À CONFIRMER,PREMIUM,4,palier de prix d'achat (32.20 € HT) → 5 ; produit vrac / usage professionnel → -1,PROPOSITION AUTOMATIQUE – À VALIDER EN BACK-OFFICE,À CONFIRMER,À CONFIRMER,OUI,À CONFIRMER,PRODUIT_LOURD ; PREMIUM,À CONFIRMER,À CONFIRMER,À CONFIRMER,À CONFIRMER,À CONFIRMER,À CONFIRMER,SUR_COMMANDE (document = catalogue tarifé 2026),PRODUIT,LIBELLÉ IDENTIQUE – MÊME PRODUCTEUR,,,33,Tarif et bon de commande 2026 – onglet « CARAMELS ISIGNY 2026 »,ligne 154 – LES CARAMELS EN VRAC (page 17)
PROD-0613,NC01069,BOÎTE 2KG MYRTILLE,41.BOÎTE 2KG MYRTILLE,Gamme : LES CARAMELS EN VRAC (page 17) – CARAMELS PÂTISSIERS - CELLOPHANE IMPRIMÉE / boite de 2kg,CONFISERIE,CARAMEL_VRAC,gamme « LES CARAMELS EN VRAC (page 17) » du catalogue Isigny,CARAMELS D'ISIGNY,FOUR-0002,CARAMELS D'ISIGNY,LES CARAMELS EN VRAC (page 17),FOUR-0002,CARAMELS D'ISIGNY,"À CONFIRMER : onglet intégré au classeur Normand Direct Terroir, canal de commande non précisé",À CONFIRMER,À CONFIRMER,À CONFIRMER,À CONFIRMER,À CONFIRMER,,AUCUNE_INFORMATION_DANS_LES_DOCUMENTS,À CONFIRMER,À CONFIRMER,2000.0,,2KG,,NON,,À CONFIRMER,,32.2,16.1,unité,Prix/Unitaire,0.2,38.64,16.1,,,,,,,,,2KG,,,,boite de 2kg (mention du catalogue : « CARAMELS PÂTISSIERS - CELLOPHANE IMPRIMÉE / boite de 2kg »),À CONFIRMER,À CONFIRMER,À CONFIRMER,À CONFIRMER,À CONFIRMER,À CONFIRMER,À CONFIRMER,NON_DEDUIT_DU_CONDITIONNEMENT,NON,À CONFIRMER,À CONFIRMER,À CONFIRMER,À CONFIRMER,À CONFIRMER,À CONFIRMER,À CONFIRMER,À CONFIRMER,À CONFIRMER,PREMIUM,4,palier de prix d'achat (32.20 € HT) → 5 ; produit vrac / usage professionnel → -1,PROPOSITION AUTOMATIQUE – À VALIDER EN BACK-OFFICE,À CONFIRMER,À CONFIRMER,OUI,À CONFIRMER,PRODUIT_LOURD ; PREMIUM,À CONFIRMER,À CONFIRMER,À CONFIRMER,À CONFIRMER,À CONFIRMER,À CONFIRMER,SUR_COMMANDE (document = catalogue tarifé 2026),PRODUIT,,,,33,Tarif et bon de commande 2026 – onglet « CARAMELS ISIGNY 2026 »,ligne 155 – LES CARAMELS EN VRAC (page 17)
PROD-0614,NC01136,BOÎTE 2KG CASSIS,42.BOÎTE 2KG CASSIS,Gamme : LES CARAMELS EN VRAC (page 17) – CARAMELS PÂTISSIERS - CELLOPHANE IMPRIMÉE / boite de 2kg,CONFISERIE,CARAMEL_VRAC,gamme « LES CARAMELS EN VRAC (page 17) » du catalogue Isigny,CARAMELS D'ISIGNY,FOUR-0002,CARAMELS D'ISIGNY,LES CARAMELS EN VRAC (page 17),FOUR-0002,CARAMELS D'ISIGNY,"À CONFIRMER : onglet intégré au classeur Normand Direct Terroir, canal de commande non précisé",À CONFIRMER,À CONFIRMER,À CONFIRMER,À CONFIRMER,À CONFIRMER,,AUCUNE_INFORMATION_DANS_LES_DOCUMENTS,À CONFIRMER,À CONFIRMER,2000.0,,2KG,,NON,,À CONFIRMER,,32.2,16.1,unité,Prix/Unitaire,0.2,38.64,16.1,,,,,,,,,2KG,,,,boite de 2kg (mention du catalogue : « CARAMELS PÂTISSIERS - CELLOPHANE IMPRIMÉE / boite de 2kg »),À CONFIRMER,À CONFIRMER,À CONFIRMER,À CONFIRMER,À CONFIRMER,À CONFIRMER,À CONFIRMER,NON_DEDUIT_DU_CONDITIONNEMENT,NON,À CONFIRMER,À CONFIRMER,À CONFIRMER,À CONFIRMER,À CONFIRMER,À CONFIRMER,À CONFIRMER,À CONFIRMER,À CONFIRMER,PREMIUM,4,palier de prix d'achat (32.20 € HT) → 5 ; produit vrac / usage professionnel → -1,PROPOSITION AUTOMATIQUE – À VALIDER EN BACK-OFFICE,À CONFIRMER,À CONFIRMER,OUI,À CONFIRMER,PRODUIT_LOURD ; PREMIUM,À CONFIRMER,À CONFIRMER,À CONFIRMER,À CONFIRMER,À CONFIRMER,À CONFIRMER,SUR_COMMANDE (document = catalogue tarifé 2026),PRODUIT,,,,33,Tarif et bon de commande 2026 – onglet « CARAMELS ISIGNY 2026 »,ligne 156 – LES CARAMELS EN VRAC (page 17)
PROD-0615,NC01131,BOÎTE 2KG FRAISE,43.BOÎTE 2KG FRAISE,Gamme : LES CARAMELS EN VRAC (page 17) – CARAMELS PÂTISSIERS - CELLOPHANE IMPRIMÉE / boite de 2kg,CONFISERIE,CARAMEL_VRAC,gamme « LES CARAMELS EN VRAC (page 17) » du catalogue Isigny,CARAMELS D'ISIGNY,FOUR-0002,CARAMELS D'ISIGNY,LES CARAMELS EN VRAC (page 17),FOUR-0002,CARAMELS D'ISIGNY,"À CONFIRMER : onglet intégré au classeur Normand Direct Terroir, canal de commande non précisé",À CONFIRMER,À CONFIRMER,À CONFIRMER,À CONFIRMER,À CONFIRMER,,AUCUNE_INFORMATION_DANS_LES_DOCUMENTS,À CONFIRMER,À CONFIRMER,2000.0,,2KG,,NON,,À CONFIRMER,,32.2,16.1,unité,Prix/Unitaire,0.2,38.64,16.1,,,,,,,,,2KG,,,,boite de 2kg (mention du catalogue : « CARAMELS PÂTISSIERS - CELLOPHANE IMPRIMÉE / boite de 2kg »),À CONFIRMER,À CONFIRMER,À CONFIRMER,À CONFIRMER,À CONFIRMER,À CONFIRMER,À CONFIRMER,NON_DEDUIT_DU_CONDITIONNEMENT,NON,À CONFIRMER,À CONFIRMER,À CONFIRMER,À CONFIRMER,À CONFIRMER,À CONFIRMER,À CONFIRMER,À CONFIRMER,À CONFIRMER,PREMIUM,4,palier de prix d'achat (32.20 € HT) → 5 ; produit vrac / usage professionnel → -1,PROPOSITION AUTOMATIQUE – À VALIDER EN BACK-OFFICE,À CONFIRMER,À CONFIRMER,OUI,À CONFIRMER,PRODUIT_LOURD ; PREMIUM,À CONFIRMER,À CONFIRMER,À CONFIRMER,À CONFIRMER,À CONFIRMER,À CONFIRMER,SUR_COMMANDE (document = catalogue tarifé 2026),PRODUIT,,,,33,Tarif et bon de commande 2026 – onglet « CARAMELS ISIGNY 2026 »,ligne 157 – LES CARAMELS EN VRAC (page 17)
PROD-0616,NC01133,BOÎTE 2KG MIRABELLE,44.BOÎTE 2KG MIRABELLE,Gamme : LES CARAMELS EN VRAC (page 17) – CARAMELS PÂTISSIERS - CELLOPHANE IMPRIMÉE / boite de 2kg,CONFISERIE,CARAMEL_VRAC,gamme « LES CARAMELS EN VRAC (page 17) » du catalogue Isigny,CARAMELS D'ISIGNY,FOUR-0002,CARAMELS D'ISIGNY,LES CARAMELS EN VRAC (page 17),FOUR-0002,CARAMELS D'ISIGNY,"À CONFIRMER : onglet intégré au classeur Normand Direct Terroir, canal de commande non précisé",À CONFIRMER,À CONFIRMER,À CONFIRMER,À CONFIRMER,À CONFIRMER,,AUCUNE_INFORMATION_DANS_LES_DOCUMENTS,À CONFIRMER,À CONFIRMER,2000.0,,2KG,,NON,,À CONFIRMER,,32.2,16.1,unité,Prix/Unitaire,0.2,38.64,16.1,,,,,,,,,2KG,,,,boite de 2kg (mention du catalogue : « CARAMELS PÂTISSIERS - CELLOPHANE IMPRIMÉE / boite de 2kg »),À CONFIRMER,À CONFIRMER,À CONFIRMER,À CONFIRMER,À CONFIRMER,À CONFIRMER,À CONFIRMER,NON_DEDUIT_DU_CONDITIONNEMENT,NON,À CONFIRMER,À CONFIRMER,À CONFIRMER,À CONFIRMER,À CONFIRMER,À CONFIRMER,À CONFIRMER,À CONFIRMER,À CONFIRMER,PREMIUM,4,palier de prix d'achat (32.20 € HT) → 5 ; produit vrac / usage professionnel → -1,PROPOSITION AUTOMATIQUE – À VALIDER EN BACK-OFFICE,À CONFIRMER,À CONFIRMER,OUI,À CONFIRMER,PRODUIT_LOURD ; PREMIUM,À CONFIRMER,À CONFIRMER,À CONFIRMER,À CONFIRMER,À CONFIRMER,À CONFIRMER,SUR_COMMANDE (document = catalogue tarifé 2026),PRODUIT,,,,33,Tarif et bon de commande 2026 – onglet « CARAMELS ISIGNY 2026 »,ligne 158 – LES CARAMELS EN VRAC (page 17)
PROD-0617,NC01579,BOÎTE 2KG BEURRE SALÉ D’ISIGNY AOP,45.BOÎTE 2KG BEURRE SALÉ D’ISIGNY AOP,Gamme : LES CARAMELS EN VRAC (page 17) – CARAMELS PÂTISSIERS - CELLOPHANE IMPRIMÉE / boite de 2kg,CONFISERIE,CARAMEL_VRAC,gamme « LES CARAMELS EN VRAC (page 17) » du catalogue Isigny,CARAMELS D'ISIGNY,FOUR-0002,CARAMELS D'ISIGNY,LES CARAMELS EN VRAC (page 17),FOUR-0002,CARAMELS D'ISIGNY,"À CONFIRMER : onglet intégré au classeur Normand Direct Terroir, canal de commande non précisé",À CONFIRMER,À CONFIRMER,À CONFIRMER,À CONFIRMER,À CONFIRMER,,APPELLATION_PORTANT_SUR_UN_INGREDIENT_SEULEMENT,NORMANDIE_INDIQUEE_DANS_LE_NOM_A_VERIFIER,À CONFIRMER,2000.0,,2KG,,NON,,À CONFIRMER,,31.6,15.8,unité,Prix/Unitaire,0.2,37.92,15.8,,,,,,,,,2KG,,,,boite de 2kg (mention du catalogue : « CARAMELS PÂTISSIERS - CELLOPHANE IMPRIMÉE / boite de 2kg »),À CONFIRMER,À CONFIRMER,À CONFIRMER,À CONFIRMER,À CONFIRMER,À CONFIRMER,À CONFIRMER,NON_DEDUIT_DU_CONDITIONNEMENT,NON,À CONFIRMER,À CONFIRMER,À CONFIRMER,À CONFIRMER,À CONFIRMER,À CONFIRMER,À CONFIRMER,À CONFIRMER,À CONFIRMER,PREMIUM,4,palier de prix d'achat (31.60 € HT) → 5 ; produit vrac / usage professionnel → -1,PROPOSITION AUTOMATIQUE – À VALIDER EN BACK-OFFICE,À CONFIRMER,À CONFIRMER,OUI,À CONFIRMER,PRODUIT_LOURD ; PREMIUM,À CONFIRMER,À CONFIRMER,À CONFIRMER,À CONFIRMER,À CONFIRMER,À CONFIRMER,SUR_COMMANDE (document = catalogue tarifé 2026),PRODUIT,DOUBLON POTENTIEL,CONFLIT DE PRIX,,32,Tarif et bon de commande 2026 – onglet « CARAMELS ISIGNY 2026 »,ligne 159 – LES CARAMELS EN VRAC (page 17)
PROD-0618,NC01021,BOÎTE 2KG BEURRE DOUX D’ISIGNY AOP,46.BOÎTE 2KG BEURRE DOUX D’ISIGNY AOP,Gamme : LES CARAMELS EN VRAC (page 17) – CARAMELS PÂTISSIERS – CELLOPHANE NEUTRE / boite de 2kg,CONFISERIE,CARAMEL_VRAC,gamme « LES CARAMELS EN VRAC (page 17) » du catalogue Isigny,CARAMELS D'ISIGNY,FOUR-0002,CARAMELS D'ISIGNY,LES CARAMELS EN VRAC (page 17),FOUR-0002,CARAMELS D'ISIGNY,"À CONFIRMER : onglet intégré au classeur Normand Direct Terroir, canal de commande non précisé",À CONFIRMER,À CONFIRMER,À CONFIRMER,À CONFIRMER,À CONFIRMER,,APPELLATION_PORTANT_SUR_UN_INGREDIENT_SEULEMENT,NORMANDIE_INDIQUEE_DANS_LE_NOM_A_VERIFIER,À CONFIRMER,2000.0,,2KG,,NON,,À CONFIRMER,,31.6,15.8,unité,Prix/Unitaire,0.2,37.92,15.8,,,,,,,,,2KG,,,,boite de 2kg (mention du catalogue : « CARAMELS PÂTISSIERS – CELLOPHANE NEUTRE / boite de 2kg »),À CONFIRMER,À CONFIRMER,À CONFIRMER,À CONFIRMER,À CONFIRMER,À CONFIRMER,À CONFIRMER,NON_DEDUIT_DU_CONDITIONNEMENT,NON,À CONFIRMER,À CONFIRMER,À CONFIRMER,À CONFIRMER,À CONFIRMER,À CONFIRMER,À CONFIRMER,À CONFIRMER,À CONFIRMER,PREMIUM,4,palier de prix d'achat (31.60 € HT) → 5 ; produit vrac / usage professionnel → -1,PROPOSITION AUTOMATIQUE – À VALIDER EN BACK-OFFICE,À CONFIRMER,À CONFIRMER,OUI,À CONFIRMER,PRODUIT_LOURD ; PREMIUM,À CONFIRMER,À CONFIRMER,À CONFIRMER,À CONFIRMER,À CONFIRMER,À CONFIRMER,SUR_COMMANDE (document = catalogue tarifé 2026),PRODUIT,LIBELLÉ IDENTIQUE – MÊME PRODUCTEUR,,,32,Tarif et bon de commande 2026 – onglet « CARAMELS ISIGNY 2026 »,ligne 161 – LES CARAMELS EN VRAC (page 17)
PROD-0619,NC01030,BOÎTE 2KG CAFÉ,47.BOÎTE 2KG CAFÉ,Gamme : LES CARAMELS EN VRAC (page 17) – CARAMELS PÂTISSIERS – CELLOPHANE NEUTRE / boite de 2kg,CONFISERIE,CARAMEL_VRAC,gamme « LES CARAMELS EN VRAC (page 17) » du catalogue Isigny,CARAMELS D'ISIGNY,FOUR-0002,CARAMELS D'ISIGNY,LES CARAMELS EN VRAC (page 17),FOUR-0002,CARAMELS D'ISIGNY,"À CONFIRMER : onglet intégré au classeur Normand Direct Terroir, canal de commande non précisé",À CONFIRMER,À CONFIRMER,À CONFIRMER,À CONFIRMER,À CONFIRMER,,AUCUNE_INFORMATION_DANS_LES_DOCUMENTS,À CONFIRMER,À CONFIRMER,2000.0,,2KG,,NON,,À CONFIRMER,,31.6,15.8,unité,Prix/Unitaire,0.2,37.92,15.8,,,,,,,,,2KG,,,,boite de 2kg (mention du catalogue : « CARAMELS PÂTISSIERS – CELLOPHANE NEUTRE / boite de 2kg »),À CONFIRMER,À CONFIRMER,À CONFIRMER,À CONFIRMER,À CONFIRMER,À CONFIRMER,À CONFIRMER,NON_DEDUIT_DU_CONDITIONNEMENT,NON,À CONFIRMER,À CONFIRMER,À CONFIRMER,À CONFIRMER,À CONFIRMER,À CONFIRMER,À CONFIRMER,À CONFIRMER,À CONFIRMER,PREMIUM,4,palier de prix d'achat (31.60 € HT) → 5 ; produit vrac / usage professionnel → -1,PROPOSITION AUTOMATIQUE – À VALIDER EN BACK-OFFICE,À CONFIRMER,À CONFIRMER,OUI,À CONFIRMER,PRODUIT_LOURD ; PREMIUM,À CONFIRMER,À CONFIRMER,À CONFIRMER,À CONFIRMER,À CONFIRMER,À CONFIRMER,SUR_COMMANDE (document = catalogue tarifé 2026),PRODUIT,LIBELLÉ IDENTIQUE – MÊME PRODUCTEUR,,,33,Tarif et bon de commande 2026 – onglet « CARAMELS ISIGNY 2026 »,ligne 162 – LES CARAMELS EN VRAC (page 17)
PROD-0620,NC01049,BOÎTE 2KG CHOCOLAT,48.BOÎTE 2KG CHOCOLAT,Gamme : LES CARAMELS EN VRAC (page 17) – CARAMELS PÂTISSIERS – CELLOPHANE NEUTRE / boite de 2kg,CONFISERIE,CARAMEL_VRAC,gamme « LES CARAMELS EN VRAC (page 17) » du catalogue Isigny,CARAMELS D'ISIGNY,FOUR-0002,CARAMELS D'ISIGNY,LES CARAMELS EN VRAC (page 17),FOUR-0002,CARAMELS D'ISIGNY,"À CONFIRMER : onglet intégré au classeur Normand Direct Terroir, canal de commande non précisé",À CONFIRMER,À CONFIRMER,À CONFIRMER,À CONFIRMER,À CONFIRMER,,AUCUNE_INFORMATION_DANS_LES_DOCUMENTS,À CONFIRMER,À CONFIRMER,2000.0,,2KG,,NON,,À CONFIRMER,,31.6,15.8,unité,Prix/Unitaire,0.2,37.92,15.8,,,,,,,,,2KG,,,,boite de 2kg (mention du catalogue : « CARAMELS PÂTISSIERS – CELLOPHANE NEUTRE / boite de 2kg »),À CONFIRMER,À CONFIRMER,À CONFIRMER,À CONFIRMER,À CONFIRMER,À CONFIRMER,À CONFIRMER,NON_DEDUIT_DU_CONDITIONNEMENT,NON,À CONFIRMER,À CONFIRMER,À CONFIRMER,À CONFIRMER,À CONFIRMER,À CONFIRMER,À CONFIRMER,À CONFIRMER,À CONFIRMER,PREMIUM,4,palier de prix d'achat (31.60 € HT) → 5 ; produit vrac / usage professionnel → -1,PROPOSITION AUTOMATIQUE – À VALIDER EN BACK-OFFICE,À CONFIRMER,À CONFIRMER,OUI,À CONFIRMER,PRODUIT_LOURD ; PREMIUM,À CONFIRMER,À CONFIRMER,À CONFIRMER,À CONFIRMER,À CONFIRMER,À CONFIRMER,SUR_COMMANDE (document = catalogue tarifé 2026),PRODUIT,LIBELLÉ IDENTIQUE – MÊME PRODUCTEUR,,,33,Tarif et bon de commande 2026 – onglet « CARAMELS ISIGNY 2026 »,ligne 163 – LES CARAMELS EN VRAC (page 17)
PROD-0621,NC01040,BOÎTE 2KG NOISETTE,49.BOÎTE 2KG NOISETTE,Gamme : LES CARAMELS EN VRAC (page 17) – CARAMELS PÂTISSIERS – CELLOPHANE NEUTRE / boite de 2kg,CONFISERIE,CARAMEL_VRAC,gamme « LES CARAMELS EN VRAC (page 17) » du catalogue Isigny,CARAMELS D'ISIGNY,FOUR-0002,CARAMELS D'ISIGNY,LES CARAMELS EN VRAC (page 17),FOUR-0002,CARAMELS D'ISIGNY,"À CONFIRMER : onglet intégré au classeur Normand Direct Terroir, canal de commande non précisé",À CONFIRMER,À CONFIRMER,À CONFIRMER,À CONFIRMER,À CONFIRMER,,AUCUNE_INFORMATION_DANS_LES_DOCUMENTS,À CONFIRMER,À CONFIRMER,2000.0,,2KG,,NON,,À CONFIRMER,,31.6,15.8,unité,Prix/Unitaire,0.2,37.92,15.8,,,,,,,,,2KG,,,,boite de 2kg (mention du catalogue : « CARAMELS PÂTISSIERS – CELLOPHANE NEUTRE / boite de 2kg »),À CONFIRMER,À CONFIRMER,À CONFIRMER,À CONFIRMER,À CONFIRMER,À CONFIRMER,À CONFIRMER,NON_DEDUIT_DU_CONDITIONNEMENT,NON,À CONFIRMER,À CONFIRMER,À CONFIRMER,À CONFIRMER,À CONFIRMER,À CONFIRMER,À CONFIRMER,À CONFIRMER,À CONFIRMER,PREMIUM,4,palier de prix d'achat (31.60 € HT) → 5 ; produit vrac / usage professionnel → -1,PROPOSITION AUTOMATIQUE – À VALIDER EN BACK-OFFICE,À CONFIRMER,À CONFIRMER,OUI,À CONFIRMER,PRODUIT_LOURD ; PREMIUM,À CONFIRMER,À CONFIRMER,À CONFIRMER,À CONFIRMER,À CONFIRMER,À CONFIRMER,SUR_COMMANDE (document = catalogue tarifé 2026),PRODUIT,LIBELLÉ IDENTIQUE – MÊME PRODUCTEUR,,,33,Tarif et bon de commande 2026 – onglet « CARAMELS ISIGNY 2026 »,ligne 164 – LES CARAMELS EN VRAC (page 17)
PROD-0622,NC01010 (EAN 3498752010106),CARAMEL À TARTINER AU BEURRE SALÉ,CARAMEL À TARTINER AU BEURRE SALÉ,Gamme : LES CARAMELS À TARTINER (page 18),EPICERIE_SUCREE,CARAMEL_A_TARTINER,gamme « LES CARAMELS À TARTINER (page 18) » du catalogue Isigny,CARAMELS D'ISIGNY,FOUR-0002,CARAMELS D'ISIGNY,LES CARAMELS À TARTINER (page 18),FOUR-0002,CARAMELS D'ISIGNY,"À CONFIRMER : onglet intégré au classeur Normand Direct Terroir, canal de commande non précisé",À CONFIRMER,À CONFIRMER,À CONFIRMER,À CONFIRMER,À CONFIRMER,,AUCUNE_INFORMATION_DANS_LES_DOCUMENTS,À CONFIRMER,À CONFIRMER,250.0,,250G,,NON,,À CONFIRMER,,3.9,3.9,unité,Prix unitaire HT,0.055,4.1145,,,,,,,,,,250G,12,,,À CONFIRMER,À CONFIRMER,À CONFIRMER,À CONFIRMER,À CONFIRMER,À CONFIRMER,À CONFIRMER,À CONFIRMER,À CONFIRMER,NON,À CONFIRMER,À CONFIRMER,À CONFIRMER,À CONFIRMER,À CONFIRMER,À CONFIRMER,À CONFIRMER,À CONFIRMER,À CONFIRMER,ESSENTIEL,2,palier de prix d'achat (3.90 € HT) → 2,PROPOSITION AUTOMATIQUE – À VALIDER EN BACK-OFFICE,À CONFIRMER,À CONFIRMER,NON,À CONFIRMER,FAIBLE_COUT_LOGISTIQUE,À CONFIRMER,À CONFIRMER,À CONFIRMER,À CONFIRMER,À CONFIRMER,À CONFIRMER,SUR_COMMANDE (document = catalogue tarifé 2026),PRODUIT,LIBELLÉ IDENTIQUE – MÊME PRODUCTEUR,,,35,Tarif et bon de commande 2026 – onglet « CARAMELS ISIGNY 2026 »,ligne 167 – LES CARAMELS À TARTINER (page 18)
PROD-0623,NC01019 (EAN 3498752010199),CARAMEL À TARTINER AU BEURRE SALÉ,CARAMEL À TARTINER AU BEURRE SALÉ,Gamme : LES CARAMELS À TARTINER (page 18),EPICERIE_SUCREE,CARAMEL_A_TARTINER,gamme « LES CARAMELS À TARTINER (page 18) » du catalogue Isigny,CARAMELS D'ISIGNY,FOUR-0002,CARAMELS D'ISIGNY,LES CARAMELS À TARTINER (page 18),FOUR-0002,CARAMELS D'ISIGNY,"À CONFIRMER : onglet intégré au classeur Normand Direct Terroir, canal de commande non précisé",À CONFIRMER,À CONFIRMER,À CONFIRMER,À CONFIRMER,À CONFIRMER,,AUCUNE_INFORMATION_DANS_LES_DOCUMENTS,À CONFIRMER,À CONFIRMER,400.0,,400G,,NON,,À CONFIRMER,,5.45,5.45,unité,Prix unitaire HT,0.055,5.7497,,,,,,,,,,400G,12,,,À CONFIRMER,À CONFIRMER,À CONFIRMER,À CONFIRMER,À CONFIRMER,À CONFIRMER,À CONFIRMER,À CONFIRMER,À CONFIRMER,NON,À CONFIRMER,À CONFIRMER,À CONFIRMER,À CONFIRMER,À CONFIRMER,À CONFIRMER,À CONFIRMER,À CONFIRMER,À CONFIRMER,SIGNATURE,3,palier de prix d'achat (5.45 € HT) → 3,PROPOSITION AUTOMATIQUE – À VALIDER EN BACK-OFFICE,À CONFIRMER,À CONFIRMER,NON,À CONFIRMER,,À CONFIRMER,À CONFIRMER,À CONFIRMER,À CONFIRMER,À CONFIRMER,À CONFIRMER,SUR_COMMANDE (document = catalogue tarifé 2026),PRODUIT,LIBELLÉ IDENTIQUE – MÊME PRODUCTEUR,,,35,Tarif et bon de commande 2026 – onglet « CARAMELS ISIGNY 2026 »,ligne 168 – LES CARAMELS À TARTINER (page 18)
PROD-0624,NC00280 (EAN 3498752002804),CARAMEL À TARTINER VANILLE,CARAMEL À TARTINER VANILLE,Gamme : LES CARAMELS À TARTINER (page 18),EPICERIE_SUCREE,CARAMEL_A_TARTINER,gamme « LES CARAMELS À TARTINER (page 18) » du catalogue Isigny,CARAMELS D'ISIGNY,FOUR-0002,CARAMELS D'ISIGNY,LES CARAMELS À TARTINER (page 18),FOUR-0002,CARAMELS D'ISIGNY,"À CONFIRMER : onglet intégré au classeur Normand Direct Terroir, canal de commande non précisé",À CONFIRMER,À CONFIRMER,À CONFIRMER,À CONFIRMER,À CONFIRMER,,AUCUNE_INFORMATION_DANS_LES_DOCUMENTS,À CONFIRMER,À CONFIRMER,250.0,,250G,,NON,,À CONFIRMER,,3.9,3.9,unité,Prix unitaire HT,0.055,4.1145,,,,,,,,,,250G,12,,,À CONFIRMER,À CONFIRMER,À CONFIRMER,À CONFIRMER,À CONFIRMER,À CONFIRMER,À CONFIRMER,À CONFIRMER,À CONFIRMER,NON,À CONFIRMER,À CONFIRMER,À CONFIRMER,À CONFIRMER,À CONFIRMER,À CONFIRMER,À CONFIRMER,À CONFIRMER,À CONFIRMER,ESSENTIEL,2,palier de prix d'achat (3.90 € HT) → 2,PROPOSITION AUTOMATIQUE – À VALIDER EN BACK-OFFICE,À CONFIRMER,À CONFIRMER,NON,À CONFIRMER,FAIBLE_COUT_LOGISTIQUE,À CONFIRMER,À CONFIRMER,À CONFIRMER,À CONFIRMER,À CONFIRMER,À CONFIRMER,SUR_COMMANDE (document = catalogue tarifé 2026),PRODUIT,,,,35,Tarif et bon de commande 2026 – onglet « CARAMELS ISIGNY 2026 »,ligne 169 – LES CARAMELS À TARTINER (page 18)
PROD-0625,NC00282 (EAN 3498752002828),CARAMEL À TARTINER SAVEUR NOISETTE,CARAMEL À TARTINER SAVEUR NOISETTE,Gamme : LES CARAMELS À TARTINER (page 18),EPICERIE_SUCREE,CARAMEL_A_TARTINER,gamme « LES CARAMELS À TARTINER (page 18) » du catalogue Isigny,CARAMELS D'ISIGNY,FOUR-0002,CARAMELS D'ISIGNY,LES CARAMELS À TARTINER (page 18),FOUR-0002,CARAMELS D'ISIGNY,"À CONFIRMER : onglet intégré au classeur Normand Direct Terroir, canal de commande non précisé",À CONFIRMER,À CONFIRMER,À CONFIRMER,À CONFIRMER,À CONFIRMER,,AUCUNE_INFORMATION_DANS_LES_DOCUMENTS,À CONFIRMER,À CONFIRMER,250.0,,250G,,NON,,À CONFIRMER,,3.9,3.9,unité,Prix unitaire HT,0.055,4.1145,,,,,,,,,,250G,12,,,À CONFIRMER,À CONFIRMER,À CONFIRMER,À CONFIRMER,À CONFIRMER,À CONFIRMER,À CONFIRMER,À CONFIRMER,À CONFIRMER,NON,À CONFIRMER,À CONFIRMER,À CONFIRMER,À CONFIRMER,À CONFIRMER,À CONFIRMER,À CONFIRMER,À CONFIRMER,À CONFIRMER,ESSENTIEL,2,palier de prix d'achat (3.90 € HT) → 2,PROPOSITION AUTOMATIQUE – À VALIDER EN BACK-OFFICE,À CONFIRMER,À CONFIRMER,NON,À CONFIRMER,FAIBLE_COUT_LOGISTIQUE,À CONFIRMER,À CONFIRMER,À CONFIRMER,À CONFIRMER,À CONFIRMER,À CONFIRMER,SUR_COMMANDE (document = catalogue tarifé 2026),PRODUIT,,,,35,Tarif et bon de commande 2026 – onglet « CARAMELS ISIGNY 2026 »,ligne 170 – LES CARAMELS À TARTINER (page 18)
PROD-0626,NC00279 (EAN 3498752002798),CARAMEL À TARTINER CHOCOLAT,CARAMEL À TARTINER CHOCOLAT,Gamme : LES CARAMELS À TARTINER (page 18),EPICERIE_SUCREE,CARAMEL_A_TARTINER,gamme « LES CARAMELS À TARTINER (page 18) » du catalogue Isigny,CARAMELS D'ISIGNY,FOUR-0002,CARAMELS D'ISIGNY,LES CARAMELS À TARTINER (page 18),FOUR-0002,CARAMELS D'ISIGNY,"À CONFIRMER : onglet intégré au classeur Normand Direct Terroir, canal de commande non précisé",À CONFIRMER,À CONFIRMER,À CONFIRMER,À CONFIRMER,À CONFIRMER,,AUCUNE_INFORMATION_DANS_LES_DOCUMENTS,À CONFIRMER,À CONFIRMER,250.0,,250G,,NON,,À CONFIRMER,,3.9,3.9,unité,Prix unitaire HT,0.055,4.1145,,,,,,,,,,250G,12,,,À CONFIRMER,À CONFIRMER,À CONFIRMER,À CONFIRMER,À CONFIRMER,À CONFIRMER,À CONFIRMER,À CONFIRMER,À CONFIRMER,NON,À CONFIRMER,À CONFIRMER,À CONFIRMER,À CONFIRMER,À CONFIRMER,À CONFIRMER,À CONFIRMER,À CONFIRMER,À CONFIRMER,ESSENTIEL,2,palier de prix d'achat (3.90 € HT) → 2,PROPOSITION AUTOMATIQUE – À VALIDER EN BACK-OFFICE,À CONFIRMER,À CONFIRMER,NON,À CONFIRMER,FAIBLE_COUT_LOGISTIQUE,À CONFIRMER,À CONFIRMER,À CONFIRMER,À CONFIRMER,À CONFIRMER,À CONFIRMER,SUR_COMMANDE (document = catalogue tarifé 2026),PRODUIT,,,,35,Tarif et bon de commande 2026 – onglet « CARAMELS ISIGNY 2026 »,ligne 171 – LES CARAMELS À TARTINER (page 18)
PROD-0627,NC00366 (EAN 3498752003665),CARAMEL À TARTINER CALVADOS,CARAMEL À TARTINER CALVADOS,Gamme : LES CARAMELS À TARTINER (page 18),EPICERIE_SUCREE,CARAMEL_A_TARTINER,gamme « LES CARAMELS À TARTINER (page 18) » du catalogue Isigny,CARAMELS D'ISIGNY,FOUR-0002,CARAMELS D'ISIGNY,LES CARAMELS À TARTINER (page 18),FOUR-0002,CARAMELS D'ISIGNY,"À CONFIRMER : onglet intégré au classeur Normand Direct Terroir, canal de commande non précisé",À CONFIRMER,À CONFIRMER,À CONFIRMER,À CONFIRMER,À CONFIRMER,,AUCUNE_INFORMATION_DANS_LES_DOCUMENTS,À CONFIRMER,À CONFIRMER,250.0,,250G,À CONFIRMER,INGREDIENT_ALCOOLISE,Alcool cité comme ingrédient dans le libellé,À CONFIRMER,,3.9,3.9,unité,Prix unitaire HT,0.055,4.1145,,,,,,,,,,250G,12,,,À CONFIRMER,À CONFIRMER,À CONFIRMER,À CONFIRMER,À CONFIRMER,À CONFIRMER,À CONFIRMER,À CONFIRMER,À CONFIRMER,NON,À CONFIRMER,À CONFIRMER,À CONFIRMER,À CONFIRMER,À CONFIRMER,À CONFIRMER,À CONFIRMER,À CONFIRMER,À CONFIRMER,ESSENTIEL,2,palier de prix d'achat (3.90 € HT) → 2,PROPOSITION AUTOMATIQUE – À VALIDER EN BACK-OFFICE,À CONFIRMER,À CONFIRMER,NON,À CONFIRMER,FAIBLE_COUT_LOGISTIQUE,À CONFIRMER,À CONFIRMER,À CONFIRMER,À CONFIRMER,À CONFIRMER,À CONFIRMER,SUR_COMMANDE (document = catalogue tarifé 2026),PRODUIT,,,,36,Tarif et bon de commande 2026 – onglet « CARAMELS ISIGNY 2026 »,ligne 172 – LES CARAMELS À TARTINER (page 18)
PROD-0628,NC00285 (EAN 3498752002859),ASSORTIMENT DE 5 MINI CARAMELS À TARTINER,ASSORTIMENT DE 5 MINI CARAMELS À TARTINER,Gamme : LES CARAMELS À TARTINER (page 18),EPICERIE_SUCREE,CARAMEL_A_TARTINER,gamme « LES CARAMELS À TARTINER (page 18) » du catalogue Isigny,CARAMELS D'ISIGNY,FOUR-0002,CARAMELS D'ISIGNY,LES CARAMELS À TARTINER (page 18),FOUR-0002,CARAMELS D'ISIGNY,"À CONFIRMER : onglet intégré au classeur Normand Direct Terroir, canal de commande non précisé",À CONFIRMER,À CONFIRMER,À CONFIRMER,À CONFIRMER,À CONFIRMER,,AUCUNE_INFORMATION_DANS_LES_DOCUMENTS,À CONFIRMER,À CONFIRMER,250.0,,5X50G,,NON,,À CONFIRMER,,7.85,7.85,unité,Prix unitaire HT,0.055,8.2817,,,,,,,,,,5X50G,12,,,À CONFIRMER,À CONFIRMER,À CONFIRMER,À CONFIRMER,À CONFIRMER,À CONFIRMER,À CONFIRMER,À CONFIRMER,À CONFIRMER,NON,À CONFIRMER,À CONFIRMER,À CONFIRMER,À CONFIRMER,À CONFIRMER,À CONFIRMER,À CONFIRMER,À CONFIRMER,À CONFIRMER,SIGNATURE,3,palier de prix d'achat (7.85 € HT) → 3,PROPOSITION AUTOMATIQUE – À VALIDER EN BACK-OFFICE,À CONFIRMER,À CONFIRMER,NON,À CONFIRMER,FAIBLE_COUT_LOGISTIQUE,À CONFIRMER,À CONFIRMER,À CONFIRMER,À CONFIRMER,À CONFIRMER,À CONFIRMER,SUR_COMMANDE (document = catalogue tarifé 2026),PRODUIT,,,,35,Tarif et bon de commande 2026 – onglet « CARAMELS ISIGNY 2026 »,ligne 173 – LES CARAMELS À TARTINER (page 18)
PROD-0629,NC01018 (EAN 3498752010182),CARAMEL BLOND,CARAMEL BLOND,Gamme : LES COULIS DE CARAMEL (Page 19),EPICERIE_SUCREE,CARAMEL_A_TARTINER,gamme « LES COULIS DE CARAMEL (Page 19) » du catalogue Isigny,CARAMELS D'ISIGNY,FOUR-0002,CARAMELS D'ISIGNY,LES COULIS DE CARAMEL (Page 19),FOUR-0002,CARAMELS D'ISIGNY,"À CONFIRMER : onglet intégré au classeur Normand Direct Terroir, canal de commande non précisé",À CONFIRMER,À CONFIRMER,À CONFIRMER,À CONFIRMER,À CONFIRMER,,AUCUNE_INFORMATION_DANS_LES_DOCUMENTS,À CONFIRMER,À CONFIRMER,320.0,,320G,,NON,,À CONFIRMER,,4.1,4.1,unité,Prix unitaire HT,0.055,4.3255,,,,,,,,,,320G,12,,,À CONFIRMER,À CONFIRMER,À CONFIRMER,À CONFIRMER,À CONFIRMER,À CONFIRMER,À CONFIRMER,À CONFIRMER,À CONFIRMER,NON,À CONFIRMER,À CONFIRMER,À CONFIRMER,À CONFIRMER,À CONFIRMER,À CONFIRMER,À CONFIRMER,À CONFIRMER,À CONFIRMER,ESSENTIEL,2,palier de prix d'achat (4.10 € HT) → 2,PROPOSITION AUTOMATIQUE – À VALIDER EN BACK-OFFICE,À CONFIRMER,À CONFIRMER,NON,À CONFIRMER,,À CONFIRMER,À CONFIRMER,À CONFIRMER,À CONFIRMER,À CONFIRMER,À CONFIRMER,SUR_COMMANDE (document = catalogue tarifé 2026),PRODUIT,,,,35,Tarif et bon de commande 2026 – onglet « CARAMELS ISIGNY 2026 »,ligne 176 – LES COULIS DE CARAMEL (Page 19)
PROD-0630,NC01017 (EAN 3498752010175),COULIS DE CARAMEL À LA VANILLE,COULIS DE CARAMEL À LA VANILLE,Gamme : LES COULIS DE CARAMEL (Page 19),EPICERIE_SUCREE,CARAMEL_A_TARTINER,gamme « LES COULIS DE CARAMEL (Page 19) » du catalogue Isigny,CARAMELS D'ISIGNY,FOUR-0002,CARAMELS D'ISIGNY,LES COULIS DE CARAMEL (Page 19),FOUR-0002,CARAMELS D'ISIGNY,"À CONFIRMER : onglet intégré au classeur Normand Direct Terroir, canal de commande non précisé",À CONFIRMER,À CONFIRMER,À CONFIRMER,À CONFIRMER,À CONFIRMER,,AUCUNE_INFORMATION_DANS_LES_DOCUMENTS,À CONFIRMER,À CONFIRMER,320.0,,320G,,NON,,À CONFIRMER,,4.81,4.81,unité,Prix unitaire HT,0.055,5.0745,,,,,,,,,,320G,12,,,À CONFIRMER,À CONFIRMER,À CONFIRMER,À CONFIRMER,À CONFIRMER,À CONFIRMER,À CONFIRMER,À CONFIRMER,À CONFIRMER,NON,À CONFIRMER,À CONFIRMER,À CONFIRMER,À CONFIRMER,À CONFIRMER,À CONFIRMER,À CONFIRMER,À CONFIRMER,À CONFIRMER,ESSENTIEL,2,palier de prix d'achat (4.81 € HT) → 2,PROPOSITION AUTOMATIQUE – À VALIDER EN BACK-OFFICE,À CONFIRMER,À CONFIRMER,NON,À CONFIRMER,,À CONFIRMER,À CONFIRMER,À CONFIRMER,À CONFIRMER,À CONFIRMER,À CONFIRMER,SUR_COMMANDE (document = catalogue tarifé 2026),PRODUIT,,,,35,Tarif et bon de commande 2026 – onglet « CARAMELS ISIGNY 2026 »,ligne 177 – LES COULIS DE CARAMEL (Page 19)
PROD-0631,NC01004 (EAN 3498752010045),COULIS DE CARAMEL AU CHOCOLAT,COULIS DE CARAMEL AU CHOCOLAT,Gamme : LES COULIS DE CARAMEL (Page 19),EPICERIE_SUCREE,CARAMEL_A_TARTINER,gamme « LES COULIS DE CARAMEL (Page 19) » du catalogue Isigny,CARAMELS D'ISIGNY,FOUR-0002,CARAMELS D'ISIGNY,LES COULIS DE CARAMEL (Page 19),FOUR-0002,CARAMELS D'ISIGNY,"À CONFIRMER : onglet intégré au classeur Normand Direct Terroir, canal de commande non précisé",À CONFIRMER,À CONFIRMER,À CONFIRMER,À CONFIRMER,À CONFIRMER,,AUCUNE_INFORMATION_DANS_LES_DOCUMENTS,À CONFIRMER,À CONFIRMER,320.0,,320G,,NON,,À CONFIRMER,,4.81,4.81,unité,Prix unitaire HT,0.055,5.0745,,,,,,,,,,320G,12,,,À CONFIRMER,À CONFIRMER,À CONFIRMER,À CONFIRMER,À CONFIRMER,À CONFIRMER,À CONFIRMER,À CONFIRMER,À CONFIRMER,NON,À CONFIRMER,À CONFIRMER,À CONFIRMER,À CONFIRMER,À CONFIRMER,À CONFIRMER,À CONFIRMER,À CONFIRMER,À CONFIRMER,ESSENTIEL,2,palier de prix d'achat (4.81 € HT) → 2,PROPOSITION AUTOMATIQUE – À VALIDER EN BACK-OFFICE,À CONFIRMER,À CONFIRMER,NON,À CONFIRMER,,À CONFIRMER,À CONFIRMER,À CONFIRMER,À CONFIRMER,À CONFIRMER,À CONFIRMER,SUR_COMMANDE (document = catalogue tarifé 2026),PRODUIT,,,,35,Tarif et bon de commande 2026 – onglet « CARAMELS ISIGNY 2026 »,ligne 178 – LES COULIS DE CARAMEL (Page 19)
PROD-0632,NC01016 (EAN 3498752010168),COULIS DE CARAMEL AU BEURRE SALÉ,COULIS DE CARAMEL AU BEURRE SALÉ,Gamme : LES COULIS DE CARAMEL (Page 19),EPICERIE_SUCREE,CARAMEL_A_TARTINER,gamme « LES COULIS DE CARAMEL (Page 19) » du catalogue Isigny,CARAMELS D'ISIGNY,FOUR-0002,CARAMELS D'ISIGNY,LES COULIS DE CARAMEL (Page 19),FOUR-0002,CARAMELS D'ISIGNY,"À CONFIRMER : onglet intégré au classeur Normand Direct Terroir, canal de commande non précisé",À CONFIRMER,À CONFIRMER,À CONFIRMER,À CONFIRMER,À CONFIRMER,,AUCUNE_INFORMATION_DANS_LES_DOCUMENTS,À CONFIRMER,À CONFIRMER,320.0,,320G,,NON,,À CONFIRMER,,4.81,4.81,unité,Prix unitaire HT,0.055,5.0745,,,,,,,,,,320G,12,,,À CONFIRMER,À CONFIRMER,À CONFIRMER,À CONFIRMER,À CONFIRMER,À CONFIRMER,À CONFIRMER,À CONFIRMER,À CONFIRMER,NON,À CONFIRMER,À CONFIRMER,À CONFIRMER,À CONFIRMER,À CONFIRMER,À CONFIRMER,À CONFIRMER,À CONFIRMER,À CONFIRMER,ESSENTIEL,2,palier de prix d'achat (4.81 € HT) → 2,PROPOSITION AUTOMATIQUE – À VALIDER EN BACK-OFFICE,À CONFIRMER,À CONFIRMER,NON,À CONFIRMER,,À CONFIRMER,À CONFIRMER,À CONFIRMER,À CONFIRMER,À CONFIRMER,À CONFIRMER,SUR_COMMANDE (document = catalogue tarifé 2026),PRODUIT,LIBELLÉ IDENTIQUE – MÊME PRODUCTEUR,,,35,Tarif et bon de commande 2026 – onglet « CARAMELS ISIGNY 2026 »,ligne 179 – LES COULIS DE CARAMEL (Page 19)
PROD-0633,NC01056 (EAN 3498752010564),COULIS DE CARAMEL AU BEURRE SALÉ,COULIS DE CARAMEL AU BEURRE SALÉ,Gamme : LES COULIS DE CARAMEL (Page 19),EPICERIE_SUCREE,CARAMEL_A_TARTINER,gamme « LES COULIS DE CARAMEL (Page 19) » du catalogue Isigny,CARAMELS D'ISIGNY,FOUR-0002,CARAMELS D'ISIGNY,LES COULIS DE CARAMEL (Page 19),FOUR-0002,CARAMELS D'ISIGNY,"À CONFIRMER : onglet intégré au classeur Normand Direct Terroir, canal de commande non précisé",À CONFIRMER,À CONFIRMER,À CONFIRMER,À CONFIRMER,À CONFIRMER,,AUCUNE_INFORMATION_DANS_LES_DOCUMENTS,À CONFIRMER,À CONFIRMER,1100.0,,1.1KG,,NON,,À CONFIRMER,,15.75,15.75,unité,Prix unitaire HT,0.055,16.6162,,,,,,,,,,1.1KG,4,,,À CONFIRMER,À CONFIRMER,À CONFIRMER,À CONFIRMER,À CONFIRMER,À CONFIRMER,À CONFIRMER,À CONFIRMER,À CONFIRMER,NON,À CONFIRMER,À CONFIRMER,À CONFIRMER,À CONFIRMER,À CONFIRMER,À CONFIRMER,À CONFIRMER,À CONFIRMER,À CONFIRMER,PREMIUM,4,palier de prix d'achat (15.75 € HT) → 4,PROPOSITION AUTOMATIQUE – À VALIDER EN BACK-OFFICE,À CONFIRMER,À CONFIRMER,OUI,À CONFIRMER,PRODUIT_LOURD ; PREMIUM,À CONFIRMER,À CONFIRMER,À CONFIRMER,À CONFIRMER,À CONFIRMER,À CONFIRMER,SUR_COMMANDE (document = catalogue tarifé 2026),PRODUIT,LIBELLÉ IDENTIQUE – MÊME PRODUCTEUR,,,35,Tarif et bon de commande 2026 – onglet « CARAMELS ISIGNY 2026 »,ligne 180 – LES COULIS DE CARAMEL (Page 19)
PROD-0634,NC01373 (EAN 3498752013732),ÉCLATS DE CARAMEL CALIBRE 1.5/4MM,ÉCLATS DE CARAMEL CALIBRE 1.5/4MM,Gamme : LES ÉCLATS ET POUDRE DE CARAMEL (page 19),INGREDIENT_PROFESSIONNEL,PAI,gamme « LES ÉCLATS ET POUDRE DE CARAMEL (page 19) » du catalogue Isigny,CARAMELS D'ISIGNY,FOUR-0002,CARAMELS D'ISIGNY,LES ÉCLATS ET POUDRE DE CARAMEL (page 19),FOUR-0002,CARAMELS D'ISIGNY,"À CONFIRMER : onglet intégré au classeur Normand Direct Terroir, canal de commande non précisé",À CONFIRMER,À CONFIRMER,À CONFIRMER,À CONFIRMER,À CONFIRMER,,AUCUNE_INFORMATION_DANS_LES_DOCUMENTS,À CONFIRMER,À CONFIRMER,700.0,,700G,,NON,,À CONFIRMER,,11.4,11.4,unité,Prix unitaire HT,0.055,12.027,,,,,,,,,,700G,6,,,À CONFIRMER,À CONFIRMER,À CONFIRMER,À CONFIRMER,À CONFIRMER,À CONFIRMER,À CONFIRMER,À CONFIRMER,À CONFIRMER,NON,À CONFIRMER,À CONFIRMER,À CONFIRMER,À CONFIRMER,À CONFIRMER,À CONFIRMER,À CONFIRMER,À CONFIRMER,À CONFIRMER,SIGNATURE,3,palier de prix d'achat (11.40 € HT) → 4 ; produit vrac / usage professionnel → -1,PROPOSITION AUTOMATIQUE – À VALIDER EN BACK-OFFICE,À CONFIRMER,À CONFIRMER,NON,À CONFIRMER,,À CONFIRMER,À CONFIRMER,À CONFIRMER,À CONFIRMER,À CONFIRMER,À CONFIRMER,SUR_COMMANDE (document = catalogue tarifé 2026),PRODUIT,LIBELLÉ IDENTIQUE – MÊME PRODUCTEUR,,,35,Tarif et bon de commande 2026 – onglet « CARAMELS ISIGNY 2026 »,ligne 183 – LES ÉCLATS ET POUDRE DE CARAMEL (page 19)
PROD-0635,NC01372 (EAN 3498752013725),ÉCLATS DE CARAMEL CALIBRE 1.5/4MM,ÉCLATS DE CARAMEL CALIBRE 1.5/4MM,Gamme : LES ÉCLATS ET POUDRE DE CARAMEL (page 19),INGREDIENT_PROFESSIONNEL,PAI,gamme « LES ÉCLATS ET POUDRE DE CARAMEL (page 19) » du catalogue Isigny,CARAMELS D'ISIGNY,FOUR-0002,CARAMELS D'ISIGNY,LES ÉCLATS ET POUDRE DE CARAMEL (page 19),FOUR-0002,CARAMELS D'ISIGNY,"À CONFIRMER : onglet intégré au classeur Normand Direct Terroir, canal de commande non précisé",À CONFIRMER,À CONFIRMER,À CONFIRMER,À CONFIRMER,À CONFIRMER,,AUCUNE_INFORMATION_DANS_LES_DOCUMENTS,À CONFIRMER,À CONFIRMER,250.0,,250G,,NON,,À CONFIRMER,,4.95,4.95,unité,Prix unitaire HT,0.055,5.2222,,,,,,,,,,250G,12,,,À CONFIRMER,À CONFIRMER,À CONFIRMER,À CONFIRMER,À CONFIRMER,À CONFIRMER,À CONFIRMER,À CONFIRMER,À CONFIRMER,NON,À CONFIRMER,À CONFIRMER,À CONFIRMER,À CONFIRMER,À CONFIRMER,À CONFIRMER,À CONFIRMER,À CONFIRMER,À CONFIRMER,ESSENTIEL,1,palier de prix d'achat (4.95 € HT) → 2 ; produit vrac / usage professionnel → -1,PROPOSITION AUTOMATIQUE – À VALIDER EN BACK-OFFICE,À CONFIRMER,À CONFIRMER,NON,À CONFIRMER,FAIBLE_COUT_LOGISTIQUE,À CONFIRMER,À CONFIRMER,À CONFIRMER,À CONFIRMER,À CONFIRMER,À CONFIRMER,SUR_COMMANDE (document = catalogue tarifé 2026),PRODUIT,LIBELLÉ IDENTIQUE – MÊME PRODUCTEUR,,EAN 3498752013725 identique à un autre article du catalogue,35,Tarif et bon de commande 2026 – onglet « CARAMELS ISIGNY 2026 »,ligne 184 – LES ÉCLATS ET POUDRE DE CARAMEL (page 19)
PROD-0636,NC01380 (EAN 3498752013800),ÉCLATS DE CARAMEL CALIBRE 4/8MM,ÉCLATS DE CARAMEL CALIBRE 4/8MM,Gamme : LES ÉCLATS ET POUDRE DE CARAMEL (page 19),INGREDIENT_PROFESSIONNEL,PAI,gamme « LES ÉCLATS ET POUDRE DE CARAMEL (page 19) » du catalogue Isigny,CARAMELS D'ISIGNY,FOUR-0002,CARAMELS D'ISIGNY,LES ÉCLATS ET POUDRE DE CARAMEL (page 19),FOUR-0002,CARAMELS D'ISIGNY,"À CONFIRMER : onglet intégré au classeur Normand Direct Terroir, canal de commande non précisé",À CONFIRMER,À CONFIRMER,À CONFIRMER,À CONFIRMER,À CONFIRMER,,AUCUNE_INFORMATION_DANS_LES_DOCUMENTS,À CONFIRMER,À CONFIRMER,700.0,,700G,,NON,,À CONFIRMER,,11.74,11.74,unité,Prix unitaire HT,0.055,12.3857,,,,,,,,,,700G,6,,,À CONFIRMER,À CONFIRMER,À CONFIRMER,À CONFIRMER,À CONFIRMER,À CONFIRMER,À CONFIRMER,À CONFIRMER,À CONFIRMER,NON,À CONFIRMER,À CONFIRMER,À CONFIRMER,À CONFIRMER,À CONFIRMER,À CONFIRMER,À CONFIRMER,À CONFIRMER,À CONFIRMER,SIGNATURE,3,palier de prix d'achat (11.74 € HT) → 4 ; produit vrac / usage professionnel → -1,PROPOSITION AUTOMATIQUE – À VALIDER EN BACK-OFFICE,À CONFIRMER,À CONFIRMER,NON,À CONFIRMER,,À CONFIRMER,À CONFIRMER,À CONFIRMER,À CONFIRMER,À CONFIRMER,À CONFIRMER,SUR_COMMANDE (document = catalogue tarifé 2026),PRODUIT,LIBELLÉ IDENTIQUE – MÊME PRODUCTEUR,,,35,Tarif et bon de commande 2026 – onglet « CARAMELS ISIGNY 2026 »,ligne 185 – LES ÉCLATS ET POUDRE DE CARAMEL (page 19)
PROD-0637,NC01382 (EAN 3498752013725),ÉCLATS DE CARAMEL CALIBRE 4/8MM,ÉCLATS DE CARAMEL CALIBRE 4/8MM,Gamme : LES ÉCLATS ET POUDRE DE CARAMEL (page 19),INGREDIENT_PROFESSIONNEL,PAI,gamme « LES ÉCLATS ET POUDRE DE CARAMEL (page 19) » du catalogue Isigny,CARAMELS D'ISIGNY,FOUR-0002,CARAMELS D'ISIGNY,LES ÉCLATS ET POUDRE DE CARAMEL (page 19),FOUR-0002,CARAMELS D'ISIGNY,"À CONFIRMER : onglet intégré au classeur Normand Direct Terroir, canal de commande non précisé",À CONFIRMER,À CONFIRMER,À CONFIRMER,À CONFIRMER,À CONFIRMER,,AUCUNE_INFORMATION_DANS_LES_DOCUMENTS,À CONFIRMER,À CONFIRMER,250.0,,250G,,NON,,À CONFIRMER,,5.11,5.11,unité,Prix unitaire HT,0.055,5.391,,,,,,,,,,250G,12,,,À CONFIRMER,À CONFIRMER,À CONFIRMER,À CONFIRMER,À CONFIRMER,À CONFIRMER,À CONFIRMER,À CONFIRMER,À CONFIRMER,NON,À CONFIRMER,À CONFIRMER,À CONFIRMER,À CONFIRMER,À CONFIRMER,À CONFIRMER,À CONFIRMER,À CONFIRMER,À CONFIRMER,ESSENTIEL,2,palier de prix d'achat (5.11 € HT) → 3 ; produit vrac / usage professionnel → -1,PROPOSITION AUTOMATIQUE – À VALIDER EN BACK-OFFICE,À CONFIRMER,À CONFIRMER,NON,À CONFIRMER,FAIBLE_COUT_LOGISTIQUE,À CONFIRMER,À CONFIRMER,À CONFIRMER,À CONFIRMER,À CONFIRMER,À CONFIRMER,SUR_COMMANDE (document = catalogue tarifé 2026),PRODUIT,LIBELLÉ IDENTIQUE – MÊME PRODUCTEUR,,EAN 3498752013725 identique à un autre article du catalogue,35,Tarif et bon de commande 2026 – onglet « CARAMELS ISIGNY 2026 »,ligne 186 – LES ÉCLATS ET POUDRE DE CARAMEL (page 19)
PROD-0638,NC01383 (EAN 3498752013831),POUDRE DE CARAMEL,POUDRE DE CARAMEL,Gamme : LES ÉCLATS ET POUDRE DE CARAMEL (page 19),INGREDIENT_PROFESSIONNEL,PAI,gamme « LES ÉCLATS ET POUDRE DE CARAMEL (page 19) » du catalogue Isigny,CARAMELS D'ISIGNY,FOUR-0002,CARAMELS D'ISIGNY,LES ÉCLATS ET POUDRE DE CARAMEL (page 19),FOUR-0002,CARAMELS D'ISIGNY,"À CONFIRMER : onglet intégré au classeur Normand Direct Terroir, canal de commande non précisé",À CONFIRMER,À CONFIRMER,À CONFIRMER,À CONFIRMER,À CONFIRMER,,AUCUNE_INFORMATION_DANS_LES_DOCUMENTS,À CONFIRMER,À CONFIRMER,700.0,,700G,,NON,,À CONFIRMER,,10.7,10.7,unité,Prix unitaire HT,0.055,11.2885,,,,,,,,,,700G,6,,,À CONFIRMER,À CONFIRMER,À CONFIRMER,À CONFIRMER,À CONFIRMER,À CONFIRMER,À CONFIRMER,À CONFIRMER,À CONFIRMER,NON,À CONFIRMER,À CONFIRMER,À CONFIRMER,À CONFIRMER,À CONFIRMER,À CONFIRMER,À CONFIRMER,À CONFIRMER,À CONFIRMER,SIGNATURE,3,palier de prix d'achat (10.70 € HT) → 4 ; produit vrac / usage professionnel → -1,PROPOSITION AUTOMATIQUE – À VALIDER EN BACK-OFFICE,À CONFIRMER,À CONFIRMER,NON,À CONFIRMER,,À CONFIRMER,À CONFIRMER,À CONFIRMER,À CONFIRMER,À CONFIRMER,À CONFIRMER,SUR_COMMANDE (document = catalogue tarifé 2026),PRODUIT,LIBELLÉ IDENTIQUE – MÊME PRODUCTEUR,,,35,Tarif et bon de commande 2026 – onglet « CARAMELS ISIGNY 2026 »,ligne 187 – LES ÉCLATS ET POUDRE DE CARAMEL (page 19)
PROD-0639,NC01362 (EAN 3498752013626),POUDRE DE CARAMEL,POUDRE DE CARAMEL,Gamme : LES ÉCLATS ET POUDRE DE CARAMEL (page 19),INGREDIENT_PROFESSIONNEL,PAI,gamme « LES ÉCLATS ET POUDRE DE CARAMEL (page 19) » du catalogue Isigny,CARAMELS D'ISIGNY,FOUR-0002,CARAMELS D'ISIGNY,LES ÉCLATS ET POUDRE DE CARAMEL (page 19),FOUR-0002,CARAMELS D'ISIGNY,"À CONFIRMER : onglet intégré au classeur Normand Direct Terroir, canal de commande non précisé",À CONFIRMER,À CONFIRMER,À CONFIRMER,À CONFIRMER,À CONFIRMER,,AUCUNE_INFORMATION_DANS_LES_DOCUMENTS,À CONFIRMER,À CONFIRMER,220.0,,220G,,NON,,À CONFIRMER,,4.27,4.27,unité,Prix unitaire HT,0.055,4.5048,,,,,,,,,,220G,12,,,À CONFIRMER,À CONFIRMER,À CONFIRMER,À CONFIRMER,À CONFIRMER,À CONFIRMER,À CONFIRMER,À CONFIRMER,À CONFIRMER,NON,À CONFIRMER,À CONFIRMER,À CONFIRMER,À CONFIRMER,À CONFIRMER,À CONFIRMER,À CONFIRMER,À CONFIRMER,À CONFIRMER,ESSENTIEL,1,palier de prix d'achat (4.27 € HT) → 2 ; produit vrac / usage professionnel → -1,PROPOSITION AUTOMATIQUE – À VALIDER EN BACK-OFFICE,À CONFIRMER,À CONFIRMER,NON,À CONFIRMER,FAIBLE_COUT_LOGISTIQUE,À CONFIRMER,À CONFIRMER,À CONFIRMER,À CONFIRMER,À CONFIRMER,À CONFIRMER,SUR_COMMANDE (document = catalogue tarifé 2026),PRODUIT,LIBELLÉ IDENTIQUE – MÊME PRODUCTEUR,,,35,Tarif et bon de commande 2026 – onglet « CARAMELS ISIGNY 2026 »,ligne 188 – LES ÉCLATS ET POUDRE DE CARAMEL (page 19)
PROD-0640,NC01036 (EAN 3498752010366),CARAMEL CORSÉ AU BEURRE SALÉ,CARAMEL CORSÉ AU BEURRE SALÉ,Gamme : LES PRODUITS ALIMENTAIRES INTERMÉDIAIRES (page 20),INGREDIENT_PROFESSIONNEL,PAI,gamme « LES PRODUITS ALIMENTAIRES INTERMÉDIAIRES (page 20) » du catalogue Isigny,CARAMELS D'ISIGNY,FOUR-0002,CARAMELS D'ISIGNY,LES PRODUITS ALIMENTAIRES INTERMÉDIAIRES (page 20),FOUR-0002,CARAMELS D'ISIGNY,"À CONFIRMER : onglet intégré au classeur Normand Direct Terroir, canal de commande non précisé",À CONFIRMER,À CONFIRMER,À CONFIRMER,À CONFIRMER,À CONFIRMER,,AUCUNE_INFORMATION_DANS_LES_DOCUMENTS,À CONFIRMER,À CONFIRMER,1000.0,,1KG,,NON,,À CONFIRMER,,14.33,14.33,unité,Prix unitaire HT,0.055,15.1181,,,,,,,,,,1KG,12,,,À CONFIRMER,À CONFIRMER,À CONFIRMER,À CONFIRMER,À CONFIRMER,À CONFIRMER,À CONFIRMER,À CONFIRMER,À CONFIRMER,NON,À CONFIRMER,À CONFIRMER,À CONFIRMER,À CONFIRMER,À CONFIRMER,À CONFIRMER,À CONFIRMER,À CONFIRMER,À CONFIRMER,SIGNATURE,3,palier de prix d'achat (14.33 € HT) → 4 ; produit vrac / usage professionnel → -1,PROPOSITION AUTOMATIQUE – À VALIDER EN BACK-OFFICE,À CONFIRMER,À CONFIRMER,NON,À CONFIRMER,PRODUIT_LOURD,À CONFIRMER,À CONFIRMER,À CONFIRMER,À CONFIRMER,À CONFIRMER,À CONFIRMER,SUR_COMMANDE (document = catalogue tarifé 2026),PRODUIT,LIBELLÉ IDENTIQUE – MÊME PRODUCTEUR,,,35,Tarif et bon de commande 2026 – onglet « CARAMELS ISIGNY 2026 »,ligne 191 – LES PRODUITS ALIMENTAIRES INTERMÉDIAIRES (page 20)
PROD-0641,NC01038 (EAN 3498752010380),CARAMEL CORSÉ AU BEURRE SALÉ,CARAMEL CORSÉ AU BEURRE SALÉ,Gamme : LES PRODUITS ALIMENTAIRES INTERMÉDIAIRES (page 20),INGREDIENT_PROFESSIONNEL,PAI,gamme « LES PRODUITS ALIMENTAIRES INTERMÉDIAIRES (page 20) » du catalogue Isigny,CARAMELS D'ISIGNY,FOUR-0002,CARAMELS D'ISIGNY,LES PRODUITS ALIMENTAIRES INTERMÉDIAIRES (page 20),FOUR-0002,CARAMELS D'ISIGNY,"À CONFIRMER : onglet intégré au classeur Normand Direct Terroir, canal de commande non précisé",À CONFIRMER,À CONFIRMER,À CONFIRMER,À CONFIRMER,À CONFIRMER,,AUCUNE_INFORMATION_DANS_LES_DOCUMENTS,À CONFIRMER,À CONFIRMER,3000.0,,3KG,,NON,,À CONFIRMER,,40.83,40.83,unité,Prix unitaire HT,0.055,43.0756,,,,,,,,,,3KG,4,,,À CONFIRMER,À CONFIRMER,À CONFIRMER,À CONFIRMER,À CONFIRMER,À CONFIRMER,À CONFIRMER,À CONFIRMER,À CONFIRMER,NON,À CONFIRMER,À CONFIRMER,À CONFIRMER,À CONFIRMER,À CONFIRMER,À CONFIRMER,À CONFIRMER,À CONFIRMER,À CONFIRMER,PREMIUM,4,palier de prix d'achat (40.83 € HT) → 5 ; produit vrac / usage professionnel → -1,PROPOSITION AUTOMATIQUE – À VALIDER EN BACK-OFFICE,À CONFIRMER,À CONFIRMER,OUI,À CONFIRMER,PRODUIT_LOURD ; PREMIUM,À CONFIRMER,À CONFIRMER,À CONFIRMER,À CONFIRMER,À CONFIRMER,À CONFIRMER,SUR_COMMANDE (document = catalogue tarifé 2026),PRODUIT,LIBELLÉ IDENTIQUE – MÊME PRODUCTEUR,,,35,Tarif et bon de commande 2026 – onglet « CARAMELS ISIGNY 2026 »,ligne 192 – LES PRODUITS ALIMENTAIRES INTERMÉDIAIRES (page 20)
PROD-0642,NC01046 (EAN 3498752010465),CARAMEL AU BEURRE SALÉ,CARAMEL AU BEURRE SALÉ,Gamme : LES PRODUITS ALIMENTAIRES INTERMÉDIAIRES (page 20),INGREDIENT_PROFESSIONNEL,PAI,gamme « LES PRODUITS ALIMENTAIRES INTERMÉDIAIRES (page 20) » du catalogue Isigny,CARAMELS D'ISIGNY,FOUR-0002,CARAMELS D'ISIGNY,LES PRODUITS ALIMENTAIRES INTERMÉDIAIRES (page 20),FOUR-0002,CARAMELS D'ISIGNY,"À CONFIRMER : onglet intégré au classeur Normand Direct Terroir, canal de commande non précisé",À CONFIRMER,À CONFIRMER,À CONFIRMER,À CONFIRMER,À CONFIRMER,,AUCUNE_INFORMATION_DANS_LES_DOCUMENTS,À CONFIRMER,À CONFIRMER,1000.0,,1KG,,NON,,À CONFIRMER,,13.89,13.89,unité,Prix unitaire HT,0.055,14.654,,,,,,,,,,1KG,12,,,À CONFIRMER,À CONFIRMER,À CONFIRMER,À CONFIRMER,À CONFIRMER,À CONFIRMER,À CONFIRMER,À CONFIRMER,À CONFIRMER,NON,À CONFIRMER,À CONFIRMER,À CONFIRMER,À CONFIRMER,À CONFIRMER,À CONFIRMER,À CONFIRMER,À CONFIRMER,À CONFIRMER,SIGNATURE,3,palier de prix d'achat (13.89 € HT) → 4 ; produit vrac / usage professionnel → -1,PROPOSITION AUTOMATIQUE – À VALIDER EN BACK-OFFICE,À CONFIRMER,À CONFIRMER,NON,À CONFIRMER,PRODUIT_LOURD,À CONFIRMER,À CONFIRMER,À CONFIRMER,À CONFIRMER,À CONFIRMER,À CONFIRMER,SUR_COMMANDE (document = catalogue tarifé 2026),PRODUIT,LIBELLÉ IDENTIQUE – MÊME PRODUCTEUR,,,35,Tarif et bon de commande 2026 – onglet « CARAMELS ISIGNY 2026 »,ligne 193 – LES PRODUITS ALIMENTAIRES INTERMÉDIAIRES (page 20)
PROD-0643,NC01026 (EAN 3498752010267),CARAMEL AU BEURRE SALÉ,CARAMEL AU BEURRE SALÉ,Gamme : LES PRODUITS ALIMENTAIRES INTERMÉDIAIRES (page 20),INGREDIENT_PROFESSIONNEL,PAI,gamme « LES PRODUITS ALIMENTAIRES INTERMÉDIAIRES (page 20) » du catalogue Isigny,CARAMELS D'ISIGNY,FOUR-0002,CARAMELS D'ISIGNY,LES PRODUITS ALIMENTAIRES INTERMÉDIAIRES (page 20),FOUR-0002,CARAMELS D'ISIGNY,"À CONFIRMER : onglet intégré au classeur Normand Direct Terroir, canal de commande non précisé",À CONFIRMER,À CONFIRMER,À CONFIRMER,À CONFIRMER,À CONFIRMER,,AUCUNE_INFORMATION_DANS_LES_DOCUMENTS,À CONFIRMER,À CONFIRMER,3000.0,,3KG,,NON,,À CONFIRMER,,39.6,39.6,unité,Prix unitaire HT,0.055,41.778,,,,,,,,,,3KG,4,,,À CONFIRMER,À CONFIRMER,À CONFIRMER,À CONFIRMER,À CONFIRMER,À CONFIRMER,À CONFIRMER,À CONFIRMER,À CONFIRMER,NON,À CONFIRMER,À CONFIRMER,À CONFIRMER,À CONFIRMER,À CONFIRMER,À CONFIRMER,À CONFIRMER,À CONFIRMER,À CONFIRMER,PREMIUM,4,palier de prix d'achat (39.60 € HT) → 5 ; produit vrac / usage professionnel → -1,PROPOSITION AUTOMATIQUE – À VALIDER EN BACK-OFFICE,À CONFIRMER,À CONFIRMER,OUI,À CONFIRMER,PRODUIT_LOURD ; PREMIUM,À CONFIRMER,À CONFIRMER,À CONFIRMER,À CONFIRMER,À CONFIRMER,À CONFIRMER,SUR_COMMANDE (document = catalogue tarifé 2026),PRODUIT,LIBELLÉ IDENTIQUE – MÊME PRODUCTEUR,,,35,Tarif et bon de commande 2026 – onglet « CARAMELS ISIGNY 2026 »,ligne 194 – LES PRODUITS ALIMENTAIRES INTERMÉDIAIRES (page 20)
PROD-0644,NC01398 (EAN 3498752013985),POUDRE DE CARAMEL,POUDRE DE CARAMEL,Gamme : LES PRODUITS ALIMENTAIRES INTERMÉDIAIRES (page 20),INGREDIENT_PROFESSIONNEL,PAI,gamme « LES PRODUITS ALIMENTAIRES INTERMÉDIAIRES (page 20) » du catalogue Isigny,CARAMELS D'ISIGNY,FOUR-0002,CARAMELS D'ISIGNY,LES PRODUITS ALIMENTAIRES INTERMÉDIAIRES (page 20),FOUR-0002,CARAMELS D'ISIGNY,"À CONFIRMER : onglet intégré au classeur Normand Direct Terroir, canal de commande non précisé",À CONFIRMER,À CONFIRMER,À CONFIRMER,À CONFIRMER,À CONFIRMER,,AUCUNE_INFORMATION_DANS_LES_DOCUMENTS,À CONFIRMER,À CONFIRMER,900.0,,900G,,NON,,À CONFIRMER,,13.29,13.29,unité,Prix unitaire HT,0.055,14.0209,,,,,,,,,,900G,12,,,À CONFIRMER,À CONFIRMER,À CONFIRMER,À CONFIRMER,À CONFIRMER,À CONFIRMER,À CONFIRMER,À CONFIRMER,À CONFIRMER,NON,À CONFIRMER,À CONFIRMER,À CONFIRMER,À CONFIRMER,À CONFIRMER,À CONFIRMER,À CONFIRMER,À CONFIRMER,À CONFIRMER,SIGNATURE,3,palier de prix d'achat (13.29 € HT) → 4 ; produit vrac / usage professionnel → -1,PROPOSITION AUTOMATIQUE – À VALIDER EN BACK-OFFICE,À CONFIRMER,À CONFIRMER,NON,À CONFIRMER,,À CONFIRMER,À CONFIRMER,À CONFIRMER,À CONFIRMER,À CONFIRMER,À CONFIRMER,SUR_COMMANDE (document = catalogue tarifé 2026),PRODUIT,LIBELLÉ IDENTIQUE – MÊME PRODUCTEUR,,,35,Tarif et bon de commande 2026 – onglet « CARAMELS ISIGNY 2026 »,ligne 195 – LES PRODUITS ALIMENTAIRES INTERMÉDIAIRES (page 20)
PROD-0645,NC01345 (EAN 3498752013459),POUDRE DE CARAMEL,POUDRE DE CARAMEL,Gamme : LES PRODUITS ALIMENTAIRES INTERMÉDIAIRES (page 20),INGREDIENT_PROFESSIONNEL,PAI,gamme « LES PRODUITS ALIMENTAIRES INTERMÉDIAIRES (page 20) » du catalogue Isigny,CARAMELS D'ISIGNY,FOUR-0002,CARAMELS D'ISIGNY,LES PRODUITS ALIMENTAIRES INTERMÉDIAIRES (page 20),FOUR-0002,CARAMELS D'ISIGNY,"À CONFIRMER : onglet intégré au classeur Normand Direct Terroir, canal de commande non précisé",À CONFIRMER,À CONFIRMER,À CONFIRMER,À CONFIRMER,À CONFIRMER,,AUCUNE_INFORMATION_DANS_LES_DOCUMENTS,À CONFIRMER,À CONFIRMER,2200.0,,2.2KG,,NON,,À CONFIRMER,,29.68,29.68,unité,Prix unitaire HT,0.055,31.3124,,,,,,,,,,2.2KG,4,,,À CONFIRMER,À CONFIRMER,À CONFIRMER,À CONFIRMER,À CONFIRMER,À CONFIRMER,À CONFIRMER,À CONFIRMER,À CONFIRMER,NON,À CONFIRMER,À CONFIRMER,À CONFIRMER,À CONFIRMER,À CONFIRMER,À CONFIRMER,À CONFIRMER,À CONFIRMER,À CONFIRMER,PREMIUM,4,palier de prix d'achat (29.68 € HT) → 5 ; produit vrac / usage professionnel → -1,PROPOSITION AUTOMATIQUE – À VALIDER EN BACK-OFFICE,À CONFIRMER,À CONFIRMER,OUI,À CONFIRMER,PRODUIT_LOURD ; PREMIUM,À CONFIRMER,À CONFIRMER,À CONFIRMER,À CONFIRMER,À CONFIRMER,À CONFIRMER,SUR_COMMANDE (document = catalogue tarifé 2026),PRODUIT,LIBELLÉ IDENTIQUE – MÊME PRODUCTEUR,,,35,Tarif et bon de commande 2026 – onglet « CARAMELS ISIGNY 2026 »,ligne 196 – LES PRODUITS ALIMENTAIRES INTERMÉDIAIRES (page 20)
PROD-0646,NC01342,POUDRE DE CARAMEL,POUDRE DE CARAMEL,Gamme : LES PRODUITS ALIMENTAIRES INTERMÉDIAIRES (page 20),INGREDIENT_PROFESSIONNEL,PAI,gamme « LES PRODUITS ALIMENTAIRES INTERMÉDIAIRES (page 20) » du catalogue Isigny,CARAMELS D'ISIGNY,FOUR-0002,CARAMELS D'ISIGNY,LES PRODUITS ALIMENTAIRES INTERMÉDIAIRES (page 20),FOUR-0002,CARAMELS D'ISIGNY,"À CONFIRMER : onglet intégré au classeur Normand Direct Terroir, canal de commande non précisé",À CONFIRMER,À CONFIRMER,À CONFIRMER,À CONFIRMER,À CONFIRMER,,AUCUNE_INFORMATION_DANS_LES_DOCUMENTS,À CONFIRMER,À CONFIRMER,10000.0,,10KG,,NON,,À CONFIRMER,,12.44,12.44,unité,Prix unitaire HT,0.055,13.1242,,,,,,,,,,10KG,2 x 5 kg,,,À CONFIRMER,À CONFIRMER,À CONFIRMER,À CONFIRMER,À CONFIRMER,À CONFIRMER,À CONFIRMER,À CONFIRMER,À CONFIRMER,NON,À CONFIRMER,À CONFIRMER,À CONFIRMER,À CONFIRMER,À CONFIRMER,À CONFIRMER,À CONFIRMER,À CONFIRMER,À CONFIRMER,SIGNATURE,3,palier de prix d'achat (12.44 € HT) → 4 ; produit vrac / usage professionnel → -1,PROPOSITION AUTOMATIQUE – À VALIDER EN BACK-OFFICE,À CONFIRMER,À CONFIRMER,NON,À CONFIRMER,PRODUIT_LOURD,À CONFIRMER,À CONFIRMER,À CONFIRMER,À CONFIRMER,À CONFIRMER,À CONFIRMER,SUR_COMMANDE (document = catalogue tarifé 2026),PRODUIT,LIBELLÉ IDENTIQUE – MÊME PRODUCTEUR,,,35,Tarif et bon de commande 2026 – onglet « CARAMELS ISIGNY 2026 »,ligne 197 – LES PRODUITS ALIMENTAIRES INTERMÉDIAIRES (page 20)
PROD-0647,NC01378 (EAN 3498752013787),"ÉCLATS DE CARAMEL 1,5/4 MM","ÉCLATS DE CARAMEL 1,5/4 MM",Gamme : LES PRODUITS ALIMENTAIRES INTERMÉDIAIRES (page 20),INGREDIENT_PROFESSIONNEL,PAI,gamme « LES PRODUITS ALIMENTAIRES INTERMÉDIAIRES (page 20) » du catalogue Isigny,CARAMELS D'ISIGNY,FOUR-0002,CARAMELS D'ISIGNY,LES PRODUITS ALIMENTAIRES INTERMÉDIAIRES (page 20),FOUR-0002,CARAMELS D'ISIGNY,"À CONFIRMER : onglet intégré au classeur Normand Direct Terroir, canal de commande non précisé",À CONFIRMER,À CONFIRMER,À CONFIRMER,À CONFIRMER,À CONFIRMER,,AUCUNE_INFORMATION_DANS_LES_DOCUMENTS,À CONFIRMER,À CONFIRMER,900.0,,900G,,NON,,À CONFIRMER,,14.17,14.17,unité,Prix unitaire HT,0.055,14.9493,,,,,,,,,,900G,12,,,À CONFIRMER,À CONFIRMER,À CONFIRMER,À CONFIRMER,À CONFIRMER,À CONFIRMER,À CONFIRMER,À CONFIRMER,À CONFIRMER,NON,À CONFIRMER,À CONFIRMER,À CONFIRMER,À CONFIRMER,À CONFIRMER,À CONFIRMER,À CONFIRMER,À CONFIRMER,À CONFIRMER,SIGNATURE,3,palier de prix d'achat (14.17 € HT) → 4 ; produit vrac / usage professionnel → -1,PROPOSITION AUTOMATIQUE – À VALIDER EN BACK-OFFICE,À CONFIRMER,À CONFIRMER,NON,À CONFIRMER,,À CONFIRMER,À CONFIRMER,À CONFIRMER,À CONFIRMER,À CONFIRMER,À CONFIRMER,SUR_COMMANDE (document = catalogue tarifé 2026),PRODUIT,LIBELLÉ IDENTIQUE – MÊME PRODUCTEUR,,,35,Tarif et bon de commande 2026 – onglet « CARAMELS ISIGNY 2026 »,ligne 198 – LES PRODUITS ALIMENTAIRES INTERMÉDIAIRES (page 20)
PROD-0648,NC01344 (EAN 3498752013442),"ÉCLATS DE CARAMEL 1,5/4 MM","ÉCLATS DE CARAMEL 1,5/4 MM",Gamme : LES PRODUITS ALIMENTAIRES INTERMÉDIAIRES (page 20),INGREDIENT_PROFESSIONNEL,PAI,gamme « LES PRODUITS ALIMENTAIRES INTERMÉDIAIRES (page 20) » du catalogue Isigny,CARAMELS D'ISIGNY,FOUR-0002,CARAMELS D'ISIGNY,LES PRODUITS ALIMENTAIRES INTERMÉDIAIRES (page 20),FOUR-0002,CARAMELS D'ISIGNY,"À CONFIRMER : onglet intégré au classeur Normand Direct Terroir, canal de commande non précisé",À CONFIRMER,À CONFIRMER,À CONFIRMER,À CONFIRMER,À CONFIRMER,,AUCUNE_INFORMATION_DANS_LES_DOCUMENTS,À CONFIRMER,À CONFIRMER,2200.0,,2.2KG,,NON,,À CONFIRMER,,31.66,31.66,unité,Prix unitaire HT,0.055,33.4013,,,,,,,,,,2.2KG,4,,,À CONFIRMER,À CONFIRMER,À CONFIRMER,À CONFIRMER,À CONFIRMER,À CONFIRMER,À CONFIRMER,À CONFIRMER,À CONFIRMER,NON,À CONFIRMER,À CONFIRMER,À CONFIRMER,À CONFIRMER,À CONFIRMER,À CONFIRMER,À CONFIRMER,À CONFIRMER,À CONFIRMER,PREMIUM,4,palier de prix d'achat (31.66 € HT) → 5 ; produit vrac / usage professionnel → -1,PROPOSITION AUTOMATIQUE – À VALIDER EN BACK-OFFICE,À CONFIRMER,À CONFIRMER,OUI,À CONFIRMER,PRODUIT_LOURD ; PREMIUM,À CONFIRMER,À CONFIRMER,À CONFIRMER,À CONFIRMER,À CONFIRMER,À CONFIRMER,SUR_COMMANDE (document = catalogue tarifé 2026),PRODUIT,LIBELLÉ IDENTIQUE – MÊME PRODUCTEUR,,,35,Tarif et bon de commande 2026 – onglet « CARAMELS ISIGNY 2026 »,ligne 199 – LES PRODUITS ALIMENTAIRES INTERMÉDIAIRES (page 20)
PROD-0649,NC01343,"ÉCLATS DE CARAMEL 1,5/4 MM","ÉCLATS DE CARAMEL 1,5/4 MM",Gamme : LES PRODUITS ALIMENTAIRES INTERMÉDIAIRES (page 20),INGREDIENT_PROFESSIONNEL,PAI,gamme « LES PRODUITS ALIMENTAIRES INTERMÉDIAIRES (page 20) » du catalogue Isigny,CARAMELS D'ISIGNY,FOUR-0002,CARAMELS D'ISIGNY,LES PRODUITS ALIMENTAIRES INTERMÉDIAIRES (page 20),FOUR-0002,CARAMELS D'ISIGNY,"À CONFIRMER : onglet intégré au classeur Normand Direct Terroir, canal de commande non précisé",À CONFIRMER,À CONFIRMER,À CONFIRMER,À CONFIRMER,À CONFIRMER,,AUCUNE_INFORMATION_DANS_LES_DOCUMENTS,À CONFIRMER,À CONFIRMER,10000.0,,10KG,,NON,,À CONFIRMER,,13.27,13.27,unité,Prix unitaire HT,0.055,13.9998,,,,,,,,,,10KG,2 x 5 kg,,,À CONFIRMER,À CONFIRMER,À CONFIRMER,À CONFIRMER,À CONFIRMER,À CONFIRMER,À CONFIRMER,À CONFIRMER,À CONFIRMER,NON,À CONFIRMER,À CONFIRMER,À CONFIRMER,À CONFIRMER,À CONFIRMER,À CONFIRMER,À CONFIRMER,À CONFIRMER,À CONFIRMER,SIGNATURE,3,palier de prix d'achat (13.27 € HT) → 4 ; produit vrac / usage professionnel → -1,PROPOSITION AUTOMATIQUE – À VALIDER EN BACK-OFFICE,À CONFIRMER,À CONFIRMER,NON,À CONFIRMER,PRODUIT_LOURD,À CONFIRMER,À CONFIRMER,À CONFIRMER,À CONFIRMER,À CONFIRMER,À CONFIRMER,SUR_COMMANDE (document = catalogue tarifé 2026),PRODUIT,LIBELLÉ IDENTIQUE – MÊME PRODUCTEUR,,,35,Tarif et bon de commande 2026 – onglet « CARAMELS ISIGNY 2026 »,ligne 200 – LES PRODUITS ALIMENTAIRES INTERMÉDIAIRES (page 20)
PROD-0650,NC01388 (EAN 3498752013886),ÉCLATS DE CARAMEL 4/8 MM,ÉCLATS DE CARAMEL 4/8 MM,Gamme : LES PRODUITS ALIMENTAIRES INTERMÉDIAIRES (page 20),INGREDIENT_PROFESSIONNEL,PAI,gamme « LES PRODUITS ALIMENTAIRES INTERMÉDIAIRES (page 20) » du catalogue Isigny,CARAMELS D'ISIGNY,FOUR-0002,CARAMELS D'ISIGNY,LES PRODUITS ALIMENTAIRES INTERMÉDIAIRES (page 20),FOUR-0002,CARAMELS D'ISIGNY,"À CONFIRMER : onglet intégré au classeur Normand Direct Terroir, canal de commande non précisé",À CONFIRMER,À CONFIRMER,À CONFIRMER,À CONFIRMER,À CONFIRMER,,AUCUNE_INFORMATION_DANS_LES_DOCUMENTS,À CONFIRMER,À CONFIRMER,900.0,,900G,,NON,,À CONFIRMER,,14.57,14.57,unité,Prix unitaire HT,0.055,15.3713,,,,,,,,,,900G,12,,,À CONFIRMER,À CONFIRMER,À CONFIRMER,À CONFIRMER,À CONFIRMER,À CONFIRMER,À CONFIRMER,À CONFIRMER,À CONFIRMER,NON,À CONFIRMER,À CONFIRMER,À CONFIRMER,À CONFIRMER,À CONFIRMER,À CONFIRMER,À CONFIRMER,À CONFIRMER,À CONFIRMER,SIGNATURE,3,palier de prix d'achat (14.57 € HT) → 4 ; produit vrac / usage professionnel → -1,PROPOSITION AUTOMATIQUE – À VALIDER EN BACK-OFFICE,À CONFIRMER,À CONFIRMER,NON,À CONFIRMER,,À CONFIRMER,À CONFIRMER,À CONFIRMER,À CONFIRMER,À CONFIRMER,À CONFIRMER,SUR_COMMANDE (document = catalogue tarifé 2026),PRODUIT,LIBELLÉ IDENTIQUE – MÊME PRODUCTEUR,,,35,Tarif et bon de commande 2026 – onglet « CARAMELS ISIGNY 2026 »,ligne 201 – LES PRODUITS ALIMENTAIRES INTERMÉDIAIRES (page 20)
PROD-0651,NC01348 (EAN 3498752013480),ÉCLATS DE CARAMEL 4/8 MM,ÉCLATS DE CARAMEL 4/8 MM,Gamme : LES PRODUITS ALIMENTAIRES INTERMÉDIAIRES (page 20),INGREDIENT_PROFESSIONNEL,PAI,gamme « LES PRODUITS ALIMENTAIRES INTERMÉDIAIRES (page 20) » du catalogue Isigny,CARAMELS D'ISIGNY,FOUR-0002,CARAMELS D'ISIGNY,LES PRODUITS ALIMENTAIRES INTERMÉDIAIRES (page 20),FOUR-0002,CARAMELS D'ISIGNY,"À CONFIRMER : onglet intégré au classeur Normand Direct Terroir, canal de commande non précisé",À CONFIRMER,À CONFIRMER,À CONFIRMER,À CONFIRMER,À CONFIRMER,,AUCUNE_INFORMATION_DANS_LES_DOCUMENTS,À CONFIRMER,À CONFIRMER,2200.0,,2.2KG,,NON,,À CONFIRMER,,32.61,32.61,unité,Prix unitaire HT,0.055,34.4035,,,,,,,,,,2.2KG,4,,,À CONFIRMER,À CONFIRMER,À CONFIRMER,À CONFIRMER,À CONFIRMER,À CONFIRMER,À CONFIRMER,À CONFIRMER,À CONFIRMER,NON,À CONFIRMER,À CONFIRMER,À CONFIRMER,À CONFIRMER,À CONFIRMER,À CONFIRMER,À CONFIRMER,À CONFIRMER,À CONFIRMER,PREMIUM,4,palier de prix d'achat (32.61 € HT) → 5 ; produit vrac / usage professionnel → -1,PROPOSITION AUTOMATIQUE – À VALIDER EN BACK-OFFICE,À CONFIRMER,À CONFIRMER,OUI,À CONFIRMER,PRODUIT_LOURD ; PREMIUM,À CONFIRMER,À CONFIRMER,À CONFIRMER,À CONFIRMER,À CONFIRMER,À CONFIRMER,SUR_COMMANDE (document = catalogue tarifé 2026),PRODUIT,LIBELLÉ IDENTIQUE – MÊME PRODUCTEUR,,,35,Tarif et bon de commande 2026 – onglet « CARAMELS ISIGNY 2026 »,ligne 202 – LES PRODUITS ALIMENTAIRES INTERMÉDIAIRES (page 20)
PROD-0652,NC01349,ÉCLATS DE CARAMEL 4/8 MM,ÉCLATS DE CARAMEL 4/8 MM,Gamme : LES PRODUITS ALIMENTAIRES INTERMÉDIAIRES (page 20),INGREDIENT_PROFESSIONNEL,PAI,gamme « LES PRODUITS ALIMENTAIRES INTERMÉDIAIRES (page 20) » du catalogue Isigny,CARAMELS D'ISIGNY,FOUR-0002,CARAMELS D'ISIGNY,LES PRODUITS ALIMENTAIRES INTERMÉDIAIRES (page 20),FOUR-0002,CARAMELS D'ISIGNY,"À CONFIRMER : onglet intégré au classeur Normand Direct Terroir, canal de commande non précisé",À CONFIRMER,À CONFIRMER,À CONFIRMER,À CONFIRMER,À CONFIRMER,,AUCUNE_INFORMATION_DANS_LES_DOCUMENTS,À CONFIRMER,À CONFIRMER,10000.0,,10KG,,NON,,À CONFIRMER,,13.66,13.66,unité,Prix unitaire HT,0.055,14.4113,,,,,,,,,,10KG,2 x 5 kg,,,À CONFIRMER,À CONFIRMER,À CONFIRMER,À CONFIRMER,À CONFIRMER,À CONFIRMER,À CONFIRMER,À CONFIRMER,À CONFIRMER,NON,À CONFIRMER,À CONFIRMER,À CONFIRMER,À CONFIRMER,À CONFIRMER,À CONFIRMER,À CONFIRMER,À CONFIRMER,À CONFIRMER,SIGNATURE,3,palier de prix d'achat (13.66 € HT) → 4 ; produit vrac / usage professionnel → -1,PROPOSITION AUTOMATIQUE – À VALIDER EN BACK-OFFICE,À CONFIRMER,À CONFIRMER,NON,À CONFIRMER,PRODUIT_LOURD,À CONFIRMER,À CONFIRMER,À CONFIRMER,À CONFIRMER,À CONFIRMER,À CONFIRMER,SUR_COMMANDE (document = catalogue tarifé 2026),PRODUIT,LIBELLÉ IDENTIQUE – MÊME PRODUCTEUR,,,35,Tarif et bon de commande 2026 – onglet « CARAMELS ISIGNY 2026 »,ligne 203 – LES PRODUITS ALIMENTAIRES INTERMÉDIAIRES (page 20)
PROD-0653,NC01626,CARAMELS FONDANTS BEURRE SALÉ À ENROBER,CARAMELS FONDANTS BEURRE SALÉ À ENROBER,Gamme : LES PRODUITS ALIMENTAIRES INTERMÉDIAIRES (page 20),INGREDIENT_PROFESSIONNEL,PAI,gamme « LES PRODUITS ALIMENTAIRES INTERMÉDIAIRES (page 20) » du catalogue Isigny,CARAMELS D'ISIGNY,FOUR-0002,CARAMELS D'ISIGNY,LES PRODUITS ALIMENTAIRES INTERMÉDIAIRES (page 20),FOUR-0002,CARAMELS D'ISIGNY,"À CONFIRMER : onglet intégré au classeur Normand Direct Terroir, canal de commande non précisé",À CONFIRMER,À CONFIRMER,À CONFIRMER,À CONFIRMER,À CONFIRMER,,AUCUNE_INFORMATION_DANS_LES_DOCUMENTS,À CONFIRMER,À CONFIRMER,2000.0,,2KG,,NON,,À CONFIRMER,,43.3,43.3,unité,Prix unitaire HT,0.2,51.96,,,,,,,,,,2KG,1,,,À CONFIRMER,À CONFIRMER,À CONFIRMER,À CONFIRMER,À CONFIRMER,À CONFIRMER,À CONFIRMER,À CONFIRMER,À CONFIRMER,NON,À CONFIRMER,À CONFIRMER,À CONFIRMER,À CONFIRMER,À CONFIRMER,À CONFIRMER,À CONFIRMER,À CONFIRMER,À CONFIRMER,PREMIUM,4,palier de prix d'achat (43.30 € HT) → 5 ; produit vrac / usage professionnel → -1,PROPOSITION AUTOMATIQUE – À VALIDER EN BACK-OFFICE,À CONFIRMER,À CONFIRMER,OUI,À CONFIRMER,PRODUIT_LOURD ; PREMIUM,À CONFIRMER,À CONFIRMER,À CONFIRMER,À CONFIRMER,À CONFIRMER,À CONFIRMER,SUR_COMMANDE (document = catalogue tarifé 2026),PRODUIT,,,,35,Tarif et bon de commande 2026 – onglet « CARAMELS ISIGNY 2026 »,ligne 204 – LES PRODUITS ALIMENTAIRES INTERMÉDIAIRES (page 20)
PROD-0654,NC00251 (EAN 3498752002514),DOYPACK POP CORN,DOYPACK POP CORN,Gamme : LES GOURMANDISES AU CARAMEL D’ISIGNY (page 21),CONFISERIE,BONBON_ET_CONFISERIE,article « DOYPACK POP CORN » du catalogue Isigny,CARAMELS D'ISIGNY,FOUR-0002,CARAMELS D'ISIGNY,LES GOURMANDISES AU CARAMEL D’ISIGNY (page 21),FOUR-0002,CARAMELS D'ISIGNY,"À CONFIRMER : onglet intégré au classeur Normand Direct Terroir, canal de commande non précisé",À CONFIRMER,À CONFIRMER,À CONFIRMER,À CONFIRMER,À CONFIRMER,,INDICE_DANS_LE_NOM_DU_PRODUIT_SEULEMENT,NORMANDIE_INDIQUEE_DANS_LE_NOM_A_VERIFIER,À CONFIRMER,140.0,,140G,,NON,,À CONFIRMER,,3.72,3.72,unité,Prix unitaire HT,0.055,3.9246,,,,,,,,,,140G,15,,,À CONFIRMER,À CONFIRMER,À CONFIRMER,À CONFIRMER,À CONFIRMER,À CONFIRMER,À CONFIRMER,À CONFIRMER,NON_DEDUIT_DU_CONDITIONNEMENT,NON,À CONFIRMER,À CONFIRMER,À CONFIRMER,À CONFIRMER,À CONFIRMER,À CONFIRMER,À CONFIRMER,À CONFIRMER,À CONFIRMER,ESSENTIEL,2,palier de prix d'achat (3.72 € HT) → 2,PROPOSITION AUTOMATIQUE – À VALIDER EN BACK-OFFICE,À CONFIRMER,À CONFIRMER,NON,À CONFIRMER,FAIBLE_COUT_LOGISTIQUE,À CONFIRMER,À CONFIRMER,À CONFIRMER,À CONFIRMER,À CONFIRMER,À CONFIRMER,SUR_COMMANDE (document = catalogue tarifé 2026),PRODUIT,,,,33,Tarif et bon de commande 2026 – onglet « CARAMELS ISIGNY 2026 »,ligne 207 – LES GOURMANDISES AU CARAMEL D’ISIGNY (page 21)
PROD-0655,NC80005 (EAN 3498751800050),SACHET DE NOUGATS,SACHET DE NOUGATS,Gamme : LES GOURMANDISES AU CARAMEL D’ISIGNY (page 21),CONFISERIE,BONBON_ET_CONFISERIE,article « SACHET DE NOUGATS » du catalogue Isigny,CARAMELS D'ISIGNY,FOUR-0002,CARAMELS D'ISIGNY,LES GOURMANDISES AU CARAMEL D’ISIGNY (page 21),FOUR-0002,CARAMELS D'ISIGNY,"À CONFIRMER : onglet intégré au classeur Normand Direct Terroir, canal de commande non précisé",À CONFIRMER,À CONFIRMER,À CONFIRMER,À CONFIRMER,À CONFIRMER,,INDICE_DANS_LE_NOM_DU_PRODUIT_SEULEMENT,NORMANDIE_INDIQUEE_DANS_LE_NOM_A_VERIFIER,À CONFIRMER,150.0,,150G,,NON,,À CONFIRMER,,4.5,4.5,unité,Prix unitaire HT,0.2,5.4,,,,,,,,,,150G,12,,,À CONFIRMER,À CONFIRMER,À CONFIRMER,À CONFIRMER,À CONFIRMER,À CONFIRMER,À CONFIRMER,À CONFIRMER,NON_DEDUIT_DU_CONDITIONNEMENT,NON,À CONFIRMER,À CONFIRMER,À CONFIRMER,À CONFIRMER,À CONFIRMER,À CONFIRMER,À CONFIRMER,À CONFIRMER,À CONFIRMER,ESSENTIEL,2,palier de prix d'achat (4.50 € HT) → 2,PROPOSITION AUTOMATIQUE – À VALIDER EN BACK-OFFICE,À CONFIRMER,À CONFIRMER,NON,À CONFIRMER,FAIBLE_COUT_LOGISTIQUE,À CONFIRMER,À CONFIRMER,À CONFIRMER,À CONFIRMER,À CONFIRMER,À CONFIRMER,SUR_COMMANDE (document = catalogue tarifé 2026),PRODUIT,,,,33,Tarif et bon de commande 2026 – onglet « CARAMELS ISIGNY 2026 »,ligne 208 – LES GOURMANDISES AU CARAMEL D’ISIGNY (page 21)
PROD-0656,NC80017 (EAN 3498751800173),SUCETTES x100,SUCETTES x100,Gamme : LES GOURMANDISES AU CARAMEL D’ISIGNY (page 21),CONFISERIE,BONBON_ET_CONFISERIE,article « SUCETTES x100 » du catalogue Isigny,CARAMELS D'ISIGNY,FOUR-0002,CARAMELS D'ISIGNY,LES GOURMANDISES AU CARAMEL D’ISIGNY (page 21),FOUR-0002,CARAMELS D'ISIGNY,"À CONFIRMER : onglet intégré au classeur Normand Direct Terroir, canal de commande non précisé",À CONFIRMER,À CONFIRMER,À CONFIRMER,À CONFIRMER,À CONFIRMER,,INDICE_DANS_LE_NOM_DU_PRODUIT_SEULEMENT,NORMANDIE_INDIQUEE_DANS_LE_NOM_A_VERIFIER,À CONFIRMER,1300.0,,1.3KG,,NON,,À CONFIRMER,,33.21,33.21,unité,Prix unitaire HT,0.2,39.852,,,,,,,,,,1.3KG,1x100 sucettes,,,À CONFIRMER,À CONFIRMER,À CONFIRMER,À CONFIRMER,À CONFIRMER,À CONFIRMER,À CONFIRMER,À CONFIRMER,À CONFIRMER,NON,À CONFIRMER,À CONFIRMER,À CONFIRMER,À CONFIRMER,À CONFIRMER,À CONFIRMER,À CONFIRMER,À CONFIRMER,À CONFIRMER,PRESTIGE,5,palier de prix d'achat (33.21 € HT) → 5,PROPOSITION AUTOMATIQUE – À VALIDER EN BACK-OFFICE,À CONFIRMER,À CONFIRMER,OUI,À CONFIRMER,PRODUIT_LOURD ; PREMIUM,À CONFIRMER,À CONFIRMER,À CONFIRMER,À CONFIRMER,À CONFIRMER,À CONFIRMER,SUR_COMMANDE (document = catalogue tarifé 2026),PRODUIT,,,,34,Tarif et bon de commande 2026 – onglet « CARAMELS ISIGNY 2026 »,ligne 209 – LES GOURMANDISES AU CARAMEL D’ISIGNY (page 21)
PROD-0657,NC80018,PRÉSENTOIR POUR 100 SUCETTES,PRÉSENTOIR POUR 100 SUCETTES,Gamme : LES GOURMANDISES AU CARAMEL D’ISIGNY (page 21),ART_DE_LA_TABLE_ET_OBJET,OBJET_ET_CONTENANT,article « PRÉSENTOIR POUR 100 SUCETTES » du catalogue Isigny,CARAMELS D'ISIGNY,FOUR-0002,CARAMELS D'ISIGNY,LES GOURMANDISES AU CARAMEL D’ISIGNY (page 21),FOUR-0002,CARAMELS D'ISIGNY,"À CONFIRMER : onglet intégré au classeur Normand Direct Terroir, canal de commande non précisé",À CONFIRMER,À CONFIRMER,À CONFIRMER,À CONFIRMER,À CONFIRMER,,INDICE_DANS_LE_NOM_DU_PRODUIT_SEULEMENT,NORMANDIE_INDIQUEE_DANS_LE_NOM_A_VERIFIER,À CONFIRMER,225.0,,225G,,NON,,À CONFIRMER,,8.38,8.38,unité,Prix unitaire HT,0.2,10.056,,,,,,,,,,225G,1,,,À CONFIRMER,À CONFIRMER,À CONFIRMER,À CONFIRMER,À CONFIRMER,À CONFIRMER,À CONFIRMER,À CONFIRMER,À CONFIRMER,NON,À CONFIRMER,À CONFIRMER,À CONFIRMER,À CONFIRMER,À CONFIRMER,À CONFIRMER,À CONFIRMER,À CONFIRMER,À CONFIRMER,SIGNATURE,3,palier de prix d'achat (8.38 € HT) → 3,PROPOSITION AUTOMATIQUE – À VALIDER EN BACK-OFFICE,À CONFIRMER,À CONFIRMER,NON,À CONFIRMER,FAIBLE_COUT_LOGISTIQUE,À CONFIRMER,À CONFIRMER,À CONFIRMER,À CONFIRMER,À CONFIRMER,À CONFIRMER,SUR_COMMANDE (document = catalogue tarifé 2026),PRODUIT,,,,34,Tarif et bon de commande 2026 – onglet « CARAMELS ISIGNY 2026 »,ligne 210 – LES GOURMANDISES AU CARAMEL D’ISIGNY (page 21)
PROD-0658,NC80704 (EAN 3449610272204),COOKIES AUX ÉCLATS DE CARAMEL,COOKIES AUX ÉCLATS DE CARAMEL,Gamme : LES GOURMANDISES AU CARAMEL D’ISIGNY (page 21),BISCUITERIE,BISCUIT,article « COOKIES AUX ÉCLATS DE CARAMEL » du catalogue Isigny,CARAMELS D'ISIGNY,FOUR-0002,CARAMELS D'ISIGNY,LES GOURMANDISES AU CARAMEL D’ISIGNY (page 21),FOUR-0002,CARAMELS D'ISIGNY,"À CONFIRMER : onglet intégré au classeur Normand Direct Terroir, canal de commande non précisé",À CONFIRMER,À CONFIRMER,À CONFIRMER,À CONFIRMER,À CONFIRMER,,INDICE_DANS_LE_NOM_DU_PRODUIT_SEULEMENT,NORMANDIE_INDIQUEE_DANS_LE_NOM_A_VERIFIER,À CONFIRMER,220.0,,220G,,NON,,À CONFIRMER,,4.16,4.16,unité,Prix unitaire HT,0.055,4.3888,,,,,,,,,,220G,12,,,À CONFIRMER,À CONFIRMER,À CONFIRMER,À CONFIRMER,À CONFIRMER,À CONFIRMER,À CONFIRMER,À CONFIRMER,À CONFIRMER,NON,À CONFIRMER,À CONFIRMER,À CONFIRMER,À CONFIRMER,À CONFIRMER,À CONFIRMER,À CONFIRMER,À CONFIRMER,À CONFIRMER,ESSENTIEL,2,palier de prix d'achat (4.16 € HT) → 2,PROPOSITION AUTOMATIQUE – À VALIDER EN BACK-OFFICE,À CONFIRMER,À CONFIRMER,NON,À CONFIRMER,FAIBLE_COUT_LOGISTIQUE,À CONFIRMER,À CONFIRMER,À CONFIRMER,À CONFIRMER,À CONFIRMER,À CONFIRMER,SUR_COMMANDE (document = catalogue tarifé 2026),PRODUIT,,,,34,Tarif et bon de commande 2026 – onglet « CARAMELS ISIGNY 2026 »,ligne 211 – LES GOURMANDISES AU CARAMEL D’ISIGNY (page 21)
PROD-0659,À CONFIRMER,Cidre Corsé,Cidre Corsé,Notre brut avec ses notes d’amertume,BOISSON_ALCOOLISEE,CIDRE,section « CIDRES » du tarif fournisseur,DOMAINE DE BILLY,FOUR-0003,SARL DOMAINE DE BILLY,section CIDRES,FOUR-0003,SARL DOMAINE DE BILLY,Commande directe auprès du producteur,À CONFIRMER,France,Normandie,Calvados (14),À CONFIRMER (siège du producteur : 14980 ROTS),,ADRESSE_PRODUCTEUR_DANS_LE_DOCUMENT,NORMANDIE_CONFIRMEE,OUI,,750.0,75cl,"5,5%",OUI,CIDRE,À CONFIRMER,,3.36,"3,36 euros H.T.",unité,Prix de vente,À CONFIRMER,,,,,,,,,,,75cl,,,,À CONFIRMER,À CONFIRMER,À CONFIRMER,À CONFIRMER,À CONFIRMER,À CONFIRMER,À CONFIRMER,À CONFIRMER,À CONFIRMER,OUI_DEDUIT_DU_CONDITIONNEMENT,À CONFIRMER,À CONFIRMER,À CONFIRMER,"Boisson alcoolisée : vérifier les contraintes transporteur (déclaration, casse, interdiction sur certains services)",À CONFIRMER,À CONFIRMER,À CONFIRMER,À CONFIRMER,À CONFIRMER,ESSENTIEL,2,palier de prix d'achat (3.36 € HT) → 2,PROPOSITION AUTOMATIQUE – À VALIDER EN BACK-OFFICE,À CONFIRMER,À CONFIRMER,NON,OUI,PRODUIT_LOCAL_EMBLEMATIQUE,À CONFIRMER,À CONFIRMER,À CONFIRMER,À CONFIRMER,À CONFIRMER,À CONFIRMER,SUR_COMMANDE (document = tarif producteur 2026),PRODUIT,,,,29,billy.pdf – tarif SARL Domaine de Billy « Prix de vente à partir de 2026 » – page 1,page 1 – section CIDRES
PROD-0660,À CONFIRMER,Cidre Fruité,Cidre Fruité,Un demi-sec très rond alliant sucrosité et amertume avec délicatesse,BOISSON_ALCOOLISEE,CIDRE,section « CIDRES » du tarif fournisseur,DOMAINE DE BILLY,FOUR-0003,SARL DOMAINE DE BILLY,section CIDRES,FOUR-0003,SARL DOMAINE DE BILLY,Commande directe auprès du producteur,À CONFIRMER,France,Normandie,Calvados (14),À CONFIRMER (siège du producteur : 14980 ROTS),,ADRESSE_PRODUCTEUR_DANS_LE_DOCUMENT,NORMANDIE_CONFIRMEE,OUI,,750.0,75cl,4%,OUI,CIDRE,À CONFIRMER,,3.36,"3,36 euros H.T.",unité,Prix de vente,À CONFIRMER,,,,,,,,,,,75cl,,,,À CONFIRMER,À CONFIRMER,À CONFIRMER,À CONFIRMER,À CONFIRMER,À CONFIRMER,À CONFIRMER,À CONFIRMER,À CONFIRMER,OUI_DEDUIT_DU_CONDITIONNEMENT,À CONFIRMER,À CONFIRMER,À CONFIRMER,"Boisson alcoolisée : vérifier les contraintes transporteur (déclaration, casse, interdiction sur certains services)",À CONFIRMER,À CONFIRMER,À CONFIRMER,À CONFIRMER,À CONFIRMER,ESSENTIEL,2,palier de prix d'achat (3.36 € HT) → 2,PROPOSITION AUTOMATIQUE – À VALIDER EN BACK-OFFICE,À CONFIRMER,À CONFIRMER,NON,OUI,PRODUIT_LOCAL_EMBLEMATIQUE,À CONFIRMER,À CONFIRMER,À CONFIRMER,À CONFIRMER,À CONFIRMER,À CONFIRMER,SUR_COMMANDE (document = tarif producteur 2026),PRODUIT,LIBELLÉ IDENTIQUE – MÊME PRODUCTEUR,,,29,billy.pdf – tarif SARL Domaine de Billy « Prix de vente à partir de 2026 » – page 1,page 1 – section CIDRES
PROD-0661,À CONFIRMER,Cidre Fraîcheur,Cidre Fraîcheur,Léger vif et acidulé ! Parfait pour l’apéritif et les fruits de mers,BOISSON_ALCOOLISEE,CIDRE,section « CIDRES » du tarif fournisseur,DOMAINE DE BILLY,FOUR-0003,SARL DOMAINE DE BILLY,section CIDRES,FOUR-0003,SARL DOMAINE DE BILLY,Commande directe auprès du producteur,À CONFIRMER,France,Normandie,Calvados (14),À CONFIRMER (siège du producteur : 14980 ROTS),,ADRESSE_PRODUCTEUR_DANS_LE_DOCUMENT,NORMANDIE_CONFIRMEE,OUI,,750.0,75cl,4%,OUI,CIDRE,À CONFIRMER,,3.65,"3,65 euros H.T.",unité,Prix de vente,À CONFIRMER,,,,,,,,,,,75cl,,,,À CONFIRMER,À CONFIRMER,À CONFIRMER,À CONFIRMER,À CONFIRMER,À CONFIRMER,À CONFIRMER,À CONFIRMER,À CONFIRMER,OUI_DEDUIT_DU_CONDITIONNEMENT,À CONFIRMER,À CONFIRMER,À CONFIRMER,"Boisson alcoolisée : vérifier les contraintes transporteur (déclaration, casse, interdiction sur certains services)",À CONFIRMER,À CONFIRMER,À CONFIRMER,À CONFIRMER,À CONFIRMER,ESSENTIEL,2,palier de prix d'achat (3.65 € HT) → 2,PROPOSITION AUTOMATIQUE – À VALIDER EN BACK-OFFICE,À CONFIRMER,À CONFIRMER,NON,OUI,PRODUIT_LOCAL_EMBLEMATIQUE,À CONFIRMER,À CONFIRMER,À CONFIRMER,À CONFIRMER,À CONFIRMER,À CONFIRMER,SUR_COMMANDE (document = tarif producteur 2026),PRODUIT,LIBELLÉ IDENTIQUE – MÊME PRODUCTEUR,,,29,billy.pdf – tarif SARL Domaine de Billy « Prix de vente à partir de 2026 » – page 1,page 1 – section CIDRES
PROD-0662,À CONFIRMER,Cidre Tonique,Cidre Tonique,Original citronné et très vif. Une belle surprise !,BOISSON_ALCOOLISEE,CIDRE,section « CIDRES » du tarif fournisseur,DOMAINE DE BILLY,FOUR-0003,SARL DOMAINE DE BILLY,section CIDRES,FOUR-0003,SARL DOMAINE DE BILLY,Commande directe auprès du producteur,À CONFIRMER,France,Normandie,Calvados (14),À CONFIRMER (siège du producteur : 14980 ROTS),,ADRESSE_PRODUCTEUR_DANS_LE_DOCUMENT,NORMANDIE_CONFIRMEE,OUI,,750.0,75cl,3%,OUI,CIDRE,À CONFIRMER,,4.5,"4,50 euros H.T.",unité,Prix de vente,À CONFIRMER,,,,,,,,,,,75cl,,,,À CONFIRMER,À CONFIRMER,À CONFIRMER,À CONFIRMER,À CONFIRMER,À CONFIRMER,À CONFIRMER,À CONFIRMER,À CONFIRMER,OUI_DEDUIT_DU_CONDITIONNEMENT,À CONFIRMER,À CONFIRMER,À CONFIRMER,"Boisson alcoolisée : vérifier les contraintes transporteur (déclaration, casse, interdiction sur certains services)",À CONFIRMER,À CONFIRMER,À CONFIRMER,À CONFIRMER,À CONFIRMER,ESSENTIEL,2,palier de prix d'achat (4.50 € HT) → 2,PROPOSITION AUTOMATIQUE – À VALIDER EN BACK-OFFICE,À CONFIRMER,À CONFIRMER,NON,OUI,PRODUIT_LOCAL_EMBLEMATIQUE,À CONFIRMER,À CONFIRMER,À CONFIRMER,À CONFIRMER,À CONFIRMER,À CONFIRMER,SUR_COMMANDE (document = tarif producteur 2026),PRODUIT,LIBELLÉ IDENTIQUE – MÊME PRODUCTEUR,,,29,billy.pdf – tarif SARL Domaine de Billy « Prix de vente à partir de 2026 » – page 1,page 1 – section CIDRES
PROD-0663,À CONFIRMER,Cidre Sauvage,Cidre Sauvage,Sec et extra brut + tonneau,BOISSON_ALCOOLISEE,CIDRE,section « CIDRES » du tarif fournisseur,DOMAINE DE BILLY,FOUR-0003,SARL DOMAINE DE BILLY,section CIDRES,FOUR-0003,SARL DOMAINE DE BILLY,Commande directe auprès du producteur,À CONFIRMER,France,Normandie,Calvados (14),À CONFIRMER (siège du producteur : 14980 ROTS),,ADRESSE_PRODUCTEUR_DANS_LE_DOCUMENT,NORMANDIE_CONFIRMEE,OUI,,750.0,75cl,5 à 7%,OUI,CIDRE,À CONFIRMER,,4.4,"4,40 euros H.T.",unité,Prix de vente,À CONFIRMER,,,,,,,,,,,75cl,,,,À CONFIRMER,À CONFIRMER,À CONFIRMER,À CONFIRMER,À CONFIRMER,À CONFIRMER,À CONFIRMER,À CONFIRMER,À CONFIRMER,OUI_DEDUIT_DU_CONDITIONNEMENT,À CONFIRMER,À CONFIRMER,À CONFIRMER,"Boisson alcoolisée : vérifier les contraintes transporteur (déclaration, casse, interdiction sur certains services)",À CONFIRMER,À CONFIRMER,À CONFIRMER,À CONFIRMER,À CONFIRMER,ESSENTIEL,2,palier de prix d'achat (4.40 € HT) → 2,PROPOSITION AUTOMATIQUE – À VALIDER EN BACK-OFFICE,À CONFIRMER,À CONFIRMER,NON,OUI,PRODUIT_LOCAL_EMBLEMATIQUE,À CONFIRMER,À CONFIRMER,À CONFIRMER,À CONFIRMER,À CONFIRMER,À CONFIRMER,SUR_COMMANDE (document = tarif producteur 2026),PRODUIT,,,,29,billy.pdf – tarif SARL Domaine de Billy « Prix de vente à partir de 2026 » – page 1,page 1 – section CIDRES
PROD-0664,À CONFIRMER,Terroir Chic,Terroir Chic,Notre brut avec ses notes d’amertume,BOISSON_ALCOOLISEE,CIDRE,section « CIDRES » du tarif fournisseur,DOMAINE DE BILLY,FOUR-0003,SARL DOMAINE DE BILLY,section CIDRES,FOUR-0003,SARL DOMAINE DE BILLY,Commande directe auprès du producteur,À CONFIRMER,France,Normandie,Calvados (14),À CONFIRMER (siège du producteur : 14980 ROTS),,ADRESSE_PRODUCTEUR_DANS_LE_DOCUMENT,NORMANDIE_CONFIRMEE,OUI,,330.0,33cl,"5,5%",OUI,CIDRE,À CONFIRMER,,1.71,"1,71 euros H.T.",unité,Prix de vente,À CONFIRMER,,,,,,,,,,,33cl,,,,À CONFIRMER,À CONFIRMER,À CONFIRMER,À CONFIRMER,À CONFIRMER,À CONFIRMER,À CONFIRMER,À CONFIRMER,À CONFIRMER,OUI_DEDUIT_DU_CONDITIONNEMENT,À CONFIRMER,À CONFIRMER,À CONFIRMER,"Boisson alcoolisée : vérifier les contraintes transporteur (déclaration, casse, interdiction sur certains services)",À CONFIRMER,À CONFIRMER,À CONFIRMER,À CONFIRMER,À CONFIRMER,ESSENTIEL,1,palier de prix d'achat (1.71 € HT) → 1,PROPOSITION AUTOMATIQUE – À VALIDER EN BACK-OFFICE,À CONFIRMER,À CONFIRMER,NON,OUI,PRODUIT_LOCAL_EMBLEMATIQUE,À CONFIRMER,À CONFIRMER,À CONFIRMER,À CONFIRMER,À CONFIRMER,À CONFIRMER,SUR_COMMANDE (document = tarif producteur 2026),PRODUIT,,,,29,billy.pdf – tarif SARL Domaine de Billy « Prix de vente à partir de 2026 » – page 1,page 1 – section CIDRES
PROD-0665,À CONFIRMER,Cidre Fruité,Cidre Fruité,Un demi-sec très rond alliant sucrosité et amertume avec délicatesse,BOISSON_ALCOOLISEE,CIDRE,section « CIDRES » du tarif fournisseur,DOMAINE DE BILLY,FOUR-0003,SARL DOMAINE DE BILLY,section CIDRES,FOUR-0003,SARL DOMAINE DE BILLY,Commande directe auprès du producteur,À CONFIRMER,France,Normandie,Calvados (14),À CONFIRMER (siège du producteur : 14980 ROTS),,ADRESSE_PRODUCTEUR_DANS_LE_DOCUMENT,NORMANDIE_CONFIRMEE,OUI,,330.0,33cl,4%,OUI,CIDRE,À CONFIRMER,NOUVEAU,1.75,"1,75 euros H.T.",unité,Prix de vente,À CONFIRMER,,,,,,,,,,,33cl,,,,À CONFIRMER,À CONFIRMER,À CONFIRMER,À CONFIRMER,À CONFIRMER,À CONFIRMER,À CONFIRMER,À CONFIRMER,À CONFIRMER,OUI_DEDUIT_DU_CONDITIONNEMENT,À CONFIRMER,À CONFIRMER,À CONFIRMER,"Boisson alcoolisée : vérifier les contraintes transporteur (déclaration, casse, interdiction sur certains services)",À CONFIRMER,À CONFIRMER,À CONFIRMER,À CONFIRMER,À CONFIRMER,ESSENTIEL,1,palier de prix d'achat (1.75 € HT) → 1,PROPOSITION AUTOMATIQUE – À VALIDER EN BACK-OFFICE,À CONFIRMER,À CONFIRMER,NON,OUI,PRODUIT_LOCAL_EMBLEMATIQUE ; NOUVEAUTE,À CONFIRMER,À CONFIRMER,À CONFIRMER,À CONFIRMER,À CONFIRMER,À CONFIRMER,SUR_COMMANDE (document = tarif producteur 2026),PRODUIT,LIBELLÉ IDENTIQUE – MÊME PRODUCTEUR,,,29,billy.pdf – tarif SARL Domaine de Billy « Prix de vente à partir de 2026 » – page 1,page 1 – section CIDRES
PROD-0666,À CONFIRMER,Cidre Fraîcheur,Cidre Fraîcheur,Léger vif et acidulé ! Parfait pour l’apéritif,BOISSON_ALCOOLISEE,CIDRE,section « CIDRES » du tarif fournisseur,DOMAINE DE BILLY,FOUR-0003,SARL DOMAINE DE BILLY,section CIDRES,FOUR-0003,SARL DOMAINE DE BILLY,Commande directe auprès du producteur,À CONFIRMER,France,Normandie,Calvados (14),À CONFIRMER (siège du producteur : 14980 ROTS),,ADRESSE_PRODUCTEUR_DANS_LE_DOCUMENT,NORMANDIE_CONFIRMEE,OUI,,330.0,33cl,4%,OUI,CIDRE,À CONFIRMER,,1.75,"1,75 euros H.T.",unité,Prix de vente,À CONFIRMER,,,,,,,,,,,33cl,,,,À CONFIRMER,À CONFIRMER,À CONFIRMER,À CONFIRMER,À CONFIRMER,À CONFIRMER,À CONFIRMER,À CONFIRMER,À CONFIRMER,OUI_DEDUIT_DU_CONDITIONNEMENT,À CONFIRMER,À CONFIRMER,À CONFIRMER,"Boisson alcoolisée : vérifier les contraintes transporteur (déclaration, casse, interdiction sur certains services)",À CONFIRMER,À CONFIRMER,À CONFIRMER,À CONFIRMER,À CONFIRMER,ESSENTIEL,1,palier de prix d'achat (1.75 € HT) → 1,PROPOSITION AUTOMATIQUE – À VALIDER EN BACK-OFFICE,À CONFIRMER,À CONFIRMER,NON,OUI,PRODUIT_LOCAL_EMBLEMATIQUE,À CONFIRMER,À CONFIRMER,À CONFIRMER,À CONFIRMER,À CONFIRMER,À CONFIRMER,SUR_COMMANDE (document = tarif producteur 2026),PRODUIT,LIBELLÉ IDENTIQUE – MÊME PRODUCTEUR,,,29,billy.pdf – tarif SARL Domaine de Billy « Prix de vente à partir de 2026 » – page 1,page 1 – section CIDRES
PROD-0667,À CONFIRMER,Cidre Tonique,Cidre Tonique,Original citronné et très vif. Une belle surprise !,BOISSON_ALCOOLISEE,CIDRE,section « CIDRES » du tarif fournisseur,DOMAINE DE BILLY,FOUR-0003,SARL DOMAINE DE BILLY,section CIDRES,FOUR-0003,SARL DOMAINE DE BILLY,Commande directe auprès du producteur,À CONFIRMER,France,Normandie,Calvados (14),À CONFIRMER (siège du producteur : 14980 ROTS),,ADRESSE_PRODUCTEUR_DANS_LE_DOCUMENT,NORMANDIE_CONFIRMEE,OUI,,330.0,33cl,3%,OUI,CIDRE,À CONFIRMER,,1.75,"1,75 euros H.T.",unité,Prix de vente,À CONFIRMER,,,,,,,,,,,33cl,,,,À CONFIRMER,À CONFIRMER,À CONFIRMER,À CONFIRMER,À CONFIRMER,À CONFIRMER,À CONFIRMER,À CONFIRMER,À CONFIRMER,OUI_DEDUIT_DU_CONDITIONNEMENT,À CONFIRMER,À CONFIRMER,À CONFIRMER,"Boisson alcoolisée : vérifier les contraintes transporteur (déclaration, casse, interdiction sur certains services)",À CONFIRMER,À CONFIRMER,À CONFIRMER,À CONFIRMER,À CONFIRMER,ESSENTIEL,1,palier de prix d'achat (1.75 € HT) → 1,PROPOSITION AUTOMATIQUE – À VALIDER EN BACK-OFFICE,À CONFIRMER,À CONFIRMER,NON,OUI,PRODUIT_LOCAL_EMBLEMATIQUE,À CONFIRMER,À CONFIRMER,À CONFIRMER,À CONFIRMER,À CONFIRMER,À CONFIRMER,SUR_COMMANDE (document = tarif producteur 2026),PRODUIT,LIBELLÉ IDENTIQUE – MÊME PRODUCTEUR,,,29,billy.pdf – tarif SARL Domaine de Billy « Prix de vente à partir de 2026 » – page 1,page 1 – section CIDRES
PROD-0668,À CONFIRMER,Fût Corsé,Fût Corsé,Notre brut avec ses notes d’amertume (existe en 30 litres),BOISSON_ALCOOLISEE,CIDRE,section « CIDRES » du tarif fournisseur,DOMAINE DE BILLY,FOUR-0003,SARL DOMAINE DE BILLY,section CIDRES,FOUR-0003,SARL DOMAINE DE BILLY,Commande directe auprès du producteur,À CONFIRMER,France,Normandie,Calvados (14),À CONFIRMER (siège du producteur : 14980 ROTS),,ADRESSE_PRODUCTEUR_DANS_LE_DOCUMENT,NORMANDIE_CONFIRMEE,OUI,,20000.0,20 L,"5,5%",OUI,CIDRE,À CONFIRMER,,79.0,79 euros H.T.,unité,Prix de vente,À CONFIRMER,,,,,,,,,,,20 L,,,,À CONFIRMER,À CONFIRMER,À CONFIRMER,À CONFIRMER,À CONFIRMER,À CONFIRMER,À CONFIRMER,À CONFIRMER,NON_DEDUIT_DU_CONDITIONNEMENT,OUI_DEDUIT_DU_CONDITIONNEMENT,À CONFIRMER,À CONFIRMER,À CONFIRMER,"Boisson alcoolisée : vérifier les contraintes transporteur (déclaration, casse, interdiction sur certains services)",À CONFIRMER,À CONFIRMER,À CONFIRMER,À CONFIRMER,À CONFIRMER,PRESTIGE,5,palier de prix d'achat (79.00 € HT) → 5,PROPOSITION AUTOMATIQUE – À VALIDER EN BACK-OFFICE,À CONFIRMER,À CONFIRMER,OUI,OUI,PRODUIT_LOCAL_EMBLEMATIQUE ; PREMIUM,À CONFIRMER,À CONFIRMER,À CONFIRMER,À CONFIRMER,À CONFIRMER,À CONFIRMER,SUR_COMMANDE (document = tarif producteur 2026),PRODUIT,,,,28,billy.pdf – tarif SARL Domaine de Billy « Prix de vente à partir de 2026 » – page 1,page 1 – section CIDRES
PROD-0669,À CONFIRMER,Fût Fraicheur,Fût Fraicheur,Léger vif et acidulé ! Parfait pour l’apéritif et les fruits de mers,BOISSON_ALCOOLISEE,CIDRE,section « CIDRES » du tarif fournisseur,DOMAINE DE BILLY,FOUR-0003,SARL DOMAINE DE BILLY,section CIDRES,FOUR-0003,SARL DOMAINE DE BILLY,Commande directe auprès du producteur,À CONFIRMER,France,Normandie,Calvados (14),À CONFIRMER (siège du producteur : 14980 ROTS),,ADRESSE_PRODUCTEUR_DANS_LE_DOCUMENT,NORMANDIE_CONFIRMEE,OUI,,20000.0,20 L,4%,OUI,CIDRE,À CONFIRMER,NOUVEAU,85.0,85 euros H.T.,unité,Prix de vente,À CONFIRMER,,,,,,,,,,,20 L,,,,À CONFIRMER,À CONFIRMER,À CONFIRMER,À CONFIRMER,À CONFIRMER,À CONFIRMER,À CONFIRMER,À CONFIRMER,NON_DEDUIT_DU_CONDITIONNEMENT,OUI_DEDUIT_DU_CONDITIONNEMENT,À CONFIRMER,À CONFIRMER,À CONFIRMER,"Boisson alcoolisée : vérifier les contraintes transporteur (déclaration, casse, interdiction sur certains services)",À CONFIRMER,À CONFIRMER,À CONFIRMER,À CONFIRMER,À CONFIRMER,PRESTIGE,5,palier de prix d'achat (85.00 € HT) → 5,PROPOSITION AUTOMATIQUE – À VALIDER EN BACK-OFFICE,À CONFIRMER,À CONFIRMER,OUI,OUI,PRODUIT_LOCAL_EMBLEMATIQUE ; NOUVEAUTE ; PREMIUM,À CONFIRMER,À CONFIRMER,À CONFIRMER,À CONFIRMER,À CONFIRMER,À CONFIRMER,SUR_COMMANDE (document = tarif producteur 2026),PRODUIT,,,,28,billy.pdf – tarif SARL Domaine de Billy « Prix de vente à partir de 2026 » – page 1,page 1 – section CIDRES
PROD-0670,À CONFIRMER,Poiré,Poiré,Poiré,BOISSON_ALCOOLISEE,POIRE,section « POIRE » du tarif fournisseur,DOMAINE DE BILLY,FOUR-0003,SARL DOMAINE DE BILLY,section POIRE,FOUR-0003,SARL DOMAINE DE BILLY,Commande directe auprès du producteur,À CONFIRMER,France,Normandie,Calvados (14),À CONFIRMER (siège du producteur : 14980 ROTS),,ADRESSE_PRODUCTEUR_DANS_LE_DOCUMENT,NORMANDIE_CONFIRMEE,OUI,,750.0,75 cl,"3,5%",OUI,POIRE,À CONFIRMER,,4.45,"4,45 euros H.T.",unité,Prix de vente,À CONFIRMER,,,,,,,,,,,75 cl,,,,À CONFIRMER,À CONFIRMER,À CONFIRMER,À CONFIRMER,À CONFIRMER,À CONFIRMER,À CONFIRMER,À CONFIRMER,À CONFIRMER,OUI_DEDUIT_DU_CONDITIONNEMENT,À CONFIRMER,À CONFIRMER,À CONFIRMER,"Boisson alcoolisée : vérifier les contraintes transporteur (déclaration, casse, interdiction sur certains services)",À CONFIRMER,À CONFIRMER,À CONFIRMER,À CONFIRMER,À CONFIRMER,ESSENTIEL,2,palier de prix d'achat (4.45 € HT) → 2,PROPOSITION AUTOMATIQUE – À VALIDER EN BACK-OFFICE,À CONFIRMER,À CONFIRMER,NON,OUI,PRODUIT_LOCAL_EMBLEMATIQUE,À CONFIRMER,À CONFIRMER,À CONFIRMER,À CONFIRMER,À CONFIRMER,À CONFIRMER,SUR_COMMANDE (document = tarif producteur 2026),PRODUIT,,,,29,billy.pdf – tarif SARL Domaine de Billy « Prix de vente à partir de 2026 » – page 1,page 1 – section POIRE
PROD-0671,À CONFIRMER,Vinaigre de Cidre,Vinaigre de Cidre,Vinaigre non filtré,EPICERIE_SALEE,VINAIGRE,section « VINAIGRE » du tarif fournisseur,DOMAINE DE BILLY,FOUR-0003,SARL DOMAINE DE BILLY,section VINAIGRE,FOUR-0003,SARL DOMAINE DE BILLY,Commande directe auprès du producteur,À CONFIRMER,France,Normandie,Calvados (14),À CONFIRMER (siège du producteur : 14980 ROTS),,ADRESSE_PRODUCTEUR_DANS_LE_DOCUMENT,NORMANDIE_CONFIRMEE,OUI,,500.0,50cl,À CONFIRMER,INGREDIENT_ALCOOLISE,Alcool cité comme ingrédient dans le libellé,À CONFIRMER,,2.3,"2,30 euros H.T.",unité,Prix de vente,À CONFIRMER,,,,,,,,,,,50cl,,,,À CONFIRMER,À CONFIRMER,À CONFIRMER,À CONFIRMER,À CONFIRMER,À CONFIRMER,À CONFIRMER,À CONFIRMER,À CONFIRMER,OUI_DEDUIT_DU_CONDITIONNEMENT,À CONFIRMER,À CONFIRMER,À CONFIRMER,À CONFIRMER,À CONFIRMER,À CONFIRMER,À CONFIRMER,À CONFIRMER,À CONFIRMER,ESSENTIEL,1,palier de prix d'achat (2.30 € HT) → 1,PROPOSITION AUTOMATIQUE – À VALIDER EN BACK-OFFICE,À CONFIRMER,À CONFIRMER,NON,OUI,PRODUIT_LOCAL_EMBLEMATIQUE,À CONFIRMER,À CONFIRMER,À CONFIRMER,À CONFIRMER,À CONFIRMER,À CONFIRMER,SUR_COMMANDE (document = tarif producteur 2026),PRODUIT,,,,31,billy.pdf – tarif SARL Domaine de Billy « Prix de vente à partir de 2026 » – page 1,page 1 – section VINAIGRE
PROD-0672,À CONFIRMER,Jus de pomme,Jus de pomme,Jus pomme nature,BOISSON_SANS_ALCOOL,JUS_DE_FRUIT,section « JUS DE POMME » du tarif fournisseur,DOMAINE DE BILLY,FOUR-0003,SARL DOMAINE DE BILLY,section JUS DE POMME,FOUR-0003,SARL DOMAINE DE BILLY,Commande directe auprès du producteur,À CONFIRMER,France,Normandie,Calvados (14),À CONFIRMER (siège du producteur : 14980 ROTS),,ADRESSE_PRODUCTEUR_DANS_LE_DOCUMENT,NORMANDIE_CONFIRMEE,OUI,,1000.0,1 L,,NON,,À CONFIRMER,,2.75,"2,75 euros HT",unité,Prix de vente,À CONFIRMER,,,,,,,,,,,1 L,,,,À CONFIRMER,À CONFIRMER,À CONFIRMER,À CONFIRMER,À CONFIRMER,À CONFIRMER,À CONFIRMER,À CONFIRMER,À CONFIRMER,OUI_DEDUIT_DU_CONDITIONNEMENT,À CONFIRMER,À CONFIRMER,À CONFIRMER,À CONFIRMER,À CONFIRMER,À CONFIRMER,À CONFIRMER,À CONFIRMER,À CONFIRMER,ESSENTIEL,2,palier de prix d'achat (2.75 € HT) → 2,PROPOSITION AUTOMATIQUE – À VALIDER EN BACK-OFFICE,À CONFIRMER,À CONFIRMER,NON,OUI,PRODUIT_LOCAL_EMBLEMATIQUE,À CONFIRMER,À CONFIRMER,À CONFIRMER,À CONFIRMER,À CONFIRMER,À CONFIRMER,SUR_COMMANDE (document = tarif producteur 2026),PRODUIT,LIBELLÉ IDENTIQUE – PRODUCTEURS DIFFÉRENTS,,,30,billy.pdf – tarif SARL Domaine de Billy « Prix de vente à partir de 2026 » – page 2,page 2 – section JUS DE POMME
PROD-0673,À CONFIRMER,Jus de pomme fraicheur,Jus de pomme fraicheur,Jus pomme nature acidulé 100% avrolles,BOISSON_SANS_ALCOOL,JUS_DE_FRUIT,section « JUS DE POMME » du tarif fournisseur,DOMAINE DE BILLY,FOUR-0003,SARL DOMAINE DE BILLY,section JUS DE POMME,FOUR-0003,SARL DOMAINE DE BILLY,Commande directe auprès du producteur,À CONFIRMER,France,Normandie,Calvados (14),À CONFIRMER (siège du producteur : 14980 ROTS),,ADRESSE_PRODUCTEUR_DANS_LE_DOCUMENT,NORMANDIE_CONFIRMEE,OUI,,1000.0,1 L,,NON,,À CONFIRMER,NOUVEAU,2.9,"2,90 euros HT",unité,Prix de vente,À CONFIRMER,,,,,,,,,,,1 L,,,,À CONFIRMER,À CONFIRMER,À CONFIRMER,À CONFIRMER,À CONFIRMER,À CONFIRMER,À CONFIRMER,À CONFIRMER,À CONFIRMER,OUI_DEDUIT_DU_CONDITIONNEMENT,À CONFIRMER,À CONFIRMER,À CONFIRMER,À CONFIRMER,À CONFIRMER,À CONFIRMER,À CONFIRMER,À CONFIRMER,À CONFIRMER,ESSENTIEL,2,palier de prix d'achat (2.90 € HT) → 2,PROPOSITION AUTOMATIQUE – À VALIDER EN BACK-OFFICE,À CONFIRMER,À CONFIRMER,NON,OUI,PRODUIT_LOCAL_EMBLEMATIQUE ; NOUVEAUTE,À CONFIRMER,À CONFIRMER,À CONFIRMER,À CONFIRMER,À CONFIRMER,À CONFIRMER,SUR_COMMANDE (document = tarif producteur 2026),PRODUIT,,,,30,billy.pdf – tarif SARL Domaine de Billy « Prix de vente à partir de 2026 » – page 2,page 2 – section JUS DE POMME
PROD-0674,À CONFIRMER,Jus pétillant,Jus pétillant,Jus pomme nature gazéifié,BOISSON_SANS_ALCOOL,JUS_DE_FRUIT,section « JUS DE POMME » du tarif fournisseur,DOMAINE DE BILLY,FOUR-0003,SARL DOMAINE DE BILLY,section JUS DE POMME,FOUR-0003,SARL DOMAINE DE BILLY,Commande directe auprès du producteur,À CONFIRMER,France,Normandie,Calvados (14),À CONFIRMER (siège du producteur : 14980 ROTS),,ADRESSE_PRODUCTEUR_DANS_LE_DOCUMENT,NORMANDIE_CONFIRMEE,OUI,,750.0,"0,75 L",,NON,,À CONFIRMER,,3.05,"3,05 euros HT",unité,Prix de vente,À CONFIRMER,,,,,,,,,,,"0,75 L",,,,À CONFIRMER,À CONFIRMER,À CONFIRMER,À CONFIRMER,À CONFIRMER,À CONFIRMER,À CONFIRMER,À CONFIRMER,À CONFIRMER,OUI_DEDUIT_DU_CONDITIONNEMENT,À CONFIRMER,À CONFIRMER,À CONFIRMER,À CONFIRMER,À CONFIRMER,À CONFIRMER,À CONFIRMER,À CONFIRMER,À CONFIRMER,ESSENTIEL,2,palier de prix d'achat (3.05 € HT) → 2,PROPOSITION AUTOMATIQUE – À VALIDER EN BACK-OFFICE,À CONFIRMER,À CONFIRMER,NON,OUI,PRODUIT_LOCAL_EMBLEMATIQUE,À CONFIRMER,À CONFIRMER,À CONFIRMER,À CONFIRMER,À CONFIRMER,À CONFIRMER,SUR_COMMANDE (document = tarif producteur 2026),PRODUIT,,,,30,billy.pdf – tarif SARL Domaine de Billy « Prix de vente à partir de 2026 » – page 2,page 2 – section JUS DE POMME
PROD-0675,À CONFIRMER,BIB Jus de pomme,BIB Jus de pomme,Format familial de jus de pomme nature,BOISSON_SANS_ALCOOL,JUS_DE_FRUIT,section « JUS DE POMME » du tarif fournisseur,DOMAINE DE BILLY,FOUR-0003,SARL DOMAINE DE BILLY,section JUS DE POMME,FOUR-0003,SARL DOMAINE DE BILLY,Commande directe auprès du producteur,À CONFIRMER,France,Normandie,Calvados (14),À CONFIRMER (siège du producteur : 14980 ROTS),,ADRESSE_PRODUCTEUR_DANS_LE_DOCUMENT,NORMANDIE_CONFIRMEE,OUI,,5000.0,5 L,,NON,,À CONFIRMER,,12.27,"12,27 euros HT",unité,Prix de vente,À CONFIRMER,,,,,,,,,,,5 L,,,,À CONFIRMER,À CONFIRMER,À CONFIRMER,À CONFIRMER,À CONFIRMER,À CONFIRMER,À CONFIRMER,À CONFIRMER,NON_DEDUIT_DU_CONDITIONNEMENT,OUI_DEDUIT_DU_CONDITIONNEMENT,À CONFIRMER,À CONFIRMER,À CONFIRMER,À CONFIRMER,À CONFIRMER,À CONFIRMER,À CONFIRMER,À CONFIRMER,À CONFIRMER,PREMIUM,4,palier de prix d'achat (12.27 € HT) → 4,PROPOSITION AUTOMATIQUE – À VALIDER EN BACK-OFFICE,À CONFIRMER,À CONFIRMER,OUI,OUI,PRODUIT_LOCAL_EMBLEMATIQUE ; PREMIUM,À CONFIRMER,À CONFIRMER,À CONFIRMER,À CONFIRMER,À CONFIRMER,À CONFIRMER,SUR_COMMANDE (document = tarif producteur 2026),PRODUIT,,,,29,billy.pdf – tarif SARL Domaine de Billy « Prix de vente à partir de 2026 » – page 2,page 2 – section JUS DE POMME
PROD-0676,À CONFIRMER,Pomme Amour,Pomme Amour,Jus pomme nature,BOISSON_SANS_ALCOOL,JUS_DE_FRUIT,section « JUS 33 cl » du tarif fournisseur,DOMAINE DE BILLY,FOUR-0003,SARL DOMAINE DE BILLY,section JUS 33 cl,FOUR-0003,SARL DOMAINE DE BILLY,Commande directe auprès du producteur,À CONFIRMER,France,Normandie,Calvados (14),À CONFIRMER (siège du producteur : 14980 ROTS),,ADRESSE_PRODUCTEUR_DANS_LE_DOCUMENT,NORMANDIE_CONFIRMEE,OUI,,330.0,33 cl,,NON,,À CONFIRMER,,1.65,"1,65 euros HT",unité,Prix de vente,À CONFIRMER,,,,,,,,,,,33 cl,,,,À CONFIRMER,À CONFIRMER,À CONFIRMER,À CONFIRMER,À CONFIRMER,À CONFIRMER,À CONFIRMER,OUI_DEDUIT,PROBABLE_DEDUIT_DU_CONDITIONNEMENT,OUI_DEDUIT_DU_CONDITIONNEMENT,OUI_DEDUIT,OUI,PROTECTION_BOUTEILLE_OU_CONTENANT_VERRE,À CONFIRMER,À CONFIRMER,À CONFIRMER,À CONFIRMER,À CONFIRMER,À CONFIRMER,ESSENTIEL,1,palier de prix d'achat (1.65 € HT) → 1,PROPOSITION AUTOMATIQUE – À VALIDER EN BACK-OFFICE,À CONFIRMER,À CONFIRMER,NON,OUI,PRODUIT_LOCAL_EMBLEMATIQUE ; PRODUIT_FRAGILE,À CONFIRMER,À CONFIRMER,À CONFIRMER,À CONFIRMER,À CONFIRMER,À CONFIRMER,SUR_COMMANDE (document = tarif producteur 2026),PRODUIT,,,,25,billy.pdf – tarif SARL Domaine de Billy « Prix de vente à partir de 2026 » – page 2,page 2 – section JUS 33 cl
PROD-0677,À CONFIRMER,Pomme Pétillant,Pomme Pétillant,Jus pomme gazéifié,BOISSON_SANS_ALCOOL,JUS_DE_FRUIT,section « JUS 33 cl » du tarif fournisseur,DOMAINE DE BILLY,FOUR-0003,SARL DOMAINE DE BILLY,section JUS 33 cl,FOUR-0003,SARL DOMAINE DE BILLY,Commande directe auprès du producteur,À CONFIRMER,France,Normandie,Calvados (14),À CONFIRMER (siège du producteur : 14980 ROTS),,ADRESSE_PRODUCTEUR_DANS_LE_DOCUMENT,NORMANDIE_CONFIRMEE,OUI,,330.0,33 cl,,NON,,À CONFIRMER,,1.79,"1,79 euros HT",unité,Prix de vente,À CONFIRMER,,,,,,,,,,,33 cl,,,,À CONFIRMER,À CONFIRMER,À CONFIRMER,À CONFIRMER,À CONFIRMER,À CONFIRMER,À CONFIRMER,OUI_DEDUIT,PROBABLE_DEDUIT_DU_CONDITIONNEMENT,OUI_DEDUIT_DU_CONDITIONNEMENT,OUI_DEDUIT,OUI,PROTECTION_BOUTEILLE_OU_CONTENANT_VERRE,À CONFIRMER,À CONFIRMER,À CONFIRMER,À CONFIRMER,À CONFIRMER,À CONFIRMER,ESSENTIEL,1,palier de prix d'achat (1.79 € HT) → 1,PROPOSITION AUTOMATIQUE – À VALIDER EN BACK-OFFICE,À CONFIRMER,À CONFIRMER,NON,OUI,PRODUIT_LOCAL_EMBLEMATIQUE ; PRODUIT_FRAGILE,À CONFIRMER,À CONFIRMER,À CONFIRMER,À CONFIRMER,À CONFIRMER,À CONFIRMER,SUR_COMMANDE (document = tarif producteur 2026),PRODUIT,,,,25,billy.pdf – tarif SARL Domaine de Billy « Prix de vente à partir de 2026 » – page 2,page 2 – section JUS 33 cl
PROD-0678,À CONFIRMER,Pomme Basilic,Pomme Basilic,Basilic frais infusé dans du jus de pomme,BOISSON_SANS_ALCOOL,JUS_DE_FRUIT,section « JUS 33 cl » du tarif fournisseur,DOMAINE DE BILLY,FOUR-0003,SARL DOMAINE DE BILLY,section JUS 33 cl,FOUR-0003,SARL DOMAINE DE BILLY,Commande directe auprès du producteur,À CONFIRMER,France,Normandie,Calvados (14),À CONFIRMER (siège du producteur : 14980 ROTS),,ADRESSE_PRODUCTEUR_DANS_LE_DOCUMENT,NORMANDIE_CONFIRMEE,OUI,,330.0,33 cl,,NON,,À CONFIRMER,,1.96,"1,96 euros HT",unité,Prix de vente,À CONFIRMER,,,,,,,,,,,33 cl,,,,À CONFIRMER,À CONFIRMER,À CONFIRMER,À CONFIRMER,À CONFIRMER,À CONFIRMER,À CONFIRMER,OUI_DEDUIT,PROBABLE_DEDUIT_DU_CONDITIONNEMENT,OUI_DEDUIT_DU_CONDITIONNEMENT,OUI_DEDUIT,OUI,PROTECTION_BOUTEILLE_OU_CONTENANT_VERRE,À CONFIRMER,À CONFIRMER,À CONFIRMER,À CONFIRMER,À CONFIRMER,À CONFIRMER,ESSENTIEL,1,palier de prix d'achat (1.96 € HT) → 1,PROPOSITION AUTOMATIQUE – À VALIDER EN BACK-OFFICE,À CONFIRMER,À CONFIRMER,NON,OUI,PRODUIT_LOCAL_EMBLEMATIQUE ; PRODUIT_FRAGILE,À CONFIRMER,À CONFIRMER,À CONFIRMER,À CONFIRMER,À CONFIRMER,À CONFIRMER,SUR_COMMANDE (document = tarif producteur 2026),PRODUIT,LIBELLÉ IDENTIQUE – MÊME PRODUCTEUR,,,25,billy.pdf – tarif SARL Domaine de Billy « Prix de vente à partir de 2026 » – page 2,page 2 – section JUS 33 cl
PROD-0679,À CONFIRMER,Pomme Menthe,Pomme Menthe,Basilic frais infusé dans du jus de pomme,BOISSON_SANS_ALCOOL,JUS_DE_FRUIT,section « JUS 33 cl » du tarif fournisseur,DOMAINE DE BILLY,FOUR-0003,SARL DOMAINE DE BILLY,section JUS 33 cl,FOUR-0003,SARL DOMAINE DE BILLY,Commande directe auprès du producteur,À CONFIRMER,France,Normandie,Calvados (14),À CONFIRMER (siège du producteur : 14980 ROTS),,ADRESSE_PRODUCTEUR_DANS_LE_DOCUMENT,NORMANDIE_CONFIRMEE,OUI,,330.0,33 cl,,NON,,À CONFIRMER,,1.96,"1,96 euros HT",unité,Prix de vente,À CONFIRMER,,,,,,,,,,,33 cl,,,,À CONFIRMER,À CONFIRMER,À CONFIRMER,À CONFIRMER,À CONFIRMER,À CONFIRMER,À CONFIRMER,OUI_DEDUIT,PROBABLE_DEDUIT_DU_CONDITIONNEMENT,OUI_DEDUIT_DU_CONDITIONNEMENT,OUI_DEDUIT,OUI,PROTECTION_BOUTEILLE_OU_CONTENANT_VERRE,À CONFIRMER,À CONFIRMER,À CONFIRMER,À CONFIRMER,À CONFIRMER,À CONFIRMER,ESSENTIEL,1,palier de prix d'achat (1.96 € HT) → 1,PROPOSITION AUTOMATIQUE – À VALIDER EN BACK-OFFICE,À CONFIRMER,À CONFIRMER,NON,OUI,PRODUIT_LOCAL_EMBLEMATIQUE ; PRODUIT_FRAGILE,À CONFIRMER,À CONFIRMER,À CONFIRMER,À CONFIRMER,À CONFIRMER,À CONFIRMER,SUR_COMMANDE (document = tarif producteur 2026),PRODUIT,LIBELLÉ IDENTIQUE – MÊME PRODUCTEUR,,Description du document incohérente avec le nom du produit (« Basilic frais infusé » pour un produit Menthe) – reprise telle quelle,25,billy.pdf – tarif SARL Domaine de Billy « Prix de vente à partir de 2026 » – page 2,page 2 – section JUS 33 cl
PROD-0680,À CONFIRMER,Pomme Framboise,Pomme Framboise,Pulpe de framboise mélangée à du jus de pomme,BOISSON_SANS_ALCOOL,JUS_DE_FRUIT,section « JUS 33 cl » du tarif fournisseur,DOMAINE DE BILLY,FOUR-0003,SARL DOMAINE DE BILLY,section JUS 33 cl,FOUR-0003,SARL DOMAINE DE BILLY,Commande directe auprès du producteur,À CONFIRMER,France,Normandie,Calvados (14),À CONFIRMER (siège du producteur : 14980 ROTS),,ADRESSE_PRODUCTEUR_DANS_LE_DOCUMENT,NORMANDIE_CONFIRMEE,OUI,,330.0,33 cl,,NON,,À CONFIRMER,,1.89,"1,89 euros HT",unité,Prix de vente,À CONFIRMER,,,,,,,,,,,33 cl,,,,À CONFIRMER,À CONFIRMER,À CONFIRMER,À CONFIRMER,À CONFIRMER,À CONFIRMER,À CONFIRMER,OUI_DEDUIT,PROBABLE_DEDUIT_DU_CONDITIONNEMENT,OUI_DEDUIT_DU_CONDITIONNEMENT,OUI_DEDUIT,OUI,PROTECTION_BOUTEILLE_OU_CONTENANT_VERRE,À CONFIRMER,À CONFIRMER,À CONFIRMER,À CONFIRMER,À CONFIRMER,À CONFIRMER,ESSENTIEL,1,palier de prix d'achat (1.89 € HT) → 1,PROPOSITION AUTOMATIQUE – À VALIDER EN BACK-OFFICE,À CONFIRMER,À CONFIRMER,NON,OUI,PRODUIT_LOCAL_EMBLEMATIQUE ; PRODUIT_FRAGILE,À CONFIRMER,À CONFIRMER,À CONFIRMER,À CONFIRMER,À CONFIRMER,À CONFIRMER,SUR_COMMANDE (document = tarif producteur 2026),PRODUIT,LIBELLÉ IDENTIQUE – MÊME PRODUCTEUR,,,25,billy.pdf – tarif SARL Domaine de Billy « Prix de vente à partir de 2026 » – page 2,page 2 – section JUS 33 cl
PROD-0681,À CONFIRMER,Pomme Myrtille,Pomme Myrtille,Pulpe de myrtille mélangée à du jus de pomme,BOISSON_SANS_ALCOOL,JUS_DE_FRUIT,section « JUS 33 cl » du tarif fournisseur,DOMAINE DE BILLY,FOUR-0003,SARL DOMAINE DE BILLY,section JUS 33 cl,FOUR-0003,SARL DOMAINE DE BILLY,Commande directe auprès du producteur,À CONFIRMER,France,Normandie,Calvados (14),À CONFIRMER (siège du producteur : 14980 ROTS),,ADRESSE_PRODUCTEUR_DANS_LE_DOCUMENT,NORMANDIE_CONFIRMEE,OUI,,330.0,33 cl,,NON,,À CONFIRMER,,1.89,"1,89 euros HT",unité,Prix de vente,À CONFIRMER,,,,,,,,,,,33 cl,,,,À CONFIRMER,À CONFIRMER,À CONFIRMER,À CONFIRMER,À CONFIRMER,À CONFIRMER,À CONFIRMER,OUI_DEDUIT,PROBABLE_DEDUIT_DU_CONDITIONNEMENT,OUI_DEDUIT_DU_CONDITIONNEMENT,OUI_DEDUIT,OUI,PROTECTION_BOUTEILLE_OU_CONTENANT_VERRE,À CONFIRMER,À CONFIRMER,À CONFIRMER,À CONFIRMER,À CONFIRMER,À CONFIRMER,ESSENTIEL,1,palier de prix d'achat (1.89 € HT) → 1,PROPOSITION AUTOMATIQUE – À VALIDER EN BACK-OFFICE,À CONFIRMER,À CONFIRMER,NON,OUI,PRODUIT_LOCAL_EMBLEMATIQUE ; PRODUIT_FRAGILE,À CONFIRMER,À CONFIRMER,À CONFIRMER,À CONFIRMER,À CONFIRMER,À CONFIRMER,SUR_COMMANDE (document = tarif producteur 2026),PRODUIT,LIBELLÉ IDENTIQUE – MÊME PRODUCTEUR,,,25,billy.pdf – tarif SARL Domaine de Billy « Prix de vente à partir de 2026 » – page 2,page 2 – section JUS 33 cl
PROD-0682,À CONFIRMER,Pomme Rhubarbe,Pomme Rhubarbe,Pulpe de rhubarbe mélangée à du jus de pomme,BOISSON_SANS_ALCOOL,JUS_DE_FRUIT,section « JUS 33 cl » du tarif fournisseur,DOMAINE DE BILLY,FOUR-0003,SARL DOMAINE DE BILLY,section JUS 33 cl,FOUR-0003,SARL DOMAINE DE BILLY,Commande directe auprès du producteur,À CONFIRMER,France,Normandie,Calvados (14),À CONFIRMER (siège du producteur : 14980 ROTS),,ADRESSE_PRODUCTEUR_DANS_LE_DOCUMENT,NORMANDIE_CONFIRMEE,OUI,,330.0,33 cl,,NON,,À CONFIRMER,,1.89,"1,89 euros HT",unité,Prix de vente,À CONFIRMER,,,,,,,,,,,33 cl,,,,À CONFIRMER,À CONFIRMER,À CONFIRMER,À CONFIRMER,À CONFIRMER,À CONFIRMER,À CONFIRMER,OUI_DEDUIT,PROBABLE_DEDUIT_DU_CONDITIONNEMENT,OUI_DEDUIT_DU_CONDITIONNEMENT,OUI_DEDUIT,OUI,PROTECTION_BOUTEILLE_OU_CONTENANT_VERRE,À CONFIRMER,À CONFIRMER,À CONFIRMER,À CONFIRMER,À CONFIRMER,À CONFIRMER,ESSENTIEL,1,palier de prix d'achat (1.89 € HT) → 1,PROPOSITION AUTOMATIQUE – À VALIDER EN BACK-OFFICE,À CONFIRMER,À CONFIRMER,NON,OUI,PRODUIT_LOCAL_EMBLEMATIQUE ; PRODUIT_FRAGILE,À CONFIRMER,À CONFIRMER,À CONFIRMER,À CONFIRMER,À CONFIRMER,À CONFIRMER,SUR_COMMANDE (document = tarif producteur 2026),PRODUIT,,,,25,billy.pdf – tarif SARL Domaine de Billy « Prix de vente à partir de 2026 » – page 2,page 2 – section JUS 33 cl
PROD-0683,À CONFIRMER,Pomme Basilic,Pomme Basilic,Basilic frais infusé dans du jus de pomme,BOISSON_SANS_ALCOOL,JUS_DE_FRUIT,section « JUS 75 cl » du tarif fournisseur,DOMAINE DE BILLY,FOUR-0003,SARL DOMAINE DE BILLY,section JUS 75 cl,FOUR-0003,SARL DOMAINE DE BILLY,Commande directe auprès du producteur,À CONFIRMER,France,Normandie,Calvados (14),À CONFIRMER (siège du producteur : 14980 ROTS),,ADRESSE_PRODUCTEUR_DANS_LE_DOCUMENT,NORMANDIE_CONFIRMEE,OUI,,750.0,75 cl,,NON,,À CONFIRMER,NOUVEAU,3.3,"3,30 euros HT",unité,Prix de vente,À CONFIRMER,,,,,,,,,,,75 cl,,,,À CONFIRMER,À CONFIRMER,À CONFIRMER,À CONFIRMER,À CONFIRMER,À CONFIRMER,À CONFIRMER,OUI_DEDUIT,PROBABLE_DEDUIT_DU_CONDITIONNEMENT,OUI_DEDUIT_DU_CONDITIONNEMENT,OUI_DEDUIT,OUI,PROTECTION_BOUTEILLE_OU_CONTENANT_VERRE,À CONFIRMER,À CONFIRMER,À CONFIRMER,À CONFIRMER,À CONFIRMER,À CONFIRMER,ESSENTIEL,2,palier de prix d'achat (3.30 € HT) → 2,PROPOSITION AUTOMATIQUE – À VALIDER EN BACK-OFFICE,À CONFIRMER,À CONFIRMER,NON,OUI,PRODUIT_LOCAL_EMBLEMATIQUE ; NOUVEAUTE ; PRODUIT_FRAGILE,À CONFIRMER,À CONFIRMER,À CONFIRMER,À CONFIRMER,À CONFIRMER,À CONFIRMER,SUR_COMMANDE (document = tarif producteur 2026),PRODUIT,LIBELLÉ IDENTIQUE – MÊME PRODUCTEUR,,,25,billy.pdf – tarif SARL Domaine de Billy « Prix de vente à partir de 2026 » – page 2,page 2 – section JUS 75 cl
PROD-0684,À CONFIRMER,Pomme Menthe,Pomme Menthe,Basilic frais infusé dans du jus de pomme,BOISSON_SANS_ALCOOL,JUS_DE_FRUIT,section « JUS 75 cl » du tarif fournisseur,DOMAINE DE BILLY,FOUR-0003,SARL DOMAINE DE BILLY,section JUS 75 cl,FOUR-0003,SARL DOMAINE DE BILLY,Commande directe auprès du producteur,À CONFIRMER,France,Normandie,Calvados (14),À CONFIRMER (siège du producteur : 14980 ROTS),,ADRESSE_PRODUCTEUR_DANS_LE_DOCUMENT,NORMANDIE_CONFIRMEE,OUI,,750.0,75 cl,,NON,,À CONFIRMER,NOUVEAU,3.3,"3,30 euros HT",unité,Prix de vente,À CONFIRMER,,,,,,,,,,,75 cl,,,,À CONFIRMER,À CONFIRMER,À CONFIRMER,À CONFIRMER,À CONFIRMER,À CONFIRMER,À CONFIRMER,OUI_DEDUIT,PROBABLE_DEDUIT_DU_CONDITIONNEMENT,OUI_DEDUIT_DU_CONDITIONNEMENT,OUI_DEDUIT,OUI,PROTECTION_BOUTEILLE_OU_CONTENANT_VERRE,À CONFIRMER,À CONFIRMER,À CONFIRMER,À CONFIRMER,À CONFIRMER,À CONFIRMER,ESSENTIEL,2,palier de prix d'achat (3.30 € HT) → 2,PROPOSITION AUTOMATIQUE – À VALIDER EN BACK-OFFICE,À CONFIRMER,À CONFIRMER,NON,OUI,PRODUIT_LOCAL_EMBLEMATIQUE ; NOUVEAUTE ; PRODUIT_FRAGILE,À CONFIRMER,À CONFIRMER,À CONFIRMER,À CONFIRMER,À CONFIRMER,À CONFIRMER,SUR_COMMANDE (document = tarif producteur 2026),PRODUIT,LIBELLÉ IDENTIQUE – MÊME PRODUCTEUR,,Description du document incohérente avec le nom du produit (« Basilic frais infusé » pour un produit Menthe) – reprise telle quelle,25,billy.pdf – tarif SARL Domaine de Billy « Prix de vente à partir de 2026 » – page 2,page 2 – section JUS 75 cl
PROD-0685,À CONFIRMER,Pomme Framboise,Pomme Framboise,Pulpe de framboise mélangée à du jus de pomme,BOISSON_SANS_ALCOOL,JUS_DE_FRUIT,section « JUS 75 cl » du tarif fournisseur,DOMAINE DE BILLY,FOUR-0003,SARL DOMAINE DE BILLY,section JUS 75 cl,FOUR-0003,SARL DOMAINE DE BILLY,Commande directe auprès du producteur,À CONFIRMER,France,Normandie,Calvados (14),À CONFIRMER (siège du producteur : 14980 ROTS),,ADRESSE_PRODUCTEUR_DANS_LE_DOCUMENT,NORMANDIE_CONFIRMEE,OUI,,750.0,75 cl,,NON,,À CONFIRMER,NOUVEAU,3.3,"3,30 euros HT",unité,Prix de vente,À CONFIRMER,,,,,,,,,,,75 cl,,,,À CONFIRMER,À CONFIRMER,À CONFIRMER,À CONFIRMER,À CONFIRMER,À CONFIRMER,À CONFIRMER,OUI_DEDUIT,PROBABLE_DEDUIT_DU_CONDITIONNEMENT,OUI_DEDUIT_DU_CONDITIONNEMENT,OUI_DEDUIT,OUI,PROTECTION_BOUTEILLE_OU_CONTENANT_VERRE,À CONFIRMER,À CONFIRMER,À CONFIRMER,À CONFIRMER,À CONFIRMER,À CONFIRMER,ESSENTIEL,2,palier de prix d'achat (3.30 € HT) → 2,PROPOSITION AUTOMATIQUE – À VALIDER EN BACK-OFFICE,À CONFIRMER,À CONFIRMER,NON,OUI,PRODUIT_LOCAL_EMBLEMATIQUE ; NOUVEAUTE ; PRODUIT_FRAGILE,À CONFIRMER,À CONFIRMER,À CONFIRMER,À CONFIRMER,À CONFIRMER,À CONFIRMER,SUR_COMMANDE (document = tarif producteur 2026),PRODUIT,LIBELLÉ IDENTIQUE – MÊME PRODUCTEUR,,,25,billy.pdf – tarif SARL Domaine de Billy « Prix de vente à partir de 2026 » – page 2,page 2 – section JUS 75 cl
PROD-0686,À CONFIRMER,Pomme Myrtille,Pomme Myrtille,Pulpe de myrtille mélangée à du jus de pomme,BOISSON_SANS_ALCOOL,JUS_DE_FRUIT,section « JUS 75 cl » du tarif fournisseur,DOMAINE DE BILLY,FOUR-0003,SARL DOMAINE DE BILLY,section JUS 75 cl,FOUR-0003,SARL DOMAINE DE BILLY,Commande directe auprès du producteur,À CONFIRMER,France,Normandie,Calvados (14),À CONFIRMER (siège du producteur : 14980 ROTS),,ADRESSE_PRODUCTEUR_DANS_LE_DOCUMENT,NORMANDIE_CONFIRMEE,OUI,,750.0,75 cl,,NON,,À CONFIRMER,NOUVEAU,3.3,"3,30 euros HT",unité,Prix de vente,À CONFIRMER,,,,,,,,,,,75 cl,,,,À CONFIRMER,À CONFIRMER,À CONFIRMER,À CONFIRMER,À CONFIRMER,À CONFIRMER,À CONFIRMER,OUI_DEDUIT,PROBABLE_DEDUIT_DU_CONDITIONNEMENT,OUI_DEDUIT_DU_CONDITIONNEMENT,OUI_DEDUIT,OUI,PROTECTION_BOUTEILLE_OU_CONTENANT_VERRE,À CONFIRMER,À CONFIRMER,À CONFIRMER,À CONFIRMER,À CONFIRMER,À CONFIRMER,ESSENTIEL,2,palier de prix d'achat (3.30 € HT) → 2,PROPOSITION AUTOMATIQUE – À VALIDER EN BACK-OFFICE,À CONFIRMER,À CONFIRMER,NON,OUI,PRODUIT_LOCAL_EMBLEMATIQUE ; NOUVEAUTE ; PRODUIT_FRAGILE,À CONFIRMER,À CONFIRMER,À CONFIRMER,À CONFIRMER,À CONFIRMER,À CONFIRMER,SUR_COMMANDE (document = tarif producteur 2026),PRODUIT,LIBELLÉ IDENTIQUE – MÊME PRODUCTEUR,,,25,billy.pdf – tarif SARL Domaine de Billy « Prix de vente à partir de 2026 » – page 2,page 2 – section JUS 75 cl
PROD-0687,À CONFIRMER,Cidre de glace,Cidre de glace,À CONFIRMER,BOISSON_ALCOOLISEE,CIDRE_DE_GLACE,règle 8,DOMAINE DE BILLY,FOUR-0003,SARL DOMAINE DE BILLY,section APERITIFS,FOUR-0003,SARL DOMAINE DE BILLY,Commande directe auprès du producteur,À CONFIRMER,France,Normandie,Calvados (14),À CONFIRMER (siège du producteur : 14980 ROTS),,ADRESSE_PRODUCTEUR_DANS_LE_DOCUMENT,NORMANDIE_CONFIRMEE,OUI,,500.0,50 cl,"8,9",OUI,CIDRE_DE_GLACE,À CONFIRMER,,17.0,"17,00 €",unité,Prix de vente (droits inclus),À CONFIRMER,,,,,,,,,,,50 cl,,,,À CONFIRMER,À CONFIRMER,À CONFIRMER,À CONFIRMER,À CONFIRMER,À CONFIRMER,À CONFIRMER,À CONFIRMER,À CONFIRMER,OUI_DEDUIT_DU_CONDITIONNEMENT,À CONFIRMER,À CONFIRMER,À CONFIRMER,"Boisson alcoolisée : vérifier les contraintes transporteur (déclaration, casse, interdiction sur certains services)",À CONFIRMER,À CONFIRMER,À CONFIRMER,À CONFIRMER,À CONFIRMER,PREMIUM,4,palier de prix d'achat (17.00 € HT) → 4,PROPOSITION AUTOMATIQUE – À VALIDER EN BACK-OFFICE,À CONFIRMER,À CONFIRMER,OUI,OUI,PRODUIT_LOCAL_EMBLEMATIQUE ; PREMIUM,À CONFIRMER,À CONFIRMER,À CONFIRMER,À CONFIRMER,À CONFIRMER,À CONFIRMER,SUR_COMMANDE (document = tarif producteur 2026),PRODUIT,LIBELLÉ IDENTIQUE – PRODUCTEURS DIFFÉRENTS,,Seule la colonne « Prix de vente (droits inclus) » est renseignée dans le document ; prix hors droits et montant des droits absents,30,billy.pdf – tarif SARL Domaine de Billy « Prix de vente à partir de 2026 » – page 3,page 3 – section APERITIFS
PROD-0688,À CONFIRMER,Cidre de glace,Cidre de glace,À CONFIRMER,BOISSON_ALCOOLISEE,CIDRE_DE_GLACE,règle 8,DOMAINE DE BILLY,FOUR-0003,SARL DOMAINE DE BILLY,section APERITIFS,FOUR-0003,SARL DOMAINE DE BILLY,Commande directe auprès du producteur,À CONFIRMER,France,Normandie,Calvados (14),À CONFIRMER (siège du producteur : 14980 ROTS),,ADRESSE_PRODUCTEUR_DANS_LE_DOCUMENT,NORMANDIE_CONFIRMEE,OUI,,200.0,20 cl,"8,9",OUI,CIDRE_DE_GLACE,À CONFIRMER,,8.0,"8,00 €",unité,Prix de vente (droits inclus),À CONFIRMER,,,,,,,,,,,20 cl,,,,À CONFIRMER,À CONFIRMER,À CONFIRMER,À CONFIRMER,À CONFIRMER,À CONFIRMER,À CONFIRMER,À CONFIRMER,À CONFIRMER,OUI_DEDUIT_DU_CONDITIONNEMENT,À CONFIRMER,À CONFIRMER,À CONFIRMER,"Boisson alcoolisée : vérifier les contraintes transporteur (déclaration, casse, interdiction sur certains services)",À CONFIRMER,À CONFIRMER,À CONFIRMER,À CONFIRMER,À CONFIRMER,SIGNATURE,3,palier de prix d'achat (8.00 € HT) → 3,PROPOSITION AUTOMATIQUE – À VALIDER EN BACK-OFFICE,À CONFIRMER,À CONFIRMER,NON,OUI,PRODUIT_LOCAL_EMBLEMATIQUE,À CONFIRMER,À CONFIRMER,À CONFIRMER,À CONFIRMER,À CONFIRMER,À CONFIRMER,SUR_COMMANDE (document = tarif producteur 2026),PRODUIT,LIBELLÉ IDENTIQUE – PRODUCTEURS DIFFÉRENTS,,Seule la colonne « Prix de vente (droits inclus) » est renseignée dans le document ; prix hors droits et montant des droits absents,30,billy.pdf – tarif SARL Domaine de Billy « Prix de vente à partir de 2026 » – page 3,page 3 – section APERITIFS
PROD-0689,À CONFIRMER,Pommeau de Normandie,Pommeau de Normandie,À CONFIRMER,BOISSON_ALCOOLISEE,POMMEAU,règle 35,DOMAINE DE BILLY,FOUR-0003,SARL DOMAINE DE BILLY,section APERITIFS,FOUR-0003,SARL DOMAINE DE BILLY,Commande directe auprès du producteur,À CONFIRMER,France,Normandie,Calvados (14),À CONFIRMER (siège du producteur : 14980 ROTS),Pommeau de Normandie (AOC),ADRESSE_PRODUCTEUR_DANS_LE_DOCUMENT,NORMANDIE_CONFIRMEE,OUI,,700.0,70 cl,17,OUI,POMMEAU,À CONFIRMER,,9.97,"9,97 €",unité,Prix de vente (Hors droits) / Droits / Prix de vente (droits inclus),À CONFIRMER,,,1.47,8.5,,,,,,,70 cl,,,,À CONFIRMER,À CONFIRMER,À CONFIRMER,À CONFIRMER,À CONFIRMER,À CONFIRMER,À CONFIRMER,À CONFIRMER,À CONFIRMER,OUI_DEDUIT_DU_CONDITIONNEMENT,À CONFIRMER,À CONFIRMER,À CONFIRMER,"Boisson alcoolisée : vérifier les contraintes transporteur (déclaration, casse, interdiction sur certains services)",À CONFIRMER,À CONFIRMER,À CONFIRMER,À CONFIRMER,À CONFIRMER,PRESTIGE,5,palier de prix d'achat (9.97 € HT) → 3 ; appellation protégée citée (Pommeau de Normandie (AOC)) → +1 ; spiritueux/vin de garde → +1,PROPOSITION AUTOMATIQUE – À VALIDER EN BACK-OFFICE,À CONFIRMER,À CONFIRMER,OUI,OUI,PRODUIT_LOCAL_EMBLEMATIQUE ; PREMIUM,À CONFIRMER,À CONFIRMER,À CONFIRMER,À CONFIRMER,À CONFIRMER,À CONFIRMER,SUR_COMMANDE (document = tarif producteur 2026),PRODUIT,LIBELLÉ IDENTIQUE – PRODUCTEURS DIFFÉRENTS,,,30,billy.pdf – tarif SARL Domaine de Billy « Prix de vente à partir de 2026 » – page 3,page 3 – section APERITIFS
PROD-0690,À CONFIRMER,Pommeau de Normandie,Pommeau de Normandie,À CONFIRMER,BOISSON_ALCOOLISEE,POMMEAU,règle 35,DOMAINE DE BILLY,FOUR-0003,SARL DOMAINE DE BILLY,section APERITIFS,FOUR-0003,SARL DOMAINE DE BILLY,Commande directe auprès du producteur,À CONFIRMER,France,Normandie,Calvados (14),À CONFIRMER (siège du producteur : 14980 ROTS),Pommeau de Normandie (AOC),ADRESSE_PRODUCTEUR_DANS_LE_DOCUMENT,NORMANDIE_CONFIRMEE,OUI,,200.0,20 cl,17,OUI,POMMEAU,À CONFIRMER,,6.12,"6,12, €",unité,Prix de vente (Hors droits) / Droits / Prix de vente (droits inclus),À CONFIRMER,,,0.42,5.7,,,,,,,20 cl,,,,À CONFIRMER,À CONFIRMER,À CONFIRMER,À CONFIRMER,À CONFIRMER,À CONFIRMER,À CONFIRMER,À CONFIRMER,À CONFIRMER,OUI_DEDUIT_DU_CONDITIONNEMENT,À CONFIRMER,À CONFIRMER,À CONFIRMER,"Boisson alcoolisée : vérifier les contraintes transporteur (déclaration, casse, interdiction sur certains services)",À CONFIRMER,À CONFIRMER,À CONFIRMER,À CONFIRMER,À CONFIRMER,PRESTIGE,5,palier de prix d'achat (6.12 € HT) → 3 ; appellation protégée citée (Pommeau de Normandie (AOC)) → +1 ; spiritueux/vin de garde → +1,PROPOSITION AUTOMATIQUE – À VALIDER EN BACK-OFFICE,À CONFIRMER,À CONFIRMER,OUI,OUI,PRODUIT_LOCAL_EMBLEMATIQUE ; PREMIUM,À CONFIRMER,À CONFIRMER,À CONFIRMER,À CONFIRMER,À CONFIRMER,À CONFIRMER,SUR_COMMANDE (document = tarif producteur 2026),PRODUIT,LIBELLÉ IDENTIQUE – PRODUCTEURS DIFFÉRENTS,,,30,billy.pdf – tarif SARL Domaine de Billy « Prix de vente à partir de 2026 » – page 3,page 3 – section APERITIFS
PROD-0691,À CONFIRMER,Esprit de Billy,Esprit de Billy,À CONFIRMER,BOISSON_ALCOOLISEE,SPIRITUEUX_POMME,règle 36,DOMAINE DE BILLY,FOUR-0003,SARL DOMAINE DE BILLY,section APERITIFS,FOUR-0003,SARL DOMAINE DE BILLY,Commande directe auprès du producteur,À CONFIRMER,France,Normandie,Calvados (14),À CONFIRMER (siège du producteur : 14980 ROTS),,ADRESSE_PRODUCTEUR_DANS_LE_DOCUMENT,NORMANDIE_CONFIRMEE,OUI,,700.0,70 cl,22,OUI,SPIRITUEUX_POMME,À CONFIRMER,,13.53,"13,53 €",unité,Prix de vente (Hors droits) / Droits / Prix de vente (droits inclus),À CONFIRMER,,,3.83,9.7,,,,,,,70 cl,,,,À CONFIRMER,À CONFIRMER,À CONFIRMER,À CONFIRMER,À CONFIRMER,À CONFIRMER,À CONFIRMER,À CONFIRMER,À CONFIRMER,OUI_DEDUIT_DU_CONDITIONNEMENT,À CONFIRMER,À CONFIRMER,À CONFIRMER,"Boisson alcoolisée : vérifier les contraintes transporteur (déclaration, casse, interdiction sur certains services)",À CONFIRMER,À CONFIRMER,À CONFIRMER,À CONFIRMER,À CONFIRMER,PREMIUM,4,palier de prix d'achat (13.53 € HT) → 4,PROPOSITION AUTOMATIQUE – À VALIDER EN BACK-OFFICE,À CONFIRMER,À CONFIRMER,OUI,OUI,PRODUIT_LOCAL_EMBLEMATIQUE ; PREMIUM,À CONFIRMER,À CONFIRMER,À CONFIRMER,À CONFIRMER,À CONFIRMER,À CONFIRMER,SUR_COMMANDE (document = tarif producteur 2026),PRODUIT,,,,30,billy.pdf – tarif SARL Domaine de Billy « Prix de vente à partir de 2026 » – page 3,page 3 – section APERITIFS
PROD-0692,À CONFIRMER,CALVADOS - 20 ANS,CALVADOS - 20 ANS,À CONFIRMER,BOISSON_ALCOOLISEE,SPIRITUEUX_POMME,section « CALVADOS » du tarif fournisseur,DOMAINE DE BILLY,FOUR-0003,SARL DOMAINE DE BILLY,section CALVADOS,FOUR-0003,SARL DOMAINE DE BILLY,Commande directe auprès du producteur,À CONFIRMER,France,Normandie,Calvados (14),À CONFIRMER (siège du producteur : 14980 ROTS),Calvados (AOC),ADRESSE_PRODUCTEUR_DANS_LE_DOCUMENT,NORMANDIE_CONFIRMEE,OUI,,700.0,70 cl,43%,OUI,SPIRITUEUX_POMME,À CONFIRMER,,43.16,"43,16 €",unité,Prix de vente (hors droits) / Droits / Prix de vente H.T. (droits inclus),À CONFIRMER,,,7.66,35.5,,,,,,,70 cl,,,,À CONFIRMER,À CONFIRMER,À CONFIRMER,À CONFIRMER,À CONFIRMER,À CONFIRMER,À CONFIRMER,À CONFIRMER,À CONFIRMER,OUI_DEDUIT_DU_CONDITIONNEMENT,À CONFIRMER,À CONFIRMER,À CONFIRMER,"Boisson alcoolisée : vérifier les contraintes transporteur (déclaration, casse, interdiction sur certains services)",À CONFIRMER,À CONFIRMER,À CONFIRMER,À CONFIRMER,À CONFIRMER,PRESTIGE,5,palier de prix d'achat (43.16 € HT) → 5 ; appellation protégée citée (Calvados (AOC)) → +1 ; spiritueux/vin de garde → +1,PROPOSITION AUTOMATIQUE – À VALIDER EN BACK-OFFICE,À CONFIRMER,À CONFIRMER,OUI,OUI,PRODUIT_LOCAL_EMBLEMATIQUE ; PREMIUM,À CONFIRMER,À CONFIRMER,À CONFIRMER,À CONFIRMER,À CONFIRMER,À CONFIRMER,SUR_COMMANDE (document = tarif producteur 2026),PRODUIT,LIBELLÉ IDENTIQUE – PRODUCTEURS DIFFÉRENTS,,,30,billy.pdf – tarif SARL Domaine de Billy « Prix de vente à partir de 2026 » – page 3,page 3 – section CALVADOS
PROD-0693,À CONFIRMER,CALVADOS - 12 ANS,CALVADOS - 12 ANS,À CONFIRMER,BOISSON_ALCOOLISEE,SPIRITUEUX_POMME,section « CALVADOS » du tarif fournisseur,DOMAINE DE BILLY,FOUR-0003,SARL DOMAINE DE BILLY,section CALVADOS,FOUR-0003,SARL DOMAINE DE BILLY,Commande directe auprès du producteur,À CONFIRMER,France,Normandie,Calvados (14),À CONFIRMER (siège du producteur : 14980 ROTS),Calvados (AOC),ADRESSE_PRODUCTEUR_DANS_LE_DOCUMENT,NORMANDIE_CONFIRMEE,OUI,,700.0,70 cl,43%,OUI,SPIRITUEUX_POMME,À CONFIRMER,,35.16,"35,16 €",unité,Prix de vente (hors droits) / Droits / Prix de vente H.T. (droits inclus),À CONFIRMER,,,7.66,27.5,,,,,,,70 cl,,,,À CONFIRMER,À CONFIRMER,À CONFIRMER,À CONFIRMER,À CONFIRMER,À CONFIRMER,À CONFIRMER,À CONFIRMER,À CONFIRMER,OUI_DEDUIT_DU_CONDITIONNEMENT,À CONFIRMER,À CONFIRMER,À CONFIRMER,"Boisson alcoolisée : vérifier les contraintes transporteur (déclaration, casse, interdiction sur certains services)",À CONFIRMER,À CONFIRMER,À CONFIRMER,À CONFIRMER,À CONFIRMER,PRESTIGE,5,palier de prix d'achat (35.16 € HT) → 5 ; appellation protégée citée (Calvados (AOC)) → +1 ; spiritueux/vin de garde → +1,PROPOSITION AUTOMATIQUE – À VALIDER EN BACK-OFFICE,À CONFIRMER,À CONFIRMER,OUI,OUI,PRODUIT_LOCAL_EMBLEMATIQUE ; PREMIUM,À CONFIRMER,À CONFIRMER,À CONFIRMER,À CONFIRMER,À CONFIRMER,À CONFIRMER,SUR_COMMANDE (document = tarif producteur 2026),PRODUIT,LIBELLÉ IDENTIQUE – PRODUCTEURS DIFFÉRENTS,,,30,billy.pdf – tarif SARL Domaine de Billy « Prix de vente à partir de 2026 » – page 3,page 3 – section CALVADOS
PROD-0694,À CONFIRMER,CALVADOS - HORS D'ÂGE,CALVADOS - HORS D'ÂGE,À CONFIRMER,BOISSON_ALCOOLISEE,SPIRITUEUX_POMME,section « CALVADOS » du tarif fournisseur,DOMAINE DE BILLY,FOUR-0003,SARL DOMAINE DE BILLY,section CALVADOS,FOUR-0003,SARL DOMAINE DE BILLY,Commande directe auprès du producteur,À CONFIRMER,France,Normandie,Calvados (14),À CONFIRMER (siège du producteur : 14980 ROTS),Calvados (AOC),ADRESSE_PRODUCTEUR_DANS_LE_DOCUMENT,NORMANDIE_CONFIRMEE,OUI,,700.0,70 cl,43%,OUI,SPIRITUEUX_POMME,À CONFIRMER,,29.16,"29,16 €",unité,Prix de vente (hors droits) / Droits / Prix de vente H.T. (droits inclus),À CONFIRMER,,,7.66,21.5,,,,,,,70 cl,,,,À CONFIRMER,À CONFIRMER,À CONFIRMER,À CONFIRMER,À CONFIRMER,À CONFIRMER,À CONFIRMER,À CONFIRMER,À CONFIRMER,OUI_DEDUIT_DU_CONDITIONNEMENT,À CONFIRMER,À CONFIRMER,À CONFIRMER,"Boisson alcoolisée : vérifier les contraintes transporteur (déclaration, casse, interdiction sur certains services)",À CONFIRMER,À CONFIRMER,À CONFIRMER,À CONFIRMER,À CONFIRMER,PRESTIGE,5,palier de prix d'achat (29.16 € HT) → 5 ; appellation protégée citée (Calvados (AOC)) → +1 ; spiritueux/vin de garde → +1,PROPOSITION AUTOMATIQUE – À VALIDER EN BACK-OFFICE,À CONFIRMER,À CONFIRMER,OUI,OUI,PRODUIT_LOCAL_EMBLEMATIQUE ; PREMIUM,À CONFIRMER,À CONFIRMER,À CONFIRMER,À CONFIRMER,À CONFIRMER,À CONFIRMER,SUR_COMMANDE (document = tarif producteur 2026),PRODUIT,LIBELLÉ IDENTIQUE – MÊME PRODUCTEUR,,,30,billy.pdf – tarif SARL Domaine de Billy « Prix de vente à partir de 2026 » – page 3,page 3 – section CALVADOS
PROD-0695,À CONFIRMER,CALVADOS - HORS D'ÂGE,CALVADOS - HORS D'ÂGE,À CONFIRMER,BOISSON_ALCOOLISEE,SPIRITUEUX_POMME,section « CALVADOS » du tarif fournisseur,DOMAINE DE BILLY,FOUR-0003,SARL DOMAINE DE BILLY,section CALVADOS,FOUR-0003,SARL DOMAINE DE BILLY,Commande directe auprès du producteur,À CONFIRMER,France,Normandie,Calvados (14),À CONFIRMER (siège du producteur : 14980 ROTS),Calvados (AOC),ADRESSE_PRODUCTEUR_DANS_LE_DOCUMENT,NORMANDIE_CONFIRMEE,OUI,,200.0,20 cl,43%,OUI,SPIRITUEUX_POMME,À CONFIRMER,,11.53,"11,53 €",unité,Prix de vente (hors droits) / Droits / Prix de vente H.T. (droits inclus),À CONFIRMER,,,2.3,9.23,,,,,,,20 cl,,,,À CONFIRMER,À CONFIRMER,À CONFIRMER,À CONFIRMER,À CONFIRMER,À CONFIRMER,À CONFIRMER,À CONFIRMER,À CONFIRMER,OUI_DEDUIT_DU_CONDITIONNEMENT,À CONFIRMER,À CONFIRMER,À CONFIRMER,"Boisson alcoolisée : vérifier les contraintes transporteur (déclaration, casse, interdiction sur certains services)",À CONFIRMER,À CONFIRMER,À CONFIRMER,À CONFIRMER,À CONFIRMER,PRESTIGE,5,palier de prix d'achat (11.53 € HT) → 4 ; appellation protégée citée (Calvados (AOC)) → +1 ; spiritueux/vin de garde → +1,PROPOSITION AUTOMATIQUE – À VALIDER EN BACK-OFFICE,À CONFIRMER,À CONFIRMER,OUI,OUI,PRODUIT_LOCAL_EMBLEMATIQUE ; PREMIUM,À CONFIRMER,À CONFIRMER,À CONFIRMER,À CONFIRMER,À CONFIRMER,À CONFIRMER,SUR_COMMANDE (document = tarif producteur 2026),PRODUIT,LIBELLÉ IDENTIQUE – MÊME PRODUCTEUR,,,30,billy.pdf – tarif SARL Domaine de Billy « Prix de vente à partir de 2026 » – page 3,page 3 – section CALVADOS
PROD-0696,À CONFIRMER,CALVADOS - V.S.O.P.,CALVADOS - V.S.O.P.,À CONFIRMER,BOISSON_ALCOOLISEE,SPIRITUEUX_POMME,section « CALVADOS » du tarif fournisseur,DOMAINE DE BILLY,FOUR-0003,SARL DOMAINE DE BILLY,section CALVADOS,FOUR-0003,SARL DOMAINE DE BILLY,Commande directe auprès du producteur,À CONFIRMER,France,Normandie,Calvados (14),À CONFIRMER (siège du producteur : 14980 ROTS),Calvados (AOC),ADRESSE_PRODUCTEUR_DANS_LE_DOCUMENT,NORMANDIE_CONFIRMEE,OUI,,700.0,70 cl,41%,OUI,SPIRITUEUX_POMME,À CONFIRMER,,22.9,"22,90 €",unité,Prix de vente (hors droits) / Droits / Prix de vente H.T. (droits inclus),À CONFIRMER,,,7.4,15.5,,,,,,,70 cl,,,,À CONFIRMER,À CONFIRMER,À CONFIRMER,À CONFIRMER,À CONFIRMER,À CONFIRMER,À CONFIRMER,À CONFIRMER,À CONFIRMER,OUI_DEDUIT_DU_CONDITIONNEMENT,À CONFIRMER,À CONFIRMER,À CONFIRMER,"Boisson alcoolisée : vérifier les contraintes transporteur (déclaration, casse, interdiction sur certains services)",À CONFIRMER,À CONFIRMER,À CONFIRMER,À CONFIRMER,À CONFIRMER,PRESTIGE,5,palier de prix d'achat (22.90 € HT) → 4 ; appellation protégée citée (Calvados (AOC)) → +1 ; spiritueux/vin de garde → +1,PROPOSITION AUTOMATIQUE – À VALIDER EN BACK-OFFICE,À CONFIRMER,À CONFIRMER,OUI,OUI,PRODUIT_LOCAL_EMBLEMATIQUE ; PREMIUM,À CONFIRMER,À CONFIRMER,À CONFIRMER,À CONFIRMER,À CONFIRMER,À CONFIRMER,SUR_COMMANDE (document = tarif producteur 2026),PRODUIT,,,,30,billy.pdf – tarif SARL Domaine de Billy « Prix de vente à partir de 2026 » – page 3,page 3 – section CALVADOS
PROD-0697,À CONFIRMER,CALVADOS - FINE,CALVADOS - FINE,À CONFIRMER,BOISSON_ALCOOLISEE,SPIRITUEUX_POMME,section « CALVADOS » du tarif fournisseur,DOMAINE DE BILLY,FOUR-0003,SARL DOMAINE DE BILLY,section CALVADOS,FOUR-0003,SARL DOMAINE DE BILLY,Commande directe auprès du producteur,À CONFIRMER,France,Normandie,Calvados (14),À CONFIRMER (siège du producteur : 14980 ROTS),Calvados (AOC),ADRESSE_PRODUCTEUR_DANS_LE_DOCUMENT,NORMANDIE_CONFIRMEE,OUI,,700.0,70 cl,41%,OUI,SPIRITUEUX_POMME,À CONFIRMER,,20.4,"20,40 €",unité,Prix de vente (hors droits) / Droits / Prix de vente H.T. (droits inclus),À CONFIRMER,,,7.4,13.0,,,,,,,70 cl,,,,À CONFIRMER,À CONFIRMER,À CONFIRMER,À CONFIRMER,À CONFIRMER,À CONFIRMER,À CONFIRMER,À CONFIRMER,À CONFIRMER,OUI_DEDUIT_DU_CONDITIONNEMENT,À CONFIRMER,À CONFIRMER,À CONFIRMER,"Boisson alcoolisée : vérifier les contraintes transporteur (déclaration, casse, interdiction sur certains services)",À CONFIRMER,À CONFIRMER,À CONFIRMER,À CONFIRMER,À CONFIRMER,PRESTIGE,5,palier de prix d'achat (20.40 € HT) → 4 ; appellation protégée citée (Calvados (AOC)) → +1 ; spiritueux/vin de garde → +1,PROPOSITION AUTOMATIQUE – À VALIDER EN BACK-OFFICE,À CONFIRMER,À CONFIRMER,OUI,OUI,PRODUIT_LOCAL_EMBLEMATIQUE ; PREMIUM,À CONFIRMER,À CONFIRMER,À CONFIRMER,À CONFIRMER,À CONFIRMER,À CONFIRMER,SUR_COMMANDE (document = tarif producteur 2026),PRODUIT,,,,30,billy.pdf – tarif SARL Domaine de Billy « Prix de vente à partir de 2026 » – page 3,page 3 – section CALVADOS
PROD-0698,À CONFIRMER,COFFRET TRIO BOIS,COFFRET TRIO BOIS,À CONFIRMER,COFFRET_ET_EMBALLAGE,COFFRET_OU_PACK,section « COFFRETS » du tarif fournisseur,DOMAINE DE BILLY,FOUR-0003,SARL DOMAINE DE BILLY,section COFFRETS,FOUR-0003,SARL DOMAINE DE BILLY,Commande directe auprès du producteur,À CONFIRMER,France,Normandie,Calvados (14),À CONFIRMER (siège du producteur : 14980 ROTS),,ADRESSE_PRODUCTEUR_DANS_LE_DOCUMENT,NORMANDIE_CONFIRMEE,OUI,,,,,NON,,À CONFIRMER,,29.0,29 €,unité,Prix de vente H.T. (droits inclus),À CONFIRMER,,,,,,,,,,,À CONFIRMER,,,,À CONFIRMER,À CONFIRMER,À CONFIRMER,À CONFIRMER,À CONFIRMER,À CONFIRMER,À CONFIRMER,À CONFIRMER,À CONFIRMER,NON,À CONFIRMER,À CONFIRMER,À CONFIRMER,À CONFIRMER,À CONFIRMER,À CONFIRMER,À CONFIRMER,À CONFIRMER,À CONFIRMER,PRESTIGE,5,palier de prix d'achat (29.00 € HT) → 5,PROPOSITION AUTOMATIQUE – À VALIDER EN BACK-OFFICE,À CONFIRMER,À CONFIRMER,OUI,OUI,PRODUIT_LOCAL_EMBLEMATIQUE ; PREMIUM,À CONFIRMER,À CONFIRMER,À CONFIRMER,À CONFIRMER,À CONFIRMER,À CONFIRMER,SUR_COMMANDE (document = tarif producteur 2026),PRODUIT,,,,32,billy.pdf – tarif SARL Domaine de Billy « Prix de vente à partir de 2026 » – page 3,page 3 – section COFFRETS
PROD-0699,À CONFIRMER,COFFRET TRIO+VERRE,COFFRET TRIO+VERRE,À CONFIRMER,COFFRET_ET_EMBALLAGE,COFFRET_OU_PACK,section « COFFRETS » du tarif fournisseur,DOMAINE DE BILLY,FOUR-0003,SARL DOMAINE DE BILLY,section COFFRETS,FOUR-0003,SARL DOMAINE DE BILLY,Commande directe auprès du producteur,À CONFIRMER,France,Normandie,Calvados (14),À CONFIRMER (siège du producteur : 14980 ROTS),,ADRESSE_PRODUCTEUR_DANS_LE_DOCUMENT,NORMANDIE_CONFIRMEE,OUI,,,,,NON,,À CONFIRMER,NOUVEAU,33.0,33 €,unité,Prix de vente H.T. (droits inclus),À CONFIRMER,,,,,,,,,,,À CONFIRMER,,,,À CONFIRMER,À CONFIRMER,À CONFIRMER,À CONFIRMER,À CONFIRMER,À CONFIRMER,À CONFIRMER,À CONFIRMER,À CONFIRMER,NON,À CONFIRMER,À CONFIRMER,À CONFIRMER,À CONFIRMER,À CONFIRMER,À CONFIRMER,À CONFIRMER,À CONFIRMER,À CONFIRMER,PRESTIGE,5,palier de prix d'achat (33.00 € HT) → 5,PROPOSITION AUTOMATIQUE – À VALIDER EN BACK-OFFICE,À CONFIRMER,À CONFIRMER,OUI,OUI,PRODUIT_LOCAL_EMBLEMATIQUE ; NOUVEAUTE ; PREMIUM,À CONFIRMER,À CONFIRMER,À CONFIRMER,À CONFIRMER,À CONFIRMER,À CONFIRMER,SUR_COMMANDE (document = tarif producteur 2026),PRODUIT,,,,32,billy.pdf – tarif SARL Domaine de Billy « Prix de vente à partir de 2026 » – page 3,page 3 – section COFFRETS
PROD-0700,BM2502,Le Blanc Marin 75 cl btlle,Le Blanc Marin 75 cl btlle,À CONFIRMER,BOISSON_ALCOOLISEE,VIN,règle 38,DOMAINE DE BRUCAN,FOUR-0004,DOMAINE DE BRUCAN,facture,FOUR-0004,DOMAINE DE BRUCAN,Commande directe auprès du producteur,À CONFIRMER,France,Normandie,Manche (50),À CONFIRMER (siège du producteur : 50110 DIGOSVILLE),,ADRESSE_PRODUCTEUR_DANS_LE_DOCUMENT,NORMANDIE_CONFIRMEE,OUI,,750.0,75 cl (désignation de la facture),À CONFIRMER,OUI,VIN,À CONFIRMER,,10.9,"13,08 € TTC (prix unitaire facturé)",unité,P.u. T.T.C,0.2,13.08,,,,,,,,,,bouteille 75 cl (mention « btlle » sur la facture),,,,À CONFIRMER,À CONFIRMER,À CONFIRMER,À CONFIRMER,À CONFIRMER,À CONFIRMER,À CONFIRMER,OUI_DEDUIT,PROBABLE_DEDUIT_DU_CONDITIONNEMENT,OUI_DEDUIT_DU_CONDITIONNEMENT,OUI_DEDUIT,OUI,PROTECTION_BOUTEILLE_OU_CONTENANT_VERRE,"Boisson alcoolisée : vérifier les contraintes transporteur (déclaration, casse, interdiction sur certains services)",À CONFIRMER,À CONFIRMER,À CONFIRMER,À CONFIRMER,À CONFIRMER,PREMIUM,4,palier de prix d'achat (10.90 € HT) → 4,PROPOSITION AUTOMATIQUE – À VALIDER EN BACK-OFFICE,À CONFIRMER,À CONFIRMER,OUI,OUI,PRODUIT_LOCAL_EMBLEMATIQUE ; PRODUIT_FRAGILE ; PREMIUM,À CONFIRMER,À CONFIRMER,À CONFIRMER,À CONFIRMER,À CONFIRMER,À CONFIRMER,"À CONFIRMER (document = facture, pas un tarif catalogue)",PRODUIT,,,"Prix issu d'une FACTURE et non d'un tarif : le prix unitaire HT (10.9000 €) est calculé à partir du prix TTC facturé (13,08 €) et du taux de TVA de la facture (20 %). Une remise globale de -46,62 € HT figure au pied de facture et n'est PAS répercutée sur ce prix unitaire.",24,FACT_2600000025_THE_ART_OF_WINE_ACADEMY.pdf – facture Domaine de Brucan du 12/08/2026,ligne article BM2502
PROD-0701,RM2502,Le Rosé Marin 75cl btlle,Le Rosé Marin 75cl btlle,À CONFIRMER,BOISSON_ALCOOLISEE,VIN,règle 38,DOMAINE DE BRUCAN,FOUR-0004,DOMAINE DE BRUCAN,facture,FOUR-0004,DOMAINE DE BRUCAN,Commande directe auprès du producteur,À CONFIRMER,France,Normandie,Manche (50),À CONFIRMER (siège du producteur : 50110 DIGOSVILLE),,ADRESSE_PRODUCTEUR_DANS_LE_DOCUMENT,NORMANDIE_CONFIRMEE,OUI,,750.0,75 cl (désignation de la facture),À CONFIRMER,OUI,VIN,À CONFIRMER,,9.5,"11,40 € TTC (prix unitaire facturé)",unité,P.u. T.T.C,0.2,11.4,,,,,,,,,,bouteille 75 cl (mention « btlle » sur la facture),,,,À CONFIRMER,À CONFIRMER,À CONFIRMER,À CONFIRMER,À CONFIRMER,À CONFIRMER,À CONFIRMER,OUI_DEDUIT,PROBABLE_DEDUIT_DU_CONDITIONNEMENT,OUI_DEDUIT_DU_CONDITIONNEMENT,OUI_DEDUIT,OUI,PROTECTION_BOUTEILLE_OU_CONTENANT_VERRE,"Boisson alcoolisée : vérifier les contraintes transporteur (déclaration, casse, interdiction sur certains services)",À CONFIRMER,À CONFIRMER,À CONFIRMER,À CONFIRMER,À CONFIRMER,SIGNATURE,3,palier de prix d'achat (9.50 € HT) → 3,PROPOSITION AUTOMATIQUE – À VALIDER EN BACK-OFFICE,À CONFIRMER,À CONFIRMER,NON,OUI,PRODUIT_LOCAL_EMBLEMATIQUE ; PRODUIT_FRAGILE,À CONFIRMER,À CONFIRMER,À CONFIRMER,À CONFIRMER,À CONFIRMER,À CONFIRMER,"À CONFIRMER (document = facture, pas un tarif catalogue)",PRODUIT,,,"Prix issu d'une FACTURE et non d'un tarif : le prix unitaire HT (9.5000 €) est calculé à partir du prix TTC facturé (11,40 €) et du taux de TVA de la facture (20 %). Une remise globale de -46,62 € HT figure au pied de facture et n'est PAS répercutée sur ce prix unitaire.",24,FACT_2600000025_THE_ART_OF_WINE_ACADEMY.pdf – facture Domaine de Brucan du 12/08/2026,ligne article RM2502
PROD-0702,TF2501,Les Trois Flèches 75 cl btlle,Les Trois Flèches 75 cl btlle,À CONFIRMER,BOISSON_ALCOOLISEE,VIN,règle 38,DOMAINE DE BRUCAN,FOUR-0004,DOMAINE DE BRUCAN,facture,FOUR-0004,DOMAINE DE BRUCAN,Commande directe auprès du producteur,À CONFIRMER,France,Normandie,Manche (50),À CONFIRMER (siège du producteur : 50110 DIGOSVILLE),,ADRESSE_PRODUCTEUR_DANS_LE_DOCUMENT,NORMANDIE_CONFIRMEE,OUI,,750.0,75 cl (désignation de la facture),À CONFIRMER,OUI,VIN,À CONFIRMER,,13.0,"15,60 € TTC (prix unitaire facturé)",unité,P.u. T.T.C,0.2,15.6,,,,,,,,,,bouteille 75 cl (mention « btlle » sur la facture),,,,À CONFIRMER,À CONFIRMER,À CONFIRMER,À CONFIRMER,À CONFIRMER,À CONFIRMER,À CONFIRMER,OUI_DEDUIT,PROBABLE_DEDUIT_DU_CONDITIONNEMENT,OUI_DEDUIT_DU_CONDITIONNEMENT,OUI_DEDUIT,OUI,PROTECTION_BOUTEILLE_OU_CONTENANT_VERRE,"Boisson alcoolisée : vérifier les contraintes transporteur (déclaration, casse, interdiction sur certains services)",À CONFIRMER,À CONFIRMER,À CONFIRMER,À CONFIRMER,À CONFIRMER,PREMIUM,4,palier de prix d'achat (13.00 € HT) → 4,PROPOSITION AUTOMATIQUE – À VALIDER EN BACK-OFFICE,À CONFIRMER,À CONFIRMER,OUI,OUI,PRODUIT_LOCAL_EMBLEMATIQUE ; PRODUIT_FRAGILE ; PREMIUM,À CONFIRMER,À CONFIRMER,À CONFIRMER,À CONFIRMER,À CONFIRMER,À CONFIRMER,"À CONFIRMER (document = facture, pas un tarif catalogue)",PRODUIT,,,"Prix issu d'une FACTURE et non d'un tarif : le prix unitaire HT (13.0000 €) est calculé à partir du prix TTC facturé (15,60 €) et du taux de TVA de la facture (20 %). Une remise globale de -46,62 € HT figure au pied de facture et n'est PAS répercutée sur ce prix unitaire.",24,FACT_2600000025_THE_ART_OF_WINE_ACADEMY.pdf – facture Domaine de Brucan du 12/08/2026,ligne article TF2501
PROD-0703,LH2501,Les Hougues 75cl btlle,Les Hougues 75cl btlle,À CONFIRMER,BOISSON_ALCOOLISEE,VIN,règle 38,DOMAINE DE BRUCAN,FOUR-0004,DOMAINE DE BRUCAN,facture,FOUR-0004,DOMAINE DE BRUCAN,Commande directe auprès du producteur,À CONFIRMER,France,Normandie,Manche (50),À CONFIRMER (siège du producteur : 50110 DIGOSVILLE),,ADRESSE_PRODUCTEUR_DANS_LE_DOCUMENT,NORMANDIE_CONFIRMEE,OUI,,750.0,75 cl (désignation de la facture),À CONFIRMER,OUI,VIN,À CONFIRMER,,10.9,"13,08 € TTC (prix unitaire facturé)",unité,P.u. T.T.C,0.2,13.08,,,,,,,,,,bouteille 75 cl (mention « btlle » sur la facture),,,,À CONFIRMER,À CONFIRMER,À CONFIRMER,À CONFIRMER,À CONFIRMER,À CONFIRMER,À CONFIRMER,OUI_DEDUIT,PROBABLE_DEDUIT_DU_CONDITIONNEMENT,OUI_DEDUIT_DU_CONDITIONNEMENT,OUI_DEDUIT,OUI,PROTECTION_BOUTEILLE_OU_CONTENANT_VERRE,"Boisson alcoolisée : vérifier les contraintes transporteur (déclaration, casse, interdiction sur certains services)",À CONFIRMER,À CONFIRMER,À CONFIRMER,À CONFIRMER,À CONFIRMER,PREMIUM,4,palier de prix d'achat (10.90 € HT) → 4,PROPOSITION AUTOMATIQUE – À VALIDER EN BACK-OFFICE,À CONFIRMER,À CONFIRMER,OUI,OUI,PRODUIT_LOCAL_EMBLEMATIQUE ; PRODUIT_FRAGILE ; PREMIUM,À CONFIRMER,À CONFIRMER,À CONFIRMER,À CONFIRMER,À CONFIRMER,À CONFIRMER,"À CONFIRMER (document = facture, pas un tarif catalogue)",PRODUIT,,,"Prix issu d'une FACTURE et non d'un tarif : le prix unitaire HT (10.9000 €) est calculé à partir du prix TTC facturé (13,08 €) et du taux de TVA de la facture (20 %). Une remise globale de -46,62 € HT figure au pied de facture et n'est PAS répercutée sur ce prix unitaire.",24,FACT_2600000025_THE_ART_OF_WINE_ACADEMY.pdf – facture Domaine de Brucan du 12/08/2026,ligne article LH2501
