id_tarif,id_produit,nom_produit,id_fournisseur,fournisseur,prix_achat_ht,unite_de_prix,prix_au_kg_ht,prix_hors_droits_ht,droits_accises,tva_taux,prix_achat_ttc,texte_exact_du_document,libelle_colonne_prix_source,validite,type_de_document,source,ligne_source
TAR-0001,PROD-0001,Apéro tomate/paprika 100 grs,FOUR-0001,NORMAND DIRECT TERROIR,2.15,unité,,,,0.055,2.2682,2.15,PU HT,Tarif 2026,TARIF FOURNISSEUR,Tarif et bon de commande 2026 – onglet « TARIF NORMAND DIRECT 2026 »,ligne 10
TAR-0002,PROD-0002,Pailles feuilletées salées 100 grs,FOUR-0001,NORMAND DIRECT TERROIR,2.45,unité,,,,0.055,2.5848,2.45,PU HT,Tarif 2026,TARIF FOURNISSEUR,Tarif et bon de commande 2026 – onglet « TARIF NORMAND DIRECT 2026 »,ligne 11
TAR-0003,PROD-0003,Palets Camembert du Cotentin pavot 100 grs,FOUR-0001,NORMAND DIRECT TERROIR,2.5,unité,,,,0.055,2.6375,2.5,PU HT,Tarif 2026,TARIF FOURNISSEUR,Tarif et bon de commande 2026 – onglet « TARIF NORMAND DIRECT 2026 »,ligne 12
TAR-0004,PROD-0004,Biscuits assortiment 250 grs,FOUR-0001,NORMAND DIRECT TERROIR,5.9,unité,,,,0.055,6.2245,5.9,PU HT,Tarif 2026,TARIF FOURNISSEUR,Tarif et bon de commande 2026 – onglet « TARIF NORMAND DIRECT 2026 »,ligne 13
TAR-0005,PROD-0005,Boutons de la Manche 250 grs moins de 12,FOUR-0001,NORMAND DIRECT TERROIR,3.6,unité,,,,0.055,3.798,3.6,PU HT,Tarif 2026,TARIF FOURNISSEUR,Tarif et bon de commande 2026 – onglet « TARIF NORMAND DIRECT 2026 »,ligne 14
TAR-0006,PROD-0006,Boutons de la Manche 250 grs/ carton de 12,FOUR-0001,NORMAND DIRECT TERROIR,3.45,unité,,,,0.055,3.6397,3.45,PU HT,Tarif 2026,TARIF FOURNISSEUR,Tarif et bon de commande 2026 – onglet « TARIF NORMAND DIRECT 2026 »,ligne 15
TAR-0007,PROD-0007,Cookies pépite de chocolat 220 grs,FOUR-0001,NORMAND DIRECT TERROIR,3.6,unité,,,,0.055,3.798,3.6,PU HT,Tarif 2026,TARIF FOURNISSEUR,Tarif et bon de commande 2026 – onglet « TARIF NORMAND DIRECT 2026 »,ligne 16
TAR-0008,PROD-0008,Coquilles Quinéville 165 grs,FOUR-0001,NORMAND DIRECT TERROIR,4.37,unité,,,,0.055,4.6103,4.37,PU HT,Tarif 2026,TARIF FOURNISSEUR,Tarif et bon de commande 2026 – onglet « TARIF NORMAND DIRECT 2026 »,ligne 17
TAR-0009,PROD-0009,Coquilles Quinéville 80 grs mini 50 paquets,FOUR-0001,NORMAND DIRECT TERROIR,2.45,unité,,,,0.055,2.5848,2.45,PU HT,Tarif 2026,TARIF FOURNISSEUR,Tarif et bon de commande 2026 – onglet « TARIF NORMAND DIRECT 2026 »,ligne 18
TAR-0010,PROD-0010,Coquilles de Quinéville trio 165 grs,FOUR-0001,NORMAND DIRECT TERROIR,4.37,unité,,,,0.055,4.6103,4.37,PU HT,Tarif 2026,TARIF FOURNISSEUR,Tarif et bon de commande 2026 – onglet « TARIF NORMAND DIRECT 2026 »,ligne 19
TAR-0011,PROD-0011,Coquilles trio 80 grs mini 50 paquets,FOUR-0001,NORMAND DIRECT TERROIR,2.45,unité,,,,0.055,2.5848,2.45,PU HT,Tarif 2026,TARIF FOURNISSEUR,Tarif et bon de commande 2026 – onglet « TARIF NORMAND DIRECT 2026 »,ligne 20
TAR-0012,PROD-0012,Croquant aux amandes 125 grs,FOUR-0001,NORMAND DIRECT TERROIR,4.3,unité,,,,0.055,4.5365,4.3,PU HT,Tarif 2026,TARIF FOURNISSEUR,Tarif et bon de commande 2026 – onglet « TARIF NORMAND DIRECT 2026 »,ligne 21
TAR-0013,PROD-0013,Croquenoisette chocolat 180 grs,FOUR-0001,NORMAND DIRECT TERROIR,4.55,unité,,,,0.055,4.8002,4.55,PU HT,Tarif 2026,TARIF FOURNISSEUR,Tarif et bon de commande 2026 – onglet « TARIF NORMAND DIRECT 2026 »,ligne 22
TAR-0014,PROD-0014,Croquenoisettes 180 grs,FOUR-0001,NORMAND DIRECT TERROIR,3.73,unité,,,,0.055,3.9351,3.73,PU HT,Tarif 2026,TARIF FOURNISSEUR,Tarif et bon de commande 2026 – onglet « TARIF NORMAND DIRECT 2026 »,ligne 23
TAR-0015,PROD-0015,Croquentin 220 grs,FOUR-0001,NORMAND DIRECT TERROIR,3.5,unité,,,,0.055,3.6925,3.5,PU HT,Tarif 2026,TARIF FOURNISSEUR,Tarif et bon de commande 2026 – onglet « TARIF NORMAND DIRECT 2026 »,ligne 24
TAR-0016,PROD-0016,Croquet Calvados 180 grs,FOUR-0001,NORMAND DIRECT TERROIR,3.55,unité,,,,0.055,3.7452,3.55,PU HT,Tarif 2026,TARIF FOURNISSEUR,Tarif et bon de commande 2026 – onglet « TARIF NORMAND DIRECT 2026 »,ligne 25
TAR-0017,PROD-0017,Financier sachet 180 grs,FOUR-0001,NORMAND DIRECT TERROIR,3.25,unité,,,,0.055,3.4287,3.25,PU HT,Tarif 2026,TARIF FOURNISSEUR,Tarif et bon de commande 2026 – onglet « TARIF NORMAND DIRECT 2026 »,ligne 26
TAR-0018,PROD-0018,Financiers boite 250 grs,FOUR-0001,NORMAND DIRECT TERROIR,4.9,unité,,,,0.055,5.1695,4.9,PU HT,Tarif 2026,TARIF FOURNISSEUR,Tarif et bon de commande 2026 – onglet « TARIF NORMAND DIRECT 2026 »,ligne 27
TAR-0019,PROD-0019,Pailles feuilletées au sucre 150 grs,FOUR-0001,NORMAND DIRECT TERROIR,3.45,unité,,,,0.055,3.6397,3.45,PU HT,Tarif 2026,TARIF FOURNISSEUR,Tarif et bon de commande 2026 – onglet « TARIF NORMAND DIRECT 2026 »,ligne 28
TAR-0020,PROD-0020,Sablé chocolat enrobage chocolat lait 180 grs,FOUR-0001,NORMAND DIRECT TERROIR,4.5,unité,,,,0.055,4.7475,4.5,PU HT,Tarif 2026,TARIF FOURNISSEUR,Tarif et bon de commande 2026 – onglet « TARIF NORMAND DIRECT 2026 »,ligne 29
TAR-0021,PROD-0021,Sablé éclats de caramel 180 grs,FOUR-0001,NORMAND DIRECT TERROIR,3.56,unité,,,,0.055,3.7558,3.56,PU HT,Tarif 2026,TARIF FOURNISSEUR,Tarif et bon de commande 2026 – onglet « TARIF NORMAND DIRECT 2026 »,ligne 30
TAR-0022,PROD-0022,Sablé éclats caramel 110 grs mini 50 paquets,FOUR-0001,NORMAND DIRECT TERROIR,2.5,unité,,,,0.055,2.6375,2.5,PU HT,Tarif 2026,TARIF FOURNISSEUR,Tarif et bon de commande 2026 – onglet « TARIF NORMAND DIRECT 2026 »,ligne 31
TAR-0023,PROD-0023,Sablé spéculos 250 grs,FOUR-0001,NORMAND DIRECT TERROIR,3.95,unité,,,,0.055,4.1673,3.95,PU HT,Tarif 2026,TARIF FOURNISSEUR,Tarif et bon de commande 2026 – onglet « TARIF NORMAND DIRECT 2026 »,ligne 32
TAR-0024,PROD-0024,Sablés Mamie 220 grs,FOUR-0001,NORMAND DIRECT TERROIR,3.65,unité,,,,0.055,3.8507,3.65,PU HT,Tarif 2026,TARIF FOURNISSEUR,Tarif et bon de commande 2026 – onglet « TARIF NORMAND DIRECT 2026 »,ligne 33
TAR-0025,PROD-0025,Tuiles pâtissières 150 grs,FOUR-0001,NORMAND DIRECT TERROIR,3.85,unité,,,,0.055,4.0617,3.85,PU HT,Tarif 2026,TARIF FOURNISSEUR,Tarif et bon de commande 2026 – onglet « TARIF NORMAND DIRECT 2026 »,ligne 34
TAR-0026,PROD-0026,Sablette mendiante chocolat 130 grs,FOUR-0001,NORMAND DIRECT TERROIR,3.0,unité,,,,0.055,3.165,3,PU HT,Tarif 2026,TARIF FOURNISSEUR,Tarif et bon de commande 2026 – onglet « TARIF NORMAND DIRECT 2026 »,ligne 35
TAR-0027,PROD-0027,Tuiles chocolat noir 150gr,FOUR-0001,NORMAND DIRECT TERROIR,6.6,unité,,,,0.055,6.963,6.6,PU HT,Tarif 2026,TARIF FOURNISSEUR,Tarif et bon de commande 2026 – onglet « TARIF NORMAND DIRECT 2026 »,ligne 36
TAR-0028,PROD-0028,Tuiles chocolat lacté 150gr,FOUR-0001,NORMAND DIRECT TERROIR,6.6,unité,,,,0.2,7.92,6.6,PU HT,Tarif 2026,TARIF FOURNISSEUR,Tarif et bon de commande 2026 – onglet « TARIF NORMAND DIRECT 2026 »,ligne 37
TAR-0029,PROD-0029,Tuiles chocolat noir et lacté 200gr,FOUR-0001,NORMAND DIRECT TERROIR,8.3,unité,,,,0.2,9.96,8.3,PU HT,Tarif 2026,TARIF FOURNISSEUR,Tarif et bon de commande 2026 – onglet « TARIF NORMAND DIRECT 2026 »,ligne 38
TAR-0030,PROD-0030,Pâte de pommes 300 grs,FOUR-0001,NORMAND DIRECT TERROIR,4.8,unité,,,,0.2,5.76,4.8,PU HT,Tarif 2026,TARIF FOURNISSEUR,Tarif et bon de commande 2026 – onglet « TARIF NORMAND DIRECT 2026 »,ligne 39
TAR-0031,PROD-0031,Batonnet feuilleté noir 200 grs,FOUR-0001,NORMAND DIRECT TERROIR,6.95,unité,,,,0.055,7.3323,6.95,PU HT,Tarif 2026,TARIF FOURNISSEUR,Tarif et bon de commande 2026 – onglet « TARIF NORMAND DIRECT 2026 »,ligne 40
TAR-0032,PROD-0032,Grignotines amandes noisettes 200 grs,FOUR-0001,NORMAND DIRECT TERROIR,7.4,unité,,,,0.055,7.807,7.4,PU HT,Tarif 2026,TARIF FOURNISSEUR,Tarif et bon de commande 2026 – onglet « TARIF NORMAND DIRECT 2026 »,ligne 41
TAR-0033,PROD-0033,Teurgoule nature 280 g,FOUR-0001,NORMAND DIRECT TERROIR,3.82,unité,,,,0.055,4.0301,3.82,PU HT,Tarif 2026,TARIF FOURNISSEUR,Tarif et bon de commande 2026 – onglet « TARIF NORMAND DIRECT 2026 »,ligne 42
TAR-0034,PROD-0034,Teurgoule nature 500 g,FOUR-0001,NORMAND DIRECT TERROIR,6.34,unité,,,,0.055,6.6887,6.34,PU HT,Tarif 2026,TARIF FOURNISSEUR,Tarif et bon de commande 2026 – onglet « TARIF NORMAND DIRECT 2026 »,ligne 43
TAR-0035,PROD-0035,Teurgoule nature 740 g,FOUR-0001,NORMAND DIRECT TERROIR,8.5,unité,,,,0.055,8.9675,8.5,PU HT,Tarif 2026,TARIF FOURNISSEUR,Tarif et bon de commande 2026 – onglet « TARIF NORMAND DIRECT 2026 »,ligne 44
TAR-0036,PROD-0036,Teurgoule cannelle 280 g,FOUR-0001,NORMAND DIRECT TERROIR,3.82,unité,,,,0.055,4.0301,3.82,PU HT,Tarif 2026,TARIF FOURNISSEUR,Tarif et bon de commande 2026 – onglet « TARIF NORMAND DIRECT 2026 »,ligne 45
TAR-0037,PROD-0037,Teurgoule cannelle 500 g,FOUR-0001,NORMAND DIRECT TERROIR,6.34,unité,,,,0.055,6.6887,6.34,PU HT,Tarif 2026,TARIF FOURNISSEUR,Tarif et bon de commande 2026 – onglet « TARIF NORMAND DIRECT 2026 »,ligne 46
TAR-0038,PROD-0038,Teurgoule cannelle 740 g,FOUR-0001,NORMAND DIRECT TERROIR,8.5,unité,,,,0.055,8.9675,8.5,PU HT,Tarif 2026,TARIF FOURNISSEUR,Tarif et bon de commande 2026 – onglet « TARIF NORMAND DIRECT 2026 »,ligne 47
TAR-0039,PROD-0039,Confiture de lait nature 250 g,FOUR-0001,NORMAND DIRECT TERROIR,3.05,unité,,,,0.055,3.2177,3.05,PU HT,Tarif 2026,TARIF FOURNISSEUR,Tarif et bon de commande 2026 – onglet « TARIF NORMAND DIRECT 2026 »,ligne 48
TAR-0040,PROD-0040,Confiture de lait éclats de pralin 250 g,FOUR-0001,NORMAND DIRECT TERROIR,3.42,unité,,,,0.055,3.6081,3.42,PU HT,Tarif 2026,TARIF FOURNISSEUR,Tarif et bon de commande 2026 – onglet « TARIF NORMAND DIRECT 2026 »,ligne 49
TAR-0041,PROD-0041,Confiture de lait chocolat 250 g / 20 P,FOUR-0001,NORMAND DIRECT TERROIR,3.42,unité,,,,0.055,3.6081,3.42,PU HT,Tarif 2026,TARIF FOURNISSEUR,Tarif et bon de commande 2026 – onglet « TARIF NORMAND DIRECT 2026 »,ligne 50
TAR-0042,PROD-0042,Confiture de lait fleur sel Guérande 250 g / 20 P,FOUR-0001,NORMAND DIRECT TERROIR,3.42,unité,,,,0.055,3.6081,3.42,PU HT,Tarif 2026,TARIF FOURNISSEUR,Tarif et bon de commande 2026 – onglet « TARIF NORMAND DIRECT 2026 »,ligne 51
TAR-0043,PROD-0043,Confiture figue 280 grs,FOUR-0001,NORMAND DIRECT TERROIR,3.1,unité,,,,0.055,3.2705,3.1,PU HT,Tarif 2026,TARIF FOURNISSEUR,Tarif et bon de commande 2026 – onglet « TARIF NORMAND DIRECT 2026 »,ligne 52
TAR-0044,PROD-0044,Confiture orange 280 grs,FOUR-0001,NORMAND DIRECT TERROIR,3.1,unité,,,,0.055,3.2705,3.1,PU HT,Tarif 2026,TARIF FOURNISSEUR,Tarif et bon de commande 2026 – onglet « TARIF NORMAND DIRECT 2026 »,ligne 53
TAR-0045,PROD-0045,Confiture framboise 280 grs,FOUR-0001,NORMAND DIRECT TERROIR,3.1,unité,,,,0.055,3.2705,3.1,PU HT,Tarif 2026,TARIF FOURNISSEUR,Tarif et bon de commande 2026 – onglet « TARIF NORMAND DIRECT 2026 »,ligne 54
TAR-0046,PROD-0046,Confiture mure 280 grs,FOUR-0001,NORMAND DIRECT TERROIR,3.1,unité,,,,0.055,3.2705,3.1,PU HT,Tarif 2026,TARIF FOURNISSEUR,Tarif et bon de commande 2026 – onglet « TARIF NORMAND DIRECT 2026 »,ligne 55
TAR-0047,PROD-0047,Confiture fraise 280 grs,FOUR-0001,NORMAND DIRECT TERROIR,3.1,unité,,,,0.055,3.2705,3.1,PU HT,Tarif 2026,TARIF FOURNISSEUR,Tarif et bon de commande 2026 – onglet « TARIF NORMAND DIRECT 2026 »,ligne 56
TAR-0048,PROD-0048,Confiture abricot 280 grs,FOUR-0001,NORMAND DIRECT TERROIR,3.1,unité,,,,0.055,3.2705,3.1,PU HT,Tarif 2026,TARIF FOURNISSEUR,Tarif et bon de commande 2026 – onglet « TARIF NORMAND DIRECT 2026 »,ligne 57
TAR-0049,PROD-0049,Confiture de rhubarbe 280 grs,FOUR-0001,NORMAND DIRECT TERROIR,3.1,unité,,,,0.055,3.2705,3.1,PU HT,Tarif 2026,TARIF FOURNISSEUR,Tarif et bon de commande 2026 – onglet « TARIF NORMAND DIRECT 2026 »,ligne 58
TAR-0050,PROD-0050,Confiture de Myrtilles 280 grs NOUVEAU,FOUR-0001,NORMAND DIRECT TERROIR,3.1,unité,,,,0.055,3.2705,3.1,PU HT,Tarif 2026,TARIF FOURNISSEUR,Tarif et bon de commande 2026 – onglet « TARIF NORMAND DIRECT 2026 »,ligne 59
TAR-0051,PROD-0051,Confiture de Fraise Ananas 280 grs NOUVEAU,FOUR-0001,NORMAND DIRECT TERROIR,3.1,unité,,,,0.055,3.2705,3.1,PU HT,Tarif 2026,TARIF FOURNISSEUR,Tarif et bon de commande 2026 – onglet « TARIF NORMAND DIRECT 2026 »,ligne 60
TAR-0052,PROD-0052,Confiture pomme au cidre 280 grs,FOUR-0001,NORMAND DIRECT TERROIR,3.1,unité,,,,0.055,3.2705,3.1,PU HT,Tarif 2026,TARIF FOURNISSEUR,Tarif et bon de commande 2026 – onglet « TARIF NORMAND DIRECT 2026 »,ligne 61
TAR-0053,PROD-0053,Confiture pomme caramel 280 grs,FOUR-0001,NORMAND DIRECT TERROIR,3.1,unité,,,,0.055,3.2705,3.1,PU HT,Tarif 2026,TARIF FOURNISSEUR,Tarif et bon de commande 2026 – onglet « TARIF NORMAND DIRECT 2026 »,ligne 62
TAR-0054,PROD-0054,Confiture pomme rhubarbe 280 grs,FOUR-0001,NORMAND DIRECT TERROIR,3.1,unité,,,,0.055,3.2705,3.1,PU HT,Tarif 2026,TARIF FOURNISSEUR,Tarif et bon de commande 2026 – onglet « TARIF NORMAND DIRECT 2026 »,ligne 63
TAR-0055,PROD-0055,Confiture fraise rhubarbe 280 grs,FOUR-0001,NORMAND DIRECT TERROIR,3.1,unité,,,,0.055,3.2705,3.1,PU HT,Tarif 2026,TARIF FOURNISSEUR,Tarif et bon de commande 2026 – onglet « TARIF NORMAND DIRECT 2026 »,ligne 64
TAR-0056,PROD-0056,Confiture fruits rouges 280 grs,FOUR-0001,NORMAND DIRECT TERROIR,3.1,unité,,,,0.055,3.2705,3.1,PU HT,Tarif 2026,TARIF FOURNISSEUR,Tarif et bon de commande 2026 – onglet « TARIF NORMAND DIRECT 2026 »,ligne 65
TAR-0057,PROD-0057,Confit de cidre 100 gr,FOUR-0001,NORMAND DIRECT TERROIR,1.98,unité,,,,0.055,2.0889,1.98,PU HT,Tarif 2026,TARIF FOURNISSEUR,Tarif et bon de commande 2026 – onglet « TARIF NORMAND DIRECT 2026 »,ligne 66
TAR-0058,PROD-0058,Confit de poiré 100 gr,FOUR-0001,NORMAND DIRECT TERROIR,1.98,unité,,,,0.055,2.0889,1.98,PU HT,Tarif 2026,TARIF FOURNISSEUR,Tarif et bon de commande 2026 – onglet « TARIF NORMAND DIRECT 2026 »,ligne 67
TAR-0059,PROD-0059,Moutarde pommeau 100 gr,FOUR-0001,NORMAND DIRECT TERROIR,2.6,unité,,,,0.055,2.743,2.6,PU HT,Tarif 2026,TARIF FOURNISSEUR,Tarif et bon de commande 2026 – onglet « TARIF NORMAND DIRECT 2026 »,ligne 68
TAR-0060,PROD-0060,Moutarde Calvados 100 gr,FOUR-0001,NORMAND DIRECT TERROIR,2.6,unité,,,,0.055,2.743,2.6,PU HT,Tarif 2026,TARIF FOURNISSEUR,Tarif et bon de commande 2026 – onglet « TARIF NORMAND DIRECT 2026 »,ligne 69
TAR-0061,PROD-0061,Moutarde pomme 100 gr,FOUR-0001,NORMAND DIRECT TERROIR,2.6,unité,,,,0.055,2.743,2.6,PU HT,Tarif 2026,TARIF FOURNISSEUR,Tarif et bon de commande 2026 – onglet « TARIF NORMAND DIRECT 2026 »,ligne 70
TAR-0062,PROD-0062,Moutarde framboise 100 gr,FOUR-0001,NORMAND DIRECT TERROIR,2.6,unité,,,,0.055,2.743,2.6,PU HT,Tarif 2026,TARIF FOURNISSEUR,Tarif et bon de commande 2026 – onglet « TARIF NORMAND DIRECT 2026 »,ligne 71
TAR-0063,PROD-0063,Confit d'oignons 100 gr,FOUR-0001,NORMAND DIRECT TERROIR,3.02,unité,,,,0.055,3.1861,3.02,PU HT,Tarif 2026,TARIF FOURNISSEUR,Tarif et bon de commande 2026 – onglet « TARIF NORMAND DIRECT 2026 »,ligne 72
TAR-0064,PROD-0064,Chutney de figue 100 gr,FOUR-0001,NORMAND DIRECT TERROIR,3.02,unité,,,,0.055,3.1861,3.02,PU HT,Tarif 2026,TARIF FOURNISSEUR,Tarif et bon de commande 2026 – onglet « TARIF NORMAND DIRECT 2026 »,ligne 73
TAR-0065,PROD-0065,Chutney de pomme 100 gr,FOUR-0001,NORMAND DIRECT TERROIR,3.02,unité,,,,0.055,3.1861,3.02,PU HT,Tarif 2026,TARIF FOURNISSEUR,Tarif et bon de commande 2026 – onglet « TARIF NORMAND DIRECT 2026 »,ligne 74
TAR-0066,PROD-0066,Riz au lait de Normandie 180 gr,FOUR-0001,NORMAND DIRECT TERROIR,2.25,unité,,,,0.055,2.3737,2.25,PU HT,Tarif 2026,TARIF FOURNISSEUR,Tarif et bon de commande 2026 – onglet « TARIF NORMAND DIRECT 2026 »,ligne 75
TAR-0067,PROD-0067,Riz au lait de Normandie Eclats caramel d'Isigny 180 gr,FOUR-0001,NORMAND DIRECT TERROIR,2.25,unité,,,,0.055,2.3737,2.25,PU HT,Tarif 2026,TARIF FOURNISSEUR,Tarif et bon de commande 2026 – onglet « TARIF NORMAND DIRECT 2026 »,ligne 76
TAR-0068,PROD-0068,Riz au lait de Normandie 120 gr,FOUR-0001,NORMAND DIRECT TERROIR,1.77,unité,,,,0.055,1.8673,1.77,PU HT,Tarif 2026,TARIF FOURNISSEUR,Tarif et bon de commande 2026 – onglet « TARIF NORMAND DIRECT 2026 »,ligne 77
TAR-0069,PROD-0069,Riz au lait de Normandie Eclats caramel d'Isigny 120 gr,FOUR-0001,NORMAND DIRECT TERROIR,1.77,unité,,,,0.055,1.8673,1.77,PU HT,Tarif 2026,TARIF FOURNISSEUR,Tarif et bon de commande 2026 – onglet « TARIF NORMAND DIRECT 2026 »,ligne 78
TAR-0070,PROD-0070,Crème aux œufs à la crème d'Isigny 180 gr,FOUR-0001,NORMAND DIRECT TERROIR,2.25,unité,,,,0.055,2.3737,2.25,PU HT,Tarif 2026,TARIF FOURNISSEUR,Tarif et bon de commande 2026 – onglet « TARIF NORMAND DIRECT 2026 »,ligne 79
TAR-0071,PROD-0071,Crème aux œufs aux éclats de caramel d'Isigny 180 gr,FOUR-0001,NORMAND DIRECT TERROIR,2.25,unité,,,,0.055,2.3737,2.25,PU HT,Tarif 2026,TARIF FOURNISSEUR,Tarif et bon de commande 2026 – onglet « TARIF NORMAND DIRECT 2026 »,ligne 80
TAR-0072,PROD-0072,Crème aux œufs à la crème d'Isigny 120 gr,FOUR-0001,NORMAND DIRECT TERROIR,1.77,unité,,,,0.055,1.8673,1.77,PU HT,Tarif 2026,TARIF FOURNISSEUR,Tarif et bon de commande 2026 – onglet « TARIF NORMAND DIRECT 2026 »,ligne 81
TAR-0073,PROD-0073,Crème aux œufs aux éclats de caramel d'Isigny 120 gr,FOUR-0001,NORMAND DIRECT TERROIR,1.77,unité,,,,0.055,1.8673,1.77,PU HT,Tarif 2026,TARIF FOURNISSEUR,Tarif et bon de commande 2026 – onglet « TARIF NORMAND DIRECT 2026 »,ligne 82
TAR-0074,PROD-0074,Boudin campagnard aux pomme 90 grs,FOUR-0001,NORMAND DIRECT TERROIR,2.18,unité,,,,0.055,2.2999,2.18,PU HT,Tarif 2026,TARIF FOURNISSEUR,Tarif et bon de commande 2026 – onglet « TARIF NORMAND DIRECT 2026 »,ligne 83
TAR-0075,PROD-0075,Terrine de faisan au Calvados 90 grs,FOUR-0001,NORMAND DIRECT TERROIR,2.6,unité,,,,0.055,2.743,2.6,PU HT,Tarif 2026,TARIF FOURNISSEUR,Tarif et bon de commande 2026 – onglet « TARIF NORMAND DIRECT 2026 »,ligne 84
TAR-0076,PROD-0076,Terrine de lièvre au Calvados 90 grs,FOUR-0001,NORMAND DIRECT TERROIR,2.6,unité,,,,0.055,2.743,2.6,PU HT,Tarif 2026,TARIF FOURNISSEUR,Tarif et bon de commande 2026 – onglet « TARIF NORMAND DIRECT 2026 »,ligne 85
TAR-0077,PROD-0077,Terrine pomme porc andouille 90 grs,FOUR-0001,NORMAND DIRECT TERROIR,2.6,unité,,,,0.055,2.743,2.6,PU HT,Tarif 2026,TARIF FOURNISSEUR,Tarif et bon de commande 2026 – onglet « TARIF NORMAND DIRECT 2026 »,ligne 86
TAR-0078,PROD-0078,Terrine de lapin au pommeau 90 grs,FOUR-0001,NORMAND DIRECT TERROIR,2.6,unité,,,,0.055,2.743,2.6,PU HT,Tarif 2026,TARIF FOURNISSEUR,Tarif et bon de commande 2026 – onglet « TARIF NORMAND DIRECT 2026 »,ligne 87
TAR-0079,PROD-0079,Terrine de canard aux pommes 90 grs,FOUR-0001,NORMAND DIRECT TERROIR,2.6,unité,,,,0.055,2.743,2.6,PU HT,Tarif 2026,TARIF FOURNISSEUR,Tarif et bon de commande 2026 – onglet « TARIF NORMAND DIRECT 2026 »,ligne 88
TAR-0080,PROD-0080,Terrine de campagne 90 grs,FOUR-0001,NORMAND DIRECT TERROIR,2.6,unité,,,,0.055,2.743,2.6,PU HT,Tarif 2026,TARIF FOURNISSEUR,Tarif et bon de commande 2026 – onglet « TARIF NORMAND DIRECT 2026 »,ligne 89
TAR-0081,PROD-0081,Terrine de campagne au cidre 90 grs,FOUR-0001,NORMAND DIRECT TERROIR,2.6,unité,,,,0.055,2.743,2.6,PU HT,Tarif 2026,TARIF FOURNISSEUR,Tarif et bon de commande 2026 – onglet « TARIF NORMAND DIRECT 2026 »,ligne 90
TAR-0082,PROD-0082,Terrine porc Livarot 90 grs,FOUR-0001,NORMAND DIRECT TERROIR,2.6,unité,,,,0.055,2.743,2.6,PU HT,Tarif 2026,TARIF FOURNISSEUR,Tarif et bon de commande 2026 – onglet « TARIF NORMAND DIRECT 2026 »,ligne 91
TAR-0083,PROD-0083,Terrine porc camembert 90 grs,FOUR-0001,NORMAND DIRECT TERROIR,2.6,unité,,,,0.055,2.743,2.6,PU HT,Tarif 2026,TARIF FOURNISSEUR,Tarif et bon de commande 2026 – onglet « TARIF NORMAND DIRECT 2026 »,ligne 92
TAR-0084,PROD-0084,Rillettes de porc à l'anciènne 90 grs,FOUR-0001,NORMAND DIRECT TERROIR,2.6,unité,,,,0.055,2.743,2.6,PU HT,Tarif 2026,TARIF FOURNISSEUR,Tarif et bon de commande 2026 – onglet « TARIF NORMAND DIRECT 2026 »,ligne 93
TAR-0085,PROD-0085,Rillettes de porc fumé 90 grs,FOUR-0001,NORMAND DIRECT TERROIR,2.6,unité,,,,0.055,2.743,2.6,PU HT,Tarif 2026,TARIF FOURNISSEUR,Tarif et bon de commande 2026 – onglet « TARIF NORMAND DIRECT 2026 »,ligne 94
TAR-0086,PROD-0086,Terrine campagne pomme foie gras 90 grs,FOUR-0001,NORMAND DIRECT TERROIR,2.6,unité,,,,0.055,2.743,2.6,PU HT,Tarif 2026,TARIF FOURNISSEUR,Tarif et bon de commande 2026 – onglet « TARIF NORMAND DIRECT 2026 »,ligne 95
TAR-0087,PROD-0087,Pâté de foie aux pommes calva 90 grs,FOUR-0001,NORMAND DIRECT TERROIR,2.6,unité,,,,0.055,2.743,2.6,PU HT,Tarif 2026,TARIF FOURNISSEUR,Tarif et bon de commande 2026 – onglet « TARIF NORMAND DIRECT 2026 »,ligne 96
TAR-0088,PROD-0088,Rillettes du Cotentin 90 grs,FOUR-0001,NORMAND DIRECT TERROIR,2.6,unité,,,,0.055,2.743,2.6,PU HT,Tarif 2026,TARIF FOURNISSEUR,Tarif et bon de commande 2026 – onglet « TARIF NORMAND DIRECT 2026 »,ligne 97
TAR-0089,PROD-0089,Rillettes de poulet au poivre vert 90 grs,FOUR-0001,NORMAND DIRECT TERROIR,2.6,unité,,,,0.055,2.743,2.6,PU HT,Tarif 2026,TARIF FOURNISSEUR,Tarif et bon de commande 2026 – onglet « TARIF NORMAND DIRECT 2026 »,ligne 98
TAR-0090,PROD-0090,Rillettes de poulet citron confit 90 grs,FOUR-0001,NORMAND DIRECT TERROIR,2.6,unité,,,,0.055,2.743,2.6,PU HT,Tarif 2026,TARIF FOURNISSEUR,Tarif et bon de commande 2026 – onglet « TARIF NORMAND DIRECT 2026 »,ligne 99
TAR-0091,PROD-0091,Rilletes de poulet au piment d'Espelette 90 grs,FOUR-0001,NORMAND DIRECT TERROIR,2.6,unité,,,,0.055,2.743,2.6,PU HT,Tarif 2026,TARIF FOURNISSEUR,Tarif et bon de commande 2026 – onglet « TARIF NORMAND DIRECT 2026 »,ligne 100
TAR-0092,PROD-0092,Rillettes de canard au foie gras 90 grs,FOUR-0001,NORMAND DIRECT TERROIR,2.88,unité,,,,0.055,3.0384,2.88,PU HT,Tarif 2026,TARIF FOURNISSEUR,Tarif et bon de commande 2026 – onglet « TARIF NORMAND DIRECT 2026 »,ligne 101
TAR-0093,PROD-0093,Boudin campagnard aux pommes 180 grs,FOUR-0001,NORMAND DIRECT TERROIR,3.55,unité,,,,0.055,3.7452,3.55,PU HT,Tarif 2026,TARIF FOURNISSEUR,Tarif et bon de commande 2026 – onglet « TARIF NORMAND DIRECT 2026 »,ligne 102
TAR-0094,PROD-0094,Pâté de foie aux pommes calva 180 grs,FOUR-0001,NORMAND DIRECT TERROIR,3.98,unité,,,,0.055,4.1989,3.98,PU HT,Tarif 2026,TARIF FOURNISSEUR,Tarif et bon de commande 2026 – onglet « TARIF NORMAND DIRECT 2026 »,ligne 103
TAR-0095,PROD-0095,Terrine de campagne 180 grs,FOUR-0001,NORMAND DIRECT TERROIR,3.98,unité,,,,0.055,4.1989,3.98,PU HT,Tarif 2026,TARIF FOURNISSEUR,Tarif et bon de commande 2026 – onglet « TARIF NORMAND DIRECT 2026 »,ligne 104
TAR-0096,PROD-0096,Rillettes de porc fumé 180 grs,FOUR-0001,NORMAND DIRECT TERROIR,3.98,unité,,,,0.055,4.1989,3.98,PU HT,Tarif 2026,TARIF FOURNISSEUR,Tarif et bon de commande 2026 – onglet « TARIF NORMAND DIRECT 2026 »,ligne 105
TAR-0097,PROD-0097,Rillettes de porc à l'anciènne 180 grs,FOUR-0001,NORMAND DIRECT TERROIR,3.98,unité,,,,0.055,4.1989,3.98,PU HT,Tarif 2026,TARIF FOURNISSEUR,Tarif et bon de commande 2026 – onglet « TARIF NORMAND DIRECT 2026 »,ligne 106
TAR-0098,PROD-0098,Rillettes du Cotentin 180 grs,FOUR-0001,NORMAND DIRECT TERROIR,3.98,unité,,,,0.055,4.1989,3.98,PU HT,Tarif 2026,TARIF FOURNISSEUR,Tarif et bon de commande 2026 – onglet « TARIF NORMAND DIRECT 2026 »,ligne 107
TAR-0099,PROD-0099,Terrine de canard aux pommes 180 grs,FOUR-0001,NORMAND DIRECT TERROIR,3.98,unité,,,,0.055,4.1989,3.98,PU HT,Tarif 2026,TARIF FOURNISSEUR,Tarif et bon de commande 2026 – onglet « TARIF NORMAND DIRECT 2026 »,ligne 108
TAR-0100,PROD-0100,Terrine de lapin au pommeau 180 grs,FOUR-0001,NORMAND DIRECT TERROIR,3.98,unité,,,,0.055,4.1989,3.98,PU HT,Tarif 2026,TARIF FOURNISSEUR,Tarif et bon de commande 2026 – onglet « TARIF NORMAND DIRECT 2026 »,ligne 109
TAR-0101,PROD-0101,Terrine porc livarot 180 grs,FOUR-0001,NORMAND DIRECT TERROIR,3.98,unité,,,,0.055,4.1989,3.98,PU HT,Tarif 2026,TARIF FOURNISSEUR,Tarif et bon de commande 2026 – onglet « TARIF NORMAND DIRECT 2026 »,ligne 110
TAR-0102,PROD-0102,Terrine porc camembert 180 grs,FOUR-0001,NORMAND DIRECT TERROIR,3.98,unité,,,,0.055,4.1989,3.98,PU HT,Tarif 2026,TARIF FOURNISSEUR,Tarif et bon de commande 2026 – onglet « TARIF NORMAND DIRECT 2026 »,ligne 111
TAR-0103,PROD-0103,Terrine campagne au cidre 180 grs,FOUR-0001,NORMAND DIRECT TERROIR,3.98,unité,,,,0.055,4.1989,3.98,PU HT,Tarif 2026,TARIF FOURNISSEUR,Tarif et bon de commande 2026 – onglet « TARIF NORMAND DIRECT 2026 »,ligne 112
TAR-0104,PROD-0104,Terrine campagne pomme foie gras 180 g,FOUR-0001,NORMAND DIRECT TERROIR,3.98,unité,,,,0.055,4.1989,3.98,PU HT,Tarif 2026,TARIF FOURNISSEUR,Tarif et bon de commande 2026 – onglet « TARIF NORMAND DIRECT 2026 »,ligne 113
TAR-0105,PROD-0105,Terrine de lièvre au Calvados 180 grs,FOUR-0001,NORMAND DIRECT TERROIR,3.98,unité,,,,0.055,4.1989,3.98,PU HT,Tarif 2026,TARIF FOURNISSEUR,Tarif et bon de commande 2026 – onglet « TARIF NORMAND DIRECT 2026 »,ligne 114
TAR-0106,PROD-0106,Terrine de faisan au Calvados 180 grs,FOUR-0001,NORMAND DIRECT TERROIR,3.98,unité,,,,0.055,4.1989,3.98,PU HT,Tarif 2026,TARIF FOURNISSEUR,Tarif et bon de commande 2026 – onglet « TARIF NORMAND DIRECT 2026 »,ligne 115
TAR-0107,PROD-0107,Terrine pomme porc andouille 180 grs,FOUR-0001,NORMAND DIRECT TERROIR,3.98,unité,,,,0.055,4.1989,3.98,PU HT,Tarif 2026,TARIF FOURNISSEUR,Tarif et bon de commande 2026 – onglet « TARIF NORMAND DIRECT 2026 »,ligne 116
TAR-0108,PROD-0108,Rillettes de poulet citron confit 180 grs,FOUR-0001,NORMAND DIRECT TERROIR,3.98,unité,,,,0.055,4.1989,3.98,PU HT,Tarif 2026,TARIF FOURNISSEUR,Tarif et bon de commande 2026 – onglet « TARIF NORMAND DIRECT 2026 »,ligne 117
TAR-0109,PROD-0109,Rillettes de poulet piment d'Espelette 180 grs,FOUR-0001,NORMAND DIRECT TERROIR,3.98,unité,,,,0.055,4.1989,3.98,PU HT,Tarif 2026,TARIF FOURNISSEUR,Tarif et bon de commande 2026 – onglet « TARIF NORMAND DIRECT 2026 »,ligne 118
TAR-0110,PROD-0110,Rillettes de poulet poivre vert 180 grs,FOUR-0001,NORMAND DIRECT TERROIR,3.98,unité,,,,0.055,4.1989,3.98,PU HT,Tarif 2026,TARIF FOURNISSEUR,Tarif et bon de commande 2026 – onglet « TARIF NORMAND DIRECT 2026 »,ligne 119
TAR-0111,PROD-0111,Rillettes de canard au foie gras 180 grs,FOUR-0001,NORMAND DIRECT TERROIR,3.98,unité,,,,0.055,4.1989,3.98,PU HT,Tarif 2026,TARIF FOURNISSEUR,Tarif et bon de commande 2026 – onglet « TARIF NORMAND DIRECT 2026 »,ligne 120
TAR-0112,PROD-0112,Foie gras de canard pot le parfait 120 grs,FOUR-0001,NORMAND DIRECT TERROIR,14.65,unité,,,,0.055,15.4558,14.65,PU HT,Tarif 2026,TARIF FOURNISSEUR,Tarif et bon de commande 2026 – onglet « TARIF NORMAND DIRECT 2026 »,ligne 121
TAR-0113,PROD-0113,Foie gras de canard pot le parfait 180 grs,FOUR-0001,NORMAND DIRECT TERROIR,20.6,unité,,,,0.055,21.733,20.6,PU HT,Tarif 2026,TARIF FOURNISSEUR,Tarif et bon de commande 2026 – onglet « TARIF NORMAND DIRECT 2026 »,ligne 122
TAR-0114,PROD-0114,Sauté de porc forestier 400grs,FOUR-0001,NORMAND DIRECT TERROIR,5.42,unité,,,,0.055,5.7181,5.42,PU HT,Tarif 2026,TARIF FOURNISSEUR,Tarif et bon de commande 2026 – onglet « TARIF NORMAND DIRECT 2026 »,ligne 123
TAR-0115,PROD-0115,Boeuf au cidre 400 grs,FOUR-0001,NORMAND DIRECT TERROIR,5.42,unité,,,,0.055,5.7181,5.42,PU HT,Tarif 2026,TARIF FOURNISSEUR,Tarif et bon de commande 2026 – onglet « TARIF NORMAND DIRECT 2026 »,ligne 124
TAR-0116,PROD-0116,Blanquette de veau 400 grs,FOUR-0001,NORMAND DIRECT TERROIR,5.42,unité,,,,0.055,5.7181,5.42,PU HT,Tarif 2026,TARIF FOURNISSEUR,Tarif et bon de commande 2026 – onglet « TARIF NORMAND DIRECT 2026 »,ligne 125
TAR-0117,PROD-0117,Veau aux chaloignons des bois 400grs,FOUR-0001,NORMAND DIRECT TERROIR,5.42,unité,,,,0.055,5.7181,5.42,PU HT,Tarif 2026,TARIF FOURNISSEUR,Tarif et bon de commande 2026 – onglet « TARIF NORMAND DIRECT 2026 »,ligne 126
TAR-0118,PROD-0118,Tripes au cidre 400 grs,FOUR-0001,NORMAND DIRECT TERROIR,5.42,unité,,,,0.055,5.7181,5.42,PU HT,Tarif 2026,TARIF FOURNISSEUR,Tarif et bon de commande 2026 – onglet « TARIF NORMAND DIRECT 2026 »,ligne 127
TAR-0119,PROD-0119,Poulet valée d'Auge 400 grs,FOUR-0001,NORMAND DIRECT TERROIR,5.42,unité,,,,0.055,5.7181,5.42,PU HT,Tarif 2026,TARIF FOURNISSEUR,Tarif et bon de commande 2026 – onglet « TARIF NORMAND DIRECT 2026 »,ligne 128
TAR-0120,PROD-0120,Sauté de porc au caramel de porc 400 grs,FOUR-0001,NORMAND DIRECT TERROIR,5.42,unité,,,,0.055,5.7181,5.42,PU HT,Tarif 2026,TARIF FOURNISSEUR,Tarif et bon de commande 2026 – onglet « TARIF NORMAND DIRECT 2026 »,ligne 129
TAR-0121,PROD-0121,Chili con carne de porc 400 grs,FOUR-0001,NORMAND DIRECT TERROIR,5.42,unité,,,,0.055,5.7181,5.42,PU HT,Tarif 2026,TARIF FOURNISSEUR,Tarif et bon de commande 2026 – onglet « TARIF NORMAND DIRECT 2026 »,ligne 130
TAR-0122,PROD-0122,Paupiettes de porc forestières 400 grs,FOUR-0001,NORMAND DIRECT TERROIR,5.42,unité,,,,0.055,5.7181,5.42,PU HT,Tarif 2026,TARIF FOURNISSEUR,Tarif et bon de commande 2026 – onglet « TARIF NORMAND DIRECT 2026 »,ligne 131
TAR-0123,PROD-0123,Blanquette de la mer au petits légumes 400 grs,FOUR-0001,NORMAND DIRECT TERROIR,5.42,unité,,,,0.055,5.7181,5.42,PU HT,Tarif 2026,TARIF FOURNISSEUR,Tarif et bon de commande 2026 – onglet « TARIF NORMAND DIRECT 2026 »,ligne 132
TAR-0124,PROD-0124,Soupe de poisson 1 litre,FOUR-0001,NORMAND DIRECT TERROIR,3.4,unité,,,,0.055,3.587,3.4,PU HT,Tarif 2026,TARIF FOURNISSEUR,Tarif et bon de commande 2026 – onglet « TARIF NORMAND DIRECT 2026 »,ligne 133
TAR-0125,PROD-0125,Soupe de poisson 50 cl,FOUR-0001,NORMAND DIRECT TERROIR,2.05,unité,,,,0.055,2.1627,2.05,PU HT,Tarif 2026,TARIF FOURNISSEUR,Tarif et bon de commande 2026 – onglet « TARIF NORMAND DIRECT 2026 »,ligne 134
TAR-0126,PROD-0126,Velouté de homard 1 litre,FOUR-0001,NORMAND DIRECT TERROIR,5.95,unité,,,,0.055,6.2772,5.95,PU HT,Tarif 2026,TARIF FOURNISSEUR,Tarif et bon de commande 2026 – onglet « TARIF NORMAND DIRECT 2026 »,ligne 135
TAR-0127,PROD-0127,Velouté de homard 50 cl,FOUR-0001,NORMAND DIRECT TERROIR,3.68,unité,,,,0.055,3.8824,3.68,PU HT,Tarif 2026,TARIF FOURNISSEUR,Tarif et bon de commande 2026 – onglet « TARIF NORMAND DIRECT 2026 »,ligne 136
TAR-0128,PROD-0128,Soupe d'étrilles 1 litre,FOUR-0001,NORMAND DIRECT TERROIR,4.05,unité,,,,0.055,4.2727,4.05,PU HT,Tarif 2026,TARIF FOURNISSEUR,Tarif et bon de commande 2026 – onglet « TARIF NORMAND DIRECT 2026 »,ligne 137
TAR-0129,PROD-0129,Soupe d'étrilles 50 cl,FOUR-0001,NORMAND DIRECT TERROIR,2.31,unité,,,,0.055,2.437,2.31,PU HT,Tarif 2026,TARIF FOURNISSEUR,Tarif et bon de commande 2026 – onglet « TARIF NORMAND DIRECT 2026 »,ligne 138
TAR-0130,PROD-0130,Soupe de langoustines 1 litre,FOUR-0001,NORMAND DIRECT TERROIR,4.05,unité,,,,0.055,4.2727,4.05,PU HT,Tarif 2026,TARIF FOURNISSEUR,Tarif et bon de commande 2026 – onglet « TARIF NORMAND DIRECT 2026 »,ligne 139
TAR-0131,PROD-0131,Soupe de langoustines 50 cl,FOUR-0001,NORMAND DIRECT TERROIR,2.31,unité,,,,0.055,2.437,2.31,PU HT,Tarif 2026,TARIF FOURNISSEUR,Tarif et bon de commande 2026 – onglet « TARIF NORMAND DIRECT 2026 »,ligne 140
TAR-0132,PROD-0132,Thon ail et fines herbes 90 g,FOUR-0001,NORMAND DIRECT TERROIR,3.25,unité,,,,0.055,3.4287,3.25,PU HT,Tarif 2026,TARIF FOURNISSEUR,Tarif et bon de commande 2026 – onglet « TARIF NORMAND DIRECT 2026 »,ligne 141
TAR-0133,PROD-0133,Deux saumon et basilic 90 g  NOUVEAU,FOUR-0001,NORMAND DIRECT TERROIR,3.25,unité,,,,0.055,3.4287,3.25,PU HT,Tarif 2026,TARIF FOURNISSEUR,Tarif et bon de commande 2026 – onglet « TARIF NORMAND DIRECT 2026 »,ligne 142
TAR-0134,PROD-0134,St jacques éclats de porc fumés 90 grs,FOUR-0001,NORMAND DIRECT TERROIR,3.25,unité,,,,0.055,3.4287,3.25,PU HT,Tarif 2026,TARIF FOURNISSEUR,Tarif et bon de commande 2026 – onglet « TARIF NORMAND DIRECT 2026 »,ligne 143
TAR-0135,PROD-0135,St jacques algues 90 grs,FOUR-0001,NORMAND DIRECT TERROIR,3.25,unité,,,,0.055,3.4287,3.25,PU HT,Tarif 2026,TARIF FOURNISSEUR,Tarif et bon de commande 2026 – onglet « TARIF NORMAND DIRECT 2026 »,ligne 144
TAR-0136,PROD-0136,St jacques chorizo 90 grs,FOUR-0001,NORMAND DIRECT TERROIR,3.25,unité,,,,0.055,3.4287,3.25,PU HT,Tarif 2026,TARIF FOURNISSEUR,Tarif et bon de commande 2026 – onglet « TARIF NORMAND DIRECT 2026 »,ligne 145
TAR-0137,PROD-0137,Sardine piment d'Espelette 90 grs,FOUR-0001,NORMAND DIRECT TERROIR,3.25,unité,,,,0.055,3.4287,3.25,PU HT,Tarif 2026,TARIF FOURNISSEUR,Tarif et bon de commande 2026 – onglet « TARIF NORMAND DIRECT 2026 »,ligne 146
TAR-0138,PROD-0138,Rouget poireau 90 grs,FOUR-0001,NORMAND DIRECT TERROIR,3.25,unité,,,,0.055,3.4287,3.25,PU HT,Tarif 2026,TARIF FOURNISSEUR,Tarif et bon de commande 2026 – onglet « TARIF NORMAND DIRECT 2026 »,ligne 147
TAR-0139,PROD-0139,Maquereaux en rillettes 90 grs,FOUR-0001,NORMAND DIRECT TERROIR,3.25,unité,,,,0.055,3.4287,3.25,PU HT,Tarif 2026,TARIF FOURNISSEUR,Tarif et bon de commande 2026 – onglet « TARIF NORMAND DIRECT 2026 »,ligne 148
TAR-0140,PROD-0140,Crevette mangue 90 grs,FOUR-0001,NORMAND DIRECT TERROIR,3.25,unité,,,,0.055,3.4287,3.25,PU HT,Tarif 2026,TARIF FOURNISSEUR,Tarif et bon de commande 2026 – onglet « TARIF NORMAND DIRECT 2026 »,ligne 149
TAR-0141,PROD-0141,Cabillaud fumé 90 grs,FOUR-0001,NORMAND DIRECT TERROIR,3.25,unité,,,,0.055,3.4287,3.25,PU HT,Tarif 2026,TARIF FOURNISSEUR,Tarif et bon de commande 2026 – onglet « TARIF NORMAND DIRECT 2026 »,ligne 150
TAR-0142,PROD-0142,Boudin gelée de pomme 90 grs,FOUR-0001,NORMAND DIRECT TERROIR,3.16,unité,,,,0.055,3.3338,3.16,PU HT,Tarif 2026,TARIF FOURNISSEUR,Tarif et bon de commande 2026 – onglet « TARIF NORMAND DIRECT 2026 »,ligne 151
TAR-0143,PROD-0143,Poulet caramel beurre salé 90 grs,FOUR-0001,NORMAND DIRECT TERROIR,3.16,unité,,,,0.055,3.3338,3.16,PU HT,Tarif 2026,TARIF FOURNISSEUR,Tarif et bon de commande 2026 – onglet « TARIF NORMAND DIRECT 2026 »,ligne 152
TAR-0144,PROD-0144,Andouille pommeau 90 grs,FOUR-0001,NORMAND DIRECT TERROIR,3.16,unité,,,,0.055,3.3338,3.16,PU HT,Tarif 2026,TARIF FOURNISSEUR,Tarif et bon de commande 2026 – onglet « TARIF NORMAND DIRECT 2026 »,ligne 153
TAR-0145,PROD-0145,Rillette au Chorizo 90 grs,FOUR-0001,NORMAND DIRECT TERROIR,3.16,unité,,,,0.055,3.3338,3.16,PU HT,Tarif 2026,TARIF FOURNISSEUR,Tarif et bon de commande 2026 – onglet « TARIF NORMAND DIRECT 2026 »,ligne 154
TAR-0146,PROD-0146,Camembert au chorizo 90 grs,FOUR-0001,NORMAND DIRECT TERROIR,3.16,unité,,,,0.055,3.3338,3.16,PU HT,Tarif 2026,TARIF FOURNISSEUR,Tarif et bon de commande 2026 – onglet « TARIF NORMAND DIRECT 2026 »,ligne 155
TAR-0147,PROD-0147,Brie de Meaux cernaux de noix 90 grs,FOUR-0001,NORMAND DIRECT TERROIR,3.16,unité,,,,0.055,3.3338,3.16,PU HT,Tarif 2026,TARIF FOURNISSEUR,Tarif et bon de commande 2026 – onglet « TARIF NORMAND DIRECT 2026 »,ligne 156
TAR-0148,PROD-0148,Livarot Calvados 90 grs,FOUR-0001,NORMAND DIRECT TERROIR,3.16,unité,,,,0.055,3.3338,3.16,PU HT,Tarif 2026,TARIF FOURNISSEUR,Tarif et bon de commande 2026 – onglet « TARIF NORMAND DIRECT 2026 »,ligne 157
TAR-0149,PROD-0149,Pont l'évêque échalote 90 grs,FOUR-0001,NORMAND DIRECT TERROIR,3.16,unité,,,,0.055,3.3338,3.16,PU HT,Tarif 2026,TARIF FOURNISSEUR,Tarif et bon de commande 2026 – onglet « TARIF NORMAND DIRECT 2026 »,ligne 158
TAR-0150,PROD-0150,Chèvre confit de figue 90 grs,FOUR-0001,NORMAND DIRECT TERROIR,3.16,unité,,,,0.055,3.3338,3.16,PU HT,Tarif 2026,TARIF FOURNISSEUR,Tarif et bon de commande 2026 – onglet « TARIF NORMAND DIRECT 2026 »,ligne 159
TAR-0151,PROD-0151,Bleu tomates confites 90 grs,FOUR-0001,NORMAND DIRECT TERROIR,3.16,unité,,,,0.055,3.3338,3.16,PU HT,Tarif 2026,TARIF FOURNISSEUR,Tarif et bon de commande 2026 – onglet « TARIF NORMAND DIRECT 2026 »,ligne 160
TAR-0152,PROD-0152,Neufchâtel cramberries 90 grs,FOUR-0001,NORMAND DIRECT TERROIR,3.16,unité,,,,0.055,3.3338,3.16,PU HT,Tarif 2026,TARIF FOURNISSEUR,Tarif et bon de commande 2026 – onglet « TARIF NORMAND DIRECT 2026 »,ligne 161
TAR-0153,PROD-0153,St jacques foie gras 90 grs,FOUR-0001,NORMAND DIRECT TERROIR,4.0,unité,,,,0.055,4.22,4,PU HT,Tarif 2026,TARIF FOURNISSEUR,Tarif et bon de commande 2026 – onglet « TARIF NORMAND DIRECT 2026 »,ligne 162
TAR-0154,PROD-0154,Ris de veau cèpes 90 grs,FOUR-0001,NORMAND DIRECT TERROIR,4.0,unité,,,,0.055,4.22,4,PU HT,Tarif 2026,TARIF FOURNISSEUR,Tarif et bon de commande 2026 – onglet « TARIF NORMAND DIRECT 2026 »,ligne 163
TAR-0155,PROD-0155,Saumon  oseille 90 grs,FOUR-0001,NORMAND DIRECT TERROIR,4.0,unité,,,,0.055,4.22,4,PU HT,Tarif 2026,TARIF FOURNISSEUR,Tarif et bon de commande 2026 – onglet « TARIF NORMAND DIRECT 2026 »,ligne 164
TAR-0156,PROD-0156,Lotte jambon fumé 90 grs,FOUR-0001,NORMAND DIRECT TERROIR,4.0,unité,,,,0.055,4.22,4,PU HT,Tarif 2026,TARIF FOURNISSEUR,Tarif et bon de commande 2026 – onglet « TARIF NORMAND DIRECT 2026 »,ligne 165
TAR-0157,PROD-0157,Bisque de homard 480 ml,FOUR-0001,NORMAND DIRECT TERROIR,5.9,unité,,,,0.055,6.2245,5.9,PU HT,Tarif 2026,TARIF FOURNISSEUR,Tarif et bon de commande 2026 – onglet « TARIF NORMAND DIRECT 2026 »,ligne 166
TAR-0158,PROD-0158,Bisque de langoustines 480 ml,FOUR-0001,NORMAND DIRECT TERROIR,5.9,unité,,,,0.055,6.2245,5.9,PU HT,Tarif 2026,TARIF FOURNISSEUR,Tarif et bon de commande 2026 – onglet « TARIF NORMAND DIRECT 2026 »,ligne 167
TAR-0159,PROD-0159,Terrine de haddock fumé 150 grs,FOUR-0001,NORMAND DIRECT TERROIR,5.2,unité,,,,0.055,5.486,5.2,PU HT,Tarif 2026,TARIF FOURNISSEUR,Tarif et bon de commande 2026 – onglet « TARIF NORMAND DIRECT 2026 »,ligne 168
TAR-0160,PROD-0160,Terrine saumon fumé 180 grs,FOUR-0001,NORMAND DIRECT TERROIR,5.2,unité,,,,0.055,5.486,5.2,PU HT,Tarif 2026,TARIF FOURNISSEUR,Tarif et bon de commande 2026 – onglet « TARIF NORMAND DIRECT 2026 »,ligne 169
TAR-0161,PROD-0161,Bisque d'étrille 480 ml,FOUR-0001,NORMAND DIRECT TERROIR,4.9,unité,,,,0.055,5.1695,4.9,PU HT,Tarif 2026,TARIF FOURNISSEUR,Tarif et bon de commande 2026 – onglet « TARIF NORMAND DIRECT 2026 »,ligne 170
TAR-0162,PROD-0162,Choucroute de la mer 320 grs,FOUR-0001,NORMAND DIRECT TERROIR,4.2,unité,,,,0.055,4.431,4.2,PU HT,Tarif 2026,TARIF FOURNISSEUR,Tarif et bon de commande 2026 – onglet « TARIF NORMAND DIRECT 2026 »,ligne 171
TAR-0163,PROD-0163,Maquereaux marinés 320 g vin blanc,FOUR-0001,NORMAND DIRECT TERROIR,4.2,unité,,,,0.055,4.431,4.2,PU HT,Tarif 2026,TARIF FOURNISSEUR,Tarif et bon de commande 2026 – onglet « TARIF NORMAND DIRECT 2026 »,ligne 172
TAR-0164,PROD-0164,Maquereaux marinés 320 grs moutarde,FOUR-0001,NORMAND DIRECT TERROIR,4.2,unité,,,,0.055,4.431,4.2,PU HT,Tarif 2026,TARIF FOURNISSEUR,Tarif et bon de commande 2026 – onglet « TARIF NORMAND DIRECT 2026 »,ligne 173
TAR-0165,PROD-0165,Maquereaux marinés 320g curry,FOUR-0001,NORMAND DIRECT TERROIR,4.2,unité,,,,0.055,4.431,4.2,PU HT,Tarif 2026,TARIF FOURNISSEUR,Tarif et bon de commande 2026 – onglet « TARIF NORMAND DIRECT 2026 »,ligne 174
TAR-0166,PROD-0166,Maquereaux marinés 320g tomate,FOUR-0001,NORMAND DIRECT TERROIR,4.2,unité,,,,0.055,4.431,4.2,PU HT,Tarif 2026,TARIF FOURNISSEUR,Tarif et bon de commande 2026 – onglet « TARIF NORMAND DIRECT 2026 »,ligne 175
TAR-0167,PROD-0167,Soupe de saumon fumé 740 ml,FOUR-0001,NORMAND DIRECT TERROIR,4.2,unité,,,,0.055,4.431,4.2,PU HT,Tarif 2026,TARIF FOURNISSEUR,Tarif et bon de commande 2026 – onglet « TARIF NORMAND DIRECT 2026 »,ligne 176
TAR-0168,PROD-0168,Soupe de truite fumée 740 ml,FOUR-0001,NORMAND DIRECT TERROIR,4.2,unité,,,,0.055,4.431,4.2,PU HT,Tarif 2026,TARIF FOURNISSEUR,Tarif et bon de commande 2026 – onglet « TARIF NORMAND DIRECT 2026 »,ligne 177
TAR-0169,PROD-0169,Velouté de saumon 740 ml,FOUR-0001,NORMAND DIRECT TERROIR,4.2,unité,,,,0.055,4.431,4.2,PU HT,Tarif 2026,TARIF FOURNISSEUR,Tarif et bon de commande 2026 – onglet « TARIF NORMAND DIRECT 2026 »,ligne 178
TAR-0170,PROD-0170,Velouté de truite 740 ml,FOUR-0001,NORMAND DIRECT TERROIR,4.2,unité,,,,0.055,4.431,4.2,PU HT,Tarif 2026,TARIF FOURNISSEUR,Tarif et bon de commande 2026 – onglet « TARIF NORMAND DIRECT 2026 »,ligne 179
TAR-0171,PROD-0171,Soupe de poisson 740 ml,FOUR-0001,NORMAND DIRECT TERROIR,4.2,unité,,,,0.055,4.431,4.2,PU HT,Tarif 2026,TARIF FOURNISSEUR,Tarif et bon de commande 2026 – onglet « TARIF NORMAND DIRECT 2026 »,ligne 180
TAR-0172,PROD-0172,Soupe de saumon fumé  480 ml,FOUR-0001,NORMAND DIRECT TERROIR,3.5,unité,,,,0.055,3.6925,3.5,PU HT,Tarif 2026,TARIF FOURNISSEUR,Tarif et bon de commande 2026 – onglet « TARIF NORMAND DIRECT 2026 »,ligne 181
TAR-0173,PROD-0173,Soupe de truite fumée 480 ml,FOUR-0001,NORMAND DIRECT TERROIR,3.5,unité,,,,0.055,3.6925,3.5,PU HT,Tarif 2026,TARIF FOURNISSEUR,Tarif et bon de commande 2026 – onglet « TARIF NORMAND DIRECT 2026 »,ligne 182
TAR-0174,PROD-0174,Velouté de saumon 480 ml,FOUR-0001,NORMAND DIRECT TERROIR,3.5,unité,,,,0.055,3.6925,3.5,PU HT,Tarif 2026,TARIF FOURNISSEUR,Tarif et bon de commande 2026 – onglet « TARIF NORMAND DIRECT 2026 »,ligne 183
TAR-0175,PROD-0175,Velouté de truite 480 ml,FOUR-0001,NORMAND DIRECT TERROIR,3.5,unité,,,,0.055,3.6925,3.5,PU HT,Tarif 2026,TARIF FOURNISSEUR,Tarif et bon de commande 2026 – onglet « TARIF NORMAND DIRECT 2026 »,ligne 184
TAR-0176,PROD-0176,Soupe de poisson 480 ml,FOUR-0001,NORMAND DIRECT TERROIR,3.5,unité,,,,0.055,3.6925,3.5,PU HT,Tarif 2026,TARIF FOURNISSEUR,Tarif et bon de commande 2026 – onglet « TARIF NORMAND DIRECT 2026 »,ligne 185
TAR-0177,PROD-0177,Rillettes de saumon noix st Jacques 140 grs,FOUR-0001,NORMAND DIRECT TERROIR,4.9,unité,,,,0.055,5.1695,4.9,PU HT,Tarif 2026,TARIF FOURNISSEUR,Tarif et bon de commande 2026 – onglet « TARIF NORMAND DIRECT 2026 »,ligne 186
TAR-0178,PROD-0178,Rillettes de truite noix de st jacques 140 grs,FOUR-0001,NORMAND DIRECT TERROIR,4.9,unité,,,,0.055,5.1695,4.9,PU HT,Tarif 2026,TARIF FOURNISSEUR,Tarif et bon de commande 2026 – onglet « TARIF NORMAND DIRECT 2026 »,ligne 187
TAR-0179,PROD-0179,Terrine de truite fumée 140 grs,FOUR-0001,NORMAND DIRECT TERROIR,4.9,unité,,,,0.055,5.1695,4.9,PU HT,Tarif 2026,TARIF FOURNISSEUR,Tarif et bon de commande 2026 – onglet « TARIF NORMAND DIRECT 2026 »,ligne 188
TAR-0180,PROD-0180,Rillettes de hareng 140 grs,FOUR-0001,NORMAND DIRECT TERROIR,4.5,unité,,,,0.055,4.7475,4.5,PU HT,Tarif 2026,TARIF FOURNISSEUR,Tarif et bon de commande 2026 – onglet « TARIF NORMAND DIRECT 2026 »,ligne 189
TAR-0181,PROD-0181,Rillettes de lieu andouille de Vire 140 grs,FOUR-0001,NORMAND DIRECT TERROIR,4.5,unité,,,,0.055,4.7475,4.5,PU HT,Tarif 2026,TARIF FOURNISSEUR,Tarif et bon de commande 2026 – onglet « TARIF NORMAND DIRECT 2026 »,ligne 190
TAR-0182,PROD-0182,Rillettes de maquereaux moutarde 140grs,FOUR-0001,NORMAND DIRECT TERROIR,4.5,unité,,,,0.055,4.7475,4.5,PU HT,Tarif 2026,TARIF FOURNISSEUR,Tarif et bon de commande 2026 – onglet « TARIF NORMAND DIRECT 2026 »,ligne 191
TAR-0183,PROD-0183,Rillettes de saumon 140 grs,FOUR-0001,NORMAND DIRECT TERROIR,4.5,unité,,,,0.055,4.7475,4.5,PU HT,Tarif 2026,TARIF FOURNISSEUR,Tarif et bon de commande 2026 – onglet « TARIF NORMAND DIRECT 2026 »,ligne 192
TAR-0184,PROD-0184,Rillettes de saumon à l'aneth fraîche 140 grs,FOUR-0001,NORMAND DIRECT TERROIR,4.5,unité,,,,0.055,4.7475,4.5,PU HT,Tarif 2026,TARIF FOURNISSEUR,Tarif et bon de commande 2026 – onglet « TARIF NORMAND DIRECT 2026 »,ligne 193
TAR-0185,PROD-0185,Rillettes de saumon au camembert 140 grs,FOUR-0001,NORMAND DIRECT TERROIR,4.5,unité,,,,0.055,4.7475,4.5,PU HT,Tarif 2026,TARIF FOURNISSEUR,Tarif et bon de commande 2026 – onglet « TARIF NORMAND DIRECT 2026 »,ligne 194
TAR-0186,PROD-0186,Rillettes de truite 140 grs,FOUR-0001,NORMAND DIRECT TERROIR,4.5,unité,,,,0.055,4.7475,4.5,PU HT,Tarif 2026,TARIF FOURNISSEUR,Tarif et bon de commande 2026 – onglet « TARIF NORMAND DIRECT 2026 »,ligne 195
TAR-0187,PROD-0187,Rillettes truite moutarde ancienne 140 grs,FOUR-0001,NORMAND DIRECT TERROIR,4.5,unité,,,,0.055,4.7475,4.5,PU HT,Tarif 2026,TARIF FOURNISSEUR,Tarif et bon de commande 2026 – onglet « TARIF NORMAND DIRECT 2026 »,ligne 196
TAR-0188,PROD-0188,Rillettes de truite à l'aneth fraîche 140 grs,FOUR-0001,NORMAND DIRECT TERROIR,4.5,unité,,,,0.055,4.7475,4.5,PU HT,Tarif 2026,TARIF FOURNISSEUR,Tarif et bon de commande 2026 – onglet « TARIF NORMAND DIRECT 2026 »,ligne 197
TAR-0189,PROD-0189,Rillettes saumon curry 140 grs,FOUR-0001,NORMAND DIRECT TERROIR,4.5,unité,,,,0.055,4.7475,4.5,PU HT,Tarif 2026,TARIF FOURNISSEUR,Tarif et bon de commande 2026 – onglet « TARIF NORMAND DIRECT 2026 »,ligne 198
TAR-0190,PROD-0190,Rillettes de langoustines 90 grs,FOUR-0001,NORMAND DIRECT TERROIR,4.6,unité,,,,0.055,4.853,4.6,PU HT,Tarif 2026,TARIF FOURNISSEUR,Tarif et bon de commande 2026 – onglet « TARIF NORMAND DIRECT 2026 »,ligne 199
TAR-0191,PROD-0191,Rillettes de homard 90 grs,FOUR-0001,NORMAND DIRECT TERROIR,4.6,unité,,,,0.055,4.853,4.6,PU HT,Tarif 2026,TARIF FOURNISSEUR,Tarif et bon de commande 2026 – onglet « TARIF NORMAND DIRECT 2026 »,ligne 200
TAR-0192,PROD-0192,Rillettes de lotte 90 grs,FOUR-0001,NORMAND DIRECT TERROIR,4.5,unité,,,,0.055,4.7475,4.5,PU HT,Tarif 2026,TARIF FOURNISSEUR,Tarif et bon de commande 2026 – onglet « TARIF NORMAND DIRECT 2026 »,ligne 201
TAR-0193,PROD-0193,Rillettes de lotte au chorizo 90 grs,FOUR-0001,NORMAND DIRECT TERROIR,4.5,unité,,,,0.055,4.7475,4.5,PU HT,Tarif 2026,TARIF FOURNISSEUR,Tarif et bon de commande 2026 – onglet « TARIF NORMAND DIRECT 2026 »,ligne 202
TAR-0194,PROD-0194,Rillettes noix de st jacques pomme miel 85 g,FOUR-0001,NORMAND DIRECT TERROIR,4.5,unité,,,,0.055,4.7475,4.5,PU HT,Tarif 2026,TARIF FOURNISSEUR,Tarif et bon de commande 2026 – onglet « TARIF NORMAND DIRECT 2026 »,ligne 203
TAR-0195,PROD-0195,Rillettes de truite fumée au safran 90 g,FOUR-0001,NORMAND DIRECT TERROIR,3.8,unité,,,,0.055,4.009,3.8,PU HT,Tarif 2026,TARIF FOURNISSEUR,Tarif et bon de commande 2026 – onglet « TARIF NORMAND DIRECT 2026 »,ligne 204
TAR-0196,PROD-0196,Rillettes saumon aux noix  St Jacques 90 grs,FOUR-0001,NORMAND DIRECT TERROIR,3.5,unité,,,,0.055,3.6925,3.5,PU HT,Tarif 2026,TARIF FOURNISSEUR,Tarif et bon de commande 2026 – onglet « TARIF NORMAND DIRECT 2026 »,ligne 205
TAR-0197,PROD-0197,Rillettes de truite noix de st jacques 90 grs,FOUR-0001,NORMAND DIRECT TERROIR,3.5,unité,,,,0.055,3.6925,3.5,PU HT,Tarif 2026,TARIF FOURNISSEUR,Tarif et bon de commande 2026 – onglet « TARIF NORMAND DIRECT 2026 »,ligne 206
TAR-0198,PROD-0198,Terrine de haddock 90 grs,FOUR-0001,NORMAND DIRECT TERROIR,3.5,unité,,,,0.055,3.6925,3.5,PU HT,Tarif 2026,TARIF FOURNISSEUR,Tarif et bon de commande 2026 – onglet « TARIF NORMAND DIRECT 2026 »,ligne 207
TAR-0199,PROD-0199,Terrine de truite fumée 90 grs,FOUR-0001,NORMAND DIRECT TERROIR,3.5,unité,,,,0.055,3.6925,3.5,PU HT,Tarif 2026,TARIF FOURNISSEUR,Tarif et bon de commande 2026 – onglet « TARIF NORMAND DIRECT 2026 »,ligne 208
TAR-0200,PROD-0200,Terrine saumon fumé 90 grs,FOUR-0001,NORMAND DIRECT TERROIR,3.5,unité,,,,0.055,3.6925,3.5,PU HT,Tarif 2026,TARIF FOURNISSEUR,Tarif et bon de commande 2026 – onglet « TARIF NORMAND DIRECT 2026 »,ligne 209
TAR-0201,PROD-0201,Rillettes saumon au miel et curry 90 grs,FOUR-0001,NORMAND DIRECT TERROIR,3.2,unité,,,,0.055,3.376,3.2,PU HT,Tarif 2026,TARIF FOURNISSEUR,Tarif et bon de commande 2026 – onglet « TARIF NORMAND DIRECT 2026 »,ligne 210
TAR-0202,PROD-0202,Rillettes de hareng à la tomate 90 grs,FOUR-0001,NORMAND DIRECT TERROIR,3.2,unité,,,,0.055,3.376,3.2,PU HT,Tarif 2026,TARIF FOURNISSEUR,Tarif et bon de commande 2026 – onglet « TARIF NORMAND DIRECT 2026 »,ligne 211
TAR-0203,PROD-0203,Rillettes maquereaux moutarde 90 grs,FOUR-0001,NORMAND DIRECT TERROIR,3.2,unité,,,,0.055,3.376,3.2,PU HT,Tarif 2026,TARIF FOURNISSEUR,Tarif et bon de commande 2026 – onglet « TARIF NORMAND DIRECT 2026 »,ligne 212
TAR-0204,PROD-0204,Rillettes de sardine 90 grs,FOUR-0001,NORMAND DIRECT TERROIR,3.2,unité,,,,0.055,3.376,3.2,PU HT,Tarif 2026,TARIF FOURNISSEUR,Tarif et bon de commande 2026 – onglet « TARIF NORMAND DIRECT 2026 »,ligne 213
TAR-0205,PROD-0205,Rillettes de sardine aux olives 90 grs,FOUR-0001,NORMAND DIRECT TERROIR,3.2,unité,,,,0.055,3.376,3.2,PU HT,Tarif 2026,TARIF FOURNISSEUR,Tarif et bon de commande 2026 – onglet « TARIF NORMAND DIRECT 2026 »,ligne 214
TAR-0206,PROD-0206,Rillettes de saumon 90 grs/12,FOUR-0001,NORMAND DIRECT TERROIR,3.2,unité,,,,0.055,3.376,3.2,PU HT,Tarif 2026,TARIF FOURNISSEUR,Tarif et bon de commande 2026 – onglet « TARIF NORMAND DIRECT 2026 »,ligne 215
TAR-0207,PROD-0207,Rillettes de saumon à l'aneth fraîche 90 grs,FOUR-0001,NORMAND DIRECT TERROIR,3.2,unité,,,,0.055,3.376,3.2,PU HT,Tarif 2026,TARIF FOURNISSEUR,Tarif et bon de commande 2026 – onglet « TARIF NORMAND DIRECT 2026 »,ligne 216
TAR-0208,PROD-0208,Rillettes de saumon au confit d'oignon 90 grs,FOUR-0001,NORMAND DIRECT TERROIR,3.2,unité,,,,0.055,3.376,3.2,PU HT,Tarif 2026,TARIF FOURNISSEUR,Tarif et bon de commande 2026 – onglet « TARIF NORMAND DIRECT 2026 »,ligne 217
TAR-0209,PROD-0209,Rillettes de truite 90 grs,FOUR-0001,NORMAND DIRECT TERROIR,3.2,unité,,,,0.055,3.376,3.2,PU HT,Tarif 2026,TARIF FOURNISSEUR,Tarif et bon de commande 2026 – onglet « TARIF NORMAND DIRECT 2026 »,ligne 218
TAR-0210,PROD-0210,Rillettes de truite à l'aneth fraîche 90 grs,FOUR-0001,NORMAND DIRECT TERROIR,3.2,unité,,,,0.055,3.376,3.2,PU HT,Tarif 2026,TARIF FOURNISSEUR,Tarif et bon de commande 2026 – onglet « TARIF NORMAND DIRECT 2026 »,ligne 219
TAR-0211,PROD-0211,Rillettes de truite moutarde ancienne 90 grs,FOUR-0001,NORMAND DIRECT TERROIR,3.2,unité,,,,0.055,3.376,3.2,PU HT,Tarif 2026,TARIF FOURNISSEUR,Tarif et bon de commande 2026 – onglet « TARIF NORMAND DIRECT 2026 »,ligne 220
TAR-0212,PROD-0212,Rillettes lieu andouille de Vire 90 grs,FOUR-0001,NORMAND DIRECT TERROIR,3.2,unité,,,,0.055,3.376,3.2,PU HT,Tarif 2026,TARIF FOURNISSEUR,Tarif et bon de commande 2026 – onglet « TARIF NORMAND DIRECT 2026 »,ligne 221
TAR-0213,PROD-0213,rillettes sardine à la tomate 90 grs,FOUR-0001,NORMAND DIRECT TERROIR,3.2,unité,,,,0.055,3.376,3.2,PU HT,Tarif 2026,TARIF FOURNISSEUR,Tarif et bon de commande 2026 – onglet « TARIF NORMAND DIRECT 2026 »,ligne 222
TAR-0214,PROD-0214,Rillettes sardine confit d'oignon 90 grs,FOUR-0001,NORMAND DIRECT TERROIR,3.2,unité,,,,0.055,3.376,3.2,PU HT,Tarif 2026,TARIF FOURNISSEUR,Tarif et bon de commande 2026 – onglet « TARIF NORMAND DIRECT 2026 »,ligne 223
TAR-0215,PROD-0215,Rillettes saumon à l'andouille de Vire 90 grs,FOUR-0001,NORMAND DIRECT TERROIR,3.2,unité,,,,0.055,3.376,3.2,PU HT,Tarif 2026,TARIF FOURNISSEUR,Tarif et bon de commande 2026 – onglet « TARIF NORMAND DIRECT 2026 »,ligne 224
TAR-0216,PROD-0216,Rillettes saumon au curry 90 grs,FOUR-0001,NORMAND DIRECT TERROIR,3.2,unité,,,,0.055,3.376,3.2,PU HT,Tarif 2026,TARIF FOURNISSEUR,Tarif et bon de commande 2026 – onglet « TARIF NORMAND DIRECT 2026 »,ligne 225
TAR-0217,PROD-0217,Rillettes saumon camembert 90 grs,FOUR-0001,NORMAND DIRECT TERROIR,3.2,unité,,,,0.055,3.376,3.2,PU HT,Tarif 2026,TARIF FOURNISSEUR,Tarif et bon de commande 2026 – onglet « TARIF NORMAND DIRECT 2026 »,ligne 226
TAR-0218,PROD-0218,Rillettes saumon chèvre 90 grs,FOUR-0001,NORMAND DIRECT TERROIR,3.2,unité,,,,0.055,3.376,3.2,PU HT,Tarif 2026,TARIF FOURNISSEUR,Tarif et bon de commande 2026 – onglet « TARIF NORMAND DIRECT 2026 »,ligne 227
TAR-0219,PROD-0219,Mousse de saumon 90 grs,FOUR-0001,NORMAND DIRECT TERROIR,3.2,unité,,,,0.055,3.376,3.2,PU HT,Tarif 2026,TARIF FOURNISSEUR,Tarif et bon de commande 2026 – onglet « TARIF NORMAND DIRECT 2026 »,ligne 228
TAR-0220,PROD-0220,Mousse de truite 90 grs,FOUR-0001,NORMAND DIRECT TERROIR,3.2,unité,,,,0.055,3.376,3.2,PU HT,Tarif 2026,TARIF FOURNISSEUR,Tarif et bon de commande 2026 – onglet « TARIF NORMAND DIRECT 2026 »,ligne 229
TAR-0221,PROD-0221,Rouille 85 grs,FOUR-0001,NORMAND DIRECT TERROIR,2.8,unité,,,,0.055,2.954,2.8,PU HT,Tarif 2026,TARIF FOURNISSEUR,Tarif et bon de commande 2026 – onglet « TARIF NORMAND DIRECT 2026 »,ligne 230
TAR-0222,PROD-0222,"Café ""la tasse de Lola"" 250 grs",FOUR-0001,NORMAND DIRECT TERROIR,5.0,unité,,,,0.055,5.275,5,PU HT,Tarif 2026,TARIF FOURNISSEUR,Tarif et bon de commande 2026 – onglet « TARIF NORMAND DIRECT 2026 »,ligne 231
TAR-0223,PROD-0223,"Café grains ""la tasse de Lola"" 250 grs",FOUR-0001,NORMAND DIRECT TERROIR,5.08,unité,,,,0.055,5.3594,5.08,PU HT,Tarif 2026,TARIF FOURNISSEUR,Tarif et bon de commande 2026 – onglet « TARIF NORMAND DIRECT 2026 »,ligne 232
TAR-0224,PROD-0224,Thé noir  God save the tea,FOUR-0001,NORMAND DIRECT TERROIR,5.78,unité,,,,0.055,6.0979,5.78,PU HT,Tarif 2026,TARIF FOURNISSEUR,Tarif et bon de commande 2026 – onglet « TARIF NORMAND DIRECT 2026 »,ligne 233
TAR-0225,PROD-0225,Thé noir Vahiné,FOUR-0001,NORMAND DIRECT TERROIR,5.78,unité,,,,0.055,6.0979,5.78,PU HT,Tarif 2026,TARIF FOURNISSEUR,Tarif et bon de commande 2026 – onglet « TARIF NORMAND DIRECT 2026 »,ligne 234
TAR-0226,PROD-0226,Thé noir Blue twist,FOUR-0001,NORMAND DIRECT TERROIR,5.78,unité,,,,0.055,6.0979,5.78,PU HT,Tarif 2026,TARIF FOURNISSEUR,Tarif et bon de commande 2026 – onglet « TARIF NORMAND DIRECT 2026 »,ligne 235
TAR-0227,PROD-0227,Thé noir Back in Black,FOUR-0001,NORMAND DIRECT TERROIR,5.78,unité,,,,0.055,6.0979,5.78,PU HT,Tarif 2026,TARIF FOURNISSEUR,Tarif et bon de commande 2026 – onglet « TARIF NORMAND DIRECT 2026 »,ligne 236
TAR-0228,PROD-0228,Thé noir Jeu de l'agrume,FOUR-0001,NORMAND DIRECT TERROIR,5.78,unité,,,,0.055,6.0979,5.78,PU HT,Tarif 2026,TARIF FOURNISSEUR,Tarif et bon de commande 2026 – onglet « TARIF NORMAND DIRECT 2026 »,ligne 237
TAR-0229,PROD-0229,Thé vert Chaud Mojito,FOUR-0001,NORMAND DIRECT TERROIR,5.78,unité,,,,0.055,6.0979,5.78,PU HT,Tarif 2026,TARIF FOURNISSEUR,Tarif et bon de commande 2026 – onglet « TARIF NORMAND DIRECT 2026 »,ligne 238
TAR-0230,PROD-0230,Thé vert Tasse de Génie,FOUR-0001,NORMAND DIRECT TERROIR,5.78,unité,,,,0.055,6.0979,5.78,PU HT,Tarif 2026,TARIF FOURNISSEUR,Tarif et bon de commande 2026 – onglet « TARIF NORMAND DIRECT 2026 »,ligne 239
TAR-0231,PROD-0231,Thé vert Hakuna Matatasse,FOUR-0001,NORMAND DIRECT TERROIR,5.78,unité,,,,0.055,6.0979,5.78,PU HT,Tarif 2026,TARIF FOURNISSEUR,Tarif et bon de commande 2026 – onglet « TARIF NORMAND DIRECT 2026 »,ligne 240
TAR-0232,PROD-0232,Thé vert Jardin d'agrumes,FOUR-0001,NORMAND DIRECT TERROIR,5.78,unité,,,,0.055,6.0979,5.78,PU HT,Tarif 2026,TARIF FOURNISSEUR,Tarif et bon de commande 2026 – onglet « TARIF NORMAND DIRECT 2026 »,ligne 241
TAR-0233,PROD-0233,Thé vert Rouge aux joues,FOUR-0001,NORMAND DIRECT TERROIR,5.78,unité,,,,0.055,6.0979,5.78,PU HT,Tarif 2026,TARIF FOURNISSEUR,Tarif et bon de commande 2026 – onglet « TARIF NORMAND DIRECT 2026 »,ligne 242
TAR-0234,PROD-0234,Thé blanc Blanc de poire,FOUR-0001,NORMAND DIRECT TERROIR,5.78,unité,,,,0.055,6.0979,5.78,PU HT,Tarif 2026,TARIF FOURNISSEUR,Tarif et bon de commande 2026 – onglet « TARIF NORMAND DIRECT 2026 »,ligne 243
TAR-0235,PROD-0235,Thé blanc Tasse des Bois,FOUR-0001,NORMAND DIRECT TERROIR,5.78,unité,,,,0.055,6.0979,5.78,PU HT,Tarif 2026,TARIF FOURNISSEUR,Tarif et bon de commande 2026 – onglet « TARIF NORMAND DIRECT 2026 »,ligne 244
TAR-0236,PROD-0236,Thé blanc White Sweetness,FOUR-0001,NORMAND DIRECT TERROIR,5.78,unité,,,,0.055,6.0979,5.78,PU HT,Tarif 2026,TARIF FOURNISSEUR,Tarif et bon de commande 2026 – onglet « TARIF NORMAND DIRECT 2026 »,ligne 245
TAR-0237,PROD-0237,Tisane Bien être Stop Migraine,FOUR-0001,NORMAND DIRECT TERROIR,5.78,unité,,,,0.055,6.0979,5.78,PU HT,Tarif 2026,TARIF FOURNISSEUR,Tarif et bon de commande 2026 – onglet « TARIF NORMAND DIRECT 2026 »,ligne 246
TAR-0238,PROD-0238,Tisane Bien être Digest Cup,FOUR-0001,NORMAND DIRECT TERROIR,5.78,unité,,,,0.055,6.0979,5.78,PU HT,Tarif 2026,TARIF FOURNISSEUR,Tarif et bon de commande 2026 – onglet « TARIF NORMAND DIRECT 2026 »,ligne 247
TAR-0239,PROD-0239,Tisane Bien être Oust le rhume,FOUR-0001,NORMAND DIRECT TERROIR,5.78,unité,,,,0.055,6.0979,5.78,PU HT,Tarif 2026,TARIF FOURNISSEUR,Tarif et bon de commande 2026 – onglet « TARIF NORMAND DIRECT 2026 »,ligne 248
TAR-0240,PROD-0240,Tisane Bien être Punch Power,FOUR-0001,NORMAND DIRECT TERROIR,5.78,unité,,,,0.055,6.0979,5.78,PU HT,Tarif 2026,TARIF FOURNISSEUR,Tarif et bon de commande 2026 – onglet « TARIF NORMAND DIRECT 2026 »,ligne 249
TAR-0241,PROD-0241,Tisane Bien être SO Quiet,FOUR-0001,NORMAND DIRECT TERROIR,5.78,unité,,,,0.055,6.0979,5.78,PU HT,Tarif 2026,TARIF FOURNISSEUR,Tarif et bon de commande 2026 – onglet « TARIF NORMAND DIRECT 2026 »,ligne 250
TAR-0242,PROD-0242,Tisane fruitée La Reine encahntée,FOUR-0001,NORMAND DIRECT TERROIR,5.78,unité,,,,0.055,6.0979,5.78,PU HT,Tarif 2026,TARIF FOURNISSEUR,Tarif et bon de commande 2026 – onglet « TARIF NORMAND DIRECT 2026 »,ligne 251
TAR-0243,PROD-0243,Tisane fruitée Sorbet Exotique,FOUR-0001,NORMAND DIRECT TERROIR,5.78,unité,,,,0.055,6.0979,5.78,PU HT,Tarif 2026,TARIF FOURNISSEUR,Tarif et bon de commande 2026 – onglet « TARIF NORMAND DIRECT 2026 »,ligne 252
TAR-0244,PROD-0244,Tisane fruitée La Dame de cœur,FOUR-0001,NORMAND DIRECT TERROIR,5.78,unité,,,,0.055,6.0979,5.78,PU HT,Tarif 2026,TARIF FOURNISSEUR,Tarif et bon de commande 2026 – onglet « TARIF NORMAND DIRECT 2026 »,ligne 253
TAR-0245,PROD-0245,Detox Jeune et jolie,FOUR-0001,NORMAND DIRECT TERROIR,5.78,unité,,,,0.055,6.0979,5.78,PU HT,Tarif 2026,TARIF FOURNISSEUR,Tarif et bon de commande 2026 – onglet « TARIF NORMAND DIRECT 2026 »,ligne 254
TAR-0246,PROD-0246,Detox Beau Teint,FOUR-0001,NORMAND DIRECT TERROIR,5.78,unité,,,,0.055,6.0979,5.78,PU HT,Tarif 2026,TARIF FOURNISSEUR,Tarif et bon de commande 2026 – onglet « TARIF NORMAND DIRECT 2026 »,ligne 255
TAR-0247,PROD-0247,Detox Chill Time,FOUR-0001,NORMAND DIRECT TERROIR,5.78,unité,,,,0.055,6.0979,5.78,PU HT,Tarif 2026,TARIF FOURNISSEUR,Tarif et bon de commande 2026 – onglet « TARIF NORMAND DIRECT 2026 »,ligne 256
TAR-0248,PROD-0248,Maté KA'MATE KA'MATE,FOUR-0001,NORMAND DIRECT TERROIR,5.78,unité,,,,0.055,6.0979,5.78,PU HT,Tarif 2026,TARIF FOURNISSEUR,Tarif et bon de commande 2026 – onglet « TARIF NORMAND DIRECT 2026 »,ligne 257
TAR-0249,PROD-0249,Maté Balance,FOUR-0001,NORMAND DIRECT TERROIR,5.78,unité,,,,0.055,6.0979,5.78,PU HT,Tarif 2026,TARIF FOURNISSEUR,Tarif et bon de commande 2026 – onglet « TARIF NORMAND DIRECT 2026 »,ligne 258
TAR-0250,PROD-0250,Maternité Divine Mama,FOUR-0001,NORMAND DIRECT TERROIR,5.78,unité,,,,0.055,6.0979,5.78,PU HT,Tarif 2026,TARIF FOURNISSEUR,Tarif et bon de commande 2026 – onglet « TARIF NORMAND DIRECT 2026 »,ligne 259
TAR-0251,PROD-0251,Maternité Voie Lactée,FOUR-0001,NORMAND DIRECT TERROIR,5.78,unité,,,,0.055,6.0979,5.78,PU HT,Tarif 2026,TARIF FOURNISSEUR,Tarif et bon de commande 2026 – onglet « TARIF NORMAND DIRECT 2026 »,ligne 260
TAR-0252,PROD-0252,Rooibos Lemon Curd,FOUR-0001,NORMAND DIRECT TERROIR,5.78,unité,,,,0.055,6.0979,5.78,PU HT,Tarif 2026,TARIF FOURNISSEUR,Tarif et bon de commande 2026 – onglet « TARIF NORMAND DIRECT 2026 »,ligne 261
TAR-0253,PROD-0253,Rooibos Cheri Coco,FOUR-0001,NORMAND DIRECT TERROIR,5.78,unité,,,,0.055,6.0979,5.78,PU HT,Tarif 2026,TARIF FOURNISSEUR,Tarif et bon de commande 2026 – onglet « TARIF NORMAND DIRECT 2026 »,ligne 262
TAR-0254,PROD-0254,Rooibos Saveur Macaron,FOUR-0001,NORMAND DIRECT TERROIR,5.78,unité,,,,0.055,6.0979,5.78,PU HT,Tarif 2026,TARIF FOURNISSEUR,Tarif et bon de commande 2026 – onglet « TARIF NORMAND DIRECT 2026 »,ligne 263
TAR-0255,PROD-0255,Rooibos Menthe Givrée,FOUR-0001,NORMAND DIRECT TERROIR,5.78,unité,,,,0.055,6.0979,5.78,PU HT,Tarif 2026,TARIF FOURNISSEUR,Tarif et bon de commande 2026 – onglet « TARIF NORMAND DIRECT 2026 »,ligne 264
TAR-0256,PROD-0256,Rooibos Agrumes Tonic,FOUR-0001,NORMAND DIRECT TERROIR,5.78,unité,,,,0.055,6.0979,5.78,PU HT,Tarif 2026,TARIF FOURNISSEUR,Tarif et bon de commande 2026 – onglet « TARIF NORMAND DIRECT 2026 »,ligne 265
TAR-0257,PROD-0257,NORMAND Cambremer Pays D'Auge,FOUR-0001,NORMAND DIRECT TERROIR,5.78,unité,,,,0.055,6.0979,5.78,PU HT,Tarif 2026,TARIF FOURNISSEUR,Tarif et bon de commande 2026 – onglet « TARIF NORMAND DIRECT 2026 »,ligne 266
TAR-0258,PROD-0258,NORMAND Rouen Gros Horloge,FOUR-0001,NORMAND DIRECT TERROIR,5.78,unité,,,,0.055,6.0979,5.78,PU HT,Tarif 2026,TARIF FOURNISSEUR,Tarif et bon de commande 2026 – onglet « TARIF NORMAND DIRECT 2026 »,ligne 267
TAR-0259,PROD-0259,NORMAND Bayeux et son Bessin,FOUR-0001,NORMAND DIRECT TERROIR,5.78,unité,,,,0.055,6.0979,5.78,PU HT,Tarif 2026,TARIF FOURNISSEUR,Tarif et bon de commande 2026 – onglet « TARIF NORMAND DIRECT 2026 »,ligne 268
TAR-0260,PROD-0260,NORMAND Caen Ville historique,FOUR-0001,NORMAND DIRECT TERROIR,5.78,unité,,,,0.055,6.0979,5.78,PU HT,Tarif 2026,TARIF FOURNISSEUR,Tarif et bon de commande 2026 – onglet « TARIF NORMAND DIRECT 2026 »,ligne 269
TAR-0261,PROD-0261,NORMAND Bagnoles de l'Orne,FOUR-0001,NORMAND DIRECT TERROIR,5.78,unité,,,,0.055,6.0979,5.78,PU HT,Tarif 2026,TARIF FOURNISSEUR,Tarif et bon de commande 2026 – onglet « TARIF NORMAND DIRECT 2026 »,ligne 270
TAR-0262,PROD-0262,NORMAND Mont Saint Michel,FOUR-0001,NORMAND DIRECT TERROIR,5.78,unité,,,,0.055,6.0979,5.78,PU HT,Tarif 2026,TARIF FOURNISSEUR,Tarif et bon de commande 2026 – onglet « TARIF NORMAND DIRECT 2026 »,ligne 271
TAR-0263,PROD-0263,D-Day Plage du debarquement,FOUR-0001,NORMAND DIRECT TERROIR,5.78,unité,,,,0.055,6.0979,5.78,PU HT,Tarif 2026,TARIF FOURNISSEUR,Tarif et bon de commande 2026 – onglet « TARIF NORMAND DIRECT 2026 »,ligne 272
TAR-0264,PROD-0264,D-Day Normandie D-DAY,FOUR-0001,NORMAND DIRECT TERROIR,5.78,unité,,,,0.055,6.0979,5.78,PU HT,Tarif 2026,TARIF FOURNISSEUR,Tarif et bon de commande 2026 – onglet « TARIF NORMAND DIRECT 2026 »,ligne 273
TAR-0265,PROD-0265,D-Day Operation Overlord,FOUR-0001,NORMAND DIRECT TERROIR,5.78,unité,,,,0.055,6.0979,5.78,PU HT,Tarif 2026,TARIF FOURNISSEUR,Tarif et bon de commande 2026 – onglet « TARIF NORMAND DIRECT 2026 »,ligne 274
TAR-0266,PROD-0266,D-Day Parachutes,FOUR-0001,NORMAND DIRECT TERROIR,5.78,unité,,,,0.055,6.0979,5.78,PU HT,Tarif 2026,TARIF FOURNISSEUR,Tarif et bon de commande 2026 – onglet « TARIF NORMAND DIRECT 2026 »,ligne 275
TAR-0267,PROD-0267,D-Day Les Alliés,FOUR-0001,NORMAND DIRECT TERROIR,5.78,unité,,,,0.055,6.0979,5.78,PU HT,Tarif 2026,TARIF FOURNISSEUR,Tarif et bon de commande 2026 – onglet « TARIF NORMAND DIRECT 2026 »,ligne 276
TAR-0268,PROD-0268,D-Day God Save The Queen,FOUR-0001,NORMAND DIRECT TERROIR,5.78,unité,,,,0.055,6.0979,5.78,PU HT,Tarif 2026,TARIF FOURNISSEUR,Tarif et bon de commande 2026 – onglet « TARIF NORMAND DIRECT 2026 »,ligne 277
TAR-0269,PROD-0269,MOUTARDE 100g Pomme Calvados,FOUR-0001,NORMAND DIRECT TERROIR,4.25,unité,,,,0.055,4.4837,4.25,PU HT,Tarif 2026,TARIF FOURNISSEUR,Tarif et bon de commande 2026 – onglet « TARIF NORMAND DIRECT 2026 »,ligne 278
TAR-0270,PROD-0270,MOUTARDE 100g Camembert,FOUR-0001,NORMAND DIRECT TERROIR,4.25,unité,,,,0.055,4.4837,4.25,PU HT,Tarif 2026,TARIF FOURNISSEUR,Tarif et bon de commande 2026 – onglet « TARIF NORMAND DIRECT 2026 »,ligne 279
TAR-0271,PROD-0271,MOUTARDE 100g à l'ancienne au Cidre,FOUR-0001,NORMAND DIRECT TERROIR,4.25,unité,,,,0.055,4.4837,4.25,PU HT,Tarif 2026,TARIF FOURNISSEUR,Tarif et bon de commande 2026 – onglet « TARIF NORMAND DIRECT 2026 »,ligne 280
TAR-0272,PROD-0272,MOUTARDE 100g à l'ail Noir,FOUR-0001,NORMAND DIRECT TERROIR,4.25,unité,,,,0.055,4.4837,4.25,PU HT,Tarif 2026,TARIF FOURNISSEUR,Tarif et bon de commande 2026 – onglet « TARIF NORMAND DIRECT 2026 »,ligne 281
TAR-0273,PROD-0273,MOUTARDE 100g au Piment d'Espelette,FOUR-0001,NORMAND DIRECT TERROIR,4.25,unité,,,,0.055,4.4837,4.25,PU HT,Tarif 2026,TARIF FOURNISSEUR,Tarif et bon de commande 2026 – onglet « TARIF NORMAND DIRECT 2026 »,ligne 282
TAR-0274,PROD-0274,MOUTARDE 100g Poivre Voantsy Perifery,FOUR-0001,NORMAND DIRECT TERROIR,4.25,unité,,,,0.055,4.4837,4.25,PU HT,Tarif 2026,TARIF FOURNISSEUR,Tarif et bon de commande 2026 – onglet « TARIF NORMAND DIRECT 2026 »,ligne 283
TAR-0275,PROD-0275,CONFITURE pomme caramel 180 gr Mont sr Michel,FOUR-0001,NORMAND DIRECT TERROIR,3.7,unité,,,,0.055,3.9035,3.7,PU HT,Tarif 2026,TARIF FOURNISSEUR,Tarif et bon de commande 2026 – onglet « TARIF NORMAND DIRECT 2026 »,ligne 284
TAR-0276,PROD-0276,CONFITURE poire vanille 180 gr Plage,FOUR-0001,NORMAND DIRECT TERROIR,3.7,unité,,,,0.055,3.9035,3.7,PU HT,Tarif 2026,TARIF FOURNISSEUR,Tarif et bon de commande 2026 – onglet « TARIF NORMAND DIRECT 2026 »,ligne 285
TAR-0277,PROD-0277,CONFITURE fruits rouges 180 gr Champs de course,FOUR-0001,NORMAND DIRECT TERROIR,3.7,unité,,,,0.055,3.9035,3.7,PU HT,Tarif 2026,TARIF FOURNISSEUR,Tarif et bon de commande 2026 – onglet « TARIF NORMAND DIRECT 2026 »,ligne 286
TAR-0278,PROD-0278,CARAMELS d'Isigny Fondant beurre salé 150 g Caen,FOUR-0001,NORMAND DIRECT TERROIR,5.11,unité,,,,0.2,6.132,5.11,PU HT,Tarif 2026,TARIF FOURNISSEUR,Tarif et bon de commande 2026 – onglet « TARIF NORMAND DIRECT 2026 »,ligne 287
TAR-0279,PROD-0279,CARAMELS d'Isigny beurre salé 150 g Deauville,FOUR-0001,NORMAND DIRECT TERROIR,5.11,unité,,,,0.2,6.132,5.11,PU HT,Tarif 2026,TARIF FOURNISSEUR,Tarif et bon de commande 2026 – onglet « TARIF NORMAND DIRECT 2026 »,ligne 288
TAR-0280,PROD-0280,CARAMELS d'Isigny 150 g Assortiment Normand Vache,FOUR-0001,NORMAND DIRECT TERROIR,5.11,unité,,,,0.2,6.132,5.11,PU HT,Tarif 2026,TARIF FOURNISSEUR,Tarif et bon de commande 2026 – onglet « TARIF NORMAND DIRECT 2026 »,ligne 289
TAR-0281,PROD-0281,CARAMELS d'Isigny 200 g Assortiment Normand,FOUR-0001,NORMAND DIRECT TERROIR,7.5,unité,,,,0.2,9.0,7.5,PU HT,Tarif 2026,TARIF FOURNISSEUR,Tarif et bon de commande 2026 – onglet « TARIF NORMAND DIRECT 2026 »,ligne 290
TAR-0282,PROD-0282,CARAMELS 1/2 sucrette 100g Ouistreham B-LEC,FOUR-0001,NORMAND DIRECT TERROIR,4.64,unité,,,,0.2,5.568,4.64,PU HT,Tarif 2026,TARIF FOURNISSEUR,Tarif et bon de commande 2026 – onglet « TARIF NORMAND DIRECT 2026 »,ligne 291
TAR-0283,PROD-0283,CARAMELS 1/2 sucrette 100g Caen château B-LEC,FOUR-0001,NORMAND DIRECT TERROIR,4.64,unité,,,,0.2,5.568,4.64,PU HT,Tarif 2026,TARIF FOURNISSEUR,Tarif et bon de commande 2026 – onglet « TARIF NORMAND DIRECT 2026 »,ligne 292
TAR-0284,PROD-0284,BISCUITS 150g CAEN Mairie,FOUR-0001,NORMAND DIRECT TERROIR,7.31,unité,,,,0.055,7.712,7.31,PU HT,Tarif 2026,TARIF FOURNISSEUR,Tarif et bon de commande 2026 – onglet « TARIF NORMAND DIRECT 2026 »,ligne 293
TAR-0285,PROD-0285,BISCUITS 150g Ouistreham B-LEC,FOUR-0001,NORMAND DIRECT TERROIR,7.31,unité,,,,0.055,7.712,7.31,PU HT,Tarif 2026,TARIF FOURNISSEUR,Tarif et bon de commande 2026 – onglet « TARIF NORMAND DIRECT 2026 »,ligne 294
TAR-0286,PROD-0286,BISCUITS 150g Caen Château B-LEC,FOUR-0001,NORMAND DIRECT TERROIR,7.31,unité,,,,0.055,7.712,7.31,PU HT,Tarif 2026,TARIF FOURNISSEUR,Tarif et bon de commande 2026 – onglet « TARIF NORMAND DIRECT 2026 »,ligne 295
TAR-0287,PROD-0287,BISCUITS 150g Caen cœur de ville Aquarelle,FOUR-0001,NORMAND DIRECT TERROIR,7.31,unité,,,,0.055,7.712,7.31,PU HT,Tarif 2026,TARIF FOURNISSEUR,Tarif et bon de commande 2026 – onglet « TARIF NORMAND DIRECT 2026 »,ligne 296
TAR-0288,PROD-0288,Biscuits 150g Pays D'Auge Aquarelle,FOUR-0001,NORMAND DIRECT TERROIR,7.31,unité,,,,0.055,7.712,7.31,PU HT,Tarif 2026,TARIF FOURNISSEUR,Tarif et bon de commande 2026 – onglet « TARIF NORMAND DIRECT 2026 »,ligne 297
TAR-0289,PROD-0289,Biscuits 150g Cambremer Aquarelle,FOUR-0001,NORMAND DIRECT TERROIR,7.31,unité,,,,0.055,7.712,7.31,PU HT,Tarif 2026,TARIF FOURNISSEUR,Tarif et bon de commande 2026 – onglet « TARIF NORMAND DIRECT 2026 »,ligne 298
TAR-0290,PROD-0290,POMMEAU 35cl Pique-nique sous les pommiers,FOUR-0001,NORMAND DIRECT TERROIR,9.0,unité,,,,0.2,10.8,9,PU HT,Tarif 2026,TARIF FOURNISSEUR,Tarif et bon de commande 2026 – onglet « TARIF NORMAND DIRECT 2026 »,ligne 299
TAR-0291,PROD-0291,Caramels d'Isigny beurre salé 150 g  D-DAY drapeau,FOUR-0001,NORMAND DIRECT TERROIR,5.11,unité,,,,0.2,6.132,5.11,PU HT,Tarif 2026,TARIF FOURNISSEUR,Tarif et bon de commande 2026 – onglet « TARIF NORMAND DIRECT 2026 »,ligne 300
TAR-0292,PROD-0292,Caramels d'Isigny 1/2 sucrette 100 g Parachute,FOUR-0001,NORMAND DIRECT TERROIR,4.64,unité,,,,0.2,5.568,4.64,PU HT,Tarif 2026,TARIF FOURNISSEUR,Tarif et bon de commande 2026 – onglet « TARIF NORMAND DIRECT 2026 »,ligne 301
TAR-0293,PROD-0293,Caramels d'Isigny 1/2 sucrette 100 g OPERATION OVERLORD,FOUR-0001,NORMAND DIRECT TERROIR,4.64,unité,,,,0.2,5.568,4.64,PU HT,Tarif 2026,TARIF FOURNISSEUR,Tarif et bon de commande 2026 – onglet « TARIF NORMAND DIRECT 2026 »,ligne 302
TAR-0294,PROD-0294,Biscuits 120g JEEP,FOUR-0001,NORMAND DIRECT TERROIR,7.31,unité,,,,0.2,8.772,7.31,PU HT,Tarif 2026,TARIF FOURNISSEUR,Tarif et bon de commande 2026 – onglet « TARIF NORMAND DIRECT 2026 »,ligne 303
TAR-0295,PROD-0295,Biscuits 120g Barge,FOUR-0001,NORMAND DIRECT TERROIR,7.31,unité,,,,0.2,8.772,7.31,PU HT,Tarif 2026,TARIF FOURNISSEUR,Tarif et bon de commande 2026 – onglet « TARIF NORMAND DIRECT 2026 »,ligne 304
TAR-0296,PROD-0296,Calvados Arrangé Pomme Vanille 70 cl,FOUR-0001,NORMAND DIRECT TERROIR,20.9,unité,,,,0.2,25.08,20.9,PU HT,Tarif 2026,TARIF FOURNISSEUR,Tarif et bon de commande 2026 – onglet « TARIF NORMAND DIRECT 2026 »,ligne 305
TAR-0297,PROD-0297,Calvados Arrangé Kumquat Café 70 cl,FOUR-0001,NORMAND DIRECT TERROIR,20.9,unité,,,,0.2,25.08,20.9,PU HT,Tarif 2026,TARIF FOURNISSEUR,Tarif et bon de commande 2026 – onglet « TARIF NORMAND DIRECT 2026 »,ligne 306
TAR-0298,PROD-0298,Calvados Arrangé Banane Vanille 70 cl,FOUR-0001,NORMAND DIRECT TERROIR,20.9,unité,,,,0.2,25.08,20.9,PU HT,Tarif 2026,TARIF FOURNISSEUR,Tarif et bon de commande 2026 – onglet « TARIF NORMAND DIRECT 2026 »,ligne 307
TAR-0299,PROD-0299,Calvados Arrangé Pomme Caramel 70 cl,FOUR-0001,NORMAND DIRECT TERROIR,20.9,unité,,,,0.2,25.08,20.9,PU HT,Tarif 2026,TARIF FOURNISSEUR,Tarif et bon de commande 2026 – onglet « TARIF NORMAND DIRECT 2026 »,ligne 308
TAR-0300,PROD-0300,Calvados Arrangé Fraise Poivre de Sichuan 70 cl,FOUR-0001,NORMAND DIRECT TERROIR,20.9,unité,,,,0.2,25.08,20.9,PU HT,Tarif 2026,TARIF FOURNISSEUR,Tarif et bon de commande 2026 – onglet « TARIF NORMAND DIRECT 2026 »,ligne 309
TAR-0301,PROD-0301,Calvados Arrangé Epices de Noël Clémentine 70 cl,FOUR-0001,NORMAND DIRECT TERROIR,20.9,unité,,,,0.2,25.08,20.9,PU HT,Tarif 2026,TARIF FOURNISSEUR,Tarif et bon de commande 2026 – onglet « TARIF NORMAND DIRECT 2026 »,ligne 310
TAR-0302,PROD-0302,Calvados Arrangé Pomme Menthe 70 cl,FOUR-0001,NORMAND DIRECT TERROIR,20.9,unité,,,,0.2,25.08,20.9,PU HT,Tarif 2026,TARIF FOURNISSEUR,Tarif et bon de commande 2026 – onglet « TARIF NORMAND DIRECT 2026 »,ligne 311
TAR-0303,PROD-0303,Calvados Arrangé Ananas Caramel fleur de sel 70 cl,FOUR-0001,NORMAND DIRECT TERROIR,20.9,unité,,,,0.2,25.08,20.9,PU HT,Tarif 2026,TARIF FOURNISSEUR,Tarif et bon de commande 2026 – onglet « TARIF NORMAND DIRECT 2026 »,ligne 312
TAR-0304,PROD-0304,Calvados Arrangé Framboise Basilic,FOUR-0001,NORMAND DIRECT TERROIR,20.9,unité,,,,0.2,25.08,20.9,PU HT,Tarif 2026,TARIF FOURNISSEUR,Tarif et bon de commande 2026 – onglet « TARIF NORMAND DIRECT 2026 »,ligne 313
TAR-0305,PROD-0305,Calvados Arrangé Bergamote Noix de cajou,FOUR-0001,NORMAND DIRECT TERROIR,20.9,unité,,,,0.2,25.08,20.9,PU HT,Tarif 2026,TARIF FOURNISSEUR,Tarif et bon de commande 2026 – onglet « TARIF NORMAND DIRECT 2026 »,ligne 314
TAR-0306,PROD-0306,Calva Arrangé Banane extra mûre vanille 18 mois 50 cl,FOUR-0001,NORMAND DIRECT TERROIR,22.9,unité,,,,0.2,27.48,22.9,PU HT,Tarif 2026,TARIF FOURNISSEUR,Tarif et bon de commande 2026 – onglet « TARIF NORMAND DIRECT 2026 »,ligne 315
TAR-0307,PROD-0307,Coffret 2 x 20cl INCLUS AVEC LES 20 CL SUR DEMANDE,FOUR-0001,NORMAND DIRECT TERROIR,0.0,unité,,,,0.2,0.0,0,PU HT,Tarif 2026,TARIF FOURNISSEUR,Tarif et bon de commande 2026 – onglet « TARIF NORMAND DIRECT 2026 »,ligne 316
TAR-0308,PROD-0308,Calvados Arrangé Pomme Vanille 20 cl,FOUR-0001,NORMAND DIRECT TERROIR,9.1,unité,,,,0.2,10.92,9.1,PU HT,Tarif 2026,TARIF FOURNISSEUR,Tarif et bon de commande 2026 – onglet « TARIF NORMAND DIRECT 2026 »,ligne 317
TAR-0309,PROD-0309,Calvados Arrangé Kumquat Café 20 cl,FOUR-0001,NORMAND DIRECT TERROIR,9.1,unité,,,,0.2,10.92,9.1,PU HT,Tarif 2026,TARIF FOURNISSEUR,Tarif et bon de commande 2026 – onglet « TARIF NORMAND DIRECT 2026 »,ligne 318
TAR-0310,PROD-0310,Calvados Arrangé Banane Vanille 20 cl,FOUR-0001,NORMAND DIRECT TERROIR,9.1,unité,,,,0.2,10.92,9.1,PU HT,Tarif 2026,TARIF FOURNISSEUR,Tarif et bon de commande 2026 – onglet « TARIF NORMAND DIRECT 2026 »,ligne 319
TAR-0311,PROD-0311,Calvados Arrangé Pomme Caramel 20 cl,FOUR-0001,NORMAND DIRECT TERROIR,9.1,unité,,,,0.2,10.92,9.1,PU HT,Tarif 2026,TARIF FOURNISSEUR,Tarif et bon de commande 2026 – onglet « TARIF NORMAND DIRECT 2026 »,ligne 320
TAR-0312,PROD-0312,Cidre bio Cotentin AOC brut  75 cl,FOUR-0001,NORMAND DIRECT TERROIR,4.62,unité,,,,0.2,5.544,4.62,PU HT,Tarif 2026,TARIF FOURNISSEUR,Tarif et bon de commande 2026 – onglet « TARIF NORMAND DIRECT 2026 »,ligne 321
TAR-0313,PROD-0313,Cidre bio Cotentin AOC brut 2018 et 2019 150 cl,FOUR-0001,NORMAND DIRECT TERROIR,10.34,unité,,,,0.2,12.408,10.34,PU HT,Tarif 2026,TARIF FOURNISSEUR,Tarif et bon de commande 2026 – onglet « TARIF NORMAND DIRECT 2026 »,ligne 322
TAR-0314,PROD-0314,Grande cuvée Cotentin AOC extra brut 2018-2019 75 cl,FOUR-0001,NORMAND DIRECT TERROIR,5.28,unité,,,,0.2,6.336,5.28,PU HT,Tarif 2026,TARIF FOURNISSEUR,Tarif et bon de commande 2026 – onglet « TARIF NORMAND DIRECT 2026 »,ligne 323
TAR-0315,PROD-0315,Cidre bio Cotentin AOC extra brut 2018 puis 2019 150 cl,FOUR-0001,NORMAND DIRECT TERROIR,11.66,unité,,,,0.2,13.992,11.66,PU HT,Tarif 2026,TARIF FOURNISSEUR,Tarif et bon de commande 2026 – onglet « TARIF NORMAND DIRECT 2026 »,ligne 324
TAR-0316,PROD-0316,Cidre bio cuvée gourmande demi sec 75 cl,FOUR-0001,NORMAND DIRECT TERROIR,4.29,unité,,,,0.2,5.148,4.29,PU HT,Tarif 2026,TARIF FOURNISSEUR,Tarif et bon de commande 2026 – onglet « TARIF NORMAND DIRECT 2026 »,ligne 325
TAR-0317,PROD-0317,Cidre bio micro cuvée N°1 vieilli fût chêne75 cl 2021,FOUR-0001,NORMAND DIRECT TERROIR,7.48,unité,,,,0.2,8.976,7.48,PU HT,Tarif 2026,TARIF FOURNISSEUR,Tarif et bon de commande 2026 – onglet « TARIF NORMAND DIRECT 2026 »,ligne 326
TAR-0318,PROD-0318,Cidre bio micro cuvée N°1 vieilli fût chêne150 cl 2019,FOUR-0001,NORMAND DIRECT TERROIR,16.06,unité,,,,0.2,19.272,16.06,PU HT,Tarif 2026,TARIF FOURNISSEUR,Tarif et bon de commande 2026 – onglet « TARIF NORMAND DIRECT 2026 »,ligne 327
TAR-0319,PROD-0319,Cidre bio micro cuvée N°2 cidre dégorgé 75 cl 2020,FOUR-0001,NORMAND DIRECT TERROIR,8.36,unité,,,,0.2,10.032,8.36,PU HT,Tarif 2026,TARIF FOURNISSEUR,Tarif et bon de commande 2026 – onglet « TARIF NORMAND DIRECT 2026 »,ligne 328
TAR-0320,PROD-0320,Cidre bio micro cuvée N°3 cidre fermenté barriques de vin,FOUR-0001,NORMAND DIRECT TERROIR,10.23,unité,,,,0.2,12.276,10.23,PU HT,Tarif 2026,TARIF FOURNISSEUR,Tarif et bon de commande 2026 – onglet « TARIF NORMAND DIRECT 2026 »,ligne 329
TAR-0321,PROD-0321,Cidre bio micro cuvée N°4 Variétés acidulées,FOUR-0001,NORMAND DIRECT TERROIR,7.15,unité,,,,0.2,8.58,7.15,PU HT,Tarif 2026,TARIF FOURNISSEUR,Tarif et bon de commande 2026 – onglet « TARIF NORMAND DIRECT 2026 »,ligne 330
TAR-0322,PROD-0322,Cidre bio micro cuvée N°5 assemblage 50% amer 50% acidulé,FOUR-0001,NORMAND DIRECT TERROIR,7.15,unité,,,,0.2,8.58,7.15,PU HT,Tarif 2026,TARIF FOURNISSEUR,Tarif et bon de commande 2026 – onglet « TARIF NORMAND DIRECT 2026 »,ligne 331
TAR-0323,PROD-0323,Amour d'Hérout brut 33 cl cidre IGP,FOUR-0001,NORMAND DIRECT TERROIR,1.93,unité,,,,0.2,2.316,1.93,PU HT,Tarif 2026,TARIF FOURNISSEUR,Tarif et bon de commande 2026 – onglet « TARIF NORMAND DIRECT 2026 »,ligne 332
TAR-0324,PROD-0324,Amour d'Hérout brut 75 cl cidre IGP,FOUR-0001,NORMAND DIRECT TERROIR,3.85,unité,,,,0.2,4.62,3.85,PU HT,Tarif 2026,TARIF FOURNISSEUR,Tarif et bon de commande 2026 – onglet « TARIF NORMAND DIRECT 2026 »,ligne 333
TAR-0325,PROD-0325,Amour d'Hérout doux 33 cl cidre IGP,FOUR-0001,NORMAND DIRECT TERROIR,1.93,unité,,,,0.2,2.316,1.93,PU HT,Tarif 2026,TARIF FOURNISSEUR,Tarif et bon de commande 2026 – onglet « TARIF NORMAND DIRECT 2026 »,ligne 334
TAR-0326,PROD-0326,Calvados Héritage 12 ans d'âge 20 cl,FOUR-0001,NORMAND DIRECT TERROIR,16.06,unité,,,,0.2,19.272,16.06,PU HT,Tarif 2026,TARIF FOURNISSEUR,Tarif et bon de commande 2026 – onglet « TARIF NORMAND DIRECT 2026 »,ligne 335
TAR-0327,PROD-0327,Calvados Héritage 12 ans d'âge 35 cl,FOUR-0001,NORMAND DIRECT TERROIR,25.25,unité,,,,0.2,30.3,25.25,PU HT,Tarif 2026,TARIF FOURNISSEUR,Tarif et bon de commande 2026 – onglet « TARIF NORMAND DIRECT 2026 »,ligne 336
TAR-0328,PROD-0328,Calvados Héritage 12 ans d'âge 70 cl,FOUR-0001,NORMAND DIRECT TERROIR,43.34,unité,,,,0.2,52.008,43.34,PU HT,Tarif 2026,TARIF FOURNISSEUR,Tarif et bon de commande 2026 – onglet « TARIF NORMAND DIRECT 2026 »,ligne 337
TAR-0329,PROD-0329,Calvados Héritage 12 ans d'âge 150 cl,FOUR-0001,NORMAND DIRECT TERROIR,96.69,unité,,,,0.2,116.028,96.69,PU HT,Tarif 2026,TARIF FOURNISSEUR,Tarif et bon de commande 2026 – onglet « TARIF NORMAND DIRECT 2026 »,ligne 338
TAR-0330,PROD-0330,Calvados AOC-XO hors d'âge 6 ans 20 cl,FOUR-0001,NORMAND DIRECT TERROIR,13.53,unité,,,,0.2,16.236,13.53,PU HT,Tarif 2026,TARIF FOURNISSEUR,Tarif et bon de commande 2026 – onglet « TARIF NORMAND DIRECT 2026 »,ligne 339
TAR-0331,PROD-0331,Calvados AOC-XO hors d'âge 6 ans 35 cl,FOUR-0001,NORMAND DIRECT TERROIR,21.23,unité,,,,0.2,25.476,21.23,PU HT,Tarif 2026,TARIF FOURNISSEUR,Tarif et bon de commande 2026 – onglet « TARIF NORMAND DIRECT 2026 »,ligne 340
TAR-0332,PROD-0332,Calvados AOC-XO hors d'âge 6 ans 70 cl,FOUR-0001,NORMAND DIRECT TERROIR,36.52,unité,,,,0.2,43.824,36.52,PU HT,Tarif 2026,TARIF FOURNISSEUR,Tarif et bon de commande 2026 – onglet « TARIF NORMAND DIRECT 2026 »,ligne 341
TAR-0333,PROD-0333,Calvados AOC-XO hors d'âge 6 ans 150 cl,FOUR-0001,NORMAND DIRECT TERROIR,82.83,unité,,,,0.2,99.396,82.83,PU HT,Tarif 2026,TARIF FOURNISSEUR,Tarif et bon de commande 2026 – onglet « TARIF NORMAND DIRECT 2026 »,ligne 342
TAR-0334,PROD-0334,Calvados AOC-VSOP vielle réserve 4 ans 20 cl,FOUR-0001,NORMAND DIRECT TERROIR,11.33,unité,,,,0.2,13.596,11.33,PU HT,Tarif 2026,TARIF FOURNISSEUR,Tarif et bon de commande 2026 – onglet « TARIF NORMAND DIRECT 2026 »,ligne 343
TAR-0335,PROD-0335,Calvados AOC-VSOP vielle réserve 4 ans 35 cl,FOUR-0001,NORMAND DIRECT TERROIR,17.82,unité,,,,0.2,21.384,17.82,PU HT,Tarif 2026,TARIF FOURNISSEUR,Tarif et bon de commande 2026 – onglet « TARIF NORMAND DIRECT 2026 »,ligne 344
TAR-0336,PROD-0336,Calvados AOC-VSOP vielle réserve 4 ans 70 cl,FOUR-0001,NORMAND DIRECT TERROIR,30.7,unité,,,,0.2,36.84,30.7,PU HT,Tarif 2026,TARIF FOURNISSEUR,Tarif et bon de commande 2026 – onglet « TARIF NORMAND DIRECT 2026 »,ligne 345
TAR-0337,PROD-0337,Calvados AOC-VSOP vielle réserve 4 ans 150 cl,FOUR-0001,NORMAND DIRECT TERROIR,69.85,unité,,,,0.2,83.82,69.85,PU HT,Tarif 2026,TARIF FOURNISSEUR,Tarif et bon de commande 2026 – onglet « TARIF NORMAND DIRECT 2026 »,ligne 346
TAR-0338,PROD-0338,Calvados VS 2 ans 20 cl,FOUR-0001,NORMAND DIRECT TERROIR,9.57,unité,,,,0.2,11.484,9.57,PU HT,Tarif 2026,TARIF FOURNISSEUR,Tarif et bon de commande 2026 – onglet « TARIF NORMAND DIRECT 2026 »,ligne 347
TAR-0339,PROD-0339,Calvados VS 2 ans 70 cl,FOUR-0001,NORMAND DIRECT TERROIR,25.41,unité,,,,0.2,30.492,25.41,PU HT,Tarif 2026,TARIF FOURNISSEUR,Tarif et bon de commande 2026 – onglet « TARIF NORMAND DIRECT 2026 »,ligne 348
TAR-0340,PROD-0340,BLANCHE d'alambic bio 70 cl,FOUR-0001,NORMAND DIRECT TERROIR,23.65,unité,,,,0.2,28.38,23.65,PU HT,Tarif 2026,TARIF FOURNISSEUR,Tarif et bon de commande 2026 – onglet « TARIF NORMAND DIRECT 2026 »,ligne 349
TAR-0341,PROD-0341,BLANCHE d'alambic bio 20 cl,FOUR-0001,NORMAND DIRECT TERROIR,8.75,unité,,,,0.2,10.5,8.75,PU HT,Tarif 2026,TARIF FOURNISSEUR,Tarif et bon de commande 2026 – onglet « TARIF NORMAND DIRECT 2026 »,ligne 350
TAR-0342,PROD-0342,Pommeau bio 70 cl,FOUR-0001,NORMAND DIRECT TERROIR,15.18,unité,,,,0.2,18.216,15.18,PU HT,Tarif 2026,TARIF FOURNISSEUR,Tarif et bon de commande 2026 – onglet « TARIF NORMAND DIRECT 2026 »,ligne 351
TAR-0343,PROD-0343,pommeau bio 20 cl,FOUR-0001,NORMAND DIRECT TERROIR,6.27,unité,,,,0.2,7.524,6.27,PU HT,Tarif 2026,TARIF FOURNISSEUR,Tarif et bon de commande 2026 – onglet « TARIF NORMAND DIRECT 2026 »,ligne 352
TAR-0344,PROD-0344,Jus de pomme bio 25 cl,FOUR-0001,NORMAND DIRECT TERROIR,1.98,unité,,,,0.055,2.0889,1.98,PU HT,Tarif 2026,TARIF FOURNISSEUR,Tarif et bon de commande 2026 – onglet « TARIF NORMAND DIRECT 2026 »,ligne 353
TAR-0345,PROD-0345,Jus de pomme bio 100 cl,FOUR-0001,NORMAND DIRECT TERROIR,3.85,unité,,,,0.055,4.0617,3.85,PU HT,Tarif 2026,TARIF FOURNISSEUR,Tarif et bon de commande 2026 – onglet « TARIF NORMAND DIRECT 2026 »,ligne 354
TAR-0346,PROD-0346,jus de pomme bio 300 cl bib,FOUR-0001,NORMAND DIRECT TERROIR,9.68,unité,,,,0.055,10.2124,9.68,PU HT,Tarif 2026,TARIF FOURNISSEUR,Tarif et bon de commande 2026 – onglet « TARIF NORMAND DIRECT 2026 »,ligne 355
TAR-0347,PROD-0347,Vinaigre de cidre bio 25 cl,FOUR-0001,NORMAND DIRECT TERROIR,4.07,unité,,,,0.055,4.2938,4.07,PU HT,Tarif 2026,TARIF FOURNISSEUR,Tarif et bon de commande 2026 – onglet « TARIF NORMAND DIRECT 2026 »,ligne 356
TAR-0348,PROD-0348,Vinaigre de cidre bio 50 cl,FOUR-0001,NORMAND DIRECT TERROIR,5.94,unité,,,,0.055,6.2667,5.94,PU HT,Tarif 2026,TARIF FOURNISSEUR,Tarif et bon de commande 2026 – onglet « TARIF NORMAND DIRECT 2026 »,ligne 357
TAR-0349,PROD-0349,"Jus de pomme Pétillant bio ""Prout"" 75cl NOUVEAU",FOUR-0001,NORMAND DIRECT TERROIR,3.52,unité,,,,0.055,3.7136,3.52,PU HT,Tarif 2026,TARIF FOURNISSEUR,Tarif et bon de commande 2026 – onglet « TARIF NORMAND DIRECT 2026 »,ligne 358
TAR-0350,PROD-0350,Cidre Cotentin extra brut 75 cl,FOUR-0001,NORMAND DIRECT TERROIR,3.8,unité,,,,0.2,4.56,3.8,PU HT,Tarif 2026,TARIF FOURNISSEUR,Tarif et bon de commande 2026 – onglet « TARIF NORMAND DIRECT 2026 »,ligne 359
TAR-0351,PROD-0351,Cidre Cotentin extra brut selection 75 cl,FOUR-0001,NORMAND DIRECT TERROIR,7.6,unité,,,,0.2,9.12,7.6,PU HT,Tarif 2026,TARIF FOURNISSEUR,Tarif et bon de commande 2026 – onglet « TARIF NORMAND DIRECT 2026 »,ligne 360
TAR-0352,PROD-0352,Cidre Cotentin brut 75 cl,FOUR-0001,NORMAND DIRECT TERROIR,3.8,unité,,,,0.2,4.56,3.8,PU HT,Tarif 2026,TARIF FOURNISSEUR,Tarif et bon de commande 2026 – onglet « TARIF NORMAND DIRECT 2026 »,ligne 361
TAR-0353,PROD-0353,Cidre Cotentin brut 33 cl,FOUR-0001,NORMAND DIRECT TERROIR,2.25,unité,,,,0.2,2.7,2.25,PU HT,Tarif 2026,TARIF FOURNISSEUR,Tarif et bon de commande 2026 – onglet « TARIF NORMAND DIRECT 2026 »,ligne 362
TAR-0354,PROD-0354,Cidre Cotentin demi-sec 75 cl,FOUR-0001,NORMAND DIRECT TERROIR,4.32,unité,,,,0.2,5.184,4.32,PU HT,Tarif 2026,TARIF FOURNISSEUR,Tarif et bon de commande 2026 – onglet « TARIF NORMAND DIRECT 2026 »,ligne 363
TAR-0355,PROD-0355,Cidre Cotentin doux 75 cl,FOUR-0001,NORMAND DIRECT TERROIR,3.6,unité,,,,0.2,4.32,3.6,PU HT,Tarif 2026,TARIF FOURNISSEUR,Tarif et bon de commande 2026 – onglet « TARIF NORMAND DIRECT 2026 »,ligne 364
TAR-0356,PROD-0356,Fine de Claids 35 cl 40°,FOUR-0001,NORMAND DIRECT TERROIR,18.0,unité,,,,0.2,21.6,18,PU HT,Tarif 2026,TARIF FOURNISSEUR,Tarif et bon de commande 2026 – onglet « TARIF NORMAND DIRECT 2026 »,ligne 365
TAR-0357,PROD-0357,Calvados 5 ans 35cl,FOUR-0001,NORMAND DIRECT TERROIR,18.1,unité,,,,0.2,21.72,18.1,PU HT,Tarif 2026,TARIF FOURNISSEUR,Tarif et bon de commande 2026 – onglet « TARIF NORMAND DIRECT 2026 »,ligne 366
TAR-0358,PROD-0358,Calvados 5 ans 70cl,FOUR-0001,NORMAND DIRECT TERROIR,27.0,unité,,,,0.2,32.4,27,PU HT,Tarif 2026,TARIF FOURNISSEUR,Tarif et bon de commande 2026 – onglet « TARIF NORMAND DIRECT 2026 »,ligne 367
TAR-0359,PROD-0359,Calvados 7 ans 70cl,FOUR-0001,NORMAND DIRECT TERROIR,28.5,unité,,,,0.2,34.2,28.5,PU HT,Tarif 2026,TARIF FOURNISSEUR,Tarif et bon de commande 2026 – onglet « TARIF NORMAND DIRECT 2026 »,ligne 368
TAR-0360,PROD-0360,Fine de Claids 70 cl 40°,FOUR-0001,NORMAND DIRECT TERROIR,30.2,unité,,,,0.2,36.24,30.2,PU HT,Tarif 2026,TARIF FOURNISSEUR,Tarif et bon de commande 2026 – onglet « TARIF NORMAND DIRECT 2026 »,ligne 369
TAR-0361,PROD-0361,Pommeau de Normandie 35 cl 17°,FOUR-0001,NORMAND DIRECT TERROIR,7.25,unité,,,,0.2,8.7,7.25,PU HT,Tarif 2026,TARIF FOURNISSEUR,Tarif et bon de commande 2026 – onglet « TARIF NORMAND DIRECT 2026 »,ligne 370
TAR-0362,PROD-0362,Pommeau de Normandie 70 cl 17°,FOUR-0001,NORMAND DIRECT TERROIR,11.35,unité,,,,0.2,13.62,11.35,PU HT,Tarif 2026,TARIF FOURNISSEUR,Tarif et bon de commande 2026 – onglet « TARIF NORMAND DIRECT 2026 »,ligne 371
TAR-0363,PROD-0363,Apéro Claids 70 cl 12°,FOUR-0001,NORMAND DIRECT TERROIR,10.35,unité,,,,0.2,12.42,10.35,PU HT,Tarif 2026,TARIF FOURNISSEUR,Tarif et bon de commande 2026 – onglet « TARIF NORMAND DIRECT 2026 »,ligne 372
TAR-0364,PROD-0364,"Liqueur 44 ""le chiffre Claids"" 35 cl 32°",FOUR-0001,NORMAND DIRECT TERROIR,16.2,unité,,,,0.2,19.44,16.2,PU HT,Tarif 2026,TARIF FOURNISSEUR,Tarif et bon de commande 2026 – onglet « TARIF NORMAND DIRECT 2026 »,ligne 373
TAR-0365,PROD-0365,"Liqueur 44 ""le chiffre Claids"" 70 cl 32°",FOUR-0001,NORMAND DIRECT TERROIR,25.5,unité,,,,0.2,30.6,25.5,PU HT,Tarif 2026,TARIF FOURNISSEUR,Tarif et bon de commande 2026 – onglet « TARIF NORMAND DIRECT 2026 »,ligne 374
TAR-0366,PROD-0366,"""Keys' Claids"" 70 cl 41°",FOUR-0001,NORMAND DIRECT TERROIR,38.33,unité,,,,0.2,45.996,38.33,PU HT,Tarif 2026,TARIF FOURNISSEUR,Tarif et bon de commande 2026 – onglet « TARIF NORMAND DIRECT 2026 »,ligne 375
TAR-0367,PROD-0367,Jus de pomme 100 cl,FOUR-0001,NORMAND DIRECT TERROIR,3.3,unité,,,,0.055,3.4815,3.3,PU HT,Tarif 2026,TARIF FOURNISSEUR,Tarif et bon de commande 2026 – onglet « TARIF NORMAND DIRECT 2026 »,ligne 376
TAR-0368,PROD-0368,Jus de pomme 25 cl,FOUR-0001,NORMAND DIRECT TERROIR,1.9,unité,,,,0.055,2.0045,1.9,PU HT,Tarif 2026,TARIF FOURNISSEUR,Tarif et bon de commande 2026 – onglet « TARIF NORMAND DIRECT 2026 »,ligne 377
TAR-0369,PROD-0369,Aigrette de Claids (vinaigre de cidre) 50 cl,FOUR-0001,NORMAND DIRECT TERROIR,3.15,unité,,,,0.055,3.3232,3.15,PU HT,Tarif 2026,TARIF FOURNISSEUR,Tarif et bon de commande 2026 – onglet « TARIF NORMAND DIRECT 2026 »,ligne 378
TAR-0370,PROD-0370,Crème de Calvados 70 cl,FOUR-0001,NORMAND DIRECT TERROIR,13.5,unité,,,,0.2,16.2,13.5,PU HT,Tarif 2026,TARIF FOURNISSEUR,Tarif et bon de commande 2026 – onglet « TARIF NORMAND DIRECT 2026 »,ligne 379
TAR-0371,PROD-0371,Crème de Calvados 35 cl,FOUR-0001,NORMAND DIRECT TERROIR,9.1,unité,,,,0.2,10.92,9.1,PU HT,Tarif 2026,TARIF FOURNISSEUR,Tarif et bon de commande 2026 – onglet « TARIF NORMAND DIRECT 2026 »,ligne 380
TAR-0372,PROD-0372,Liqueur 44 35 cl 40°,FOUR-0001,NORMAND DIRECT TERROIR,15.4,unité,,,,0.2,18.48,15.4,PU HT,Tarif 2026,TARIF FOURNISSEUR,Tarif et bon de commande 2026 – onglet « TARIF NORMAND DIRECT 2026 »,ligne 381
TAR-0373,PROD-0373,Bière blonde 33 cl / 24 Au prés de ma blonde,FOUR-0001,NORMAND DIRECT TERROIR,1.96,unité,,,,0.2,2.352,1.96,PU HT,Tarif 2026,TARIF FOURNISSEUR,Tarif et bon de commande 2026 – onglet « TARIF NORMAND DIRECT 2026 »,ligne 382
TAR-0374,PROD-0374,Bière blonde 75 cl / 9 Au prés de ma blonde,FOUR-0001,NORMAND DIRECT TERROIR,3.64,unité,,,,0.2,4.368,3.64,PU HT,Tarif 2026,TARIF FOURNISSEUR,Tarif et bon de commande 2026 – onglet « TARIF NORMAND DIRECT 2026 »,ligne 383
TAR-0375,PROD-0375,Bière ambrée 33 cl / 24 Ambrée du hameau,FOUR-0001,NORMAND DIRECT TERROIR,1.96,unité,,,,0.2,2.352,1.96,PU HT,Tarif 2026,TARIF FOURNISSEUR,Tarif et bon de commande 2026 – onglet « TARIF NORMAND DIRECT 2026 »,ligne 384
TAR-0376,PROD-0376,Bière ambrée 75 cl / 9 Ambrée du hameau,FOUR-0001,NORMAND DIRECT TERROIR,3.64,unité,,,,0.2,4.368,3.64,PU HT,Tarif 2026,TARIF FOURNISSEUR,Tarif et bon de commande 2026 – onglet « TARIF NORMAND DIRECT 2026 »,ligne 385
TAR-0377,PROD-0377,Bière blanche 33 cl / 24 La Caennette,FOUR-0001,NORMAND DIRECT TERROIR,1.96,unité,,,,0.2,2.352,1.96,PU HT,Tarif 2026,TARIF FOURNISSEUR,Tarif et bon de commande 2026 – onglet « TARIF NORMAND DIRECT 2026 »,ligne 386
TAR-0378,PROD-0378,Bière blanche 75 cl / 9 La Caennette,FOUR-0001,NORMAND DIRECT TERROIR,3.64,unité,,,,0.2,4.368,3.64,PU HT,Tarif 2026,TARIF FOURNISSEUR,Tarif et bon de commande 2026 – onglet « TARIF NORMAND DIRECT 2026 »,ligne 387
TAR-0379,PROD-0379,Bière brune 33 cl / 24 Quai des brune,FOUR-0001,NORMAND DIRECT TERROIR,1.96,unité,,,,0.2,2.352,1.96,PU HT,Tarif 2026,TARIF FOURNISSEUR,Tarif et bon de commande 2026 – onglet « TARIF NORMAND DIRECT 2026 »,ligne 388
TAR-0380,PROD-0380,Bière brune 75 cl / 9 Quai des brunes,FOUR-0001,NORMAND DIRECT TERROIR,3.64,unité,,,,0.2,4.368,3.64,PU HT,Tarif 2026,TARIF FOURNISSEUR,Tarif et bon de commande 2026 – onglet « TARIF NORMAND DIRECT 2026 »,ligne 389
TAR-0381,PROD-0381,Bière triple 33 cl / 24 Triple à la mode de Caen,FOUR-0001,NORMAND DIRECT TERROIR,2.01,unité,,,,0.2,2.412,2.01,PU HT,Tarif 2026,TARIF FOURNISSEUR,Tarif et bon de commande 2026 – onglet « TARIF NORMAND DIRECT 2026 »,ligne 390
TAR-0382,PROD-0382,Bière triple 75 cl / 9 Triple à la mode de Caen,FOUR-0001,NORMAND DIRECT TERROIR,3.8,unité,,,,0.2,4.56,3.8,PU HT,Tarif 2026,TARIF FOURNISSEUR,Tarif et bon de commande 2026 – onglet « TARIF NORMAND DIRECT 2026 »,ligne 391
TAR-0383,PROD-0383,Bière rousse Conté fleurette 33 cl / 24,FOUR-0001,NORMAND DIRECT TERROIR,1.96,unité,,,,0.2,2.352,1.96,PU HT,Tarif 2026,TARIF FOURNISSEUR,Tarif et bon de commande 2026 – onglet « TARIF NORMAND DIRECT 2026 »,ligne 392
TAR-0384,PROD-0384,Bière rousse Conté fleurette 75 cl / 9,FOUR-0001,NORMAND DIRECT TERROIR,3.64,unité,,,,0.2,4.368,3.64,PU HT,Tarif 2026,TARIF FOURNISSEUR,Tarif et bon de commande 2026 – onglet « TARIF NORMAND DIRECT 2026 »,ligne 393
TAR-0385,PROD-0385,Bière blonde Pale Ale  33 cl / 24 la Suisse Normande,FOUR-0001,NORMAND DIRECT TERROIR,1.96,unité,,,,0.2,2.352,1.96,PU HT,Tarif 2026,TARIF FOURNISSEUR,Tarif et bon de commande 2026 – onglet « TARIF NORMAND DIRECT 2026 »,ligne 394
TAR-0386,PROD-0386,Bière blonde Pale Ale  75 cl / 9 la Suisse Normande,FOUR-0001,NORMAND DIRECT TERROIR,3.64,unité,,,,0.2,4.368,3.64,PU HT,Tarif 2026,TARIF FOURNISSEUR,Tarif et bon de commande 2026 – onglet « TARIF NORMAND DIRECT 2026 »,ligne 395
TAR-0387,PROD-0387,Bière de Noel 33 cl / 24 ça sent le sapin,FOUR-0001,NORMAND DIRECT TERROIR,1.96,unité,,,,0.2,2.352,1.96,PU HT,Tarif 2026,TARIF FOURNISSEUR,Tarif et bon de commande 2026 – onglet « TARIF NORMAND DIRECT 2026 »,ligne 396
TAR-0388,PROD-0388,Bière de Noel 75 cl / 9 ça sent le sapin,FOUR-0001,NORMAND DIRECT TERROIR,3.64,unité,,,,0.2,4.368,3.64,PU HT,Tarif 2026,TARIF FOURNISSEUR,Tarif et bon de commande 2026 – onglet « TARIF NORMAND DIRECT 2026 »,ligne 397
TAR-0389,PROD-0389,Bière édition limité du moment 33 cl / 24,FOUR-0001,NORMAND DIRECT TERROIR,1.96,unité,,,,0.2,2.352,1.96,PU HT,Tarif 2026,TARIF FOURNISSEUR,Tarif et bon de commande 2026 – onglet « TARIF NORMAND DIRECT 2026 »,ligne 398
TAR-0390,PROD-0390,Bière édition limité du moment 75 cl / 9,FOUR-0001,NORMAND DIRECT TERROIR,3.64,unité,,,,0.2,4.368,3.64,PU HT,Tarif 2026,TARIF FOURNISSEUR,Tarif et bon de commande 2026 – onglet « TARIF NORMAND DIRECT 2026 »,ligne 399
TAR-0391,PROD-0391,Pack 6 bouteilles 33 cl,FOUR-0001,NORMAND DIRECT TERROIR,0.85,unité,,,,0.2,1.02,0.85,PU HT,Tarif 2026,TARIF FOURNISSEUR,Tarif et bon de commande 2026 – onglet « TARIF NORMAND DIRECT 2026 »,ligne 400
TAR-0392,PROD-0392,Pack 6 bouteilles 33 cl + 2 verres,FOUR-0001,NORMAND DIRECT TERROIR,1.16,unité,,,,0.2,1.392,1.16,PU HT,Tarif 2026,TARIF FOURNISSEUR,Tarif et bon de commande 2026 – onglet « TARIF NORMAND DIRECT 2026 »,ligne 401
TAR-0393,PROD-0393,Pack 3 bouteilles 75 cl,FOUR-0001,NORMAND DIRECT TERROIR,1.06,unité,,,,0.2,1.272,1.06,PU HT,Tarif 2026,TARIF FOURNISSEUR,Tarif et bon de commande 2026 – onglet « TARIF NORMAND DIRECT 2026 »,ligne 402
TAR-0394,PROD-0394,Pack 1 bouteilles 75 cl + 2 verres,FOUR-0001,NORMAND DIRECT TERROIR,1.12,unité,,,,0.2,1.344,1.12,PU HT,Tarif 2026,TARIF FOURNISSEUR,Tarif et bon de commande 2026 – onglet « TARIF NORMAND DIRECT 2026 »,ligne 403
TAR-0395,PROD-0395,Demi mètre craft logoté composé de 9 bières 33 cl,FOUR-0001,NORMAND DIRECT TERROIR,21.35,unité,,,,0.2,25.62,21.35,PU HT,Tarif 2026,TARIF FOURNISSEUR,Tarif et bon de commande 2026 – onglet « TARIF NORMAND DIRECT 2026 »,ligne 404
TAR-0396,PROD-0396,Pinte 50 cl Brasserie Lalie,FOUR-0001,NORMAND DIRECT TERROIR,2.38,unité,,,,0.2,2.856,2.38,PU HT,Tarif 2026,TARIF FOURNISSEUR,Tarif et bon de commande 2026 – onglet « TARIF NORMAND DIRECT 2026 »,ligne 405
TAR-0397,PROD-0397,Verre à bière Brasserie Lalie 25 cl,FOUR-0001,NORMAND DIRECT TERROIR,2.1,unité,,,,0.2,2.52,2.1,PU HT,Tarif 2026,TARIF FOURNISSEUR,Tarif et bon de commande 2026 – onglet « TARIF NORMAND DIRECT 2026 »,ligne 406
TAR-0398,PROD-0398,CONNIVENCE BLANC 75 cl  14° en coffret de 6,FOUR-0001,NORMAND DIRECT TERROIR,15.9,unité,,,,0.2,19.08,15.9,PU HT,Tarif 2026,TARIF FOURNISSEUR,Tarif et bon de commande 2026 – onglet « TARIF NORMAND DIRECT 2026 »,ligne 407
TAR-0399,PROD-0399,PINOT NOIR 50 CL rouge 12 ° en coffret de 6,FOUR-0001,NORMAND DIRECT TERROIR,8.8,unité,,,,0.2,10.56,8.8,PU HT,Tarif 2026,TARIF FOURNISSEUR,Tarif et bon de commande 2026 – onglet « TARIF NORMAND DIRECT 2026 »,ligne 408
TAR-0400,PROD-0400,PINOT NOIR magnum 150 CL rouge 12 ° en coffret de 3,FOUR-0001,NORMAND DIRECT TERROIR,28.75,unité,,,,0.2,34.5,28.75,PU HT,Tarif 2026,TARIF FOURNISSEUR,Tarif et bon de commande 2026 – onglet « TARIF NORMAND DIRECT 2026 »,ligne 409
TAR-0401,PROD-0401,AUXERROIS 50 CL blanc 12 °  en coffret de 6,FOUR-0001,NORMAND DIRECT TERROIR,6.75,unité,,,,0.2,8.1,6.75,PU HT,Tarif 2026,TARIF FOURNISSEUR,Tarif et bon de commande 2026 – onglet « TARIF NORMAND DIRECT 2026 »,ligne 410
TAR-0402,PROD-0402,PINOT Gris 50 CL en coffret de 6,FOUR-0001,NORMAND DIRECT TERROIR,8.8,unité,,,,0.2,10.56,8.8,PU HT,Tarif 2026,TARIF FOURNISSEUR,Tarif et bon de commande 2026 – onglet « TARIF NORMAND DIRECT 2026 »,ligne 411
TAR-0403,PROD-0403,AUXERROIS magnum 150 CL blanc 12 °  en coffret de 3,FOUR-0001,NORMAND DIRECT TERROIR,28.75,unité,,,,0.2,34.5,28.75,PU HT,Tarif 2026,TARIF FOURNISSEUR,Tarif et bon de commande 2026 – onglet « TARIF NORMAND DIRECT 2026 »,ligne 412
TAR-0404,PROD-0404,Gin 40° 70 cl   Echantillon gratuit pour 6 sur demande,FOUR-0001,NORMAND DIRECT TERROIR,23.25,unité,,,,0.2,27.9,23.25,PU HT,Tarif 2026,TARIF FOURNISSEUR,Tarif et bon de commande 2026 – onglet « TARIF NORMAND DIRECT 2026 »,ligne 413
TAR-0405,PROD-0405,Gin 40 ° 20 cl,FOUR-0001,NORMAND DIRECT TERROIR,9.4,unité,,,,0.2,11.28,9.4,PU HT,Tarif 2026,TARIF FOURNISSEUR,Tarif et bon de commande 2026 – onglet « TARIF NORMAND DIRECT 2026 »,ligne 414
TAR-0406,PROD-0406,Gin 40° 70 cl   Concombre-basilic-pomme Echantillon gratuit sur demande,FOUR-0001,NORMAND DIRECT TERROIR,23.25,unité,,,,0.2,27.9,23.25,PU HT,Tarif 2026,TARIF FOURNISSEUR,Tarif et bon de commande 2026 – onglet « TARIF NORMAND DIRECT 2026 »,ligne 415
TAR-0407,PROD-0407,Gin fusion  21 ° Rhubarbe Menthe 50 cl,FOUR-0001,NORMAND DIRECT TERROIR,13.8,unité,,,,0.2,16.56,13.8,PU HT,Tarif 2026,TARIF FOURNISSEUR,Tarif et bon de commande 2026 – onglet « TARIF NORMAND DIRECT 2026 »,ligne 416
TAR-0408,PROD-0408,Gin fusion 21° Framboise Hibiscus 50 cl,FOUR-0001,NORMAND DIRECT TERROIR,13.8,unité,,,,0.2,16.56,13.8,PU HT,Tarif 2026,TARIF FOURNISSEUR,Tarif et bon de commande 2026 – onglet « TARIF NORMAND DIRECT 2026 »,ligne 417
TAR-0409,PROD-0409,Vodka 40° 70 cl  Echantillon gratuit pour 6 sur demande,FOUR-0001,NORMAND DIRECT TERROIR,20.7,unité,,,,0.2,24.84,20.7,PU HT,Tarif 2026,TARIF FOURNISSEUR,Tarif et bon de commande 2026 – onglet « TARIF NORMAND DIRECT 2026 »,ligne 418
TAR-0410,PROD-0410,Vodka Normande 40° 20 cl,FOUR-0001,NORMAND DIRECT TERROIR,9.4,unité,,,,0.2,11.28,9.4,PU HT,Tarif 2026,TARIF FOURNISSEUR,Tarif et bon de commande 2026 – onglet « TARIF NORMAND DIRECT 2026 »,ligne 419
TAR-0411,PROD-0411,Liqueur de café Cold brew 25° 70 cl Echantillon gratuit pour 6 sur demande,FOUR-0001,NORMAND DIRECT TERROIR,19.5,unité,,,,0.2,23.4,19.5,PU HT,Tarif 2026,TARIF FOURNISSEUR,Tarif et bon de commande 2026 – onglet « TARIF NORMAND DIRECT 2026 »,ligne 420
TAR-0412,PROD-0412,Liqueur de café Cold brew 25° 20 cl,FOUR-0001,NORMAND DIRECT TERROIR,8.5,unité,,,,0.2,10.2,8.5,PU HT,Tarif 2026,TARIF FOURNISSEUR,Tarif et bon de commande 2026 – onglet « TARIF NORMAND DIRECT 2026 »,ligne 421
TAR-0413,PROD-0413,Limoncello 50 cl Liqueur de citron Echantillon gratuit pour 6 sur demande,FOUR-0001,NORMAND DIRECT TERROIR,14.6,unité,,,,0.2,17.52,14.6,PU HT,Tarif 2026,TARIF FOURNISSEUR,Tarif et bon de commande 2026 – onglet « TARIF NORMAND DIRECT 2026 »,ligne 422
TAR-0414,PROD-0414,"Rhum botanique ""Jardin à l'Anglaise"" 70 cl 40° Nouveau design",FOUR-0001,NORMAND DIRECT TERROIR,24.85,unité,,,,0.2,29.82,24.85,PU HT,Tarif 2026,TARIF FOURNISSEUR,Tarif et bon de commande 2026 – onglet « TARIF NORMAND DIRECT 2026 »,ligne 423
TAR-0415,PROD-0415,"Rhum botanique ""Le chaleureux"" 70 cl 40° Nouveau design",FOUR-0001,NORMAND DIRECT TERROIR,24.85,unité,,,,0.2,29.82,24.85,PU HT,Tarif 2026,TARIF FOURNISSEUR,Tarif et bon de commande 2026 – onglet « TARIF NORMAND DIRECT 2026 »,ligne 424
TAR-0416,PROD-0416,"Les singuliers ""Cask finish"" 50 cl",FOUR-0001,NORMAND DIRECT TERROIR,19.0,unité,,,,0.2,22.8,19,PU HT,Tarif 2026,TARIF FOURNISSEUR,Tarif et bon de commande 2026 – onglet « TARIF NORMAND DIRECT 2026 »,ligne 425
TAR-0417,PROD-0417,"Coffret 3 X 20 cl Gin, Vodka et Cold brew,",FOUR-0001,NORMAND DIRECT TERROIR,33.35,unité,,,,0.2,40.02,33.35,PU HT,Tarif 2026,TARIF FOURNISSEUR,Tarif et bon de commande 2026 – onglet « TARIF NORMAND DIRECT 2026 »,ligne 426
TAR-0418,PROD-0418,PASTIS du verger Echantillon gratuit pour 6 sur demande,FOUR-0001,NORMAND DIRECT TERROIR,19.3,unité,,,,0.2,23.16,19.3,PU HT,Tarif 2026,TARIF FOURNISSEUR,Tarif et bon de commande 2026 – onglet « TARIF NORMAND DIRECT 2026 »,ligne 427
TAR-0419,PROD-0419,Savon Bebe hypoallergenique beurre karité,FOUR-0001,NORMAND DIRECT TERROIR,3.5,unité,,,,0.2,4.2,3.5,PU HT,Tarif 2026,TARIF FOURNISSEUR,Tarif et bon de commande 2026 – onglet « TARIF NORMAND DIRECT 2026 »,ligne 428
TAR-0420,PROD-0420,"Lait démaquillant parfum ""fleur de pommier""",FOUR-0001,NORMAND DIRECT TERROIR,8.5,unité,,,,0.2,10.2,8.5,PU HT,Tarif 2026,TARIF FOURNISSEUR,Tarif et bon de commande 2026 – onglet « TARIF NORMAND DIRECT 2026 »,ligne 429
TAR-0421,PROD-0421,Savon 100 grs lait,FOUR-0001,NORMAND DIRECT TERROIR,2.9,unité,,,,0.2,3.48,2.9,PU HT,Tarif 2026,TARIF FOURNISSEUR,Tarif et bon de commande 2026 – onglet « TARIF NORMAND DIRECT 2026 »,ligne 430
TAR-0422,PROD-0422,Savon 100 grs amande douce,FOUR-0001,NORMAND DIRECT TERROIR,2.9,unité,,,,0.2,3.48,2.9,PU HT,Tarif 2026,TARIF FOURNISSEUR,Tarif et bon de commande 2026 – onglet « TARIF NORMAND DIRECT 2026 »,ligne 431
TAR-0423,PROD-0423,Savon 100 grs chèvrefeuille,FOUR-0001,NORMAND DIRECT TERROIR,2.9,unité,,,,0.2,3.48,2.9,PU HT,Tarif 2026,TARIF FOURNISSEUR,Tarif et bon de commande 2026 – onglet « TARIF NORMAND DIRECT 2026 »,ligne 432
TAR-0424,PROD-0424,Savon 100 grs miel,FOUR-0001,NORMAND DIRECT TERROIR,2.9,unité,,,,0.2,3.48,2.9,PU HT,Tarif 2026,TARIF FOURNISSEUR,Tarif et bon de commande 2026 – onglet « TARIF NORMAND DIRECT 2026 »,ligne 433
TAR-0425,PROD-0425,Savon 100 grs thé,FOUR-0001,NORMAND DIRECT TERROIR,2.9,unité,,,,0.2,3.48,2.9,PU HT,Tarif 2026,TARIF FOURNISSEUR,Tarif et bon de commande 2026 – onglet « TARIF NORMAND DIRECT 2026 »,ligne 434
TAR-0426,PROD-0426,Savon 100 grs marine,FOUR-0001,NORMAND DIRECT TERROIR,2.9,unité,,,,0.2,3.48,2.9,PU HT,Tarif 2026,TARIF FOURNISSEUR,Tarif et bon de commande 2026 – onglet « TARIF NORMAND DIRECT 2026 »,ligne 435
TAR-0427,PROD-0427,Savon 100 grs rose,FOUR-0001,NORMAND DIRECT TERROIR,2.9,unité,,,,0.2,3.48,2.9,PU HT,Tarif 2026,TARIF FOURNISSEUR,Tarif et bon de commande 2026 – onglet « TARIF NORMAND DIRECT 2026 »,ligne 436
TAR-0428,PROD-0428,Savon 100 grs fleur de pommier,FOUR-0001,NORMAND DIRECT TERROIR,2.9,unité,,,,0.2,3.48,2.9,PU HT,Tarif 2026,TARIF FOURNISSEUR,Tarif et bon de commande 2026 – onglet « TARIF NORMAND DIRECT 2026 »,ligne 437
TAR-0429,PROD-0429,Bain douche 250 ml lait,FOUR-0001,NORMAND DIRECT TERROIR,7.7,unité,,,,0.2,9.24,7.7,PU HT,Tarif 2026,TARIF FOURNISSEUR,Tarif et bon de commande 2026 – onglet « TARIF NORMAND DIRECT 2026 »,ligne 438
TAR-0430,PROD-0430,Bain douche 250 ml amande douce,FOUR-0001,NORMAND DIRECT TERROIR,7.7,unité,,,,0.2,9.24,7.7,PU HT,Tarif 2026,TARIF FOURNISSEUR,Tarif et bon de commande 2026 – onglet « TARIF NORMAND DIRECT 2026 »,ligne 439
TAR-0431,PROD-0431,Bain douche 250 ml thé blanc,FOUR-0001,NORMAND DIRECT TERROIR,7.7,unité,,,,0.2,9.24,7.7,PU HT,Tarif 2026,TARIF FOURNISSEUR,Tarif et bon de commande 2026 – onglet « TARIF NORMAND DIRECT 2026 »,ligne 440
TAR-0432,PROD-0432,Bain douche 250 ml marine,FOUR-0001,NORMAND DIRECT TERROIR,7.7,unité,,,,0.2,9.24,7.7,PU HT,Tarif 2026,TARIF FOURNISSEUR,Tarif et bon de commande 2026 – onglet « TARIF NORMAND DIRECT 2026 »,ligne 441
TAR-0433,PROD-0433,Bain douche 250 ml chèvrefeuille,FOUR-0001,NORMAND DIRECT TERROIR,7.7,unité,,,,0.2,9.24,7.7,PU HT,Tarif 2026,TARIF FOURNISSEUR,Tarif et bon de commande 2026 – onglet « TARIF NORMAND DIRECT 2026 »,ligne 442
TAR-0434,PROD-0434,Bain douche 250 ml avoine,FOUR-0001,NORMAND DIRECT TERROIR,7.7,unité,,,,0.2,9.24,7.7,PU HT,Tarif 2026,TARIF FOURNISSEUR,Tarif et bon de commande 2026 – onglet « TARIF NORMAND DIRECT 2026 »,ligne 443
TAR-0435,PROD-0435,Bain douche 250 ml fleur de pommier,FOUR-0001,NORMAND DIRECT TERROIR,7.7,unité,,,,0.2,9.24,7.7,PU HT,Tarif 2026,TARIF FOURNISSEUR,Tarif et bon de commande 2026 – onglet « TARIF NORMAND DIRECT 2026 »,ligne 444
TAR-0436,PROD-0436,Shampoing 200 ml,FOUR-0001,NORMAND DIRECT TERROIR,7.8,unité,,,,0.2,9.36,7.8,PU HT,Tarif 2026,TARIF FOURNISSEUR,Tarif et bon de commande 2026 – onglet « TARIF NORMAND DIRECT 2026 »,ligne 445
TAR-0437,PROD-0437,Crème hydratante 50 ml,FOUR-0001,NORMAND DIRECT TERROIR,11.3,unité,,,,0.2,13.56,11.3,PU HT,Tarif 2026,TARIF FOURNISSEUR,Tarif et bon de commande 2026 – onglet « TARIF NORMAND DIRECT 2026 »,ligne 446
TAR-0438,PROD-0438,Crème antiride 50 ml,FOUR-0001,NORMAND DIRECT TERROIR,12.8,unité,,,,0.2,15.36,12.8,PU HT,Tarif 2026,TARIF FOURNISSEUR,Tarif et bon de commande 2026 – onglet « TARIF NORMAND DIRECT 2026 »,ligne 447
TAR-0439,PROD-0439,Lait corporel 200 ml,FOUR-0001,NORMAND DIRECT TERROIR,13.7,unité,,,,0.2,16.44,13.7,PU HT,Tarif 2026,TARIF FOURNISSEUR,Tarif et bon de commande 2026 – onglet « TARIF NORMAND DIRECT 2026 »,ligne 448
TAR-0440,PROD-0440,Crème pieds 50 ml,FOUR-0001,NORMAND DIRECT TERROIR,8.45,unité,,,,0.2,10.14,8.45,PU HT,Tarif 2026,TARIF FOURNISSEUR,Tarif et bon de commande 2026 – onglet « TARIF NORMAND DIRECT 2026 »,ligne 449
TAR-0441,PROD-0441,Crème main 50 ml,FOUR-0001,NORMAND DIRECT TERROIR,8.45,unité,,,,0.2,10.14,8.45,PU HT,Tarif 2026,TARIF FOURNISSEUR,Tarif et bon de commande 2026 – onglet « TARIF NORMAND DIRECT 2026 »,ligne 450
TAR-0442,PROD-0442,Miel de Fleurs de Normandie 250gr,FOUR-0001,NORMAND DIRECT TERROIR,4.25,unité,,,,0.055,4.4837,4.25,PU HT,Tarif 2026,TARIF FOURNISSEUR,Tarif et bon de commande 2026 – onglet « TARIF NORMAND DIRECT 2026 »,ligne 451
TAR-0443,PROD-0443,Miel de Fleurs de Normandie 500gr,FOUR-0001,NORMAND DIRECT TERROIR,6.3,unité,,,,0.055,6.6465,6.3,PU HT,Tarif 2026,TARIF FOURNISSEUR,Tarif et bon de commande 2026 – onglet « TARIF NORMAND DIRECT 2026 »,ligne 452
TAR-0444,PROD-0444,Miel d'Acacia 250gr,FOUR-0001,NORMAND DIRECT TERROIR,5.8,unité,,,,0.055,6.119,5.8,PU HT,Tarif 2026,TARIF FOURNISSEUR,Tarif et bon de commande 2026 – onglet « TARIF NORMAND DIRECT 2026 »,ligne 453
TAR-0445,PROD-0445,Miel d'Acacia 500gr,FOUR-0001,NORMAND DIRECT TERROIR,9.4,unité,,,,0.055,9.917,9.4,PU HT,Tarif 2026,TARIF FOURNISSEUR,Tarif et bon de commande 2026 – onglet « TARIF NORMAND DIRECT 2026 »,ligne 454
TAR-0446,PROD-0446,Miel de Tilleul 250gr,FOUR-0001,NORMAND DIRECT TERROIR,5.8,unité,,,,0.055,6.119,5.8,PU HT,Tarif 2026,TARIF FOURNISSEUR,Tarif et bon de commande 2026 – onglet « TARIF NORMAND DIRECT 2026 »,ligne 455
TAR-0447,PROD-0447,Miel de Tilleul 500gr,FOUR-0001,NORMAND DIRECT TERROIR,9.4,unité,,,,0.055,9.917,9.4,PU HT,Tarif 2026,TARIF FOURNISSEUR,Tarif et bon de commande 2026 – onglet « TARIF NORMAND DIRECT 2026 »,ligne 456
TAR-0448,PROD-0448,Miel de Chataigner 250gr,FOUR-0001,NORMAND DIRECT TERROIR,5.8,unité,,,,0.055,6.119,5.8,PU HT,Tarif 2026,TARIF FOURNISSEUR,Tarif et bon de commande 2026 – onglet « TARIF NORMAND DIRECT 2026 »,ligne 457
TAR-0449,PROD-0449,Miel de Chataigner 500gr,FOUR-0001,NORMAND DIRECT TERROIR,9.4,unité,,,,0.055,9.917,9.4,PU HT,Tarif 2026,TARIF FOURNISSEUR,Tarif et bon de commande 2026 – onglet « TARIF NORMAND DIRECT 2026 »,ligne 458
TAR-0450,PROD-0450,Miel de Foret 250gr,FOUR-0001,NORMAND DIRECT TERROIR,5.8,unité,,,,0.055,6.119,5.8,PU HT,Tarif 2026,TARIF FOURNISSEUR,Tarif et bon de commande 2026 – onglet « TARIF NORMAND DIRECT 2026 »,ligne 459
TAR-0451,PROD-0451,Miel de Foret 500gr,FOUR-0001,NORMAND DIRECT TERROIR,9.4,unité,,,,0.055,9.917,9.4,PU HT,Tarif 2026,TARIF FOURNISSEUR,Tarif et bon de commande 2026 – onglet « TARIF NORMAND DIRECT 2026 »,ligne 460
TAR-0452,PROD-0452,Pain D'épices Nature 100gr,FOUR-0001,NORMAND DIRECT TERROIR,1.9,unité,,,,À CONFIRMER,,1.9,PU HT,Tarif 2026,TARIF FOURNISSEUR,Tarif et bon de commande 2026 – onglet « TARIF NORMAND DIRECT 2026 »,ligne 461
TAR-0453,PROD-0453,Pain D'épices Nature 250gr,FOUR-0001,NORMAND DIRECT TERROIR,3.8,unité,,,,0.055,4.009,3.8,PU HT,Tarif 2026,TARIF FOURNISSEUR,Tarif et bon de commande 2026 – onglet « TARIF NORMAND DIRECT 2026 »,ligne 462
TAR-0454,PROD-0454,Pain D'épices aux pépites de Chocolats  250gr,FOUR-0001,NORMAND DIRECT TERROIR,3.95,unité,,,,0.055,4.1673,3.95,PU HT,Tarif 2026,TARIF FOURNISSEUR,Tarif et bon de commande 2026 – onglet « TARIF NORMAND DIRECT 2026 »,ligne 463
TAR-0455,PROD-0455,Pain D'épices aux éclats de Noix  250gr,FOUR-0001,NORMAND DIRECT TERROIR,3.95,unité,,,,0.055,4.1673,3.95,PU HT,Tarif 2026,TARIF FOURNISSEUR,Tarif et bon de commande 2026 – onglet « TARIF NORMAND DIRECT 2026 »,ligne 464
TAR-0456,PROD-0456,Pain D'épices aux écorces d'Oranges  250gr,FOUR-0001,NORMAND DIRECT TERROIR,3.95,unité,,,,0.055,4.1673,3.95,PU HT,Tarif 2026,TARIF FOURNISSEUR,Tarif et bon de commande 2026 – onglet « TARIF NORMAND DIRECT 2026 »,ligne 465
TAR-0457,PROD-0457,Pain D'épices aux Figues 250gr (fin d'année),FOUR-0001,NORMAND DIRECT TERROIR,3.95,unité,,,,0.055,4.1673,3.95,PU HT,Tarif 2026,TARIF FOURNISSEUR,Tarif et bon de commande 2026 – onglet « TARIF NORMAND DIRECT 2026 »,ligne 466
TAR-0458,PROD-0458,Hydromel 75cl (fait a façon),FOUR-0001,NORMAND DIRECT TERROIR,11.1,unité,,,,0.055,11.7105,11.1,PU HT,Tarif 2026,TARIF FOURNISSEUR,Tarif et bon de commande 2026 – onglet « TARIF NORMAND DIRECT 2026 »,ligne 467
TAR-0459,PROD-0459,Vinaigre de Miel 50cl (fait a façon),FOUR-0001,NORMAND DIRECT TERROIR,5.95,unité,,,,0.055,6.2772,5.95,PU HT,Tarif 2026,TARIF FOURNISSEUR,Tarif et bon de commande 2026 – onglet « TARIF NORMAND DIRECT 2026 »,ligne 468
TAR-0460,PROD-0460,Bonbons au Miel 250gr,FOUR-0001,NORMAND DIRECT TERROIR,3.75,unité,,,,0.2,4.5,3.75,PU HT,Tarif 2026,TARIF FOURNISSEUR,Tarif et bon de commande 2026 – onglet « TARIF NORMAND DIRECT 2026 »,ligne 469
TAR-0461,PROD-0461,Bonbons au Miel et Eucalyptus 250gr,FOUR-0001,NORMAND DIRECT TERROIR,3.75,unité,,,,0.2,4.5,3.75,PU HT,Tarif 2026,TARIF FOURNISSEUR,Tarif et bon de commande 2026 – onglet « TARIF NORMAND DIRECT 2026 »,ligne 470
TAR-0462,PROD-0462,Bonbons au Miel et Sève de Pin 250gr,FOUR-0001,NORMAND DIRECT TERROIR,3.75,unité,,,,0.2,4.5,3.75,PU HT,Tarif 2026,TARIF FOURNISSEUR,Tarif et bon de commande 2026 – onglet « TARIF NORMAND DIRECT 2026 »,ligne 471
TAR-0463,PROD-0463,Bonbons Fourrés au Miel 250gr,FOUR-0001,NORMAND DIRECT TERROIR,4.0,unité,,,,0.2,4.8,4,PU HT,Tarif 2026,TARIF FOURNISSEUR,Tarif et bon de commande 2026 – onglet « TARIF NORMAND DIRECT 2026 »,ligne 472
TAR-0464,PROD-0464,Bonbons berlingot au Miel 150gr,FOUR-0001,NORMAND DIRECT TERROIR,3.2,unité,,,,0.2,3.84,3.2,PU HT,Tarif 2026,TARIF FOURNISSEUR,Tarif et bon de commande 2026 – onglet « TARIF NORMAND DIRECT 2026 »,ligne 473
TAR-0465,PROD-0465,Nougat tendre Amandes Noisettes 100gr,FOUR-0001,NORMAND DIRECT TERROIR,4.0,unité,,,,0.2,4.8,4,PU HT,Tarif 2026,TARIF FOURNISSEUR,Tarif et bon de commande 2026 – onglet « TARIF NORMAND DIRECT 2026 »,ligne 474
TAR-0466,PROD-0466,Nougat tendre Amandes Noisettes Pistaches 100gr,FOUR-0001,NORMAND DIRECT TERROIR,4.4,unité,,,,0.2,5.28,4.4,PU HT,Tarif 2026,TARIF FOURNISSEUR,Tarif et bon de commande 2026 – onglet « TARIF NORMAND DIRECT 2026 »,ligne 475
TAR-0467,PROD-0467,Nougat tendre Amandes Noisettes M&M's 100gr,FOUR-0001,NORMAND DIRECT TERROIR,4.4,unité,,,,0.2,5.28,4.4,PU HT,Tarif 2026,TARIF FOURNISSEUR,Tarif et bon de commande 2026 – onglet « TARIF NORMAND DIRECT 2026 »,ligne 476
TAR-0468,PROD-0468,Nougat tendre Noix de Pécan Caramel beurre salé 100gr,FOUR-0001,NORMAND DIRECT TERROIR,4.4,unité,,,,0.2,5.28,4.4,PU HT,Tarif 2026,TARIF FOURNISSEUR,Tarif et bon de commande 2026 – onglet « TARIF NORMAND DIRECT 2026 »,ligne 477
TAR-0469,PROD-0469,Bouchées Nougat tendre 100gr emballage individuel,FOUR-0001,NORMAND DIRECT TERROIR,4.9,unité,,,,0.2,5.88,4.9,PU HT,Tarif 2026,TARIF FOURNISSEUR,Tarif et bon de commande 2026 – onglet « TARIF NORMAND DIRECT 2026 »,ligne 478
TAR-0470,PROD-0470,Bouchées Nougat tendre emballage individuel EN VRAC,FOUR-0001,NORMAND DIRECT TERROIR,45.5,kilogramme,45.5,,,0.2,54.6,"45,50€/kg",PU HT,Tarif 2026,TARIF FOURNISSEUR,Tarif et bon de commande 2026 – onglet « TARIF NORMAND DIRECT 2026 »,ligne 479
TAR-0471,PROD-0471,"Balsamique de pommes ""onctueux""  20cl",FOUR-0001,NORMAND DIRECT TERROIR,11.6,unité,,,,0.055,12.238,11.6,PU HT,Tarif 2026,TARIF FOURNISSEUR,Tarif et bon de commande 2026 – onglet « TARIF NORMAND DIRECT 2026 »,ligne 480
TAR-0472,PROD-0472,"Cidre de Glace 37,5cl 12%",FOUR-0001,NORMAND DIRECT TERROIR,14.3,unité,,,,0.2,17.16,14.3,PU HT,Tarif 2026,TARIF FOURNISSEUR,Tarif et bon de commande 2026 – onglet « TARIF NORMAND DIRECT 2026 »,ligne 481
TAR-0473,PROD-0473,Saucisson sec nature env 225gr,FOUR-0001,NORMAND DIRECT TERROIR,6.35,unité,,,,0.055,6.6992,6.35,PU HT,Tarif 2026,TARIF FOURNISSEUR,Tarif et bon de commande 2026 – onglet « TARIF NORMAND DIRECT 2026 »,ligne 482
TAR-0474,PROD-0474,Saucisson épices vin rouge env 225gr,FOUR-0001,NORMAND DIRECT TERROIR,6.95,unité,,,,0.055,7.3323,6.95,PU HT,Tarif 2026,TARIF FOURNISSEUR,Tarif et bon de commande 2026 – onglet « TARIF NORMAND DIRECT 2026 »,ligne 483
TAR-0475,PROD-0475,Chorisson env 225gr,FOUR-0001,NORMAND DIRECT TERROIR,7.5,unité,,,,0.055,7.9125,7.5,PU HT,Tarif 2026,TARIF FOURNISSEUR,Tarif et bon de commande 2026 – onglet « TARIF NORMAND DIRECT 2026 »,ligne 484
TAR-0476,PROD-0476,Cœur de roti (COPPA) env 200gr,FOUR-0001,NORMAND DIRECT TERROIR,7.98,unité,,,,0.055,8.4189,7.98,PU HT,Tarif 2026,TARIF FOURNISSEUR,Tarif et bon de commande 2026 – onglet « TARIF NORMAND DIRECT 2026 »,ligne 485
TAR-0477,PROD-0477,Noix de roti (LONZU) env 200gr,FOUR-0001,NORMAND DIRECT TERROIR,7.98,unité,,,,0.055,8.4189,7.98,PU HT,Tarif 2026,TARIF FOURNISSEUR,Tarif et bon de commande 2026 – onglet « TARIF NORMAND DIRECT 2026 »,ligne 486
TAR-0478,PROD-0478,Bœuf Normand séché env 200gr,FOUR-0001,NORMAND DIRECT TERROIR,13.7,unité,,,,0.055,14.4535,13.7,PU HT,Tarif 2026,TARIF FOURNISSEUR,Tarif et bon de commande 2026 – onglet « TARIF NORMAND DIRECT 2026 »,ligne 487
TAR-0479,PROD-0479,Gorge de porc séché facon Guanciale env 200gr,FOUR-0001,NORMAND DIRECT TERROIR,7.98,unité,,,,0.055,8.4189,7.98,PU HT,Tarif 2026,TARIF FOURNISSEUR,Tarif et bon de commande 2026 – onglet « TARIF NORMAND DIRECT 2026 »,ligne 488
TAR-0480,PROD-0480,Saucisse seche env 175gr,FOUR-0001,NORMAND DIRECT TERROIR,6.47,unité,,,,0.055,6.8258,6.47,PU HT,Tarif 2026,TARIF FOURNISSEUR,Tarif et bon de commande 2026 – onglet « TARIF NORMAND DIRECT 2026 »,ligne 489
TAR-0481,PROD-0482,Beurre de Cacahuètes Nature 300g,FOUR-0001,NORMAND DIRECT TERROIR,4.08,unité,,,,0.055,4.3044,4.08,PU HT,Tarif 2026,TARIF FOURNISSEUR,Tarif et bon de commande 2026 – onglet « TARIF NORMAND DIRECT 2026 »,ligne 491
TAR-0482,PROD-0483,"Beurre de Cacahuètes ""Crunchy"" 300g",FOUR-0001,NORMAND DIRECT TERROIR,4.08,unité,,,,0.055,4.3044,4.08,PU HT,Tarif 2026,TARIF FOURNISSEUR,Tarif et bon de commande 2026 – onglet « TARIF NORMAND DIRECT 2026 »,ligne 492
TAR-0483,PROD-0484,"Beurre de Cacahuètes ""Chouchou"" 300g",FOUR-0001,NORMAND DIRECT TERROIR,4.08,unité,,,,0.055,4.3044,4.08,PU HT,Tarif 2026,TARIF FOURNISSEUR,Tarif et bon de commande 2026 – onglet « TARIF NORMAND DIRECT 2026 »,ligne 493
TAR-0484,PROD-0485,Beurre 100% Cacahuetes sans sucre ajouté 300g,FOUR-0001,NORMAND DIRECT TERROIR,4.08,unité,,,,0.055,4.3044,4.08,PU HT,Tarif 2026,TARIF FOURNISSEUR,Tarif et bon de commande 2026 – onglet « TARIF NORMAND DIRECT 2026 »,ligne 494
TAR-0485,PROD-0486,Moscow Mule 70cl 16%,FOUR-0001,NORMAND DIRECT TERROIR,12.6,unité,,,,0.2,15.12,12.6,PU HT,Tarif 2026,TARIF FOURNISSEUR,Tarif et bon de commande 2026 – onglet « TARIF NORMAND DIRECT 2026 »,ligne 495
TAR-0486,PROD-0487,Pornstar Martini 70cl 16%,FOUR-0001,NORMAND DIRECT TERROIR,12.6,unité,,,,0.2,15.12,12.6,PU HT,Tarif 2026,TARIF FOURNISSEUR,Tarif et bon de commande 2026 – onglet « TARIF NORMAND DIRECT 2026 »,ligne 496
TAR-0487,PROD-0488,Espresso Martini 70cl 16%,FOUR-0001,NORMAND DIRECT TERROIR,12.6,unité,,,,0.2,15.12,12.6,PU HT,Tarif 2026,TARIF FOURNISSEUR,Tarif et bon de commande 2026 – onglet « TARIF NORMAND DIRECT 2026 »,ligne 497
TAR-0488,PROD-0489,Sex on the Beach 70cl 16%,FOUR-0001,NORMAND DIRECT TERROIR,12.6,unité,,,,0.2,15.12,12.6,PU HT,Tarif 2026,TARIF FOURNISSEUR,Tarif et bon de commande 2026 – onglet « TARIF NORMAND DIRECT 2026 »,ligne 498
TAR-0489,PROD-0490,Cosmopolitan 70cl 16%,FOUR-0001,NORMAND DIRECT TERROIR,12.6,unité,,,,0.2,15.12,12.6,PU HT,Tarif 2026,TARIF FOURNISSEUR,Tarif et bon de commande 2026 – onglet « TARIF NORMAND DIRECT 2026 »,ligne 499
TAR-0490,PROD-0491,American Plum Sour 70cl 16%,FOUR-0001,NORMAND DIRECT TERROIR,12.6,unité,,,,0.2,15.12,12.6,PU HT,Tarif 2026,TARIF FOURNISSEUR,Tarif et bon de commande 2026 – onglet « TARIF NORMAND DIRECT 2026 »,ligne 500
TAR-0491,PROD-0492,"Vodka Arrangée Mangue Abricot 70cl 16,2%",FOUR-0001,NORMAND DIRECT TERROIR,18.9,unité,,,,0.2,22.68,18.9,PU HT,Tarif 2026,TARIF FOURNISSEUR,Tarif et bon de commande 2026 – onglet « TARIF NORMAND DIRECT 2026 »,ligne 501
TAR-0492,PROD-0493,"Vodka Arrangée Romarin Pamplemousse 70cl 16,2%",FOUR-0001,NORMAND DIRECT TERROIR,18.9,unité,,,,0.2,22.68,18.9,PU HT,Tarif 2026,TARIF FOURNISSEUR,Tarif et bon de commande 2026 – onglet « TARIF NORMAND DIRECT 2026 »,ligne 502
TAR-0493,PROD-0494,"Vodka Arrangée Rhubarbe Sichuan 70cl 16,2%",FOUR-0001,NORMAND DIRECT TERROIR,18.9,unité,,,,0.2,22.68,18.9,PU HT,Tarif 2026,TARIF FOURNISSEUR,Tarif et bon de commande 2026 – onglet « TARIF NORMAND DIRECT 2026 »,ligne 503
TAR-0494,PROD-0495,"Vodka Arrangée Banane Vanille 70cl 16,2%",FOUR-0001,NORMAND DIRECT TERROIR,18.9,unité,,,,0.2,22.68,18.9,PU HT,Tarif 2026,TARIF FOURNISSEUR,Tarif et bon de commande 2026 – onglet « TARIF NORMAND DIRECT 2026 »,ligne 504
TAR-0495,PROD-0496,Petite boite ronde 90gr,FOUR-0001,NORMAND DIRECT TERROIR,5.55,unité,,,,0.055,5.8552,5.55,PU HT,Tarif 2026,TARIF FOURNISSEUR,Tarif et bon de commande 2026 – onglet « TARIF NORMAND DIRECT 2026 »,ligne 505
TAR-0496,PROD-0497,Grande boite ronde 150gr,FOUR-0001,NORMAND DIRECT TERROIR,8.35,unité,,,,0.055,8.8092,8.35,PU HT,Tarif 2026,TARIF FOURNISSEUR,Tarif et bon de commande 2026 – onglet « TARIF NORMAND DIRECT 2026 »,ligne 506
TAR-0497,PROD-0498,Sachet Kraft 100gr,FOUR-0001,NORMAND DIRECT TERROIR,5.55,unité,,,,0.055,5.8552,5.55,PU HT,Tarif 2026,TARIF FOURNISSEUR,Tarif et bon de commande 2026 – onglet « TARIF NORMAND DIRECT 2026 »,ligne 507
TAR-0498,PROD-0499,Boite prestige 200gr,FOUR-0001,NORMAND DIRECT TERROIR,14.36,unité,,,,0.055,15.1498,14.36,PU HT,Tarif 2026,TARIF FOURNISSEUR,Tarif et bon de commande 2026 – onglet « TARIF NORMAND DIRECT 2026 »,ligne 508
TAR-0499,PROD-0500,Boite prestige 250gr,FOUR-0001,NORMAND DIRECT TERROIR,17.96,unité,,,,0.055,18.9478,17.96,PU HT,Tarif 2026,TARIF FOURNISSEUR,Tarif et bon de commande 2026 – onglet « TARIF NORMAND DIRECT 2026 »,ligne 509
TAR-0500,PROD-0501,Boite prestige 320gr,FOUR-0001,NORMAND DIRECT TERROIR,23.52,unité,,,,0.055,24.8136,23.52,PU HT,Tarif 2026,TARIF FOURNISSEUR,Tarif et bon de commande 2026 – onglet « TARIF NORMAND DIRECT 2026 »,ligne 510
TAR-0501,PROD-0502,Coffret 480gr,FOUR-0001,NORMAND DIRECT TERROIR,28.7,unité,,,,0.055,30.2785,28.7,PU HT,Tarif 2026,TARIF FOURNISSEUR,Tarif et bon de commande 2026 – onglet « TARIF NORMAND DIRECT 2026 »,ligne 511
TAR-0502,PROD-0503,Billes chocolatées Vrac,FOUR-0001,NORMAND DIRECT TERROIR,48.0,kilogramme,48.0,,,0.055,50.64,48,PU HT,Tarif 2026,TARIF FOURNISSEUR,Tarif et bon de commande 2026 – onglet « TARIF NORMAND DIRECT 2026 »,ligne 512
TAR-0503,PROD-0504,BOÎTE BOIS RONDE BEURRE SALÉ,FOUR-0002,CARAMELS D'ISIGNY,2.85,unité,,,,0.2,3.42,2.85,Prix unitaire HT,Tarif 2026,TARIF FOURNISSEUR,Tarif et bon de commande 2026 – onglet « CARAMELS ISIGNY 2026 »,ligne 4 – LES BOÎTES BOIS (page 4)
TAR-0504,PROD-0505,BOÎTE BOIS RONDE BEURRE SALÉ,FOUR-0002,CARAMELS D'ISIGNY,4.25,unité,,,,0.2,5.1,4.25,Prix unitaire HT,Tarif 2026,TARIF FOURNISSEUR,Tarif et bon de commande 2026 – onglet « CARAMELS ISIGNY 2026 »,ligne 5 – LES BOÎTES BOIS (page 4)
TAR-0505,PROD-0506,BOÎTE BOIS CARRÉE BEURRE SALÉ,FOUR-0002,CARAMELS D'ISIGNY,2.85,unité,,,,0.2,3.42,2.85,Prix unitaire HT,Tarif 2026,TARIF FOURNISSEUR,Tarif et bon de commande 2026 – onglet « CARAMELS ISIGNY 2026 »,ligne 6 – LES BOÎTES BOIS (page 4)
TAR-0506,PROD-0507,BOÎTE BOIS CARRÉE BEURRE SALÉ,FOUR-0002,CARAMELS D'ISIGNY,4.25,unité,,,,0.2,5.1,4.25,Prix unitaire HT,Tarif 2026,TARIF FOURNISSEUR,Tarif et bon de commande 2026 – onglet « CARAMELS ISIGNY 2026 »,ligne 7 – LES BOÎTES BOIS (page 4)
TAR-0507,PROD-0508,BOÎTE BOIS RONDE FONDANT BEURRE SALÉ,FOUR-0002,CARAMELS D'ISIGNY,2.85,unité,,,,0.2,3.42,2.85,Prix unitaire HT,Tarif 2026,TARIF FOURNISSEUR,Tarif et bon de commande 2026 – onglet « CARAMELS ISIGNY 2026 »,ligne 9 – LES BOÎTES BOIS (page 4)
TAR-0508,PROD-0509,BOÎTE BOIS RONDE FONDANT BEURRE SALÉ,FOUR-0002,CARAMELS D'ISIGNY,4.25,unité,,,,0.2,5.1,4.25,Prix unitaire HT,Tarif 2026,TARIF FOURNISSEUR,Tarif et bon de commande 2026 – onglet « CARAMELS ISIGNY 2026 »,ligne 10 – LES BOÎTES BOIS (page 4)
TAR-0509,PROD-0510,BOÎTE BOIS CARRÉE FONDANT BEURRE SALÉ,FOUR-0002,CARAMELS D'ISIGNY,2.85,unité,,,,0.2,3.42,2.85,Prix unitaire HT,Tarif 2026,TARIF FOURNISSEUR,Tarif et bon de commande 2026 – onglet « CARAMELS ISIGNY 2026 »,ligne 11 – LES BOÎTES BOIS (page 4)
TAR-0510,PROD-0511,BOÎTE BOIS CARRÉE FONDANT BEURRE SALÉ,FOUR-0002,CARAMELS D'ISIGNY,4.25,unité,,,,0.2,5.1,4.25,Prix unitaire HT,Tarif 2026,TARIF FOURNISSEUR,Tarif et bon de commande 2026 – onglet « CARAMELS ISIGNY 2026 »,ligne 12 – LES BOÎTES BOIS (page 4)
TAR-0511,PROD-0512,BOÎTE BOIS RONDE ASSORTIMENT TRADITION,FOUR-0002,CARAMELS D'ISIGNY,2.85,unité,,,,0.2,3.42,2.85,Prix unitaire HT,Tarif 2026,TARIF FOURNISSEUR,Tarif et bon de commande 2026 – onglet « CARAMELS ISIGNY 2026 »,ligne 14 – LES BOÎTES BOIS (page 4)
TAR-0512,PROD-0513,BOÎTE BOIS RONDE ASSORTIMENT TRADITION,FOUR-0002,CARAMELS D'ISIGNY,4.25,unité,,,,0.2,5.1,4.25,Prix unitaire HT,Tarif 2026,TARIF FOURNISSEUR,Tarif et bon de commande 2026 – onglet « CARAMELS ISIGNY 2026 »,ligne 15 – LES BOÎTES BOIS (page 4)
TAR-0513,PROD-0514,BOÎTE BOIS CARRÉE ASSORTIMENT TRADITION,FOUR-0002,CARAMELS D'ISIGNY,2.85,unité,,,,0.2,3.42,2.85,Prix unitaire HT,Tarif 2026,TARIF FOURNISSEUR,Tarif et bon de commande 2026 – onglet « CARAMELS ISIGNY 2026 »,ligne 16 – LES BOÎTES BOIS (page 4)
TAR-0514,PROD-0515,BOÎTE BOIS CARRÉE ASSORTIMENT TRADITION,FOUR-0002,CARAMELS D'ISIGNY,4.25,unité,,,,0.2,5.1,4.25,Prix unitaire HT,Tarif 2026,TARIF FOURNISSEUR,Tarif et bon de commande 2026 – onglet « CARAMELS ISIGNY 2026 »,ligne 17 – LES BOÎTES BOIS (page 4)
TAR-0515,PROD-0516,BOÎTE BOIS RONDE ASSORTIMENT FONDANTS,FOUR-0002,CARAMELS D'ISIGNY,2.85,unité,,,,0.2,3.42,2.85,Prix unitaire HT,Tarif 2026,TARIF FOURNISSEUR,Tarif et bon de commande 2026 – onglet « CARAMELS ISIGNY 2026 »,ligne 19 – LES BOÎTES BOIS (page 4)
TAR-0516,PROD-0517,BOÎTE BOIS RONDE ASSORTIMENT FONDANTS,FOUR-0002,CARAMELS D'ISIGNY,4.25,unité,,,,0.2,5.1,4.25,Prix unitaire HT,Tarif 2026,TARIF FOURNISSEUR,Tarif et bon de commande 2026 – onglet « CARAMELS ISIGNY 2026 »,ligne 20 – LES BOÎTES BOIS (page 4)
TAR-0517,PROD-0518,BOÎTE BOIS CARRÉE ASSORTIMENT FONDANTS,FOUR-0002,CARAMELS D'ISIGNY,2.85,unité,,,,0.2,3.42,2.85,Prix unitaire HT,Tarif 2026,TARIF FOURNISSEUR,Tarif et bon de commande 2026 – onglet « CARAMELS ISIGNY 2026 »,ligne 21 – LES BOÎTES BOIS (page 4)
TAR-0518,PROD-0519,BOÎTE BOIS CARRÉE ASSORTIMENT FONDANTS,FOUR-0002,CARAMELS D'ISIGNY,4.25,unité,,,,0.2,5.1,4.25,Prix unitaire HT,Tarif 2026,TARIF FOURNISSEUR,Tarif et bon de commande 2026 – onglet « CARAMELS ISIGNY 2026 »,ligne 22 – LES BOÎTES BOIS (page 4)
TAR-0519,PROD-0520,BOÎTE BOIS RONDE ASSORTIMENT NORMANDIE,FOUR-0002,CARAMELS D'ISIGNY,2.85,unité,,,,0.2,3.42,2.85,Prix unitaire HT,Tarif 2026,TARIF FOURNISSEUR,Tarif et bon de commande 2026 – onglet « CARAMELS ISIGNY 2026 »,ligne 24 – LES BOÎTES BOIS (page 4)
TAR-0520,PROD-0521,BOÎTE BOIS RONDE ASSORTIMENT NORMANDIE,FOUR-0002,CARAMELS D'ISIGNY,4.25,unité,,,,0.2,5.1,4.25,Prix unitaire HT,Tarif 2026,TARIF FOURNISSEUR,Tarif et bon de commande 2026 – onglet « CARAMELS ISIGNY 2026 »,ligne 25 – LES BOÎTES BOIS (page 4)
TAR-0521,PROD-0522,BOÎTE BOIS CARRÉE ASSORTIMENT NORMANDIE,FOUR-0002,CARAMELS D'ISIGNY,2.85,unité,,,,0.2,3.42,2.85,Prix unitaire HT,Tarif 2026,TARIF FOURNISSEUR,Tarif et bon de commande 2026 – onglet « CARAMELS ISIGNY 2026 »,ligne 26 – LES BOÎTES BOIS (page 4)
TAR-0522,PROD-0523,BOÎTE BOIS CARRÉE ASSORTIMENT NORMANDIE,FOUR-0002,CARAMELS D'ISIGNY,4.25,unité,,,,0.2,5.1,4.25,Prix unitaire HT,Tarif 2026,TARIF FOURNISSEUR,Tarif et bon de commande 2026 – onglet « CARAMELS ISIGNY 2026 »,ligne 27 – LES BOÎTES BOIS (page 4)
TAR-0523,PROD-0524,SACHET FONDANTS BEURRE SALÉ,FOUR-0002,CARAMELS D'ISIGNY,4.4,unité,,,,0.2,5.28,4.4,Prix unitaire HT,Tarif 2026,TARIF FOURNISSEUR,Tarif et bon de commande 2026 – onglet « CARAMELS ISIGNY 2026 »,ligne 31 – LES SACHETS (page 5)
TAR-0524,PROD-0525,SACHET FONDANTS NOISETTE,FOUR-0002,CARAMELS D'ISIGNY,4.4,unité,,,,0.2,5.28,4.4,Prix unitaire HT,Tarif 2026,TARIF FOURNISSEUR,Tarif et bon de commande 2026 – onglet « CARAMELS ISIGNY 2026 »,ligne 32 – LES SACHETS (page 5)
TAR-0525,PROD-0526,SACHET FONDANTS VANILLE,FOUR-0002,CARAMELS D'ISIGNY,4.4,unité,,,,0.2,5.28,4.4,Prix unitaire HT,Tarif 2026,TARIF FOURNISSEUR,Tarif et bon de commande 2026 – onglet « CARAMELS ISIGNY 2026 »,ligne 33 – LES SACHETS (page 5)
TAR-0526,PROD-0527,SACHET FONDANTS VANILLE MARBRÉ CHOCOLAT,FOUR-0002,CARAMELS D'ISIGNY,4.4,unité,,,,0.2,5.28,4.4,Prix unitaire HT,Tarif 2026,TARIF FOURNISSEUR,Tarif et bon de commande 2026 – onglet « CARAMELS ISIGNY 2026 »,ligne 34 – LES SACHETS (page 5)
TAR-0527,PROD-0528,SACHET BEURRE SALÉ,FOUR-0002,CARAMELS D'ISIGNY,4.4,unité,,,,0.2,5.28,4.4,Prix unitaire HT,Tarif 2026,TARIF FOURNISSEUR,Tarif et bon de commande 2026 – onglet « CARAMELS ISIGNY 2026 »,ligne 35 – LES SACHETS (page 5)
TAR-0528,PROD-0529,SACHET BEURRE SALÉ & CRÈME D’ISIGNY AOP,FOUR-0002,CARAMELS D'ISIGNY,4.4,unité,,,,0.2,5.28,4.4,Prix unitaire HT,Tarif 2026,TARIF FOURNISSEUR,Tarif et bon de commande 2026 – onglet « CARAMELS ISIGNY 2026 »,ligne 36 – LES SACHETS (page 5)
TAR-0529,PROD-0530,SACHET BEURRE DOUX D’ISIGNY AOP,FOUR-0002,CARAMELS D'ISIGNY,4.4,unité,,,,0.2,5.28,4.4,Prix unitaire HT,Tarif 2026,TARIF FOURNISSEUR,Tarif et bon de commande 2026 – onglet « CARAMELS ISIGNY 2026 »,ligne 37 – LES SACHETS (page 5)
TAR-0530,PROD-0531,SACHET CRÈME D’ISIGNY AOP,FOUR-0002,CARAMELS D'ISIGNY,4.4,unité,,,,0.2,5.28,4.4,Prix unitaire HT,Tarif 2026,TARIF FOURNISSEUR,Tarif et bon de commande 2026 – onglet « CARAMELS ISIGNY 2026 »,ligne 38 – LES SACHETS (page 5)
TAR-0531,PROD-0532,SACHET ASSORTIMENT FONDANTS,FOUR-0002,CARAMELS D'ISIGNY,4.4,unité,,,,0.2,5.28,4.4,Prix unitaire HT,Tarif 2026,TARIF FOURNISSEUR,Tarif et bon de commande 2026 – onglet « CARAMELS ISIGNY 2026 »,ligne 40 – LES SACHETS (page 5)
TAR-0532,PROD-0533,SACHET ASSORTIMENT TRADITION,FOUR-0002,CARAMELS D'ISIGNY,4.4,unité,,,,0.2,5.28,4.4,Prix unitaire HT,Tarif 2026,TARIF FOURNISSEUR,Tarif et bon de commande 2026 – onglet « CARAMELS ISIGNY 2026 »,ligne 41 – LES SACHETS (page 5)
TAR-0533,PROD-0534,SACHET ASSORTIMENT NORMANDIE,FOUR-0002,CARAMELS D'ISIGNY,4.4,unité,,,,0.2,5.28,4.4,Prix unitaire HT,Tarif 2026,TARIF FOURNISSEUR,Tarif et bon de commande 2026 – onglet « CARAMELS ISIGNY 2026 »,ligne 42 – LES SACHETS (page 5)
TAR-0534,PROD-0535,"BOÎTE MÉTAL À FENÊTRE ""GOÛT TATIN""",FOUR-0002,CARAMELS D'ISIGNY,5.15,unité,,,,0.2,6.18,5.15,Prix unitaire HT,Tarif 2026,TARIF FOURNISSEUR,Tarif et bon de commande 2026 – onglet « CARAMELS ISIGNY 2026 »,ligne 45 – LA GAMME RÉGIONALE (page 6)
TAR-0535,PROD-0536,"SACHET NŒUD ""GOÛT TATIN""",FOUR-0002,CARAMELS D'ISIGNY,3.85,unité,,,,0.2,4.62,3.85,Prix unitaire HT,Tarif 2026,TARIF FOURNISSEUR,Tarif et bon de commande 2026 – onglet « CARAMELS ISIGNY 2026 »,ligne 46 – LA GAMME RÉGIONALE (page 6)
TAR-0536,PROD-0537,BOÎTE CUBE BEURRE SALÉ,FOUR-0002,CARAMELS D'ISIGNY,3.4,unité,,,,0.2,4.08,3.4,Prix unitaire HT,Tarif 2026,TARIF FOURNISSEUR,Tarif et bon de commande 2026 – onglet « CARAMELS ISIGNY 2026 »,ligne 49 – LES BOÎTES CUBE (page 8)
TAR-0537,PROD-0538,BOÎTE CUBE FONDANTS BEURRE SALÉ,FOUR-0002,CARAMELS D'ISIGNY,3.4,unité,,,,0.2,4.08,3.4,Prix unitaire HT,Tarif 2026,TARIF FOURNISSEUR,Tarif et bon de commande 2026 – onglet « CARAMELS ISIGNY 2026 »,ligne 50 – LES BOÎTES CUBE (page 8)
TAR-0538,PROD-0539,BOÎTE CUBE ASSORTIMENT TRADITION,FOUR-0002,CARAMELS D'ISIGNY,3.4,unité,,,,0.2,4.08,3.4,Prix unitaire HT,Tarif 2026,TARIF FOURNISSEUR,Tarif et bon de commande 2026 – onglet « CARAMELS ISIGNY 2026 »,ligne 51 – LES BOÎTES CUBE (page 8)
TAR-0539,PROD-0540,BOÎTE CUBE ASSORTIMENT NORMANDIE,FOUR-0002,CARAMELS D'ISIGNY,3.4,unité,,,,0.2,4.08,3.4,Prix unitaire HT,Tarif 2026,TARIF FOURNISSEUR,Tarif et bon de commande 2026 – onglet « CARAMELS ISIGNY 2026 »,ligne 52 – LES BOÎTES CUBE (page 8)
TAR-0540,PROD-0541,BOÎTE FER FONDANTS,FOUR-0002,CARAMELS D'ISIGNY,4.25,unité,,,,0.2,5.1,4.25,Prix unitaire HT,Tarif 2026,TARIF FOURNISSEUR,Tarif et bon de commande 2026 – onglet « CARAMELS ISIGNY 2026 »,ligne 55 – LES BOÎTES FER 100G (page 8)
TAR-0541,PROD-0542,BOÎTE FER BEURRE SALÉ,FOUR-0002,CARAMELS D'ISIGNY,4.25,unité,,,,0.2,5.1,4.25,Prix unitaire HT,Tarif 2026,TARIF FOURNISSEUR,Tarif et bon de commande 2026 – onglet « CARAMELS ISIGNY 2026 »,ligne 56 – LES BOÎTES FER 100G (page 8)
TAR-0542,PROD-0543,BOÎTE FER ASSORTIMENT NORMANDIE,FOUR-0002,CARAMELS D'ISIGNY,4.25,unité,,,,0.2,5.1,4.25,Prix unitaire HT,Tarif 2026,TARIF FOURNISSEUR,Tarif et bon de commande 2026 – onglet « CARAMELS ISIGNY 2026 »,ligne 57 – LES BOÎTES FER 100G (page 8)
TAR-0543,PROD-0544,POT À LAIT,FOUR-0002,CARAMELS D'ISIGNY,4.5,unité,,,,0.2,5.4,4.5,Prix unitaire HT,Tarif 2026,TARIF FOURNISSEUR,Tarif et bon de commande 2026 – onglet « CARAMELS ISIGNY 2026 »,ligne 60 – LE THÈME NORMANDIE (page 9)
TAR-0544,PROD-0545,BOÎTE CIGARE,FOUR-0002,CARAMELS D'ISIGNY,5.5,unité,,,,0.2,6.6,5.5,Prix unitaire HT,Tarif 2026,TARIF FOURNISSEUR,Tarif et bon de commande 2026 – onglet « CARAMELS ISIGNY 2026 »,ligne 61 – LE THÈME NORMANDIE (page 9)
TAR-0545,PROD-0546,2 CV FOURGONNETTE,FOUR-0002,CARAMELS D'ISIGNY,9.5,unité,,,,0.2,11.4,9.5,Prix unitaire HT,Tarif 2026,TARIF FOURNISSEUR,Tarif et bon de commande 2026 – onglet « CARAMELS ISIGNY 2026 »,ligne 62 – LE THÈME NORMANDIE (page 9)
TAR-0546,PROD-0547,ASSORTIMENT NORMANDIE,FOUR-0002,CARAMELS D'ISIGNY,29.5,unité,,,,0.2,35.4,29.5,Prix unitaire HT,Tarif 2026,TARIF FOURNISSEUR,Tarif et bon de commande 2026 – onglet « CARAMELS ISIGNY 2026 »,ligne 65 – LES BOÎTES DISTRIBUTRICES (page 9)
TAR-0547,PROD-0548,BEURRE SALÉ,FOUR-0002,CARAMELS D'ISIGNY,29.5,unité,,,,0.2,35.4,29.5,Prix unitaire HT,Tarif 2026,TARIF FOURNISSEUR,Tarif et bon de commande 2026 – onglet « CARAMELS ISIGNY 2026 »,ligne 66 – LES BOÎTES DISTRIBUTRICES (page 9)
TAR-0548,PROD-0549,FONDANT BEURRE SALÉ,FOUR-0002,CARAMELS D'ISIGNY,29.5,unité,,,,0.2,35.4,29.5,Prix unitaire HT,Tarif 2026,TARIF FOURNISSEUR,Tarif et bon de commande 2026 – onglet « CARAMELS ISIGNY 2026 »,ligne 67 – LES BOÎTES DISTRIBUTRICES (page 9)
TAR-0549,PROD-0550,ASSORTIMENT FONDANTS,FOUR-0002,CARAMELS D'ISIGNY,29.5,unité,,,,0.2,35.4,29.5,Prix unitaire HT,Tarif 2026,TARIF FOURNISSEUR,Tarif et bon de commande 2026 – onglet « CARAMELS ISIGNY 2026 »,ligne 68 – LES BOÎTES DISTRIBUTRICES (page 9)
TAR-0550,PROD-0551,BOÎTE CIGARE,FOUR-0002,CARAMELS D'ISIGNY,5.5,unité,,,,0.2,6.6,5.5,Prix unitaire HT,Tarif 2026,TARIF FOURNISSEUR,Tarif et bon de commande 2026 – onglet « CARAMELS ISIGNY 2026 »,ligne 71 – LA GAMME D-DAY (page 9)
TAR-0551,PROD-0552,BOÎTE BOIS DEBARQUEMENT,FOUR-0002,CARAMELS D'ISIGNY,2.85,unité,,,,0.2,3.42,2.85,Prix unitaire HT,Tarif 2026,TARIF FOURNISSEUR,Tarif et bon de commande 2026 – onglet « CARAMELS ISIGNY 2026 »,ligne 72 – LA GAMME D-DAY (page 9)
TAR-0552,PROD-0553,FOLKLORE NORMAND,FOUR-0002,CARAMELS D'ISIGNY,9.25,unité,,,,0.2,11.1,9.25,Prix unitaire HT,Tarif 2026,TARIF FOURNISSEUR,Tarif et bon de commande 2026 – onglet « CARAMELS ISIGNY 2026 »,ligne 75 – LES BOÎTES À MUSIQUE (page 10)
TAR-0553,PROD-0554,CARROUSEL,FOUR-0002,CARAMELS D'ISIGNY,9.25,unité,,,,0.2,11.1,9.25,Prix unitaire HT,Tarif 2026,TARIF FOURNISSEUR,Tarif et bon de commande 2026 – onglet « CARAMELS ISIGNY 2026 »,ligne 76 – LES BOÎTES À MUSIQUE (page 10)
TAR-0554,PROD-0555,"BOÎTE ""PRESTIGE""",FOUR-0002,CARAMELS D'ISIGNY,7.9,unité,,,,0.2,9.48,7.9,Prix unitaire HT,Tarif 2026,TARIF FOURNISSEUR,Tarif et bon de commande 2026 – onglet « CARAMELS ISIGNY 2026 »,ligne 79 – BOÎTES OVALES (page 11)
TAR-0555,PROD-0556,"BOÎTE ""SOUVENIRS D’ENFANCE""",FOUR-0002,CARAMELS D'ISIGNY,7.9,unité,,,,0.2,9.48,7.9,Prix unitaire HT,Tarif 2026,TARIF FOURNISSEUR,Tarif et bon de commande 2026 – onglet « CARAMELS ISIGNY 2026 »,ligne 80 – BOÎTES OVALES (page 11)
TAR-0556,PROD-0557,"BOÎTE FER ""NOËL""",FOUR-0002,CARAMELS D'ISIGNY,5.1,unité,,,,0.2,6.12,5.1,Prix unitaire HT,Tarif 2026,TARIF FOURNISSEUR,Tarif et bon de commande 2026 – onglet « CARAMELS ISIGNY 2026 »,ligne 83 – LA GAMME NOËL (page 12)
TAR-0557,PROD-0558,"CITROËN 2CV ""NOËL""",FOUR-0002,CARAMELS D'ISIGNY,9.5,unité,,,,0.2,11.4,9.5,Prix unitaire HT,Tarif 2026,TARIF FOURNISSEUR,Tarif et bon de commande 2026 – onglet « CARAMELS ISIGNY 2026 »,ligne 84 – LA GAMME NOËL (page 12)
TAR-0558,PROD-0559,"BOÎTE ""JOYEUSES FÊTES""",FOUR-0002,CARAMELS D'ISIGNY,2.85,unité,,,,0.2,3.42,2.85,Prix unitaire HT,Tarif 2026,TARIF FOURNISSEUR,Tarif et bon de commande 2026 – onglet « CARAMELS ISIGNY 2026 »,ligne 85 – LA GAMME NOËL (page 12)
TAR-0559,PROD-0560,CALENDRIER DE L'AVENT (Décor 09/2026),FOUR-0002,CARAMELS D'ISIGNY,13.3,unité,,,,0.2,15.96,13.3,Prix unitaire HT,Tarif 2026,TARIF FOURNISSEUR,Tarif et bon de commande 2026 – onglet « CARAMELS ISIGNY 2026 »,ligne 86 – LA GAMME NOËL (page 12)
TAR-0560,PROD-0561,BEURRE SALÉ,FOUR-0002,CARAMELS D'ISIGNY,16.7,unité,,,,0.2,20.04,16.7,Prix unitaire HT,Tarif 2026,TARIF FOURNISSEUR,Tarif et bon de commande 2026 – onglet « CARAMELS ISIGNY 2026 »,ligne 89 – LES ÉTUIS 108 CARAMELS (page 13)
TAR-0561,PROD-0562,FONDANTS BEURRE SALÉ,FOUR-0002,CARAMELS D'ISIGNY,16.7,unité,,,,0.2,20.04,16.7,Prix unitaire HT,Tarif 2026,TARIF FOURNISSEUR,Tarif et bon de commande 2026 – onglet « CARAMELS ISIGNY 2026 »,ligne 90 – LES ÉTUIS 108 CARAMELS (page 13)
TAR-0562,PROD-0563,ASSORTIMENT FONDANTS,FOUR-0002,CARAMELS D'ISIGNY,16.7,unité,,,,0.2,20.04,16.7,Prix unitaire HT,Tarif 2026,TARIF FOURNISSEUR,Tarif et bon de commande 2026 – onglet « CARAMELS ISIGNY 2026 »,ligne 91 – LES ÉTUIS 108 CARAMELS (page 13)
TAR-0563,PROD-0564,ASSORTIMENT NORMANDIE,FOUR-0002,CARAMELS D'ISIGNY,16.7,unité,,,,0.2,20.04,16.7,Prix unitaire HT,Tarif 2026,TARIF FOURNISSEUR,Tarif et bon de commande 2026 – onglet « CARAMELS ISIGNY 2026 »,ligne 92 – LES ÉTUIS 108 CARAMELS (page 13)
TAR-0564,PROD-0565,ASSORTIMENT 9 FRUITS,FOUR-0002,CARAMELS D'ISIGNY,16.7,unité,,,,0.2,20.04,16.7,Prix unitaire HT,Tarif 2026,TARIF FOURNISSEUR,Tarif et bon de commande 2026 – onglet « CARAMELS ISIGNY 2026 »,ligne 93 – LES ÉTUIS 108 CARAMELS (page 13)
TAR-0565,PROD-0566,ASSORTIMENT TRADITION,FOUR-0002,CARAMELS D'ISIGNY,16.7,unité,,,,0.2,20.04,16.7,Prix unitaire HT,Tarif 2026,TARIF FOURNISSEUR,Tarif et bon de commande 2026 – onglet « CARAMELS ISIGNY 2026 »,ligne 94 – LES ÉTUIS 108 CARAMELS (page 13)
TAR-0566,PROD-0567,ASSORTIMENT TRADITION,FOUR-0002,CARAMELS D'ISIGNY,4.15,unité,,,,0.2,4.98,4.15,Prix unitaire HT,Tarif 2026,TARIF FOURNISSEUR,Tarif et bon de commande 2026 – onglet « CARAMELS ISIGNY 2026 »,ligne 97 – LES ÉTUIS 15 CARAMELS (page 14)
TAR-0567,PROD-0568,ASSORTIMENT NORMANDIE,FOUR-0002,CARAMELS D'ISIGNY,4.15,unité,,,,0.2,4.98,4.15,Prix unitaire HT,Tarif 2026,TARIF FOURNISSEUR,Tarif et bon de commande 2026 – onglet « CARAMELS ISIGNY 2026 »,ligne 98 – LES ÉTUIS 15 CARAMELS (page 14)
TAR-0568,PROD-0569,ASSORTIMENT 5 FRUITS,FOUR-0002,CARAMELS D'ISIGNY,4.15,unité,,,,0.2,4.98,4.15,Prix unitaire HT,Tarif 2026,TARIF FOURNISSEUR,Tarif et bon de commande 2026 – onglet « CARAMELS ISIGNY 2026 »,ligne 99 – LES ÉTUIS 15 CARAMELS (page 14)
TAR-0569,PROD-0570,BEURRE SALÉ,FOUR-0002,CARAMELS D'ISIGNY,4.15,unité,,,,0.2,4.98,4.15,Prix unitaire HT,Tarif 2026,TARIF FOURNISSEUR,Tarif et bon de commande 2026 – onglet « CARAMELS ISIGNY 2026 »,ligne 100 – LES ÉTUIS 15 CARAMELS (page 14)
TAR-0570,PROD-0571,ASSORTIMENT FONDANTS,FOUR-0002,CARAMELS D'ISIGNY,4.15,unité,,,,0.2,4.98,4.15,Prix unitaire HT,Tarif 2026,TARIF FOURNISSEUR,Tarif et bon de commande 2026 – onglet « CARAMELS ISIGNY 2026 »,ligne 101 – LES ÉTUIS 15 CARAMELS (page 14)
TAR-0571,PROD-0572,BOÎTE 2KG BEURRE SALÉ D’ISIGNY AOP,FOUR-0002,CARAMELS D'ISIGNY,32.2,unité,16.1,,,0.2,38.64,16.1,Prix/Unitaire HT,Tarif 2026,TARIF FOURNISSEUR,Tarif et bon de commande 2026 – onglet « CARAMELS ISIGNY 2026 »,ligne 105 – LES CARAMELS FONDANTS EN VRAC (page 15)
TAR-0572,PROD-0573,BOÎTE 2KG NOISETTE,FOUR-0002,CARAMELS D'ISIGNY,32.2,unité,16.1,,,0.2,38.64,16.1,Prix/Unitaire HT,Tarif 2026,TARIF FOURNISSEUR,Tarif et bon de commande 2026 – onglet « CARAMELS ISIGNY 2026 »,ligne 106 – LES CARAMELS FONDANTS EN VRAC (page 15)
TAR-0573,PROD-0574,BOÎTE 2KG VANILLE,FOUR-0002,CARAMELS D'ISIGNY,32.2,unité,16.1,,,0.2,38.64,16.1,Prix/Unitaire HT,Tarif 2026,TARIF FOURNISSEUR,Tarif et bon de commande 2026 – onglet « CARAMELS ISIGNY 2026 »,ligne 107 – LES CARAMELS FONDANTS EN VRAC (page 15)
TAR-0574,PROD-0575,BOÎTE 2KG VANILLE MARBRÉ CHOCOLAT,FOUR-0002,CARAMELS D'ISIGNY,32.2,unité,16.1,,,0.2,38.64,16.1,Prix/Unitaire HT,Tarif 2026,TARIF FOURNISSEUR,Tarif et bon de commande 2026 – onglet « CARAMELS ISIGNY 2026 »,ligne 108 – LES CARAMELS FONDANTS EN VRAC (page 15)
TAR-0575,PROD-0576,VRAC BEURRE SALÉ D’ISIGNY AOP,FOUR-0002,CARAMELS D'ISIGNY,13.65,unité,,,,0.2,16.38,13.65,Prix/Unitaire HT,Tarif 2026,TARIF FOURNISSEUR,Tarif et bon de commande 2026 – onglet « CARAMELS ISIGNY 2026 »,ligne 110 – LES CARAMELS FONDANTS EN VRAC (page 15)
TAR-0576,PROD-0577,VRAC NOISETTE,FOUR-0002,CARAMELS D'ISIGNY,13.65,unité,,,,0.2,16.38,13.65,Prix/Unitaire HT,Tarif 2026,TARIF FOURNISSEUR,Tarif et bon de commande 2026 – onglet « CARAMELS ISIGNY 2026 »,ligne 111 – LES CARAMELS FONDANTS EN VRAC (page 15)
TAR-0577,PROD-0578,VRAC VANILLE,FOUR-0002,CARAMELS D'ISIGNY,13.65,unité,,,,0.2,16.38,13.65,Prix/Unitaire HT,Tarif 2026,TARIF FOURNISSEUR,Tarif et bon de commande 2026 – onglet « CARAMELS ISIGNY 2026 »,ligne 112 – LES CARAMELS FONDANTS EN VRAC (page 15)
TAR-0578,PROD-0579,VRAC VANILLE MARBRÉ CHOCOLAT,FOUR-0002,CARAMELS D'ISIGNY,13.65,unité,,,,0.2,16.38,13.65,Prix/Unitaire HT,Tarif 2026,TARIF FOURNISSEUR,Tarif et bon de commande 2026 – onglet « CARAMELS ISIGNY 2026 »,ligne 113 – LES CARAMELS FONDANTS EN VRAC (page 15)
TAR-0579,PROD-0580,BOÎTE BOUCHÉES CARAMEL FONDANT BEURRE SALÉ,FOUR-0002,CARAMELS D'ISIGNY,61.4,unité,42.64,,,0.2,73.68,42.64,Prix/Unitaire HT,Tarif 2026,TARIF FOURNISSEUR,Tarif et bon de commande 2026 – onglet « CARAMELS ISIGNY 2026 »,ligne 115 – LES CARAMELS FONDANTS EN VRAC (page 15)
TAR-0580,PROD-0581,VRAC BEURRE SALÉ D’ISIGNY AOP,FOUR-0002,CARAMELS D'ISIGNY,13.0,unité,13.0,,,0.2,15.6,13,Prix unitaire HT,Tarif 2026,TARIF FOURNISSEUR,Tarif et bon de commande 2026 – onglet « CARAMELS ISIGNY 2026 »,ligne 119 – LES CARAMELS EN VRAC (page 16)
TAR-0581,PROD-0582,VRAC BEURRE SALÉ D’ISIGNY AOP,FOUR-0002,CARAMELS D'ISIGNY,13.65,unité,13.65,,,0.2,16.38,13.65,Prix unitaire HT,Tarif 2026,TARIF FOURNISSEUR,Tarif et bon de commande 2026 – onglet « CARAMELS ISIGNY 2026 »,ligne 120 – LES CARAMELS EN VRAC (page 16)
TAR-0582,PROD-0583,VRAC BEURRE DOUX D’ISIGNY AOP,FOUR-0002,CARAMELS D'ISIGNY,13.65,unité,13.65,,,0.2,16.38,13.65,Prix unitaire HT,Tarif 2026,TARIF FOURNISSEUR,Tarif et bon de commande 2026 – onglet « CARAMELS ISIGNY 2026 »,ligne 121 – LES CARAMELS EN VRAC (page 16)
TAR-0583,PROD-0584,VRAC CRÈME D’ISIGNY AOP,FOUR-0002,CARAMELS D'ISIGNY,13.65,unité,13.65,,,0.2,16.38,13.65,Prix unitaire HT,Tarif 2026,TARIF FOURNISSEUR,Tarif et bon de commande 2026 – onglet « CARAMELS ISIGNY 2026 »,ligne 122 – LES CARAMELS EN VRAC (page 16)
TAR-0584,PROD-0585,VRAC BEURRE SALÉ ET CRÈME D’ISIGNY AOP,FOUR-0002,CARAMELS D'ISIGNY,13.65,unité,13.65,,,0.2,16.38,13.65,Prix unitaire HT,Tarif 2026,TARIF FOURNISSEUR,Tarif et bon de commande 2026 – onglet « CARAMELS ISIGNY 2026 »,ligne 123 – LES CARAMELS EN VRAC (page 16)
TAR-0585,PROD-0586,VRAC GOÛT TATIN,FOUR-0002,CARAMELS D'ISIGNY,13.65,unité,13.65,,,0.2,16.38,13.65,Prix unitaire HT,Tarif 2026,TARIF FOURNISSEUR,Tarif et bon de commande 2026 – onglet « CARAMELS ISIGNY 2026 »,ligne 124 – LES CARAMELS EN VRAC (page 16)
TAR-0586,PROD-0587,VRAC CHOCOLAT,FOUR-0002,CARAMELS D'ISIGNY,13.65,unité,13.65,,,0.2,16.38,13.65,Prix unitaire HT,Tarif 2026,TARIF FOURNISSEUR,Tarif et bon de commande 2026 – onglet « CARAMELS ISIGNY 2026 »,ligne 125 – LES CARAMELS EN VRAC (page 16)
TAR-0587,PROD-0588,VRAC NOISETTE,FOUR-0002,CARAMELS D'ISIGNY,13.65,unité,13.65,,,0.2,16.38,13.65,Prix unitaire HT,Tarif 2026,TARIF FOURNISSEUR,Tarif et bon de commande 2026 – onglet « CARAMELS ISIGNY 2026 »,ligne 126 – LES CARAMELS EN VRAC (page 16)
TAR-0588,PROD-0589,VRAC CAFÉ,FOUR-0002,CARAMELS D'ISIGNY,13.65,unité,13.65,,,0.2,16.38,13.65,Prix unitaire HT,Tarif 2026,TARIF FOURNISSEUR,Tarif et bon de commande 2026 – onglet « CARAMELS ISIGNY 2026 »,ligne 127 – LES CARAMELS EN VRAC (page 16)
TAR-0589,PROD-0590,VRAC CALVADOS,FOUR-0002,CARAMELS D'ISIGNY,13.65,unité,13.65,,,0.2,16.38,13.65,Prix unitaire HT,Tarif 2026,TARIF FOURNISSEUR,Tarif et bon de commande 2026 – onglet « CARAMELS ISIGNY 2026 »,ligne 128 – LES CARAMELS EN VRAC (page 16)
TAR-0590,PROD-0591,VRAC POMME,FOUR-0002,CARAMELS D'ISIGNY,13.65,unité,13.65,,,0.2,16.38,13.65,Prix unitaire HT,Tarif 2026,TARIF FOURNISSEUR,Tarif et bon de commande 2026 – onglet « CARAMELS ISIGNY 2026 »,ligne 129 – LES CARAMELS EN VRAC (page 16)
TAR-0591,PROD-0592,VRAC ASSORTIMENT TRADITION,FOUR-0002,CARAMELS D'ISIGNY,13.65,unité,13.65,,,0.2,16.38,13.65,Prix unitaire HT,Tarif 2026,TARIF FOURNISSEUR,Tarif et bon de commande 2026 – onglet « CARAMELS ISIGNY 2026 »,ligne 130 – LES CARAMELS EN VRAC (page 16)
TAR-0592,PROD-0593,VRAC ASSORTIMENT NORMANDIE,FOUR-0002,CARAMELS D'ISIGNY,13.65,unité,13.65,,,0.2,16.38,13.65,Prix unitaire HT,Tarif 2026,TARIF FOURNISSEUR,Tarif et bon de commande 2026 – onglet « CARAMELS ISIGNY 2026 »,ligne 131 – LES CARAMELS EN VRAC (page 16)
TAR-0593,PROD-0594,VRAC BEURRE DOUX D’ISIGNY AOP,FOUR-0002,CARAMELS D'ISIGNY,13.0,unité,13.0,,,0.2,15.6,13,Prix/KG,Tarif 2026,TARIF FOURNISSEUR,Tarif et bon de commande 2026 – onglet « CARAMELS ISIGNY 2026 »,ligne 133 – LES CARAMELS EN VRAC (page 16)
TAR-0594,PROD-0595,VRAC CAFÉ,FOUR-0002,CARAMELS D'ISIGNY,13.0,unité,13.0,,,0.2,15.6,13,Prix/KG,Tarif 2026,TARIF FOURNISSEUR,Tarif et bon de commande 2026 – onglet « CARAMELS ISIGNY 2026 »,ligne 134 – LES CARAMELS EN VRAC (page 16)
TAR-0595,PROD-0596,VRAC CHOCOLAT,FOUR-0002,CARAMELS D'ISIGNY,13.0,unité,13.0,,,0.2,15.6,13,Prix/KG,Tarif 2026,TARIF FOURNISSEUR,Tarif et bon de commande 2026 – onglet « CARAMELS ISIGNY 2026 »,ligne 135 – LES CARAMELS EN VRAC (page 16)
TAR-0596,PROD-0597,VRAC NOISETTE,FOUR-0002,CARAMELS D'ISIGNY,13.0,unité,13.0,,,0.2,15.6,13,Prix/KG,Tarif 2026,TARIF FOURNISSEUR,Tarif et bon de commande 2026 – onglet « CARAMELS ISIGNY 2026 »,ligne 136 – LES CARAMELS EN VRAC (page 16)
TAR-0597,PROD-0598,BOÎTE 2KG CRÈME D’ISIGNY AOP,FOUR-0002,CARAMELS D'ISIGNY,32.2,unité,16.1,,,0.2,38.64,16.1,Prix/Unitaire,Tarif 2026,TARIF FOURNISSEUR,Tarif et bon de commande 2026 – onglet « CARAMELS ISIGNY 2026 »,ligne 140 – LES CARAMELS EN VRAC (page 17)
TAR-0598,PROD-0599,BOÎTE 2KG BEURRE SALÉ D’ISIGNY AOP,FOUR-0002,CARAMELS D'ISIGNY,32.2,unité,16.1,,,0.2,38.64,16.1,Prix/Unitaire,Tarif 2026,TARIF FOURNISSEUR,Tarif et bon de commande 2026 – onglet « CARAMELS ISIGNY 2026 »,ligne 141 – LES CARAMELS EN VRAC (page 17)
TAR-0599,PROD-0600,BOÎTE 2KG BEURRE DOUX D’ISIGNY AOP,FOUR-0002,CARAMELS D'ISIGNY,32.2,unité,16.1,,,0.2,38.64,16.1,Prix/Unitaire,Tarif 2026,TARIF FOURNISSEUR,Tarif et bon de commande 2026 – onglet « CARAMELS ISIGNY 2026 »,ligne 142 – LES CARAMELS EN VRAC (page 17)
TAR-0600,PROD-0601,BOÎTE 2KG CALVADOS,FOUR-0002,CARAMELS D'ISIGNY,32.2,unité,16.1,,,0.2,38.64,16.1,Prix/Unitaire,Tarif 2026,TARIF FOURNISSEUR,Tarif et bon de commande 2026 – onglet « CARAMELS ISIGNY 2026 »,ligne 143 – LES CARAMELS EN VRAC (page 17)
TAR-0601,PROD-0602,BOÎTE 2KG GOÛT TATIN,FOUR-0002,CARAMELS D'ISIGNY,32.2,unité,16.1,,,0.2,38.64,16.1,Prix/Unitaire,Tarif 2026,TARIF FOURNISSEUR,Tarif et bon de commande 2026 – onglet « CARAMELS ISIGNY 2026 »,ligne 144 – LES CARAMELS EN VRAC (page 17)
TAR-0602,PROD-0603,BOÎTE 2KG POMME,FOUR-0002,CARAMELS D'ISIGNY,32.2,unité,16.1,,,0.2,38.64,16.1,Prix/Unitaire,Tarif 2026,TARIF FOURNISSEUR,Tarif et bon de commande 2026 – onglet « CARAMELS ISIGNY 2026 »,ligne 145 – LES CARAMELS EN VRAC (page 17)
TAR-0603,PROD-0604,BOÎTE 2KG GOÛT CONFITURE DE LAIT,FOUR-0002,CARAMELS D'ISIGNY,32.2,unité,16.1,,,0.2,38.64,16.1,Prix/Unitaire,Tarif 2026,TARIF FOURNISSEUR,Tarif et bon de commande 2026 – onglet « CARAMELS ISIGNY 2026 »,ligne 146 – LES CARAMELS EN VRAC (page 17)
TAR-0604,PROD-0605,BOÎTE 2KG MENTHE,FOUR-0002,CARAMELS D'ISIGNY,32.2,unité,16.1,,,0.2,38.64,16.1,Prix/Unitaire,Tarif 2026,TARIF FOURNISSEUR,Tarif et bon de commande 2026 – onglet « CARAMELS ISIGNY 2026 »,ligne 147 – LES CARAMELS EN VRAC (page 17)
TAR-0605,PROD-0606,BOÎTE 2KG PRUNEAU,FOUR-0002,CARAMELS D'ISIGNY,32.2,unité,16.1,,,0.2,38.64,16.1,Prix/Unitaire,Tarif 2026,TARIF FOURNISSEUR,Tarif et bon de commande 2026 – onglet « CARAMELS ISIGNY 2026 »,ligne 148 – LES CARAMELS EN VRAC (page 17)
TAR-0606,PROD-0607,BOÎTE 2KG MARRON,FOUR-0002,CARAMELS D'ISIGNY,32.2,unité,16.1,,,0.2,38.64,16.1,Prix/Unitaire,Tarif 2026,TARIF FOURNISSEUR,Tarif et bon de commande 2026 – onglet « CARAMELS ISIGNY 2026 »,ligne 149 – LES CARAMELS EN VRAC (page 17)
TAR-0607,PROD-0608,BOÎTE 2KG NOIX,FOUR-0002,CARAMELS D'ISIGNY,32.2,unité,16.1,,,0.2,38.64,16.1,Prix/Unitaire,Tarif 2026,TARIF FOURNISSEUR,Tarif et bon de commande 2026 – onglet « CARAMELS ISIGNY 2026 »,ligne 150 – LES CARAMELS EN VRAC (page 17)
TAR-0608,PROD-0609,BOÎTE 2KG MIEL,FOUR-0002,CARAMELS D'ISIGNY,32.2,unité,16.1,,,0.2,38.64,16.1,Prix/Unitaire,Tarif 2026,TARIF FOURNISSEUR,Tarif et bon de commande 2026 – onglet « CARAMELS ISIGNY 2026 »,ligne 151 – LES CARAMELS EN VRAC (page 17)
TAR-0609,PROD-0610,BOÎTE 2KG CHOCOLAT,FOUR-0002,CARAMELS D'ISIGNY,32.2,unité,16.1,,,0.2,38.64,16.1,Prix/Unitaire,Tarif 2026,TARIF FOURNISSEUR,Tarif et bon de commande 2026 – onglet « CARAMELS ISIGNY 2026 »,ligne 152 – LES CARAMELS EN VRAC (page 17)
TAR-0610,PROD-0611,BOÎTE 2KG CAFÉ,FOUR-0002,CARAMELS D'ISIGNY,32.2,unité,16.1,,,0.2,38.64,16.1,Prix/Unitaire,Tarif 2026,TARIF FOURNISSEUR,Tarif et bon de commande 2026 – onglet « CARAMELS ISIGNY 2026 »,ligne 153 – LES CARAMELS EN VRAC (page 17)
TAR-0611,PROD-0612,BOÎTE 2KG NOISETTE,FOUR-0002,CARAMELS D'ISIGNY,32.2,unité,16.1,,,0.2,38.64,16.1,Prix/Unitaire,Tarif 2026,TARIF FOURNISSEUR,Tarif et bon de commande 2026 – onglet « CARAMELS ISIGNY 2026 »,ligne 154 – LES CARAMELS EN VRAC (page 17)
TAR-0612,PROD-0613,BOÎTE 2KG MYRTILLE,FOUR-0002,CARAMELS D'ISIGNY,32.2,unité,16.1,,,0.2,38.64,16.1,Prix/Unitaire,Tarif 2026,TARIF FOURNISSEUR,Tarif et bon de commande 2026 – onglet « CARAMELS ISIGNY 2026 »,ligne 155 – LES CARAMELS EN VRAC (page 17)
TAR-0613,PROD-0614,BOÎTE 2KG CASSIS,FOUR-0002,CARAMELS D'ISIGNY,32.2,unité,16.1,,,0.2,38.64,16.1,Prix/Unitaire,Tarif 2026,TARIF FOURNISSEUR,Tarif et bon de commande 2026 – onglet « CARAMELS ISIGNY 2026 »,ligne 156 – LES CARAMELS EN VRAC (page 17)
TAR-0614,PROD-0615,BOÎTE 2KG FRAISE,FOUR-0002,CARAMELS D'ISIGNY,32.2,unité,16.1,,,0.2,38.64,16.1,Prix/Unitaire,Tarif 2026,TARIF FOURNISSEUR,Tarif et bon de commande 2026 – onglet « CARAMELS ISIGNY 2026 »,ligne 157 – LES CARAMELS EN VRAC (page 17)
TAR-0615,PROD-0616,BOÎTE 2KG MIRABELLE,FOUR-0002,CARAMELS D'ISIGNY,32.2,unité,16.1,,,0.2,38.64,16.1,Prix/Unitaire,Tarif 2026,TARIF FOURNISSEUR,Tarif et bon de commande 2026 – onglet « CARAMELS ISIGNY 2026 »,ligne 158 – LES CARAMELS EN VRAC (page 17)
TAR-0616,PROD-0617,BOÎTE 2KG BEURRE SALÉ D’ISIGNY AOP,FOUR-0002,CARAMELS D'ISIGNY,31.6,unité,15.8,,,0.2,37.92,15.8,Prix/Unitaire,Tarif 2026,TARIF FOURNISSEUR,Tarif et bon de commande 2026 – onglet « CARAMELS ISIGNY 2026 »,ligne 159 – LES CARAMELS EN VRAC (page 17)
TAR-0617,PROD-0618,BOÎTE 2KG BEURRE DOUX D’ISIGNY AOP,FOUR-0002,CARAMELS D'ISIGNY,31.6,unité,15.8,,,0.2,37.92,15.8,Prix/Unitaire,Tarif 2026,TARIF FOURNISSEUR,Tarif et bon de commande 2026 – onglet « CARAMELS ISIGNY 2026 »,ligne 161 – LES CARAMELS EN VRAC (page 17)
TAR-0618,PROD-0619,BOÎTE 2KG CAFÉ,FOUR-0002,CARAMELS D'ISIGNY,31.6,unité,15.8,,,0.2,37.92,15.8,Prix/Unitaire,Tarif 2026,TARIF FOURNISSEUR,Tarif et bon de commande 2026 – onglet « CARAMELS ISIGNY 2026 »,ligne 162 – LES CARAMELS EN VRAC (page 17)
TAR-0619,PROD-0620,BOÎTE 2KG CHOCOLAT,FOUR-0002,CARAMELS D'ISIGNY,31.6,unité,15.8,,,0.2,37.92,15.8,Prix/Unitaire,Tarif 2026,TARIF FOURNISSEUR,Tarif et bon de commande 2026 – onglet « CARAMELS ISIGNY 2026 »,ligne 163 – LES CARAMELS EN VRAC (page 17)
TAR-0620,PROD-0621,BOÎTE 2KG NOISETTE,FOUR-0002,CARAMELS D'ISIGNY,31.6,unité,15.8,,,0.2,37.92,15.8,Prix/Unitaire,Tarif 2026,TARIF FOURNISSEUR,Tarif et bon de commande 2026 – onglet « CARAMELS ISIGNY 2026 »,ligne 164 – LES CARAMELS EN VRAC (page 17)
TAR-0621,PROD-0622,CARAMEL À TARTINER AU BEURRE SALÉ,FOUR-0002,CARAMELS D'ISIGNY,3.9,unité,,,,0.055,4.1145,3.9,Prix unitaire HT,Tarif 2026,TARIF FOURNISSEUR,Tarif et bon de commande 2026 – onglet « CARAMELS ISIGNY 2026 »,ligne 167 – LES CARAMELS À TARTINER (page 18)
TAR-0622,PROD-0623,CARAMEL À TARTINER AU BEURRE SALÉ,FOUR-0002,CARAMELS D'ISIGNY,5.45,unité,,,,0.055,5.7497,5.45,Prix unitaire HT,Tarif 2026,TARIF FOURNISSEUR,Tarif et bon de commande 2026 – onglet « CARAMELS ISIGNY 2026 »,ligne 168 – LES CARAMELS À TARTINER (page 18)
TAR-0623,PROD-0624,CARAMEL À TARTINER VANILLE,FOUR-0002,CARAMELS D'ISIGNY,3.9,unité,,,,0.055,4.1145,3.9,Prix unitaire HT,Tarif 2026,TARIF FOURNISSEUR,Tarif et bon de commande 2026 – onglet « CARAMELS ISIGNY 2026 »,ligne 169 – LES CARAMELS À TARTINER (page 18)
TAR-0624,PROD-0625,CARAMEL À TARTINER SAVEUR NOISETTE,FOUR-0002,CARAMELS D'ISIGNY,3.9,unité,,,,0.055,4.1145,3.9,Prix unitaire HT,Tarif 2026,TARIF FOURNISSEUR,Tarif et bon de commande 2026 – onglet « CARAMELS ISIGNY 2026 »,ligne 170 – LES CARAMELS À TARTINER (page 18)
TAR-0625,PROD-0626,CARAMEL À TARTINER CHOCOLAT,FOUR-0002,CARAMELS D'ISIGNY,3.9,unité,,,,0.055,4.1145,3.9,Prix unitaire HT,Tarif 2026,TARIF FOURNISSEUR,Tarif et bon de commande 2026 – onglet « CARAMELS ISIGNY 2026 »,ligne 171 – LES CARAMELS À TARTINER (page 18)
TAR-0626,PROD-0627,CARAMEL À TARTINER CALVADOS,FOUR-0002,CARAMELS D'ISIGNY,3.9,unité,,,,0.055,4.1145,3.9,Prix unitaire HT,Tarif 2026,TARIF FOURNISSEUR,Tarif et bon de commande 2026 – onglet « CARAMELS ISIGNY 2026 »,ligne 172 – LES CARAMELS À TARTINER (page 18)
TAR-0627,PROD-0628,ASSORTIMENT DE 5 MINI CARAMELS À TARTINER,FOUR-0002,CARAMELS D'ISIGNY,7.85,unité,,,,0.055,8.2817,7.85,Prix unitaire HT,Tarif 2026,TARIF FOURNISSEUR,Tarif et bon de commande 2026 – onglet « CARAMELS ISIGNY 2026 »,ligne 173 – LES CARAMELS À TARTINER (page 18)
TAR-0628,PROD-0629,CARAMEL BLOND,FOUR-0002,CARAMELS D'ISIGNY,4.1,unité,,,,0.055,4.3255,4.1,Prix unitaire HT,Tarif 2026,TARIF FOURNISSEUR,Tarif et bon de commande 2026 – onglet « CARAMELS ISIGNY 2026 »,ligne 176 – LES COULIS DE CARAMEL (Page 19)
TAR-0629,PROD-0630,COULIS DE CARAMEL À LA VANILLE,FOUR-0002,CARAMELS D'ISIGNY,4.81,unité,,,,0.055,5.0745,4.81,Prix unitaire HT,Tarif 2026,TARIF FOURNISSEUR,Tarif et bon de commande 2026 – onglet « CARAMELS ISIGNY 2026 »,ligne 177 – LES COULIS DE CARAMEL (Page 19)
TAR-0630,PROD-0631,COULIS DE CARAMEL AU CHOCOLAT,FOUR-0002,CARAMELS D'ISIGNY,4.81,unité,,,,0.055,5.0745,4.81,Prix unitaire HT,Tarif 2026,TARIF FOURNISSEUR,Tarif et bon de commande 2026 – onglet « CARAMELS ISIGNY 2026 »,ligne 178 – LES COULIS DE CARAMEL (Page 19)
TAR-0631,PROD-0632,COULIS DE CARAMEL AU BEURRE SALÉ,FOUR-0002,CARAMELS D'ISIGNY,4.81,unité,,,,0.055,5.0745,4.81,Prix unitaire HT,Tarif 2026,TARIF FOURNISSEUR,Tarif et bon de commande 2026 – onglet « CARAMELS ISIGNY 2026 »,ligne 179 – LES COULIS DE CARAMEL (Page 19)
TAR-0632,PROD-0633,COULIS DE CARAMEL AU BEURRE SALÉ,FOUR-0002,CARAMELS D'ISIGNY,15.75,unité,,,,0.055,16.6162,15.75,Prix unitaire HT,Tarif 2026,TARIF FOURNISSEUR,Tarif et bon de commande 2026 – onglet « CARAMELS ISIGNY 2026 »,ligne 180 – LES COULIS DE CARAMEL (Page 19)
TAR-0633,PROD-0634,ÉCLATS DE CARAMEL CALIBRE 1.5/4MM,FOUR-0002,CARAMELS D'ISIGNY,11.4,unité,,,,0.055,12.027,11.4,Prix unitaire HT,Tarif 2026,TARIF FOURNISSEUR,Tarif et bon de commande 2026 – onglet « CARAMELS ISIGNY 2026 »,ligne 183 – LES ÉCLATS ET POUDRE DE CARAMEL (page 19)
TAR-0634,PROD-0635,ÉCLATS DE CARAMEL CALIBRE 1.5/4MM,FOUR-0002,CARAMELS D'ISIGNY,4.95,unité,,,,0.055,5.2222,4.95,Prix unitaire HT,Tarif 2026,TARIF FOURNISSEUR,Tarif et bon de commande 2026 – onglet « CARAMELS ISIGNY 2026 »,ligne 184 – LES ÉCLATS ET POUDRE DE CARAMEL (page 19)
TAR-0635,PROD-0636,ÉCLATS DE CARAMEL CALIBRE 4/8MM,FOUR-0002,CARAMELS D'ISIGNY,11.74,unité,,,,0.055,12.3857,11.74,Prix unitaire HT,Tarif 2026,TARIF FOURNISSEUR,Tarif et bon de commande 2026 – onglet « CARAMELS ISIGNY 2026 »,ligne 185 – LES ÉCLATS ET POUDRE DE CARAMEL (page 19)
TAR-0636,PROD-0637,ÉCLATS DE CARAMEL CALIBRE 4/8MM,FOUR-0002,CARAMELS D'ISIGNY,5.11,unité,,,,0.055,5.391,5.11,Prix unitaire HT,Tarif 2026,TARIF FOURNISSEUR,Tarif et bon de commande 2026 – onglet « CARAMELS ISIGNY 2026 »,ligne 186 – LES ÉCLATS ET POUDRE DE CARAMEL (page 19)
TAR-0637,PROD-0638,POUDRE DE CARAMEL,FOUR-0002,CARAMELS D'ISIGNY,10.7,unité,,,,0.055,11.2885,10.7,Prix unitaire HT,Tarif 2026,TARIF FOURNISSEUR,Tarif et bon de commande 2026 – onglet « CARAMELS ISIGNY 2026 »,ligne 187 – LES ÉCLATS ET POUDRE DE CARAMEL (page 19)
TAR-0638,PROD-0639,POUDRE DE CARAMEL,FOUR-0002,CARAMELS D'ISIGNY,4.27,unité,,,,0.055,4.5048,4.27,Prix unitaire HT,Tarif 2026,TARIF FOURNISSEUR,Tarif et bon de commande 2026 – onglet « CARAMELS ISIGNY 2026 »,ligne 188 – LES ÉCLATS ET POUDRE DE CARAMEL (page 19)
TAR-0639,PROD-0640,CARAMEL CORSÉ AU BEURRE SALÉ,FOUR-0002,CARAMELS D'ISIGNY,14.33,unité,,,,0.055,15.1181,14.33,Prix unitaire HT,Tarif 2026,TARIF FOURNISSEUR,Tarif et bon de commande 2026 – onglet « CARAMELS ISIGNY 2026 »,ligne 191 – LES PRODUITS ALIMENTAIRES INTERMÉDIAIRES (page 20)
TAR-0640,PROD-0641,CARAMEL CORSÉ AU BEURRE SALÉ,FOUR-0002,CARAMELS D'ISIGNY,40.83,unité,,,,0.055,43.0756,40.83,Prix unitaire HT,Tarif 2026,TARIF FOURNISSEUR,Tarif et bon de commande 2026 – onglet « CARAMELS ISIGNY 2026 »,ligne 192 – LES PRODUITS ALIMENTAIRES INTERMÉDIAIRES (page 20)
TAR-0641,PROD-0642,CARAMEL AU BEURRE SALÉ,FOUR-0002,CARAMELS D'ISIGNY,13.89,unité,,,,0.055,14.654,13.89,Prix unitaire HT,Tarif 2026,TARIF FOURNISSEUR,Tarif et bon de commande 2026 – onglet « CARAMELS ISIGNY 2026 »,ligne 193 – LES PRODUITS ALIMENTAIRES INTERMÉDIAIRES (page 20)
TAR-0642,PROD-0643,CARAMEL AU BEURRE SALÉ,FOUR-0002,CARAMELS D'ISIGNY,39.6,unité,,,,0.055,41.778,39.6,Prix unitaire HT,Tarif 2026,TARIF FOURNISSEUR,Tarif et bon de commande 2026 – onglet « CARAMELS ISIGNY 2026 »,ligne 194 – LES PRODUITS ALIMENTAIRES INTERMÉDIAIRES (page 20)
TAR-0643,PROD-0644,POUDRE DE CARAMEL,FOUR-0002,CARAMELS D'ISIGNY,13.29,unité,,,,0.055,14.0209,13.29,Prix unitaire HT,Tarif 2026,TARIF FOURNISSEUR,Tarif et bon de commande 2026 – onglet « CARAMELS ISIGNY 2026 »,ligne 195 – LES PRODUITS ALIMENTAIRES INTERMÉDIAIRES (page 20)
TAR-0644,PROD-0645,POUDRE DE CARAMEL,FOUR-0002,CARAMELS D'ISIGNY,29.68,unité,,,,0.055,31.3124,29.68,Prix unitaire HT,Tarif 2026,TARIF FOURNISSEUR,Tarif et bon de commande 2026 – onglet « CARAMELS ISIGNY 2026 »,ligne 196 – LES PRODUITS ALIMENTAIRES INTERMÉDIAIRES (page 20)
TAR-0645,PROD-0646,POUDRE DE CARAMEL,FOUR-0002,CARAMELS D'ISIGNY,12.44,unité,,,,0.055,13.1242,12.44,Prix unitaire HT,Tarif 2026,TARIF FOURNISSEUR,Tarif et bon de commande 2026 – onglet « CARAMELS ISIGNY 2026 »,ligne 197 – LES PRODUITS ALIMENTAIRES INTERMÉDIAIRES (page 20)
TAR-0646,PROD-0647,"ÉCLATS DE CARAMEL 1,5/4 MM",FOUR-0002,CARAMELS D'ISIGNY,14.17,unité,,,,0.055,14.9493,14.17,Prix unitaire HT,Tarif 2026,TARIF FOURNISSEUR,Tarif et bon de commande 2026 – onglet « CARAMELS ISIGNY 2026 »,ligne 198 – LES PRODUITS ALIMENTAIRES INTERMÉDIAIRES (page 20)
TAR-0647,PROD-0648,"ÉCLATS DE CARAMEL 1,5/4 MM",FOUR-0002,CARAMELS D'ISIGNY,31.66,unité,,,,0.055,33.4013,31.66,Prix unitaire HT,Tarif 2026,TARIF FOURNISSEUR,Tarif et bon de commande 2026 – onglet « CARAMELS ISIGNY 2026 »,ligne 199 – LES PRODUITS ALIMENTAIRES INTERMÉDIAIRES (page 20)
TAR-0648,PROD-0649,"ÉCLATS DE CARAMEL 1,5/4 MM",FOUR-0002,CARAMELS D'ISIGNY,13.27,unité,,,,0.055,13.9998,13.27,Prix unitaire HT,Tarif 2026,TARIF FOURNISSEUR,Tarif et bon de commande 2026 – onglet « CARAMELS ISIGNY 2026 »,ligne 200 – LES PRODUITS ALIMENTAIRES INTERMÉDIAIRES (page 20)
TAR-0649,PROD-0650,ÉCLATS DE CARAMEL 4/8 MM,FOUR-0002,CARAMELS D'ISIGNY,14.57,unité,,,,0.055,15.3713,14.57,Prix unitaire HT,Tarif 2026,TARIF FOURNISSEUR,Tarif et bon de commande 2026 – onglet « CARAMELS ISIGNY 2026 »,ligne 201 – LES PRODUITS ALIMENTAIRES INTERMÉDIAIRES (page 20)
TAR-0650,PROD-0651,ÉCLATS DE CARAMEL 4/8 MM,FOUR-0002,CARAMELS D'ISIGNY,32.61,unité,,,,0.055,34.4035,32.61,Prix unitaire HT,Tarif 2026,TARIF FOURNISSEUR,Tarif et bon de commande 2026 – onglet « CARAMELS ISIGNY 2026 »,ligne 202 – LES PRODUITS ALIMENTAIRES INTERMÉDIAIRES (page 20)
TAR-0651,PROD-0652,ÉCLATS DE CARAMEL 4/8 MM,FOUR-0002,CARAMELS D'ISIGNY,13.66,unité,,,,0.055,14.4113,13.66,Prix unitaire HT,Tarif 2026,TARIF FOURNISSEUR,Tarif et bon de commande 2026 – onglet « CARAMELS ISIGNY 2026 »,ligne 203 – LES PRODUITS ALIMENTAIRES INTERMÉDIAIRES (page 20)
TAR-0652,PROD-0653,CARAMELS FONDANTS BEURRE SALÉ À ENROBER,FOUR-0002,CARAMELS D'ISIGNY,43.3,unité,,,,0.2,51.96,43.3,Prix unitaire HT,Tarif 2026,TARIF FOURNISSEUR,Tarif et bon de commande 2026 – onglet « CARAMELS ISIGNY 2026 »,ligne 204 – LES PRODUITS ALIMENTAIRES INTERMÉDIAIRES (page 20)
TAR-0653,PROD-0654,DOYPACK POP CORN,FOUR-0002,CARAMELS D'ISIGNY,3.72,unité,,,,0.055,3.9246,3.72,Prix unitaire HT,Tarif 2026,TARIF FOURNISSEUR,Tarif et bon de commande 2026 – onglet « CARAMELS ISIGNY 2026 »,ligne 207 – LES GOURMANDISES AU CARAMEL D’ISIGNY (page 21)
TAR-0654,PROD-0655,SACHET DE NOUGATS,FOUR-0002,CARAMELS D'ISIGNY,4.5,unité,,,,0.2,5.4,4.5,Prix unitaire HT,Tarif 2026,TARIF FOURNISSEUR,Tarif et bon de commande 2026 – onglet « CARAMELS ISIGNY 2026 »,ligne 208 – LES GOURMANDISES AU CARAMEL D’ISIGNY (page 21)
TAR-0655,PROD-0656,SUCETTES x100,FOUR-0002,CARAMELS D'ISIGNY,33.21,unité,,,,0.2,39.852,33.21,Prix unitaire HT,Tarif 2026,TARIF FOURNISSEUR,Tarif et bon de commande 2026 – onglet « CARAMELS ISIGNY 2026 »,ligne 209 – LES GOURMANDISES AU CARAMEL D’ISIGNY (page 21)
TAR-0656,PROD-0657,PRÉSENTOIR POUR 100 SUCETTES,FOUR-0002,CARAMELS D'ISIGNY,8.38,unité,,,,0.2,10.056,8.38,Prix unitaire HT,Tarif 2026,TARIF FOURNISSEUR,Tarif et bon de commande 2026 – onglet « CARAMELS ISIGNY 2026 »,ligne 210 – LES GOURMANDISES AU CARAMEL D’ISIGNY (page 21)
TAR-0657,PROD-0658,COOKIES AUX ÉCLATS DE CARAMEL,FOUR-0002,CARAMELS D'ISIGNY,4.16,unité,,,,0.055,4.3888,4.16,Prix unitaire HT,Tarif 2026,TARIF FOURNISSEUR,Tarif et bon de commande 2026 – onglet « CARAMELS ISIGNY 2026 »,ligne 211 – LES GOURMANDISES AU CARAMEL D’ISIGNY (page 21)
TAR-0658,PROD-0659,Cidre Corsé,FOUR-0003,SARL DOMAINE DE BILLY,3.36,unité,,,,À CONFIRMER,,"3,36 euros H.T.",Prix de vente,Tarif 2026,TARIF FOURNISSEUR,billy.pdf – tarif SARL Domaine de Billy « Prix de vente à partir de 2026 » – page 1,page 1 – section CIDRES
TAR-0659,PROD-0660,Cidre Fruité,FOUR-0003,SARL DOMAINE DE BILLY,3.36,unité,,,,À CONFIRMER,,"3,36 euros H.T.",Prix de vente,Tarif 2026,TARIF FOURNISSEUR,billy.pdf – tarif SARL Domaine de Billy « Prix de vente à partir de 2026 » – page 1,page 1 – section CIDRES
TAR-0660,PROD-0661,Cidre Fraîcheur,FOUR-0003,SARL DOMAINE DE BILLY,3.65,unité,,,,À CONFIRMER,,"3,65 euros H.T.",Prix de vente,Tarif 2026,TARIF FOURNISSEUR,billy.pdf – tarif SARL Domaine de Billy « Prix de vente à partir de 2026 » – page 1,page 1 – section CIDRES
TAR-0661,PROD-0662,Cidre Tonique,FOUR-0003,SARL DOMAINE DE BILLY,4.5,unité,,,,À CONFIRMER,,"4,50 euros H.T.",Prix de vente,Tarif 2026,TARIF FOURNISSEUR,billy.pdf – tarif SARL Domaine de Billy « Prix de vente à partir de 2026 » – page 1,page 1 – section CIDRES
TAR-0662,PROD-0663,Cidre Sauvage,FOUR-0003,SARL DOMAINE DE BILLY,4.4,unité,,,,À CONFIRMER,,"4,40 euros H.T.",Prix de vente,Tarif 2026,TARIF FOURNISSEUR,billy.pdf – tarif SARL Domaine de Billy « Prix de vente à partir de 2026 » – page 1,page 1 – section CIDRES
TAR-0663,PROD-0664,Terroir Chic,FOUR-0003,SARL DOMAINE DE BILLY,1.71,unité,,,,À CONFIRMER,,"1,71 euros H.T.",Prix de vente,Tarif 2026,TARIF FOURNISSEUR,billy.pdf – tarif SARL Domaine de Billy « Prix de vente à partir de 2026 » – page 1,page 1 – section CIDRES
TAR-0664,PROD-0665,Cidre Fruité,FOUR-0003,SARL DOMAINE DE BILLY,1.75,unité,,,,À CONFIRMER,,"1,75 euros H.T.",Prix de vente,Tarif 2026,TARIF FOURNISSEUR,billy.pdf – tarif SARL Domaine de Billy « Prix de vente à partir de 2026 » – page 1,page 1 – section CIDRES
TAR-0665,PROD-0666,Cidre Fraîcheur,FOUR-0003,SARL DOMAINE DE BILLY,1.75,unité,,,,À CONFIRMER,,"1,75 euros H.T.",Prix de vente,Tarif 2026,TARIF FOURNISSEUR,billy.pdf – tarif SARL Domaine de Billy « Prix de vente à partir de 2026 » – page 1,page 1 – section CIDRES
TAR-0666,PROD-0667,Cidre Tonique,FOUR-0003,SARL DOMAINE DE BILLY,1.75,unité,,,,À CONFIRMER,,"1,75 euros H.T.",Prix de vente,Tarif 2026,TARIF FOURNISSEUR,billy.pdf – tarif SARL Domaine de Billy « Prix de vente à partir de 2026 » – page 1,page 1 – section CIDRES
TAR-0667,PROD-0668,Fût Corsé,FOUR-0003,SARL DOMAINE DE BILLY,79.0,unité,,,,À CONFIRMER,,79 euros H.T.,Prix de vente,Tarif 2026,TARIF FOURNISSEUR,billy.pdf – tarif SARL Domaine de Billy « Prix de vente à partir de 2026 » – page 1,page 1 – section CIDRES
TAR-0668,PROD-0669,Fût Fraicheur,FOUR-0003,SARL DOMAINE DE BILLY,85.0,unité,,,,À CONFIRMER,,85 euros H.T.,Prix de vente,Tarif 2026,TARIF FOURNISSEUR,billy.pdf – tarif SARL Domaine de Billy « Prix de vente à partir de 2026 » – page 1,page 1 – section CIDRES
TAR-0669,PROD-0670,Poiré,FOUR-0003,SARL DOMAINE DE BILLY,4.45,unité,,,,À CONFIRMER,,"4,45 euros H.T.",Prix de vente,Tarif 2026,TARIF FOURNISSEUR,billy.pdf – tarif SARL Domaine de Billy « Prix de vente à partir de 2026 » – page 1,page 1 – section POIRE
TAR-0670,PROD-0671,Vinaigre de Cidre,FOUR-0003,SARL DOMAINE DE BILLY,2.3,unité,,,,À CONFIRMER,,"2,30 euros H.T.",Prix de vente,Tarif 2026,TARIF FOURNISSEUR,billy.pdf – tarif SARL Domaine de Billy « Prix de vente à partir de 2026 » – page 1,page 1 – section VINAIGRE
TAR-0671,PROD-0672,Jus de pomme,FOUR-0003,SARL DOMAINE DE BILLY,2.75,unité,,,,À CONFIRMER,,"2,75 euros HT",Prix de vente,Tarif 2026,TARIF FOURNISSEUR,billy.pdf – tarif SARL Domaine de Billy « Prix de vente à partir de 2026 » – page 2,page 2 – section JUS DE POMME
TAR-0672,PROD-0673,Jus de pomme fraicheur,FOUR-0003,SARL DOMAINE DE BILLY,2.9,unité,,,,À CONFIRMER,,"2,90 euros HT",Prix de vente,Tarif 2026,TARIF FOURNISSEUR,billy.pdf – tarif SARL Domaine de Billy « Prix de vente à partir de 2026 » – page 2,page 2 – section JUS DE POMME
TAR-0673,PROD-0674,Jus pétillant,FOUR-0003,SARL DOMAINE DE BILLY,3.05,unité,,,,À CONFIRMER,,"3,05 euros HT",Prix de vente,Tarif 2026,TARIF FOURNISSEUR,billy.pdf – tarif SARL Domaine de Billy « Prix de vente à partir de 2026 » – page 2,page 2 – section JUS DE POMME
TAR-0674,PROD-0675,BIB Jus de pomme,FOUR-0003,SARL DOMAINE DE BILLY,12.27,unité,,,,À CONFIRMER,,"12,27 euros HT",Prix de vente,Tarif 2026,TARIF FOURNISSEUR,billy.pdf – tarif SARL Domaine de Billy « Prix de vente à partir de 2026 » – page 2,page 2 – section JUS DE POMME
TAR-0675,PROD-0676,Pomme Amour,FOUR-0003,SARL DOMAINE DE BILLY,1.65,unité,,,,À CONFIRMER,,"1,65 euros HT",Prix de vente,Tarif 2026,TARIF FOURNISSEUR,billy.pdf – tarif SARL Domaine de Billy « Prix de vente à partir de 2026 » – page 2,page 2 – section JUS 33 cl
TAR-0676,PROD-0677,Pomme Pétillant,FOUR-0003,SARL DOMAINE DE BILLY,1.79,unité,,,,À CONFIRMER,,"1,79 euros HT",Prix de vente,Tarif 2026,TARIF FOURNISSEUR,billy.pdf – tarif SARL Domaine de Billy « Prix de vente à partir de 2026 » – page 2,page 2 – section JUS 33 cl
TAR-0677,PROD-0678,Pomme Basilic,FOUR-0003,SARL DOMAINE DE BILLY,1.96,unité,,,,À CONFIRMER,,"1,96 euros HT",Prix de vente,Tarif 2026,TARIF FOURNISSEUR,billy.pdf – tarif SARL Domaine de Billy « Prix de vente à partir de 2026 » – page 2,page 2 – section JUS 33 cl
TAR-0678,PROD-0679,Pomme Menthe,FOUR-0003,SARL DOMAINE DE BILLY,1.96,unité,,,,À CONFIRMER,,"1,96 euros HT",Prix de vente,Tarif 2026,TARIF FOURNISSEUR,billy.pdf – tarif SARL Domaine de Billy « Prix de vente à partir de 2026 » – page 2,page 2 – section JUS 33 cl
TAR-0679,PROD-0680,Pomme Framboise,FOUR-0003,SARL DOMAINE DE BILLY,1.89,unité,,,,À CONFIRMER,,"1,89 euros HT",Prix de vente,Tarif 2026,TARIF FOURNISSEUR,billy.pdf – tarif SARL Domaine de Billy « Prix de vente à partir de 2026 » – page 2,page 2 – section JUS 33 cl
TAR-0680,PROD-0681,Pomme Myrtille,FOUR-0003,SARL DOMAINE DE BILLY,1.89,unité,,,,À CONFIRMER,,"1,89 euros HT",Prix de vente,Tarif 2026,TARIF FOURNISSEUR,billy.pdf – tarif SARL Domaine de Billy « Prix de vente à partir de 2026 » – page 2,page 2 – section JUS 33 cl
TAR-0681,PROD-0682,Pomme Rhubarbe,FOUR-0003,SARL DOMAINE DE BILLY,1.89,unité,,,,À CONFIRMER,,"1,89 euros HT",Prix de vente,Tarif 2026,TARIF FOURNISSEUR,billy.pdf – tarif SARL Domaine de Billy « Prix de vente à partir de 2026 » – page 2,page 2 – section JUS 33 cl
TAR-0682,PROD-0683,Pomme Basilic,FOUR-0003,SARL DOMAINE DE BILLY,3.3,unité,,,,À CONFIRMER,,"3,30 euros HT",Prix de vente,Tarif 2026,TARIF FOURNISSEUR,billy.pdf – tarif SARL Domaine de Billy « Prix de vente à partir de 2026 » – page 2,page 2 – section JUS 75 cl
TAR-0683,PROD-0684,Pomme Menthe,FOUR-0003,SARL DOMAINE DE BILLY,3.3,unité,,,,À CONFIRMER,,"3,30 euros HT",Prix de vente,Tarif 2026,TARIF FOURNISSEUR,billy.pdf – tarif SARL Domaine de Billy « Prix de vente à partir de 2026 » – page 2,page 2 – section JUS 75 cl
TAR-0684,PROD-0685,Pomme Framboise,FOUR-0003,SARL DOMAINE DE BILLY,3.3,unité,,,,À CONFIRMER,,"3,30 euros HT",Prix de vente,Tarif 2026,TARIF FOURNISSEUR,billy.pdf – tarif SARL Domaine de Billy « Prix de vente à partir de 2026 » – page 2,page 2 – section JUS 75 cl
TAR-0685,PROD-0686,Pomme Myrtille,FOUR-0003,SARL DOMAINE DE BILLY,3.3,unité,,,,À CONFIRMER,,"3,30 euros HT",Prix de vente,Tarif 2026,TARIF FOURNISSEUR,billy.pdf – tarif SARL Domaine de Billy « Prix de vente à partir de 2026 » – page 2,page 2 – section JUS 75 cl
TAR-0686,PROD-0687,Cidre de glace,FOUR-0003,SARL DOMAINE DE BILLY,17.0,unité,,,,À CONFIRMER,,"17,00 €",Prix de vente (droits inclus),Tarif 2026,TARIF FOURNISSEUR,billy.pdf – tarif SARL Domaine de Billy « Prix de vente à partir de 2026 » – page 3,page 3 – section APERITIFS
TAR-0687,PROD-0688,Cidre de glace,FOUR-0003,SARL DOMAINE DE BILLY,8.0,unité,,,,À CONFIRMER,,"8,00 €",Prix de vente (droits inclus),Tarif 2026,TARIF FOURNISSEUR,billy.pdf – tarif SARL Domaine de Billy « Prix de vente à partir de 2026 » – page 3,page 3 – section APERITIFS
TAR-0688,PROD-0689,Pommeau de Normandie,FOUR-0003,SARL DOMAINE DE BILLY,9.97,unité,,8.5,1.47,À CONFIRMER,,"9,97 €",Prix de vente (Hors droits) / Droits / Prix de vente (droits inclus),Tarif 2026,TARIF FOURNISSEUR,billy.pdf – tarif SARL Domaine de Billy « Prix de vente à partir de 2026 » – page 3,page 3 – section APERITIFS
TAR-0689,PROD-0690,Pommeau de Normandie,FOUR-0003,SARL DOMAINE DE BILLY,6.12,unité,,5.7,0.42,À CONFIRMER,,"6,12, €",Prix de vente (Hors droits) / Droits / Prix de vente (droits inclus),Tarif 2026,TARIF FOURNISSEUR,billy.pdf – tarif SARL Domaine de Billy « Prix de vente à partir de 2026 » – page 3,page 3 – section APERITIFS
TAR-0690,PROD-0691,Esprit de Billy,FOUR-0003,SARL DOMAINE DE BILLY,13.53,unité,,9.7,3.83,À CONFIRMER,,"13,53 €",Prix de vente (Hors droits) / Droits / Prix de vente (droits inclus),Tarif 2026,TARIF FOURNISSEUR,billy.pdf – tarif SARL Domaine de Billy « Prix de vente à partir de 2026 » – page 3,page 3 – section APERITIFS
TAR-0691,PROD-0692,CALVADOS - 20 ANS,FOUR-0003,SARL DOMAINE DE BILLY,43.16,unité,,35.5,7.66,À CONFIRMER,,"43,16 €",Prix de vente (hors droits) / Droits / Prix de vente H.T. (droits inclus),Tarif 2026,TARIF FOURNISSEUR,billy.pdf – tarif SARL Domaine de Billy « Prix de vente à partir de 2026 » – page 3,page 3 – section CALVADOS
TAR-0692,PROD-0693,CALVADOS - 12 ANS,FOUR-0003,SARL DOMAINE DE BILLY,35.16,unité,,27.5,7.66,À CONFIRMER,,"35,16 €",Prix de vente (hors droits) / Droits / Prix de vente H.T. (droits inclus),Tarif 2026,TARIF FOURNISSEUR,billy.pdf – tarif SARL Domaine de Billy « Prix de vente à partir de 2026 » – page 3,page 3 – section CALVADOS
TAR-0693,PROD-0694,CALVADOS - HORS D'ÂGE,FOUR-0003,SARL DOMAINE DE BILLY,29.16,unité,,21.5,7.66,À CONFIRMER,,"29,16 €",Prix de vente (hors droits) / Droits / Prix de vente H.T. (droits inclus),Tarif 2026,TARIF FOURNISSEUR,billy.pdf – tarif SARL Domaine de Billy « Prix de vente à partir de 2026 » – page 3,page 3 – section CALVADOS
TAR-0694,PROD-0695,CALVADOS - HORS D'ÂGE,FOUR-0003,SARL DOMAINE DE BILLY,11.53,unité,,9.23,2.3,À CONFIRMER,,"11,53 €",Prix de vente (hors droits) / Droits / Prix de vente H.T. (droits inclus),Tarif 2026,TARIF FOURNISSEUR,billy.pdf – tarif SARL Domaine de Billy « Prix de vente à partir de 2026 » – page 3,page 3 – section CALVADOS
TAR-0695,PROD-0696,CALVADOS - V.S.O.P.,FOUR-0003,SARL DOMAINE DE BILLY,22.9,unité,,15.5,7.4,À CONFIRMER,,"22,90 €",Prix de vente (hors droits) / Droits / Prix de vente H.T. (droits inclus),Tarif 2026,TARIF FOURNISSEUR,billy.pdf – tarif SARL Domaine de Billy « Prix de vente à partir de 2026 » – page 3,page 3 – section CALVADOS
TAR-0696,PROD-0697,CALVADOS - FINE,FOUR-0003,SARL DOMAINE DE BILLY,20.4,unité,,13.0,7.4,À CONFIRMER,,"20,40 €",Prix de vente (hors droits) / Droits / Prix de vente H.T. (droits inclus),Tarif 2026,TARIF FOURNISSEUR,billy.pdf – tarif SARL Domaine de Billy « Prix de vente à partir de 2026 » – page 3,page 3 – section CALVADOS
TAR-0697,PROD-0698,COFFRET TRIO BOIS,FOUR-0003,SARL DOMAINE DE BILLY,29.0,unité,,,,À CONFIRMER,,29 €,Prix de vente H.T. (droits inclus),Tarif 2026,TARIF FOURNISSEUR,billy.pdf – tarif SARL Domaine de Billy « Prix de vente à partir de 2026 » – page 3,page 3 – section COFFRETS
TAR-0698,PROD-0699,COFFRET TRIO+VERRE,FOUR-0003,SARL DOMAINE DE BILLY,33.0,unité,,,,À CONFIRMER,,33 €,Prix de vente H.T. (droits inclus),Tarif 2026,TARIF FOURNISSEUR,billy.pdf – tarif SARL Domaine de Billy « Prix de vente à partir de 2026 » – page 3,page 3 – section COFFRETS
TAR-0699,PROD-0700,Le Blanc Marin 75 cl btlle,FOUR-0004,DOMAINE DE BRUCAN,10.9,unité,,,,0.2,13.08,"13,08 € TTC (prix unitaire facturé)",P.u. T.T.C,Tarif 2026,FACTURE (prix réellement facturé),FACT_2600000025_THE_ART_OF_WINE_ACADEMY.pdf – facture Domaine de Brucan du 12/08/2026,ligne article BM2502
TAR-0700,PROD-0701,Le Rosé Marin 75cl btlle,FOUR-0004,DOMAINE DE BRUCAN,9.5,unité,,,,0.2,11.4,"11,40 € TTC (prix unitaire facturé)",P.u. T.T.C,Tarif 2026,FACTURE (prix réellement facturé),FACT_2600000025_THE_ART_OF_WINE_ACADEMY.pdf – facture Domaine de Brucan du 12/08/2026,ligne article RM2502
TAR-0701,PROD-0702,Les Trois Flèches 75 cl btlle,FOUR-0004,DOMAINE DE BRUCAN,13.0,unité,,,,0.2,15.6,"15,60 € TTC (prix unitaire facturé)",P.u. T.T.C,Tarif 2026,FACTURE (prix réellement facturé),FACT_2600000025_THE_ART_OF_WINE_ACADEMY.pdf – facture Domaine de Brucan du 12/08/2026,ligne article TF2501
TAR-0702,PROD-0703,Les Hougues 75cl btlle,FOUR-0004,DOMAINE DE BRUCAN,10.9,unité,,,,0.2,13.08,"13,08 € TTC (prix unitaire facturé)",P.u. T.T.C,Tarif 2026,FACTURE (prix réellement facturé),FACT_2600000025_THE_ART_OF_WINE_ACADEMY.pdf – facture Domaine de Brucan du 12/08/2026,ligne article LH2501
